station_id,timestamp,temperature,pressure,humidity,latitude,longitude,elevation,is_anomaly,fault_type
AWS-001,2026-08-01T00:00:00Z,23.13,982.86,82.46,28.6139,77.209,216.0,False,NORMAL
AWS-002,2026-08-01T00:00:00Z,24.49,1009.55,90.11,18.922,72.8347,14.0,False,NORMAL
AWS-003,2026-08-01T00:00:00Z,16.32,833.9,76.73,32.219,76.3234,1457.0,False,NORMAL
AWS-004,2026-08-01T00:00:00Z,26.97,978.95,64.85,26.9124,70.9022,225.0,False,NORMAL
AWS-001,2026-08-01T00:15:00Z,22.82,982.79,83.53,28.6139,77.209,216.0,False,NORMAL
AWS-002,2026-08-01T00:15:00Z,24.04,1009.34,91.71,18.922,72.8347,14.0,False,NORMAL
AWS-003,2026-08-01T00:15:00Z,15.81,833.91,78.44,32.219,76.3234,1457.0,False,NORMAL
AWS-004,2026-08-01T00:15:00Z,26.75,978.89,64.09,26.9124,70.9022,225.0,False,NORMAL
AWS-001,2026-08-01T00:30:00Z,22.39,982.68,82.96,28.6139,77.209,216.0,False,NORMAL
AWS-002,2026-08-01T00:30:00Z,23.18,1009.09,90.87,18.922,72.8347,14.0,False,NORMAL
AWS-003,2026-08-01T00:30:00Z,15.64,834.0,78.43,32.219,76.3234,1457.0,False,NORMAL
AWS-004,2026-08-01T00:30:00Z,26.25,978.6,64.89,26.9124,70.9022,225.0,False,NORMAL
AWS-001,2026-08-01T00:45:00Z,22.4,982.6,83.93,28.6139,77.209,216.0,False,NORMAL
AWS-002,2026-08-01T00:45:00Z,23.34,1008.45,92.27,18.922,72.8347,14.0,False,NORMAL
AWS-003,2026-08-01T00:45:00Z,15.78,833.42,79.05,32.219,76.3234,1457.0,False,NORMAL
AWS-004,2026-08-01T00:45:00Z,26.84,978.53,66.6,26.9124,70.9022,225.0,False,NORMAL
AWS-001,2026-08-01T01:00:00Z,22.11,982.28,83.9,28.6139,77.209,216.0,False,NORMAL
AWS-002,2026-08-01T01:00:00Z,23.38,1008.88,91.2,18.922,72.8347,14.0,False,NORMAL
AWS-003,2026-08-01T01:00:00Z,16.31,833.62,80.57,32.219,76.3234,1457.0,False,NORMAL
AWS-004,2026-08-01T01:00:00Z,26.49,978.25,67.29,26.9124,70.9022,225.0,False,NORMAL
AWS-001,2026-08-01T01:15:00Z,22.28,982.32,85.3,28.6139,77.209,216.0,False,NORMAL
AWS-002,2026-08-01T01:15:00Z,23.69,1008.81,92.75,18.922,72.8347,14.0,False,NORMAL
AWS-003,2026-08-01T01:15:00Z,15.81,833.51,80.87,32.219,76.3234,1457.0,False,NORMAL
AWS-004,2026-08-01T01:15:00Z,25.83,978.38,66.44,26.9124,70.9022,225.0,False,NORMAL
AWS-001,2026-08-01T01:30:00Z,22.19,982.26,85.07,28.6139,77.209,216.0,False,NORMAL
AWS-002,2026-08-01T01:30:00Z,22.95,1008.86,93.13,18.922,72.8347,14.0,False,NORMAL
AWS-003,2026-08-01T01:30:00Z,15.97,833.21,79.19,32.219,76.3234,1457.0,False,NORMAL
AWS-004,2026-08-01T01:30:00Z,26.74,978.07,66.66,26.9124,70.9022,225.0,False,NORMAL
AWS-001,2026-08-01T01:45:00Z,21.94,982.03,84.37,28.6139,77.209,216.0,False,NORMAL
AWS-002,2026-08-01T01:45:00Z,23.28,1008.02,93.11,18.922,72.8347,14.0,False,NORMAL
AWS-003,2026-08-01T01:45:00Z,14.96,833.26,78.93,32.219,76.3234,1457.0,False,NORMAL
AWS-004,2026-08-01T01:45:00Z,26.78,977.91,66.51,26.9124,70.9022,225.0,False,NORMAL
AWS-001,2026-08-01T02:00:00Z,22.04,981.94,83.97,28.6139,77.209,216.0,False,NORMAL
AWS-002,2026-08-01T02:00:00Z,23.37,1008.27,93.17,18.922,72.8347,14.0,False,NORMAL
AWS-003,2026-08-01T02:00:00Z,15.31,832.93,79.48,32.219,76.3234,1457.0,False,NORMAL
AWS-004,2026-08-01T02:00:00Z,25.62,977.58,66.95,26.9124,70.9022,225.0,False,NORMAL
AWS-001,2026-08-01T02:15:00Z,22.63,981.5,85.32,28.6139,77.209,216.0,False,NORMAL
AWS-002,2026-08-01T02:15:00Z,24.03,1007.98,92.97,18.922,72.8347,14.0,False,NORMAL
AWS-003,2026-08-01T02:15:00Z,15.01,833.13,81.17,32.219,76.3234,1457.0,False,NORMAL
AWS-004,2026-08-01T02:15:00Z,25.7,977.91,66.37,26.9124,70.9022,225.0,False,NORMAL
AWS-001,2026-08-01T02:30:00Z,21.47,981.57,84.88,28.6139,77.209,216.0,False,NORMAL
AWS-002,2026-08-01T02:30:00Z,23.64,1008.21,92.49,18.922,72.8347,14.0,False,NORMAL
AWS-003,2026-08-01T02:30:00Z,15.91,833.08,80.4,32.219,76.3234,1457.0,False,NORMAL
AWS-004,2026-08-01T02:30:00Z,26.16,977.51,67.11,26.9124,70.9022,225.0,False,NORMAL
AWS-001,2026-08-01T02:45:00Z,21.8,981.48,84.65,28.6139,77.209,216.0,False,NORMAL
AWS-002,2026-08-01T02:45:00Z,23.45,1007.79,93.25,18.922,72.8347,14.0,False,NORMAL
AWS-003,2026-08-01T02:45:00Z,16.4,832.79,79.1,32.219,76.3234,1457.0,False,NORMAL
AWS-004,2026-08-01T02:45:00Z,26.09,977.34,65.47,26.9124,70.9022,225.0,False,NORMAL
AWS-001,2026-08-01T03:00:00Z,22.06,981.39,84.4,28.6139,77.209,216.0,False,NORMAL
AWS-002,2026-08-01T03:00:00Z,23.13,1007.97,92.01,18.922,72.8347,14.0,False,NORMAL
AWS-003,2026-08-01T03:00:00Z,15.77,832.92,79.15,32.219,76.3234,1457.0,False,NORMAL
AWS-004,2026-08-01T03:00:00Z,26.55,977.67,65.95,26.9124,70.9022,225.0,False,NORMAL
AWS-001,2026-08-01T03:15:00Z,22.58,981.49,83.16,28.6139,77.209,216.0,False,NORMAL
AWS-002,2026-08-01T03:15:00Z,23.47,1008.13,90.88,18.922,72.8347,14.0,False,NORMAL
AWS-003,2026-08-01T03:15:00Z,16.48,833.1,78.04,32.219,76.3234,1457.0,False,NORMAL
AWS-004,2026-08-01T03:15:00Z,26.94,977.15,64.77,26.9124,70.9022,225.0,False,NORMAL
AWS-001,2026-08-01T03:30:00Z,22.41,981.35,83.77,28.6139,77.209,216.0,False,NORMAL
AWS-002,2026-08-01T03:30:00Z,23.93,1007.8,91.93,18.922,72.8347,14.0,False,NORMAL
AWS-003,2026-08-01T03:30:00Z,16.42,832.62,77.67,32.219,76.3234,1457.0,False,NORMAL
AWS-004,2026-08-01T03:30:00Z,26.22,977.4,64.99,26.9124,70.9022,225.0,False,NORMAL
AWS-001,2026-08-01T03:45:00Z,22.79,981.07,83.51,28.6139,77.209,216.0,False,NORMAL
AWS-002,2026-08-01T03:45:00Z,23.95,1007.54,90.64,18.922,72.8347,14.0,False,NORMAL
AWS-003,2026-08-01T03:45:00Z,16.24,832.7,75.78,32.219,76.3234,1457.0,False,NORMAL
AWS-004,2026-08-01T03:45:00Z,26.73,977.03,63.7,26.9124,70.9022,225.0,False,NORMAL
AWS-001,2026-08-01T04:00:00Z,22.96,981.21,82.13,28.6139,77.209,216.0,False,NORMAL
AWS-002,2026-08-01T04:00:00Z,24.57,1007.58,90.09,18.922,72.8347,14.0,False,NORMAL
AWS-003,2026-08-01T04:00:00Z,15.86,832.51,78.3,32.219,76.3234,1457.0,False,NORMAL
AWS-004,2026-08-01T04:00:00Z,26.36,977.08,64.24,26.9124,70.9022,225.0,False,NORMAL
AWS-001,2026-08-01T04:15:00Z,23.19,981.24,81.21,28.6139,77.209,216.0,False,NORMAL
AWS-002,2026-08-01T04:15:00Z,23.73,1007.4,89.8,18.922,72.8347,14.0,False,NORMAL
AWS-003,2026-08-01T04:15:00Z,16.54,832.58,77.65,32.219,76.3234,1457.0,False,NORMAL
AWS-004,2026-08-01T04:15:00Z,26.91,977.32,62.83,26.9124,70.9022,225.0,False,NORMAL
AWS-001,2026-08-01T04:30:00Z,23.25,981.23,81.12,28.6139,77.209,216.0,False,NORMAL
AWS-002,2026-08-01T04:30:00Z,24.78,1007.54,88.1,18.922,72.8347,14.0,False,NORMAL
AWS-003,2026-08-01T04:30:00Z,17.34,832.85,75.26,32.219,76.3234,1457.0,False,NORMAL
AWS-004,2026-08-01T04:30:00Z,26.96,977.27,61.95,26.9124,70.9022,225.0,False,NORMAL
AWS-001,2026-08-01T04:45:00Z,23.54,981.18,80.33,28.6139,77.209,216.0,False,NORMAL
AWS-002,2026-08-01T04:45:00Z,25.44,1007.64,86.81,18.922,72.8347,14.0,False,NORMAL
AWS-003,2026-08-01T04:45:00Z,16.47,832.67,74.87,32.219,76.3234,1457.0,False,NORMAL
AWS-004,2026-08-01T04:45:00Z,27.68,977.21,61.87,26.9124,70.9022,225.0,False,NORMAL
AWS-001,2026-08-01T05:00:00Z,23.76,981.36,78.67,28.6139,77.209,216.0,False,NORMAL
AWS-002,2026-08-01T05:00:00Z,24.7,1007.52,87.1,18.922,72.8347,14.0,False,NORMAL
AWS-003,2026-08-01T05:00:00Z,16.38,832.84,74.72,32.219,76.3234,1457.0,False,NORMAL
AWS-004,2026-08-01T05:00:00Z,27.93,977.48,61.95,26.9124,70.9022,225.0,False,NORMAL
AWS-001,2026-08-01T05:15:00Z,24.34,981.62,78.3,28.6139,77.209,216.0,False,NORMAL
AWS-002,2026-08-01T05:15:00Z,25.24,1007.74,85.19,18.922,72.8347,14.0,False,NORMAL
AWS-003,2026-08-01T05:15:00Z,16.94,832.59,72.83,32.219,76.3234,1457.0,False,NORMAL
AWS-004,2026-08-01T05:15:00Z,28.84,977.68,60.83,26.9124,70.9022,225.0,False,NORMAL
AWS-001,2026-08-01T05:30:00Z,24.63,981.81,77.73,28.6139,77.209,216.0,False,NORMAL
AWS-002,2026-08-01T05:30:00Z,25.47,1008.14,84.59,18.922,72.8347,14.0,False,NORMAL
AWS-003,2026-08-01T05:30:00Z,17.72,832.65,72.19,32.219,76.3234,1457.0,False,NORMAL
AWS-004,2026-08-01T05:30:00Z,29.35,977.89,59.46,26.9124,70.9022,225.0,False,NORMAL
AWS-001,2026-08-01T05:45:00Z,24.68,981.55,76.3,28.6139,77.209,216.0,False,NORMAL
AWS-002,2026-08-01T05:45:00Z,25.66,1008.12,83.48,18.922,72.8347,14.0,False,NORMAL
AWS-003,2026-08-01T05:45:00Z,17.68,833.29,69.76,32.219,76.3234,1457.0,False,NORMAL
AWS-004,2026-08-01T05:45:00Z,28.43,977.65,58.71,26.9124,70.9022,225.0,False,NORMAL
AWS-001,2026-08-01T06:00:00Z,25.35,982.02,74.84,28.6139,77.209,216.0,False,NORMAL
AWS-002,2026-08-01T06:00:00Z,25.73,1008.3,83.12,18.922,72.8347,14.0,False,NORMAL
AWS-003,2026-08-01T06:00:00Z,18.64,833.1,70.49,32.219,76.3234,1457.0,False,NORMAL
AWS-004,2026-08-01T06:00:00Z,28.89,978.05,57.69,26.9124,70.9022,225.0,False,NORMAL
AWS-001,2026-08-01T06:15:00Z,25.73,982.06,72.75,28.6139,77.209,216.0,False,NORMAL
AWS-002,2026-08-01T06:15:00Z,26.54,1008.06,81.86,18.922,72.8347,14.0,False,NORMAL
AWS-003,2026-08-01T06:15:00Z,18.98,832.94,67.71,32.219,76.3234,1457.0,False,NORMAL
AWS-004,2026-08-01T06:15:00Z,29.37,978.05,55.93,26.9124,70.9022,225.0,False,NORMAL
AWS-001,2026-08-01T06:30:00Z,25.4,982.32,72.11,28.6139,77.209,216.0,False,NORMAL
AWS-002,2026-08-01T06:30:00Z,27.34,1008.57,79.56,18.922,72.8347,14.0,False,NORMAL
AWS-003,2026-08-01T06:30:00Z,18.9,833.41,66.22,32.219,76.3234,1457.0,False,NORMAL
AWS-004,2026-08-01T06:30:00Z,29.58,977.93,54.7,26.9124,70.9022,225.0,False,NORMAL
AWS-001,2026-08-01T06:45:00Z,26.2,982.21,71.59,28.6139,77.209,216.0,False,NORMAL
AWS-002,2026-08-01T06:45:00Z,28.22,1008.78,77.41,18.922,72.8347,14.0,False,NORMAL
AWS-003,2026-08-01T06:45:00Z,19.3,833.53,65.82,32.219,76.3234,1457.0,False,NORMAL
AWS-004,2026-08-01T06:45:00Z,30.53,978.1,52.49,26.9124,70.9022,225.0,False,NORMAL
AWS-001,2026-08-01T07:00:00Z,26.8,982.6,69.85,28.6139,77.209,216.0,False,NORMAL
AWS-002,2026-08-01T07:00:00Z,27.78,1008.73,78.98,18.922,72.8347,14.0,False,NORMAL
AWS-003,2026-08-01T07:00:00Z,19.63,833.74,64.61,32.219,76.3234,1457.0,False,NORMAL
AWS-004,2026-08-01T07:00:00Z,30.56,978.38,51.92,26.9124,70.9022,225.0,False,NORMAL
AWS-001,2026-08-01T07:15:00Z,27.29,982.51,69.36,28.6139,77.209,216.0,False,NORMAL
AWS-002,2026-08-01T07:15:00Z,28.38,1009.03,75.35,18.922,72.8347,14.0,False,NORMAL
AWS-003,2026-08-01T07:15:00Z,20.21,833.93,64.21,32.219,76.3234,1457.0,False,NORMAL
AWS-004,2026-08-01T07:15:00Z,31.06,978.49,50.01,26.9124,70.9022,225.0,False,NORMAL
AWS-001,2026-08-01T07:30:00Z,27.13,983.02,67.38,28.6139,77.209,216.0,False,NORMAL
AWS-002,2026-08-01T07:30:00Z,27.82,1009.21,76.28,18.922,72.8347,14.0,False,NORMAL
AWS-003,2026-08-01T07:30:00Z,19.59,833.91,62.94,32.219,76.3234,1457.0,False,NORMAL
AWS-004,2026-08-01T07:30:00Z,31.37,978.57,50.82,26.9124,70.9022,225.0,False,NORMAL
AWS-001,2026-08-01T07:45:00Z,27.97,982.83,65.06,28.6139,77.209,216.0,False,NORMAL
AWS-002,2026-08-01T07:45:00Z,28.82,1008.98,74.56,18.922,72.8347,14.0,False,NORMAL
AWS-003,2026-08-01T07:45:00Z,20.73,834.0,60.02,32.219,76.3234,1457.0,False,NORMAL
AWS-004,2026-08-01T07:45:00Z,32.28,979.05,48.31,26.9124,70.9022,225.0,False,NORMAL
AWS-001,2026-08-01T08:00:00Z,28.46,983.04,64.2,28.6139,77.209,216.0,False,NORMAL
AWS-002,2026-08-01T08:00:00Z,29.47,1009.58,72.65,18.922,72.8347,14.0,False,NORMAL
AWS-003,2026-08-01T08:00:00Z,22.42,834.27,60.04,32.219,76.3234,1457.0,False,NORMAL
AWS-004,2026-08-01T08:00:00Z,32.26,978.89,47.3,26.9124,70.9022,225.0,False,NORMAL
AWS-001,2026-08-01T08:15:00Z,28.1,983.05,62.92,28.6139,77.209,216.0,False,NORMAL
AWS-002,2026-08-01T08:15:00Z,30.41,1009.56,71.02,18.922,72.8347,14.0,False,NORMAL
AWS-003,2026-08-01T08:15:00Z,21.52,834.17,59.34,32.219,76.3234,1457.0,False,NORMAL
AWS-004,2026-08-01T08:15:00Z,32.58,978.99,45.44,26.9124,70.9022,225.0,False,NORMAL
AWS-001,2026-08-01T08:30:00Z,28.94,983.16,62.21,28.6139,77.209,216.0,False,NORMAL
AWS-002,2026-08-01T08:30:00Z,31.12,1009.79,70.04,18.922,72.8347,14.0,False,NORMAL
AWS-003,2026-08-01T08:30:00Z,22.13,834.04,58.07,32.219,76.3234,1457.0,False,NORMAL
AWS-004,2026-08-01T08:30:00Z,33.43,979.13,43.84,26.9124,70.9022,225.0,False,NORMAL
AWS-001,2026-08-01T08:45:00Z,28.58,983.45,61.07,28.6139,77.209,216.0,False,NORMAL
AWS-002,2026-08-01T08:45:00Z,30.95,1009.87,67.68,18.922,72.8347,14.0,False,NORMAL
AWS-003,2026-08-01T08:45:00Z,22.87,834.24,55.1,32.219,76.3234,1457.0,False,NORMAL
AWS-004,2026-08-01T08:45:00Z,32.93,979.39,42.79,26.9124,70.9022,225.0,False,NORMAL
AWS-001,2026-08-01T09:00:00Z,30.36,983.47,60.17,28.6139,77.209,216.0,False,NORMAL
AWS-002,2026-08-01T09:00:00Z,30.84,1009.63,67.87,18.922,72.8347,14.0,False,NORMAL
AWS-003,2026-08-01T09:00:00Z,23.36,834.32,54.79,32.219,76.3234,1457.0,False,NORMAL
AWS-004,2026-08-01T09:00:00Z,33.54,979.41,42.87,26.9124,70.9022,225.0,False,NORMAL
AWS-001,2026-08-01T09:15:00Z,29.93,983.64,57.86,28.6139,77.209,216.0,False,NORMAL
AWS-002,2026-08-01T09:15:00Z,31.21,1009.9,65.45,18.922,72.8347,14.0,False,NORMAL
AWS-003,2026-08-01T09:15:00Z,23.47,834.42,52.89,32.219,76.3234,1457.0,False,NORMAL
AWS-004,2026-08-01T09:15:00Z,34.36,979.47,40.27,26.9124,70.9022,225.0,False,NORMAL
AWS-001,2026-08-01T09:30:00Z,30.04,983.27,57.59,28.6139,77.209,216.0,False,NORMAL
AWS-002,2026-08-01T09:30:00Z,31.83,1009.95,65.73,18.922,72.8347,14.0,False,NORMAL
AWS-003,2026-08-01T09:30:00Z,23.23,834.52,53.26,32.219,76.3234,1457.0,False,NORMAL
AWS-004,2026-08-01T09:30:00Z,34.81,979.34,38.59,26.9124,70.9022,225.0,False,NORMAL
AWS-001,2026-08-01T09:45:00Z,30.98,983.55,56.23,28.6139,77.209,216.0,False,NORMAL
AWS-002,2026-08-01T09:45:00Z,32.16,1010.13,64.54,18.922,72.8347,14.0,False,NORMAL
AWS-003,2026-08-01T09:45:00Z,24.37,834.99,51.84,32.219,76.3234,1457.0,False,NORMAL
AWS-004,2026-08-01T09:45:00Z,34.91,979.39,38.47,26.9124,70.9022,225.0,False,NORMAL
AWS-001,2026-08-01T10:00:00Z,31.02,983.49,55.74,28.6139,77.209,216.0,False,NORMAL
AWS-002,2026-08-01T10:00:00Z,31.77,1010.01,63.14,18.922,72.8347,14.0,False,NORMAL
AWS-003,2026-08-01T10:00:00Z,24.73,834.54,48.48,32.219,76.3234,1457.0,False,NORMAL
AWS-004,2026-08-01T10:00:00Z,34.85,979.74,36.19,26.9124,70.9022,225.0,False,NORMAL
AWS-001,2026-08-01T10:15:00Z,31.71,983.67,53.94,28.6139,77.209,216.0,False,NORMAL
AWS-002,2026-08-01T10:15:00Z,32.58,1010.19,62.19,18.922,72.8347,14.0,False,NORMAL
AWS-003,2026-08-01T10:15:00Z,25.0,834.56,48.6,32.219,76.3234,1457.0,False,NORMAL
AWS-004,2026-08-01T10:15:00Z,35.2,979.44,35.92,26.9124,70.9022,225.0,False,NORMAL
AWS-001,2026-08-01T10:30:00Z,31.47,983.64,53.17,28.6139,77.209,216.0,False,NORMAL
AWS-002,2026-08-01T10:30:00Z,34.18,1010.17,61.06,18.922,72.8347,14.0,False,NORMAL
AWS-003,2026-08-01T10:30:00Z,25.18,834.49,46.99,32.219,76.3234,1457.0,False,NORMAL
AWS-004,2026-08-01T10:30:00Z,36.03,979.46,35.49,26.9124,70.9022,225.0,False,NORMAL
AWS-001,2026-08-01T10:45:00Z,31.66,983.46,51.04,28.6139,77.209,216.0,False,NORMAL
AWS-002,2026-08-01T10:45:00Z,33.09,1009.9,59.06,18.922,72.8347,14.0,False,NORMAL
AWS-003,2026-08-01T10:45:00Z,26.23,834.62,46.55,32.219,76.3234,1457.0,False,NORMAL
AWS-004,2026-08-01T10:45:00Z,35.93,979.37,33.75,26.9124,70.9022,225.0,False,NORMAL
AWS-001,2026-08-01T11:00:00Z,32.88,983.4,50.54,28.6139,77.209,216.0,False,NORMAL
AWS-002,2026-08-01T11:00:00Z,34.22,1009.7,58.37,18.922,72.8347,14.0,False,NORMAL
AWS-003,2026-08-01T11:00:00Z,26.06,834.21,45.52,32.219,76.3234,1457.0,False,NORMAL
AWS-004,2026-08-01T11:00:00Z,36.61,979.33,32.58,26.9124,70.9022,225.0,False,NORMAL
AWS-001,2026-08-01T11:15:00Z,33.24,983.49,49.98,28.6139,77.209,216.0,False,NORMAL
AWS-002,2026-08-01T11:15:00Z,33.78,1009.65,57.23,18.922,72.8347,14.0,False,NORMAL
AWS-003,2026-08-01T11:15:00Z,25.97,834.3,43.51,32.219,76.3234,1457.0,False,NORMAL
AWS-004,2026-08-01T11:15:00Z,36.68,979.21,31.01,26.9124,70.9022,225.0,False,NORMAL
AWS-001,2026-08-01T11:30:00Z,32.91,983.3,48.86,28.6139,77.209,216.0,False,NORMAL
AWS-002,2026-08-01T11:30:00Z,33.88,1009.56,56.32,18.922,72.8347,14.0,False,NORMAL
AWS-003,2026-08-01T11:30:00Z,26.35,834.34,44.9,32.219,76.3234,1457.0,False,NORMAL
AWS-004,2026-08-01T11:30:00Z,37.09,979.34,32.1,26.9124,70.9022,225.0,False,NORMAL
AWS-001,2026-08-01T11:45:00Z,33.07,983.18,48.15,28.6139,77.209,216.0,False,NORMAL
AWS-002,2026-08-01T11:45:00Z,34.37,1009.39,55.77,18.922,72.8347,14.0,False,NORMAL
AWS-003,2026-08-01T11:45:00Z,27.14,833.9,42.83,32.219,76.3234,1457.0,False,NORMAL
AWS-004,2026-08-01T11:45:00Z,37.0,978.95,29.73,26.9124,70.9022,225.0,False,NORMAL
AWS-001,2026-08-01T12:00:00Z,33.47,983.11,47.51,28.6139,77.209,216.0,False,NORMAL
AWS-002,2026-08-01T12:00:00Z,34.59,1009.64,55.56,18.922,72.8347,14.0,False,NORMAL
AWS-003,2026-08-01T12:00:00Z,26.13,834.01,41.99,32.219,76.3234,1457.0,False,NORMAL
AWS-004,2026-08-01T12:00:00Z,37.34,979.11,29.06,26.9124,70.9022,225.0,False,NORMAL
AWS-001,2026-08-01T12:15:00Z,33.35,982.94,46.78,28.6139,77.209,216.0,False,NORMAL
AWS-002,2026-08-01T12:15:00Z,34.52,1009.48,54.47,18.922,72.8347,14.0,False,NORMAL
AWS-003,2026-08-01T12:15:00Z,27.32,833.68,42.35,32.219,76.3234,1457.0,False,NORMAL
AWS-004,2026-08-01T12:15:00Z,37.4,978.95,29.44,26.9124,70.9022,225.0,False,NORMAL
AWS-001,2026-08-01T12:30:00Z,33.85,982.71,45.72,28.6139,77.209,216.0,False,NORMAL
AWS-002,2026-08-01T12:30:00Z,34.89,1009.02,53.72,18.922,72.8347,14.0,False,NORMAL
AWS-003,2026-08-01T12:30:00Z,26.8,833.89,41.35,32.219,76.3234,1457.0,False,NORMAL
AWS-004,2026-08-01T12:30:00Z,37.57,978.77,28.66,26.9124,70.9022,225.0,False,NORMAL
AWS-001,2026-08-01T12:45:00Z,33.41,982.6,45.84,28.6139,77.209,216.0,False,NORMAL
AWS-002,2026-08-01T12:45:00Z,35.06,1008.75,53.21,18.922,72.8347,14.0,False,NORMAL
AWS-003,2026-08-01T12:45:00Z,27.18,833.66,41.12,32.219,76.3234,1457.0,False,NORMAL
AWS-004,2026-08-01T12:45:00Z,38.29,978.49,28.28,26.9124,70.9022,225.0,False,NORMAL
AWS-001,2026-08-01T13:00:00Z,34.41,982.6,45.47,28.6139,77.209,216.0,False,NORMAL
AWS-002,2026-08-01T13:00:00Z,35.48,1008.61,53.8,18.922,72.8347,14.0,False,NORMAL
AWS-003,2026-08-01T13:00:00Z,27.3,833.88,40.47,32.219,76.3234,1457.0,False,NORMAL
AWS-004,2026-08-01T13:00:00Z,37.84,978.58,27.84,26.9124,70.9022,225.0,False,NORMAL
AWS-001,2026-08-01T13:15:00Z,33.75,982.12,45.26,28.6139,77.209,216.0,False,NORMAL
AWS-002,2026-08-01T13:15:00Z,34.62,1008.67,51.85,18.922,72.8347,14.0,False,NORMAL
AWS-003,2026-08-01T13:15:00Z,28.28,833.41,41.34,32.219,76.3234,1457.0,False,NORMAL
AWS-004,2026-08-01T13:15:00Z,37.8,978.35,26.72,26.9124,70.9022,225.0,False,NORMAL
AWS-001,2026-08-01T13:30:00Z,33.93,982.23,45.64,28.6139,77.209,216.0,False,NORMAL
AWS-002,2026-08-01T13:30:00Z,35.68,1008.6,53.17,18.922,72.8347,14.0,False,NORMAL
AWS-003,2026-08-01T13:30:00Z,28.12,833.45,38.64,32.219,76.3234,1457.0,False,NORMAL
AWS-004,2026-08-01T13:30:00Z,37.64,977.9,26.66,26.9124,70.9022,225.0,False,NORMAL
AWS-001,2026-08-01T13:45:00Z,34.18,981.96,44.73,28.6139,77.209,216.0,False,NORMAL
AWS-002,2026-08-01T13:45:00Z,35.92,1008.11,51.88,18.922,72.8347,14.0,False,NORMAL
AWS-003,2026-08-01T13:45:00Z,26.57,833.43,39.5,32.219,76.3234,1457.0,False,NORMAL
AWS-004,2026-08-01T13:45:00Z,37.81,977.92,27.69,26.9124,70.9022,225.0,False,NORMAL
AWS-001,2026-08-01T14:00:00Z,34.55,981.87,44.5,28.6139,77.209,216.0,False,NORMAL
AWS-002,2026-08-01T14:00:00Z,35.4,1008.41,52.82,18.922,72.8347,14.0,False,NORMAL
AWS-003,2026-08-01T14:00:00Z,27.21,833.48,39.27,32.219,76.3234,1457.0,False,NORMAL
AWS-004,2026-08-01T14:00:00Z,37.7,977.96,27.17,26.9124,70.9022,225.0,False,NORMAL
AWS-001,2026-08-01T14:15:00Z,34.31,981.81,45.16,28.6139,77.209,216.0,False,NORMAL
AWS-002,2026-08-01T14:15:00Z,34.85,1007.92,52.85,18.922,72.8347,14.0,False,NORMAL
AWS-003,2026-08-01T14:15:00Z,27.08,833.15,40.22,32.219,76.3234,1457.0,False,NORMAL
AWS-004,2026-08-01T14:15:00Z,38.82,977.75,26.51,26.9124,70.9022,225.0,False,NORMAL
AWS-001,2026-08-01T14:30:00Z,34.5,981.8,44.68,28.6139,77.209,216.0,False,NORMAL
AWS-002,2026-08-01T14:30:00Z,36.15,1008.07,52.69,18.922,72.8347,14.0,False,NORMAL
AWS-003,2026-08-01T14:30:00Z,27.2,832.62,40.8,32.219,76.3234,1457.0,False,NORMAL
AWS-004,2026-08-01T14:30:00Z,37.89,977.38,27.23,26.9124,70.9022,225.0,False,NORMAL
AWS-001,2026-08-01T14:45:00Z,34.37,981.3,44.92,28.6139,77.209,216.0,False,NORMAL
AWS-002,2026-08-01T14:45:00Z,35.08,1008.07,53.65,18.922,72.8347,14.0,False,NORMAL
AWS-003,2026-08-01T14:45:00Z,27.43,833.08,40.47,32.219,76.3234,1457.0,False,NORMAL
AWS-004,2026-08-01T14:45:00Z,38.05,977.23,27.01,26.9124,70.9022,225.0,False,NORMAL
AWS-001,2026-08-01T15:00:00Z,34.07,981.57,45.19,28.6139,77.209,216.0,False,NORMAL
AWS-002,2026-08-01T15:00:00Z,35.42,1007.68,53.46,18.922,72.8347,14.0,False,NORMAL
AWS-003,2026-08-01T15:00:00Z,27.04,832.55,41.12,32.219,76.3234,1457.0,False,NORMAL
AWS-004,2026-08-01T15:00:00Z,38.04,977.31,28.67,26.9124,70.9022,225.0,False,NORMAL
AWS-001,2026-08-01T15:15:00Z,33.9,981.42,45.69,28.6139,77.209,216.0,False,NORMAL
AWS-002,2026-08-01T15:15:00Z,34.84,1007.73,54.08,18.922,72.8347,14.0,False,NORMAL
AWS-003,2026-08-01T15:15:00Z,27.03,832.74,40.61,32.219,76.3234,1457.0,False,NORMAL
AWS-004,2026-08-01T15:15:00Z,37.86,977.54,28.95,26.9124,70.9022,225.0,False,NORMAL
AWS-001,2026-08-01T15:30:00Z,33.69,981.39,46.4,28.6139,77.209,216.0,False,NORMAL
AWS-002,2026-08-01T15:30:00Z,35.16,1007.68,53.23,18.922,72.8347,14.0,False,NORMAL
AWS-003,2026-08-01T15:30:00Z,27.77,832.92,41.44,32.219,76.3234,1457.0,False,NORMAL
AWS-004,2026-08-01T15:30:00Z,38.63,977.31,28.65,26.9124,70.9022,225.0,False,NORMAL
AWS-001,2026-08-01T15:45:00Z,33.67,981.42,46.59,28.6139,77.209,216.0,False,NORMAL
AWS-002,2026-08-01T15:45:00Z,35.07,1007.75,54.84,18.922,72.8347,14.0,False,NORMAL
AWS-003,2026-08-01T15:45:00Z,27.17,832.55,41.41,32.219,76.3234,1457.0,False,NORMAL
AWS-004,2026-08-01T15:45:00Z,37.11,977.22,28.02,26.9124,70.9022,225.0,False,NORMAL
AWS-001,2026-08-01T16:00:00Z,33.57,981.18,46.28,28.6139,77.209,216.0,False,NORMAL
AWS-002,2026-08-01T16:00:00Z,34.81,1007.35,55.66,18.922,72.8347,14.0,False,NORMAL
AWS-003,2026-08-01T16:00:00Z,27.7,832.34,42.69,32.219,76.3234,1457.0,False,NORMAL
AWS-004,2026-08-01T16:00:00Z,37.17,977.26,29.27,26.9124,70.9022,225.0,False,NORMAL
AWS-001,2026-08-01T16:15:00Z,33.71,981.48,48.19,28.6139,77.209,216.0,False,NORMAL
AWS-002,2026-08-01T16:15:00Z,33.89,1007.5,56.04,18.922,72.8347,14.0,False,NORMAL
AWS-003,2026-08-01T16:15:00Z,26.73,832.43,44.47,32.219,76.3234,1457.0,False,NORMAL
AWS-004,2026-08-01T16:15:00Z,36.94,977.38,30.04,26.9124,70.9022,225.0,False,NORMAL
AWS-001,2026-08-01T16:30:00Z,32.54,981.22,49.11,28.6139,77.209,216.0,False,NORMAL
AWS-002,2026-08-01T16:30:00Z,34.47,1007.68,58.08,18.922,72.8347,14.0,False,NORMAL
AWS-003,2026-08-01T16:30:00Z,26.69,832.36,45.55,32.219,76.3234,1457.0,False,NORMAL
AWS-004,2026-08-01T16:30:00Z,36.93,977.37,29.74,26.9124,70.9022,225.0,False,NORMAL
AWS-001,2026-08-01T16:45:00Z,33.2,981.4,49.91,28.6139,77.209,216.0,False,NORMAL
AWS-002,2026-08-01T16:45:00Z,33.9,1007.73,56.91,18.922,72.8347,14.0,False,NORMAL
AWS-003,2026-08-01T16:45:00Z,26.26,832.89,44.49,32.219,76.3234,1457.0,False,NORMAL
AWS-004,2026-08-01T16:45:00Z,36.81,977.43,32.35,26.9124,70.9022,225.0,False,NORMAL
AWS-001,2026-08-01T17:00:00Z,31.72,981.45,50.94,28.6139,77.209,216.0,False,NORMAL
AWS-002,2026-08-01T17:00:00Z,33.97,1007.83,58.52,18.922,72.8347,14.0,False,NORMAL
AWS-003,2026-08-01T17:00:00Z,26.39,832.55,46.38,32.219,76.3234,1457.0,False,NORMAL
AWS-004,2026-08-01T17:00:00Z,35.61,977.42,31.24,26.9124,70.9022,225.0,False,NORMAL
AWS-001,2026-08-01T17:15:00Z,32.23,981.46,50.93,28.6139,77.209,216.0,False,NORMAL
AWS-002,2026-08-01T17:15:00Z,32.78,1008.15,59.11,18.922,72.8347,14.0,False,NORMAL
AWS-003,2026-08-01T17:15:00Z,25.86,832.51,46.02,32.219,76.3234,1457.0,False,NORMAL
AWS-004,2026-08-01T17:15:00Z,35.9,977.2,33.43,26.9124,70.9022,225.0,False,NORMAL
AWS-001,2026-08-01T17:30:00Z,32.06,981.43,52.2,28.6139,77.209,216.0,False,NORMAL
AWS-002,2026-08-01T17:30:00Z,33.17,1008.16,60.33,18.922,72.8347,14.0,False,NORMAL
AWS-003,2026-08-01T17:30:00Z,25.81,832.72,47.5,32.219,76.3234,1457.0,False,NORMAL
AWS-004,2026-08-01T17:30:00Z,35.73,977.66,34.91,26.9124,70.9022,225.0,False,NORMAL
AWS-001,2026-08-01T17:45:00Z,31.4,981.62,53.89,28.6139,77.209,216.0,False,NORMAL
AWS-002,2026-08-01T17:45:00Z,32.58,1008.15,62.05,18.922,72.8347,14.0,False,NORMAL
AWS-003,2026-08-01T17:45:00Z,24.94,832.95,48.77,32.219,76.3234,1457.0,False,NORMAL
AWS-004,2026-08-01T17:45:00Z,35.34,977.77,35.63,26.9124,70.9022,225.0,False,NORMAL
AWS-001,2026-08-01T18:00:00Z,31.13,981.85,54.3,28.6139,77.209,216.0,False,NORMAL
AWS-002,2026-08-01T18:00:00Z,32.1,1008.4,62.15,18.922,72.8347,14.0,False,NORMAL
AWS-003,2026-08-01T18:00:00Z,24.33,833.39,50.29,32.219,76.3234,1457.0,False,NORMAL
AWS-004,2026-08-01T18:00:00Z,34.95,977.83,35.97,26.9124,70.9022,225.0,False,NORMAL
AWS-001,2026-08-01T18:15:00Z,30.92,982.24,55.96,28.6139,77.209,216.0,False,NORMAL
AWS-002,2026-08-01T18:15:00Z,32.12,1008.57,63.46,18.922,72.8347,14.0,False,NORMAL
AWS-003,2026-08-01T18:15:00Z,24.55,833.04,49.94,32.219,76.3234,1457.0,False,NORMAL
AWS-004,2026-08-01T18:15:00Z,35.1,978.03,38.31,26.9124,70.9022,225.0,False,NORMAL
AWS-001,2026-08-01T18:30:00Z,30.72,982.23,56.96,28.6139,77.209,216.0,False,NORMAL
AWS-002,2026-08-01T18:30:00Z,31.69,1008.32,65.21,18.922,72.8347,14.0,False,NORMAL
AWS-003,2026-08-01T18:30:00Z,24.35,833.35,51.86,32.219,76.3234,1457.0,False,NORMAL
AWS-004,2026-08-01T18:30:00Z,35.3,978.03,38.47,26.9124,70.9022,225.0,False,NORMAL
AWS-001,2026-08-01T18:45:00Z,29.88,982.2,58.81,28.6139,77.209,216.0,False,NORMAL
AWS-002,2026-08-01T18:45:00Z,31.1,1008.6,66.64,18.922,72.8347,14.0,False,NORMAL
AWS-003,2026-08-01T18:45:00Z,23.05,833.08,52.98,32.219,76.3234,1457.0,False,NORMAL
AWS-004,2026-08-01T18:45:00Z,33.97,978.61,39.35,26.9124,70.9022,225.0,False,NORMAL
AWS-001,2026-08-01T19:00:00Z,29.58,982.21,59.48,28.6139,77.209,216.0,False,NORMAL
AWS-002,2026-08-01T19:00:00Z,31.37,1008.68,68.46,18.922,72.8347,14.0,False,NORMAL
AWS-003,2026-08-01T19:00:00Z,23.61,833.67,53.91,32.219,76.3234,1457.0,False,NORMAL
AWS-004,2026-08-01T19:00:00Z,34.44,978.42,41.28,26.9124,70.9022,225.0,False,NORMAL
AWS-001,2026-08-01T19:15:00Z,30.01,982.64,60.77,28.6139,77.209,216.0,False,NORMAL
AWS-002,2026-08-01T19:15:00Z,31.67,1008.96,67.57,18.922,72.8347,14.0,False,NORMAL
AWS-003,2026-08-01T19:15:00Z,23.77,833.72,56.83,32.219,76.3234,1457.0,False,NORMAL
AWS-004,2026-08-01T19:15:00Z,32.59,978.6,42.9,26.9124,70.9022,225.0,False,NORMAL
AWS-001,2026-08-01T19:30:00Z,28.86,982.71,61.92,28.6139,77.209,216.0,False,NORMAL
AWS-002,2026-08-01T19:30:00Z,30.37,1009.1,70.92,18.922,72.8347,14.0,False,NORMAL
AWS-003,2026-08-01T19:30:00Z,22.81,833.96,55.2,32.219,76.3234,1457.0,False,NORMAL
AWS-004,2026-08-01T19:30:00Z,32.27,978.69,43.63,26.9124,70.9022,225.0,False,NORMAL
AWS-001,2026-08-01T19:45:00Z,29.17,982.59,63.11,28.6139,77.209,216.0,False,NORMAL
AWS-002,2026-08-01T19:45:00Z,30.35,1009.13,70.54,18.922,72.8347,14.0,False,NORMAL
AWS-003,2026-08-01T19:45:00Z,22.58,833.8,59.16,32.219,76.3234,1457.0,False,NORMAL
AWS-004,2026-08-01T19:45:00Z,32.82,979.04,45.62,26.9124,70.9022,225.0,False,NORMAL
AWS-001,2026-08-01T20:00:00Z,28.47,983.08,64.65,28.6139,77.209,216.0,False,NORMAL
AWS-002,2026-08-01T20:00:00Z,30.05,1009.38,72.22,18.922,72.8347,14.0,False,NORMAL
AWS-003,2026-08-01T20:00:00Z,22.19,834.65,59.04,32.219,76.3234,1457.0,False,NORMAL
AWS-004,2026-08-01T20:00:00Z,32.61,978.94,47.57,26.9124,70.9022,225.0,False,NORMAL
AWS-001,2026-08-01T20:15:00Z,27.84,983.15,66.35,28.6139,77.209,216.0,False,NORMAL
AWS-002,2026-08-01T20:15:00Z,28.39,1009.55,74.28,18.922,72.8347,14.0,False,NORMAL
AWS-003,2026-08-01T20:15:00Z,21.74,834.02,61.82,32.219,76.3234,1457.0,False,NORMAL
AWS-004,2026-08-01T20:15:00Z,31.66,979.25,47.55,26.9124,70.9022,225.0,False,NORMAL
AWS-001,2026-08-01T20:30:00Z,27.16,983.32,66.85,28.6139,77.209,216.0,False,NORMAL
AWS-002,2026-08-01T20:30:00Z,28.7,1009.78,75.42,18.922,72.8347,14.0,False,NORMAL
AWS-003,2026-08-01T20:30:00Z,20.73,834.15,61.81,32.219,76.3234,1457.0,False,NORMAL
AWS-004,2026-08-01T20:30:00Z,31.47,979.24,49.74,26.9124,70.9022,225.0,False,NORMAL
AWS-001,2026-08-01T20:45:00Z,27.36,983.2,68.37,28.6139,77.209,216.0,False,NORMAL
AWS-002,2026-08-01T20:45:00Z,28.15,1009.58,77.0,18.922,72.8347,14.0,False,NORMAL
AWS-003,2026-08-01T20:45:00Z,21.54,834.33,64.12,32.219,76.3234,1457.0,False,NORMAL
AWS-004,2026-08-01T20:45:00Z,30.73,979.22,50.58,26.9124,70.9022,225.0,False,NORMAL
AWS-001,2026-08-01T21:00:00Z,27.13,983.57,70.14,28.6139,77.209,216.0,False,NORMAL
AWS-002,2026-08-01T21:00:00Z,27.88,1009.75,77.48,18.922,72.8347,14.0,False,NORMAL
AWS-003,2026-08-01T21:00:00Z,20.19,833.87,65.23,32.219,76.3234,1457.0,False,NORMAL
AWS-004,2026-08-01T21:00:00Z,30.01,979.33,51.71,26.9124,70.9022,225.0,False,NORMAL
AWS-001,2026-08-01T21:15:00Z,26.39,983.55,71.02,28.6139,77.209,216.0,False,NORMAL
AWS-002,2026-08-01T21:15:00Z,27.69,1009.89,78.34,18.922,72.8347,14.0,False,NORMAL
AWS-003,2026-08-01T21:15:00Z,19.95,834.78,65.77,32.219,76.3234,1457.0,False,NORMAL
AWS-004,2026-08-01T21:15:00Z,30.46,979.5,52.92,26.9124,70.9022,225.0,False,NORMAL
AWS-001,2026-08-01T21:30:00Z,26.37,983.49,71.92,28.6139,77.209,216.0,False,NORMAL
AWS-002,2026-08-01T21:30:00Z,27.83,1010.26,79.87,18.922,72.8347,14.0,False,NORMAL
AWS-003,2026-08-01T21:30:00Z,19.2,834.5,67.05,32.219,76.3234,1457.0,False,NORMAL
AWS-004,2026-08-01T21:30:00Z,29.76,979.38,53.73,26.9124,70.9022,225.0,False,NORMAL
AWS-001,2026-08-01T21:45:00Z,25.62,983.57,73.34,28.6139,77.209,216.0,False,NORMAL
AWS-002,2026-08-01T21:45:00Z,25.76,1010.06,80.92,18.922,72.8347,14.0,False,NORMAL
AWS-003,2026-08-01T21:45:00Z,19.68,834.58,68.61,32.219,76.3234,1457.0,False,NORMAL
AWS-004,2026-08-01T21:45:00Z,30.05,979.62,54.95,26.9124,70.9022,225.0,False,NORMAL
AWS-001,2026-08-01T22:00:00Z,25.45,983.61,75.12,28.6139,77.209,216.0,False,NORMAL
AWS-002,2026-08-01T22:00:00Z,25.84,1009.99,82.53,18.922,72.8347,14.0,False,NORMAL
AWS-003,2026-08-01T22:00:00Z,18.55,834.49,69.71,32.219,76.3234,1457.0,False,NORMAL
AWS-004,2026-08-01T22:00:00Z,29.29,979.72,56.58,26.9124,70.9022,225.0,False,NORMAL
AWS-001,2026-08-01T22:15:00Z,24.79,983.68,75.21,28.6139,77.209,216.0,False,NORMAL
AWS-002,2026-08-01T22:15:00Z,25.81,1009.95,82.64,18.922,72.8347,14.0,False,NORMAL
AWS-003,2026-08-01T22:15:00Z,18.62,834.9,70.92,32.219,76.3234,1457.0,False,NORMAL
AWS-004,2026-08-01T22:15:00Z,28.46,979.55,58.66,26.9124,70.9022,225.0,False,NORMAL
AWS-001,2026-08-01T22:30:00Z,25.02,983.74,76.36,28.6139,77.209,216.0,False,NORMAL
AWS-002,2026-08-01T22:30:00Z,25.45,1009.81,84.26,18.922,72.8347,14.0,False,NORMAL
AWS-003,2026-08-01T22:30:00Z,17.79,834.59,71.0,32.219,76.3234,1457.0,False,NORMAL
AWS-004,2026-08-01T22:30:00Z,28.26,979.45,58.49,26.9124,70.9022,225.0,False,NORMAL
AWS-001,2026-08-01T22:45:00Z,23.95,983.6,77.46,28.6139,77.209,216.0,False,NORMAL
AWS-002,2026-08-01T22:45:00Z,25.55,1009.96,86.46,18.922,72.8347,14.0,False,NORMAL
AWS-003,2026-08-01T22:45:00Z,17.67,834.7,72.82,32.219,76.3234,1457.0,False,NORMAL
AWS-004,2026-08-01T22:45:00Z,28.5,979.31,60.34,26.9124,70.9022,225.0,False,NORMAL
AWS-001,2026-08-01T23:00:00Z,23.92,983.55,78.44,28.6139,77.209,216.0,False,NORMAL
AWS-002,2026-08-01T23:00:00Z,25.53,1009.98,86.11,18.922,72.8347,14.0,False,NORMAL
AWS-003,2026-08-01T23:00:00Z,17.48,834.18,74.62,32.219,76.3234,1457.0,False,NORMAL
AWS-004,2026-08-01T23:00:00Z,28.92,978.98,60.4,26.9124,70.9022,225.0,False,NORMAL
AWS-001,2026-08-01T23:15:00Z,24.24,983.46,80.13,28.6139,77.209,216.0,False,NORMAL
AWS-002,2026-08-01T23:15:00Z,25.76,1009.71,88.19,18.922,72.8347,14.0,False,NORMAL
AWS-003,2026-08-01T23:15:00Z,18.0,834.3,74.93,32.219,76.3234,1457.0,False,NORMAL
AWS-004,2026-08-01T23:15:00Z,28.5,979.1,61.58,26.9124,70.9022,225.0,False,NORMAL
AWS-001,2026-08-01T23:30:00Z,23.39,983.37,81.01,28.6139,77.209,216.0,False,NORMAL
AWS-002,2026-08-01T23:30:00Z,25.22,1009.71,88.6,18.922,72.8347,14.0,False,NORMAL
AWS-003,2026-08-01T23:30:00Z,17.65,833.79,75.56,32.219,76.3234,1457.0,False,NORMAL
AWS-004,2026-08-01T23:30:00Z,27.2,979.12,63.08,26.9124,70.9022,225.0,False,NORMAL
AWS-001,2026-08-01T23:45:00Z,23.02,983.21,80.99,28.6139,77.209,216.0,False,NORMAL
AWS-002,2026-08-01T23:45:00Z,24.58,1009.66,89.63,18.922,72.8347,14.0,False,NORMAL
AWS-003,2026-08-01T23:45:00Z,16.61,834.19,75.58,32.219,76.3234,1457.0,False,NORMAL
AWS-004,2026-08-01T23:45:00Z,27.82,978.95,61.84,26.9124,70.9022,225.0,False,NORMAL
AWS-001,2026-08-02T00:00:00Z,23.4,983.11,81.23,28.6139,77.209,216.0,False,NORMAL
AWS-002,2026-08-02T00:00:00Z,24.22,1009.37,89.5,18.922,72.8347,14.0,False,NORMAL
AWS-003,2026-08-02T00:00:00Z,16.54,834.09,76.64,32.219,76.3234,1457.0,False,NORMAL
AWS-004,2026-08-02T00:00:00Z,27.71,978.89,63.86,26.9124,70.9022,225.0,False,NORMAL
AWS-001,2026-08-02T00:15:00Z,23.14,982.91,82.4,28.6139,77.209,216.0,False,NORMAL
AWS-002,2026-08-02T00:15:00Z,24.49,1009.41,90.32,18.922,72.8347,14.0,False,NORMAL
AWS-003,2026-08-02T00:15:00Z,16.37,833.68,77.99,32.219,76.3234,1457.0,False,NORMAL
AWS-004,2026-08-02T00:15:00Z,25.89,978.67,65.57,26.9124,70.9022,225.0,False,NORMAL
AWS-001,2026-08-02T00:30:00Z,22.57,982.79,83.11,28.6139,77.209,216.0,False,NORMAL
AWS-002,2026-08-02T00:30:00Z,24.49,1009.1,90.77,18.922,72.8347,14.0,False,NORMAL
AWS-003,2026-08-02T00:30:00Z,16.35,833.4,77.81,32.219,76.3234,1457.0,False,NORMAL
AWS-004,2026-08-02T00:30:00Z,26.99,978.7,64.95,26.9124,70.9022,225.0,False,NORMAL
AWS-001,2026-08-02T00:45:00Z,22.45,982.75,83.64,28.6139,77.209,216.0,False,NORMAL
AWS-002,2026-08-02T00:45:00Z,24.58,1008.65,92.4,18.922,72.8347,14.0,False,NORMAL
AWS-003,2026-08-02T00:45:00Z,15.85,833.78,78.94,32.219,76.3234,1457.0,False,NORMAL
AWS-004,2026-08-02T00:45:00Z,26.55,978.7,65.32,26.9124,70.9022,225.0,False,NORMAL
AWS-001,2026-08-02T01:00:00Z,22.34,982.38,83.76,28.6139,77.209,216.0,False,NORMAL
AWS-002,2026-08-02T01:00:00Z,23.87,1008.67,92.05,18.922,72.8347,14.0,False,NORMAL
AWS-003,2026-08-02T01:00:00Z,16.47,833.85,78.75,32.219,76.3234,1457.0,False,NORMAL
AWS-004,2026-08-02T01:00:00Z,26.78,978.71,64.69,26.9124,70.9022,225.0,False,NORMAL
AWS-001,2026-08-02T01:15:00Z,22.31,982.54,84.05,28.6139,77.209,216.0,False,NORMAL
AWS-002,2026-08-02T01:15:00Z,23.82,1008.93,92.16,18.922,72.8347,14.0,False,NORMAL
AWS-003,2026-08-02T01:15:00Z,16.43,833.46,80.7,32.219,76.3234,1457.0,False,NORMAL
AWS-004,2026-08-02T01:15:00Z,26.34,978.47,66.6,26.9124,70.9022,225.0,False,NORMAL
AWS-001,2026-08-02T01:30:00Z,21.73,982.13,84.61,28.6139,77.209,216.0,False,NORMAL
AWS-002,2026-08-02T01:30:00Z,24.05,1008.54,92.55,18.922,72.8347,14.0,False,NORMAL
AWS-003,2026-08-02T01:30:00Z,15.94,833.2,78.95,32.219,76.3234,1457.0,False,NORMAL
AWS-004,2026-08-02T01:30:00Z,26.61,978.05,66.2,26.9124,70.9022,225.0,False,NORMAL
AWS-001,2026-08-02T01:45:00Z,21.95,981.96,84.98,28.6139,77.209,216.0,False,NORMAL
AWS-002,2026-08-02T01:45:00Z,24.3,1008.37,92.26,18.922,72.8347,14.0,False,NORMAL
AWS-003,2026-08-02T01:45:00Z,15.92,833.42,79.19,32.219,76.3234,1457.0,False,NORMAL
AWS-004,2026-08-02T01:45:00Z,26.7,977.75,66.96,26.9124,70.9022,225.0,False,NORMAL
AWS-001,2026-08-02T02:00:00Z,22.71,981.67,85.06,28.6139,77.209,216.0,False,NORMAL
AWS-002,2026-08-02T02:00:00Z,23.73,1008.37,93.78,18.922,72.8347,14.0,False,NORMAL
AWS-003,2026-08-02T02:00:00Z,15.98,833.11,79.81,32.219,76.3234,1457.0,False,NORMAL
AWS-004,2026-08-02T02:00:00Z,26.81,977.94,66.23,26.9124,70.9022,225.0,False,NORMAL
AWS-001,2026-08-02T02:15:00Z,22.03,981.55,84.93,28.6139,77.209,216.0,False,NORMAL
AWS-002,2026-08-02T02:15:00Z,23.29,1008.21,93.36,18.922,72.8347,14.0,False,NORMAL
AWS-003,2026-08-02T02:15:00Z,15.17,833.32,79.87,32.219,76.3234,1457.0,False,NORMAL
AWS-004,2026-08-02T02:15:00Z,25.61,977.52,66.82,26.9124,70.9022,225.0,False,NORMAL
AWS-001,2026-08-02T02:30:00Z,22.26,981.52,84.24,28.6139,77.209,216.0,False,NORMAL
AWS-002,2026-08-02T02:30:00Z,23.37,1008.1,91.99,18.922,72.8347,14.0,False,NORMAL
AWS-003,2026-08-02T02:30:00Z,15.88,833.49,77.77,32.219,76.3234,1457.0,False,NORMAL
AWS-004,2026-08-02T02:30:00Z,27.03,977.62,66.8,26.9124,70.9022,225.0,False,NORMAL
AWS-001,2026-08-02T02:45:00Z,22.32,981.59,84.25,28.6139,77.209,216.0,False,NORMAL
AWS-002,2026-08-02T02:45:00Z,23.81,1007.57,92.69,18.922,72.8347,14.0,False,NORMAL
AWS-003,2026-08-02T02:45:00Z,17.01,832.75,78.28,32.219,76.3234,1457.0,False,NORMAL
AWS-004,2026-08-02T02:45:00Z,25.77,977.74,66.79,26.9124,70.9022,225.0,False,NORMAL
AWS-001,2026-08-02T03:00:00Z,23.24,981.4,83.68,28.6139,77.209,216.0,False,NORMAL
AWS-002,2026-08-02T03:00:00Z,24.0,1007.92,92.61,18.922,72.8347,14.0,False,NORMAL
AWS-003,2026-08-02T03:00:00Z,16.24,832.73,77.28,32.219,76.3234,1457.0,False,NORMAL
AWS-004,2026-08-02T03:00:00Z,26.69,977.41,65.27,26.9124,70.9022,225.0,False,NORMAL
AWS-001,2026-08-02T03:15:00Z,23.07,981.33,82.6,28.6139,77.209,216.0,False,NORMAL
AWS-002,2026-08-02T03:15:00Z,23.97,1007.67,90.9,18.922,72.8347,14.0,False,NORMAL
AWS-003,2026-08-02T03:15:00Z,15.96,832.7,77.67,32.219,76.3234,1457.0,False,NORMAL
AWS-004,2026-08-02T03:15:00Z,26.59,977.26,66.3,26.9124,70.9022,225.0,False,NORMAL
AWS-001,2026-08-02T03:30:00Z,22.44,981.26,83.76,28.6139,77.209,216.0,False,NORMAL
AWS-002,2026-08-02T03:30:00Z,23.99,1007.72,90.57,18.922,72.8347,14.0,False,NORMAL
AWS-003,2026-08-02T03:30:00Z,16.13,832.78,77.16,32.219,76.3234,1457.0,False,NORMAL
AWS-004,2026-08-02T03:30:00Z,26.8,976.91,65.24,26.9124,70.9022,225.0,False,NORMAL
AWS-001,2026-08-02T03:45:00Z,22.95,981.31,82.07,28.6139,77.209,216.0,False,NORMAL
AWS-002,2026-08-02T03:45:00Z,23.64,1007.81,89.83,18.922,72.8347,14.0,False,NORMAL
AWS-003,2026-08-02T03:45:00Z,16.04,832.3,77.81,32.219,76.3234,1457.0,False,NORMAL
AWS-004,2026-08-02T03:45:00Z,27.22,977.31,63.18,26.9124,70.9022,225.0,False,NORMAL
AWS-001,2026-08-02T04:00:00Z,22.99,981.39,82.14,28.6139,77.209,216.0,False,NORMAL
AWS-002,2026-08-02T04:00:00Z,24.65,1007.44,89.84,18.922,72.8347,14.0,False,NORMAL
AWS-003,2026-08-02T04:00:00Z,16.72,832.6,76.17,32.219,76.3234,1457.0,False,NORMAL
AWS-004,2026-08-02T04:00:00Z,27.31,977.21,63.88,26.9124,70.9022,225.0,False,NORMAL
AWS-001,2026-08-02T04:15:00Z,23.1,981.22,80.65,28.6139,77.209,216.0,False,NORMAL
AWS-002,2026-08-02T04:15:00Z,25.11,1007.62,88.45,18.922,72.8347,14.0,False,NORMAL
AWS-003,2026-08-02T04:15:00Z,17.19,832.46,75.96,32.219,76.3234,1457.0,False,NORMAL
AWS-004,2026-08-02T04:15:00Z,27.67,977.17,62.22,26.9124,70.9022,225.0,False,NORMAL
AWS-001,2026-08-02T04:30:00Z,23.72,981.48,79.54,28.6139,77.209,216.0,False,NORMAL
AWS-002,2026-08-02T04:30:00Z,25.03,1007.68,87.66,18.922,72.8347,14.0,False,NORMAL
AWS-003,2026-08-02T04:30:00Z,17.56,832.85,74.95,32.219,76.3234,1457.0,False,NORMAL
AWS-004,2026-08-02T04:30:00Z,26.97,977.26,62.37,26.9124,70.9022,225.0,False,NORMAL
AWS-001,2026-08-02T04:45:00Z,23.89,981.57,79.79,28.6139,77.209,216.0,False,NORMAL
AWS-002,2026-08-02T04:45:00Z,25.21,1007.74,88.5,18.922,72.8347,14.0,False,NORMAL
AWS-003,2026-08-02T04:45:00Z,16.45,832.6,73.52,32.219,76.3234,1457.0,False,NORMAL
AWS-004,2026-08-02T04:45:00Z,27.28,977.54,62.26,26.9124,70.9022,225.0,False,NORMAL
AWS-001,2026-08-02T05:00:00Z,24.37,981.23,78.81,28.6139,77.209,216.0,False,NORMAL
AWS-002,2026-08-02T05:00:00Z,25.17,1007.95,85.56,18.922,72.8347,14.0,False,NORMAL
AWS-003,2026-08-02T05:00:00Z,18.84,832.87,73.3,32.219,76.3234,1457.0,False,NORMAL
AWS-004,2026-08-02T05:00:00Z,28.35,977.33,61.38,26.9124,70.9022,225.0,False,NORMAL
AWS-001,2026-08-02T05:15:00Z,24.66,981.44,77.36,28.6139,77.209,216.0,False,NORMAL
AWS-002,2026-08-02T05:15:00Z,25.59,1008.1,86.38,18.922,72.8347,14.0,False,NORMAL
AWS-003,2026-08-02T05:15:00Z,18.42,832.92,72.92,32.219,76.3234,1457.0,False,NORMAL
AWS-004,2026-08-02T05:15:00Z,28.68,977.47,59.61,26.9124,70.9022,225.0,False,NORMAL
AWS-001,2026-08-02T05:30:00Z,24.73,981.55,76.73,28.6139,77.209,216.0,False,NORMAL
AWS-002,2026-08-02T05:30:00Z,26.07,1007.89,84.33,18.922,72.8347,14.0,False,NORMAL
AWS-003,2026-08-02T05:30:00Z,17.96,832.9,72.28,32.219,76.3234,1457.0,False,NORMAL
AWS-004,2026-08-02T05:30:00Z,28.39,977.77,58.43,26.9124,70.9022,225.0,False,NORMAL
AWS-001,2026-08-02T05:45:00Z,25.23,981.85,75.19,28.6139,77.209,216.0,False,NORMAL
AWS-002,2026-08-02T05:45:00Z,26.98,1007.95,83.54,18.922,72.8347,14.0,False,NORMAL
AWS-003,2026-08-02T05:45:00Z,18.14,833.16,70.48,32.219,76.3234,1457.0,False,NORMAL
AWS-004,2026-08-02T05:45:00Z,29.09,977.61,57.6,26.9124,70.9022,225.0,False,NORMAL
AWS-001,2026-08-02T06:00:00Z,25.38,981.88,75.06,28.6139,77.209,216.0,False,NORMAL
AWS-002,2026-08-02T06:00:00Z,25.81,1008.26,83.2,18.922,72.8347,14.0,False,NORMAL
AWS-003,2026-08-02T06:00:00Z,19.11,833.29,69.6,32.219,76.3234,1457.0,False,NORMAL
AWS-004,2026-08-02T06:00:00Z,29.0,977.87,57.16,26.9124,70.9022,225.0,False,NORMAL
AWS-001,2026-08-02T06:15:00Z,26.35,982.17,73.37,28.6139,77.209,216.0,False,NORMAL
AWS-002,2026-08-02T06:15:00Z,27.81,1008.72,81.63,18.922,72.8347,14.0,False,NORMAL
AWS-003,2026-08-02T06:15:00Z,19.16,833.04,68.51,32.219,76.3234,1457.0,False,NORMAL
AWS-004,2026-08-02T06:15:00Z,30.34,978.03,55.49,26.9124,70.9022,225.0,False,NORMAL
AWS-001,2026-08-02T06:30:00Z,26.0,982.16,72.03,28.6139,77.209,216.0,False,NORMAL
AWS-002,2026-08-02T06:30:00Z,27.13,1008.42,80.48,18.922,72.8347,14.0,False,NORMAL
AWS-003,2026-08-02T06:30:00Z,18.84,833.48,68.55,32.219,76.3234,1457.0,False,NORMAL
AWS-004,2026-08-02T06:30:00Z,30.38,978.01,54.89,26.9124,70.9022,225.0,False,NORMAL
AWS-001,2026-08-02T06:45:00Z,26.18,982.24,70.81,28.6139,77.209,216.0,False,NORMAL
AWS-002,2026-08-02T06:45:00Z,27.35,1008.61,79.43,18.922,72.8347,14.0,False,NORMAL
AWS-003,2026-08-02T06:45:00Z,20.19,833.78,66.95,32.219,76.3234,1457.0,False,NORMAL
AWS-004,2026-08-02T06:45:00Z,30.57,978.29,53.03,26.9124,70.9022,225.0,False,NORMAL
AWS-001,2026-08-02T07:00:00Z,26.92,982.15,69.51,28.6139,77.209,216.0,False,NORMAL
AWS-002,2026-08-02T07:00:00Z,27.67,1008.78,77.52,18.922,72.8347,14.0,False,NORMAL
AWS-003,2026-08-02T07:00:00Z,20.31,833.66,65.23,32.219,76.3234,1457.0,False,NORMAL
AWS-004,2026-08-02T07:00:00Z,31.75,978.39,51.83,26.9124,70.9022,225.0,False,NORMAL
AWS-001,2026-08-02T07:15:00Z,27.13,982.52,69.33,28.6139,77.209,216.0,False,NORMAL
AWS-002,2026-08-02T07:15:00Z,28.44,1008.87,75.86,18.922,72.8347,14.0,False,NORMAL
AWS-003,2026-08-02T07:15:00Z,20.33,833.81,63.68,32.219,76.3234,1457.0,False,NORMAL
AWS-004,2026-08-02T07:15:00Z,31.63,978.7,49.79,26.9124,70.9022,225.0,False,NORMAL
AWS-001,2026-08-02T07:30:00Z,27.99,982.54,67.48,28.6139,77.209,216.0,False,NORMAL
AWS-002,2026-08-02T07:30:00Z,28.49,1009.42,75.33,18.922,72.8347,14.0,False,NORMAL
AWS-003,2026-08-02T07:30:00Z,21.36,833.75,61.42,32.219,76.3234,1457.0,False,NORMAL
AWS-004,2026-08-02T07:30:00Z,31.23,978.85,49.87,26.9124,70.9022,225.0,False,NORMAL
AWS-001,2026-08-02T07:45:00Z,27.61,982.85,65.15,28.6139,77.209,216.0,False,NORMAL
AWS-002,2026-08-02T07:45:00Z,30.15,1009.22,74.68,18.922,72.8347,14.0,False,NORMAL
AWS-003,2026-08-02T07:45:00Z,21.53,834.12,61.34,32.219,76.3234,1457.0,False,NORMAL
AWS-004,2026-08-02T07:45:00Z,31.69,978.8,48.17,26.9124,70.9022,225.0,False,NORMAL
AWS-001,2026-08-02T08:00:00Z,28.18,983.05,63.98,28.6139,77.209,216.0,False,NORMAL
AWS-002,2026-08-02T08:00:00Z,29.81,1009.44,72.91,18.922,72.8347,14.0,False,NORMAL
AWS-003,2026-08-02T08:00:00Z,22.23,834.28,59.28,32.219,76.3234,1457.0,False,NORMAL
AWS-004,2026-08-02T08:00:00Z,33.07,979.11,47.15,26.9124,70.9022,225.0,False,NORMAL
AWS-001,2026-08-02T08:15:00Z,28.57,983.37,62.94,28.6139,77.209,216.0,False,NORMAL
AWS-002,2026-08-02T08:15:00Z,29.89,1009.34,70.6,18.922,72.8347,14.0,False,NORMAL
AWS-003,2026-08-02T08:15:00Z,23.43,834.54,57.71,32.219,76.3234,1457.0,False,NORMAL
AWS-004,2026-08-02T08:15:00Z,32.88,979.04,44.65,26.9124,70.9022,225.0,False,NORMAL
AWS-001,2026-08-02T08:30:00Z,29.31,983.29,61.57,28.6139,77.209,216.0,False,NORMAL
AWS-002,2026-08-02T08:30:00Z,29.98,1009.73,69.07,18.922,72.8347,14.0,False,NORMAL
AWS-003,2026-08-02T08:30:00Z,22.85,834.36,55.86,32.219,76.3234,1457.0,False,NORMAL
AWS-004,2026-08-02T08:30:00Z,33.73,979.21,43.86,26.9124,70.9022,225.0,False,NORMAL
AWS-001,2026-08-02T08:45:00Z,28.87,983.32,60.06,28.6139,77.209,216.0,False,NORMAL
AWS-002,2026-08-02T08:45:00Z,30.56,1010.13,68.91,18.922,72.8347,14.0,False,NORMAL
AWS-003,2026-08-02T08:45:00Z,23.61,834.55,55.26,32.219,76.3234,1457.0,False,NORMAL
AWS-004,2026-08-02T08:45:00Z,33.67,979.1,42.63,26.9124,70.9022,225.0,False,NORMAL
AWS-001,2026-08-02T09:00:00Z,30.25,983.64,59.42,28.6139,77.209,216.0,False,NORMAL
AWS-002,2026-08-02T09:00:00Z,31.24,1009.99,68.27,18.922,72.8347,14.0,False,NORMAL
AWS-003,2026-08-02T09:00:00Z,23.9,834.33,54.48,32.219,76.3234,1457.0,False,NORMAL
AWS-004,2026-08-02T09:00:00Z,34.42,979.21,41.54,26.9124,70.9022,225.0,False,NORMAL
AWS-001,2026-08-02T09:15:00Z,29.84,983.47,58.7,28.6139,77.209,216.0,False,NORMAL
AWS-002,2026-08-02T09:15:00Z,32.53,1010.09,66.44,18.922,72.8347,14.0,False,NORMAL
AWS-003,2026-08-02T09:15:00Z,24.62,834.69,52.56,32.219,76.3234,1457.0,False,NORMAL
AWS-004,2026-08-02T09:15:00Z,34.23,979.57,40.65,26.9124,70.9022,225.0,False,NORMAL
AWS-001,2026-08-02T09:30:00Z,30.67,983.59,55.75,28.6139,77.209,216.0,False,NORMAL
AWS-002,2026-08-02T09:30:00Z,31.56,1010.22,64.6,18.922,72.8347,14.0,False,NORMAL
AWS-003,2026-08-02T09:30:00Z,24.31,834.39,52.26,32.219,76.3234,1457.0,False,NORMAL
AWS-004,2026-08-02T09:30:00Z,35.8,979.49,39.67,26.9124,70.9022,225.0,False,NORMAL
AWS-001,2026-08-02T09:45:00Z,31.06,983.56,55.43,28.6139,77.209,216.0,False,NORMAL
AWS-002,2026-08-02T09:45:00Z,32.45,1009.96,63.02,18.922,72.8347,14.0,False,NORMAL
AWS-003,2026-08-02T09:45:00Z,24.77,834.32,49.44,32.219,76.3234,1457.0,False,NORMAL
AWS-004,2026-08-02T09:45:00Z,34.69,979.24,37.28,26.9124,70.9022,225.0,False,NORMAL
AWS-001,2026-08-02T10:00:00Z,31.98,983.72,54.26,28.6139,77.209,216.0,False,NORMAL
AWS-002,2026-08-02T10:00:00Z,33.15,1009.82,61.62,18.922,72.8347,14.0,False,NORMAL
AWS-003,2026-08-02T10:00:00Z,25.05,834.55,50.14,32.219,76.3234,1457.0,False,NORMAL
AWS-004,2026-08-02T10:00:00Z,35.65,979.58,37.15,26.9124,70.9022,225.0,False,NORMAL
AWS-001,2026-08-02T10:15:00Z,32.04,983.46,52.73,28.6139,77.209,216.0,False,NORMAL
AWS-002,2026-08-02T10:15:00Z,32.65,1009.98,61.02,18.922,72.8347,14.0,False,NORMAL
AWS-003,2026-08-02T10:15:00Z,25.85,834.75,48.14,32.219,76.3234,1457.0,False,NORMAL
AWS-004,2026-08-02T10:15:00Z,36.12,979.63,34.98,26.9124,70.9022,225.0,False,NORMAL
AWS-001,2026-08-02T10:30:00Z,31.8,983.66,52.36,28.6139,77.209,216.0,False,NORMAL
AWS-002,2026-08-02T10:30:00Z,33.83,1010.04,59.82,18.922,72.8347,14.0,False,NORMAL
AWS-003,2026-08-02T10:30:00Z,26.29,834.71,47.46,32.219,76.3234,1457.0,False,NORMAL
AWS-004,2026-08-02T10:30:00Z,35.79,979.55,34.24,26.9124,70.9022,225.0,False,NORMAL
AWS-001,2026-08-02T10:45:00Z,32.18,983.52,50.51,28.6139,77.209,216.0,False,NORMAL
AWS-002,2026-08-02T10:45:00Z,33.82,1009.84,59.57,18.922,72.8347,14.0,False,NORMAL
AWS-003,2026-08-02T10:45:00Z,25.6,834.55,46.03,32.219,76.3234,1457.0,False,NORMAL
AWS-004,2026-08-02T10:45:00Z,36.48,979.37,33.44,26.9124,70.9022,225.0,False,NORMAL
AWS-001,2026-08-02T11:00:00Z,33.05,983.58,49.67,28.6139,77.209,216.0,False,NORMAL
AWS-002,2026-08-02T11:00:00Z,34.11,1009.67,58.9,18.922,72.8347,14.0,False,NORMAL
AWS-003,2026-08-02T11:00:00Z,26.11,834.31,45.44,32.219,76.3234,1457.0,False,NORMAL
AWS-004,2026-08-02T11:00:00Z,36.44,979.58,33.07,26.9124,70.9022,225.0,False,NORMAL
AWS-001,2026-08-02T11:15:00Z,33.36,983.4,49.43,28.6139,77.209,216.0,False,NORMAL
AWS-002,2026-08-02T11:15:00Z,34.11,1009.64,57.07,18.922,72.8347,14.0,False,NORMAL
AWS-003,2026-08-02T11:15:00Z,25.67,834.48,44.66,32.219,76.3234,1457.0,False,NORMAL
AWS-004,2026-08-02T11:15:00Z,36.54,979.42,30.3,26.9124,70.9022,225.0,False,NORMAL
AWS-001,2026-08-02T11:30:00Z,33.35,983.31,47.98,28.6139,77.209,216.0,False,NORMAL
AWS-002,2026-08-02T11:30:00Z,34.45,1009.64,56.91,18.922,72.8347,14.0,False,NORMAL
AWS-003,2026-08-02T11:30:00Z,26.43,834.33,43.51,32.219,76.3234,1457.0,False,NORMAL
AWS-004,2026-08-02T11:30:00Z,37.35,979.35,31.72,26.9124,70.9022,225.0,False,NORMAL
AWS-001,2026-08-02T11:45:00Z,33.58,983.04,47.89,28.6139,77.209,216.0,False,NORMAL
AWS-002,2026-08-02T11:45:00Z,34.85,1009.53,56.46,18.922,72.8347,14.0,False,NORMAL
AWS-003,2026-08-02T11:45:00Z,27.05,834.66,43.41,32.219,76.3234,1457.0,False,NORMAL
AWS-004,2026-08-02T11:45:00Z,37.87,979.33,30.05,26.9124,70.9022,225.0,False,NORMAL
AWS-001,2026-08-02T12:00:00Z,33.74,983.1,47.3,28.6139,77.209,216.0,False,NORMAL
AWS-002,2026-08-02T12:00:00Z,35.11,1009.5,55.24,18.922,72.8347,14.0,False,NORMAL
AWS-003,2026-08-02T12:00:00Z,26.58,834.02,42.18,32.219,76.3234,1457.0,False,NORMAL
AWS-004,2026-08-02T12:00:00Z,37.64,978.86,28.39,26.9124,70.9022,225.0,False,NORMAL
AWS-001,2026-08-02T12:15:00Z,33.79,983.18,46.89,28.6139,77.209,216.0,False,NORMAL
AWS-002,2026-08-02T12:15:00Z,34.5,1009.36,54.84,18.922,72.8347,14.0,False,NORMAL
AWS-003,2026-08-02T12:15:00Z,28.1,834.09,41.0,32.219,76.3234,1457.0,False,NORMAL
AWS-004,2026-08-02T12:15:00Z,38.17,978.66,28.48,26.9124,70.9022,225.0,False,NORMAL
AWS-001,2026-08-02T12:30:00Z,33.88,983.04,45.57,28.6139,77.209,216.0,False,NORMAL
AWS-002,2026-08-02T12:30:00Z,34.33,1009.24,53.54,18.922,72.8347,14.0,False,NORMAL
AWS-003,2026-08-02T12:30:00Z,28.43,833.85,39.6,32.219,76.3234,1457.0,False,NORMAL
AWS-004,2026-08-02T12:30:00Z,37.89,978.76,27.75,26.9124,70.9022,225.0,False,NORMAL
AWS-001,2026-08-02T12:45:00Z,34.44,982.74,45.6,28.6139,77.209,216.0,False,NORMAL
AWS-002,2026-08-02T12:45:00Z,34.96,1008.95,53.19,18.922,72.8347,14.0,False,NORMAL
AWS-003,2026-08-02T12:45:00Z,28.41,833.91,39.98,32.219,76.3234,1457.0,False,NORMAL
AWS-004,2026-08-02T12:45:00Z,38.12,978.73,27.8,26.9124,70.9022,225.0,False,NORMAL
AWS-001,2026-08-02T13:00:00Z,34.49,982.44,44.88,28.6139,77.209,216.0,False,NORMAL
AWS-002,2026-08-02T13:00:00Z,35.13,1009.07,51.87,18.922,72.8347,14.0,False,NORMAL
AWS-003,2026-08-02T13:00:00Z,27.88,833.92,40.88,32.219,76.3234,1457.0,False,NORMAL
AWS-004,2026-08-02T13:00:00Z,38.45,978.69,27.02,26.9124,70.9022,225.0,False,NORMAL
AWS-001,2026-08-02T13:15:00Z,34.62,982.5,45.13,28.6139,77.209,216.0,False,NORMAL
AWS-002,2026-08-02T13:15:00Z,35.48,1008.39,53.07,18.922,72.8347,14.0,False,NORMAL
AWS-003,2026-08-02T13:15:00Z,28.19,833.53,40.41,32.219,76.3234,1457.0,False,NORMAL
AWS-004,2026-08-02T13:15:00Z,39.27,978.42,26.03,26.9124,70.9022,225.0,False,NORMAL
AWS-001,2026-08-02T13:30:00Z,34.8,982.28,44.69,28.6139,77.209,216.0,False,NORMAL
AWS-002,2026-08-02T13:30:00Z,35.62,1008.49,52.46,18.922,72.8347,14.0,False,NORMAL
AWS-003,2026-08-02T13:30:00Z,28.21,833.41,38.66,32.219,76.3234,1457.0,False,NORMAL
AWS-004,2026-08-02T13:30:00Z,38.63,978.25,27.33,26.9124,70.9022,225.0,False,NORMAL
AWS-001,2026-08-02T13:45:00Z,34.45,982.1,44.5,28.6139,77.209,216.0,False,NORMAL
AWS-002,2026-08-02T13:45:00Z,36.03,1008.56,50.88,18.922,72.8347,14.0,False,NORMAL
AWS-003,2026-08-02T13:45:00Z,28.25,833.5,39.1,32.219,76.3234,1457.0,False,NORMAL
AWS-004,2026-08-02T13:45:00Z,38.28,978.11,25.25,26.9124,70.9022,225.0,False,NORMAL
AWS-001,2026-08-02T14:00:00Z,33.97,981.82,45.02,28.6139,77.209,216.0,False,NORMAL
AWS-002,2026-08-02T14:00:00Z,36.12,1008.08,52.21,18.922,72.8347,14.0,False,NORMAL
AWS-003,2026-08-02T14:00:00Z,27.34,832.93,40.48,32.219,76.3234,1457.0,False,NORMAL
AWS-004,2026-08-02T14:00:00Z,38.86,977.8,26.21,26.9124,70.9022,225.0,False,NORMAL
AWS-001,2026-08-02T14:15:00Z,33.99,981.88,43.86,28.6139,77.209,216.0,False,NORMAL
AWS-002,2026-08-02T14:15:00Z,35.09,1008.0,52.03,18.922,72.8347,14.0,False,NORMAL
AWS-003,2026-08-02T14:15:00Z,27.99,832.93,40.45,32.219,76.3234,1457.0,False,NORMAL
AWS-004,2026-08-02T14:15:00Z,39.39,977.62,24.37,26.9124,70.9022,225.0,False,NORMAL
AWS-001,2026-08-02T14:30:00Z,33.92,981.66,44.94,28.6139,77.209,216.0,False,NORMAL
AWS-002,2026-08-02T14:30:00Z,34.92,1008.07,52.26,18.922,72.8347,14.0,False,NORMAL
AWS-003,2026-08-02T14:30:00Z,28.54,832.42,40.65,32.219,76.3234,1457.0,False,NORMAL
AWS-004,2026-08-02T14:30:00Z,39.19,977.61,26.38,26.9124,70.9022,225.0,False,NORMAL
AWS-001,2026-08-02T14:45:00Z,34.48,981.44,45.21,28.6139,77.209,216.0,False,NORMAL
AWS-002,2026-08-02T14:45:00Z,35.78,1007.73,53.03,18.922,72.8347,14.0,False,NORMAL
AWS-003,2026-08-02T14:45:00Z,27.79,833.08,39.89,32.219,76.3234,1457.0,False,NORMAL
AWS-004,2026-08-02T14:45:00Z,38.22,977.69,26.64,26.9124,70.9022,225.0,False,NORMAL
AWS-001,2026-08-02T15:00:00Z,34.27,981.39,44.54,28.6139,77.209,216.0,False,NORMAL
AWS-002,2026-08-02T15:00:00Z,35.59,1007.78,54.43,18.922,72.8347,14.0,False,NORMAL
AWS-003,2026-08-02T15:00:00Z,27.86,832.92,41.16,32.219,76.3234,1457.0,False,NORMAL
AWS-004,2026-08-02T15:00:00Z,37.93,977.43,26.14,26.9124,70.9022,225.0,False,NORMAL
AWS-001,2026-08-02T15:15:00Z,34.15,981.43,45.03,28.6139,77.209,216.0,False,NORMAL
AWS-002,2026-08-02T15:15:00Z,36.0,1007.47,52.95,18.922,72.8347,14.0,False,NORMAL
AWS-003,2026-08-02T15:15:00Z,27.94,833.1,40.43,32.219,76.3234,1457.0,False,NORMAL
AWS-004,2026-08-02T15:15:00Z,38.4,977.63,28.2,26.9124,70.9022,225.0,False,NORMAL
AWS-001,2026-08-02T15:30:00Z,33.57,981.44,46.03,28.6139,77.209,216.0,False,NORMAL
AWS-002,2026-08-02T15:30:00Z,35.82,1007.55,53.2,18.922,72.8347,14.0,False,NORMAL
AWS-003,2026-08-02T15:30:00Z,26.92,832.61,40.7,32.219,76.3234,1457.0,False,NORMAL
AWS-004,2026-08-02T15:30:00Z,37.68,977.47,27.67,26.9124,70.9022,225.0,False,NORMAL
AWS-001,2026-08-02T15:45:00Z,33.81,981.27,45.63,28.6139,77.209,216.0,False,NORMAL
AWS-002,2026-08-02T15:45:00Z,35.76,1007.87,54.41,18.922,72.8347,14.0,False,NORMAL
AWS-003,2026-08-02T15:45:00Z,26.98,832.5,41.85,32.219,76.3234,1457.0,False,NORMAL
AWS-004,2026-08-02T15:45:00Z,37.4,977.48,28.23,26.9124,70.9022,225.0,False,NORMAL
AWS-001,2026-08-02T16:00:00Z,33.96,981.22,47.0,28.6139,77.209,216.0,False,NORMAL
AWS-002,2026-08-02T16:00:00Z,35.42,1007.68,53.91,18.922,72.8347,14.0,False,NORMAL
AWS-003,2026-08-02T16:00:00Z,27.5,833.27,42.3,32.219,76.3234,1457.0,False,NORMAL
AWS-004,2026-08-02T16:00:00Z,37.45,977.1,29.36,26.9124,70.9022,225.0,False,NORMAL
AWS-001,2026-08-02T16:15:00Z,33.62,981.26,47.55,28.6139,77.209,216.0,False,NORMAL
AWS-002,2026-08-02T16:15:00Z,34.89,1007.35,55.98,18.922,72.8347,14.0,False,NORMAL
AWS-003,2026-08-02T16:15:00Z,26.38,833.01,42.34,32.219,76.3234,1457.0,False,NORMAL
AWS-004,2026-08-02T16:15:00Z,36.9,977.26,29.16,26.9124,70.9022,225.0,False,NORMAL
AWS-001,2026-08-02T16:30:00Z,33.5,981.32,48.31,28.6139,77.209,216.0,False,NORMAL
AWS-002,2026-08-02T16:30:00Z,34.58,1007.77,56.2,18.922,72.8347,14.0,False,NORMAL
AWS-003,2026-08-02T16:30:00Z,27.55,832.64,42.57,32.219,76.3234,1457.0,False,NORMAL
AWS-004,2026-08-02T16:30:00Z,37.23,977.25,30.45,26.9124,70.9022,225.0,False,NORMAL
AWS-001,2026-08-02T16:45:00Z,33.23,981.34,48.55,28.6139,77.209,216.0,False,NORMAL
AWS-002,2026-08-02T16:45:00Z,34.42,1007.75,57.39,18.922,72.8347,14.0,False,NORMAL
AWS-003,2026-08-02T16:45:00Z,25.75,832.94,44.27,32.219,76.3234,1457.0,False,NORMAL
AWS-004,2026-08-02T16:45:00Z,36.69,977.55,31.32,26.9124,70.9022,225.0,False,NORMAL
AWS-001,2026-08-02T17:00:00Z,33.19,981.5,50.67,28.6139,77.209,216.0,False,NORMAL
AWS-002,2026-08-02T17:00:00Z,34.14,1007.72,57.74,18.922,72.8347,14.0,False,NORMAL
AWS-003,2026-08-02T17:00:00Z,25.86,832.8,45.31,32.219,76.3234,1457.0,False,NORMAL
AWS-004,2026-08-02T17:00:00Z,35.75,977.48,31.49,26.9124,70.9022,225.0,False,NORMAL
AWS-001,2026-08-02T17:15:00Z,32.31,981.46,51.04,28.6139,77.209,216.0,False,NORMAL
AWS-002,2026-08-02T17:15:00Z,33.41,1007.98,59.74,18.922,72.8347,14.0,False,NORMAL
AWS-003,2026-08-02T17:15:00Z,25.58,833.06,45.69,32.219,76.3234,1457.0,False,NORMAL
AWS-004,2026-08-02T17:15:00Z,36.22,977.49,34.08,26.9124,70.9022,225.0,False,NORMAL
AWS-001,2026-08-02T17:30:00Z,32.12,981.49,51.67,28.6139,77.209,216.0,False,NORMAL
AWS-002,2026-08-02T17:30:00Z,33.33,1007.81,58.81,18.922,72.8347,14.0,False,NORMAL
AWS-003,2026-08-02T17:30:00Z,26.25,832.84,46.5,32.219,76.3234,1457.0,False,NORMAL
AWS-004,2026-08-02T17:30:00Z,36.07,977.22,34.97,26.9124,70.9022,225.0,False,NORMAL
AWS-001,2026-08-02T17:45:00Z,32.08,981.78,52.31,28.6139,77.209,216.0,False,NORMAL
AWS-002,2026-08-02T17:45:00Z,33.32,1007.91,61.45,18.922,72.8347,14.0,False,NORMAL
AWS-003,2026-08-02T17:45:00Z,25.27,833.21,47.42,32.219,76.3234,1457.0,False,NORMAL
AWS-004,2026-08-02T17:45:00Z,35.93,977.65,35.13,26.9124,70.9022,225.0,False,NORMAL
AWS-001,2026-08-02T18:00:00Z,31.3,982.07,54.05,28.6139,77.209,216.0,False,NORMAL
AWS-002,2026-08-02T18:00:00Z,32.73,1008.25,63.16,18.922,72.8347,14.0,False,NORMAL
AWS-003,2026-08-02T18:00:00Z,25.35,832.99,46.63,32.219,76.3234,1457.0,False,NORMAL
AWS-004,2026-08-02T18:00:00Z,35.72,977.73,36.17,26.9124,70.9022,225.0,False,NORMAL
AWS-001,2026-08-02T18:15:00Z,31.39,981.94,55.34,28.6139,77.209,216.0,False,NORMAL
AWS-002,2026-08-02T18:15:00Z,32.33,1008.39,63.25,18.922,72.8347,14.0,False,NORMAL
AWS-003,2026-08-02T18:15:00Z,24.76,833.32,49.39,32.219,76.3234,1457.0,False,NORMAL
AWS-004,2026-08-02T18:15:00Z,35.64,978.13,37.26,26.9124,70.9022,225.0,False,NORMAL
AWS-001,2026-08-02T18:30:00Z,30.65,982.21,56.86,28.6139,77.209,216.0,False,NORMAL
AWS-002,2026-08-02T18:30:00Z,31.69,1008.59,64.74,18.922,72.8347,14.0,False,NORMAL
AWS-003,2026-08-02T18:30:00Z,24.92,833.64,51.79,32.219,76.3234,1457.0,False,NORMAL
AWS-004,2026-08-02T18:30:00Z,34.9,978.32,37.87,26.9124,70.9022,225.0,False,NORMAL
AWS-001,2026-08-02T18:45:00Z,30.55,982.29,57.66,28.6139,77.209,216.0,False,NORMAL
AWS-002,2026-08-02T18:45:00Z,31.69,1008.74,66.78,18.922,72.8347,14.0,False,NORMAL
AWS-003,2026-08-02T18:45:00Z,23.69,833.12,52.82,32.219,76.3234,1457.0,False,NORMAL
AWS-004,2026-08-02T18:45:00Z,34.25,978.41,40.45,26.9124,70.9022,225.0,False,NORMAL
AWS-001,2026-08-02T19:00:00Z,30.51,982.29,58.93,28.6139,77.209,216.0,False,NORMAL
AWS-002,2026-08-02T19:00:00Z,31.07,1008.77,67.22,18.922,72.8347,14.0,False,NORMAL
AWS-003,2026-08-02T19:00:00Z,24.06,833.69,54.05,32.219,76.3234,1457.0,False,NORMAL
AWS-004,2026-08-02T19:00:00Z,34.34,978.72,41.07,26.9124,70.9022,225.0,False,NORMAL
AWS-001,2026-08-02T19:15:00Z,29.38,982.73,60.06,28.6139,77.209,216.0,False,NORMAL
AWS-002,2026-08-02T19:15:00Z,30.84,1009.17,68.38,18.922,72.8347,14.0,False,NORMAL
AWS-003,2026-08-02T19:15:00Z,22.51,833.8,55.95,32.219,76.3234,1457.0,False,NORMAL
AWS-004,2026-08-02T19:15:00Z,34.09,978.4,41.98,26.9124,70.9022,225.0,False,NORMAL
AWS-001,2026-08-02T19:30:00Z,29.34,982.59,62.61,28.6139,77.209,216.0,False,NORMAL
AWS-002,2026-08-02T19:30:00Z,30.41,1009.13,69.15,18.922,72.8347,14.0,False,NORMAL
AWS-003,2026-08-02T19:30:00Z,23.8,834.07,56.42,32.219,76.3234,1457.0,False,NORMAL
AWS-004,2026-08-02T19:30:00Z,33.68,978.55,44.25,26.9124,70.9022,225.0,False,NORMAL
AWS-001,2026-08-02T19:45:00Z,28.52,982.94,62.61,28.6139,77.209,216.0,False,NORMAL
AWS-002,2026-08-02T19:45:00Z,29.72,1008.97,70.27,18.922,72.8347,14.0,False,NORMAL
AWS-003,2026-08-02T19:45:00Z,22.86,834.03,58.03,32.219,76.3234,1457.0,False,NORMAL
AWS-004,2026-08-02T19:45:00Z,32.93,978.82,44.05,26.9124,70.9022,225.0,False,NORMAL
AWS-001,2026-08-02T20:00:00Z,28.44,982.95,64.58,28.6139,77.209,216.0,False,NORMAL
AWS-002,2026-08-02T20:00:00Z,30.07,1009.3,71.61,18.922,72.8347,14.0,False,NORMAL
AWS-003,2026-08-02T20:00:00Z,20.34,834.08,60.32,32.219,76.3234,1457.0,False,NORMAL
AWS-004,2026-08-02T20:00:00Z,32.49,979.16,46.17,26.9124,70.9022,225.0,False,NORMAL
AWS-001,2026-08-02T20:15:00Z,27.85,983.16,65.23,28.6139,77.209,216.0,False,NORMAL
AWS-002,2026-08-02T20:15:00Z,29.85,1009.55,72.73,18.922,72.8347,14.0,False,NORMAL
AWS-003,2026-08-02T20:15:00Z,20.88,833.95,61.05,32.219,76.3234,1457.0,False,NORMAL
AWS-004,2026-08-02T20:15:00Z,32.38,979.1,47.3,26.9124,70.9022,225.0,False,NORMAL
AWS-001,2026-08-02T20:30:00Z,27.61,983.21,66.75,28.6139,77.209,216.0,False,NORMAL
AWS-002,2026-08-02T20:30:00Z,28.89,1009.62,74.38,18.922,72.8347,14.0,False,NORMAL
AWS-003,2026-08-02T20:30:00Z,21.75,834.31,63.0,32.219,76.3234,1457.0,False,NORMAL
AWS-004,2026-08-02T20:30:00Z,31.24,979.48,48.22,26.9124,70.9022,225.0,False,NORMAL
AWS-001,2026-08-02T20:45:00Z,27.29,983.28,67.95,28.6139,77.209,216.0,False,NORMAL
AWS-002,2026-08-02T20:45:00Z,28.81,1009.97,75.95,18.922,72.8347,14.0,False,NORMAL
AWS-003,2026-08-02T20:45:00Z,20.01,834.2,63.37,32.219,76.3234,1457.0,False,NORMAL
AWS-004,2026-08-02T20:45:00Z,32.26,979.16,49.68,26.9124,70.9022,225.0,False,NORMAL
AWS-001,2026-08-02T21:00:00Z,27.29,983.23,69.9,28.6139,77.209,216.0,False,NORMAL
AWS-002,2026-08-02T21:00:00Z,27.77,1009.8,77.43,18.922,72.8347,14.0,False,NORMAL
AWS-003,2026-08-02T21:00:00Z,20.63,834.23,64.67,32.219,76.3234,1457.0,False,NORMAL
AWS-004,2026-08-02T21:00:00Z,31.02,979.31,51.89,26.9124,70.9022,225.0,False,NORMAL
AWS-001,2026-08-02T21:15:00Z,27.02,983.49,70.43,28.6139,77.209,216.0,False,NORMAL
AWS-002,2026-08-02T21:15:00Z,27.25,1009.92,78.14,18.922,72.8347,14.0,False,NORMAL
AWS-003,2026-08-02T21:15:00Z,20.8,834.22,63.81,32.219,76.3234,1457.0,False,NORMAL
AWS-004,2026-08-02T21:15:00Z,30.49,979.37,51.96,26.9124,70.9022,225.0,False,NORMAL
AWS-001,2026-08-02T21:30:00Z,25.75,983.52,71.81,28.6139,77.209,216.0,False,NORMAL
AWS-002,2026-08-02T21:30:00Z,28.58,1010.01,79.76,18.922,72.8347,14.0,False,NORMAL
AWS-003,2026-08-02T21:30:00Z,20.09,834.68,66.46,32.219,76.3234,1457.0,False,NORMAL
AWS-004,2026-08-02T21:30:00Z,30.64,979.56,54.69,26.9124,70.9022,225.0,False,NORMAL
AWS-001,2026-08-02T21:45:00Z,26.26,983.56,72.67,28.6139,77.209,216.0,False,NORMAL
AWS-002,2026-08-02T21:45:00Z,27.27,1010.15,81.39,18.922,72.8347,14.0,False,NORMAL
AWS-003,2026-08-02T21:45:00Z,19.6,834.48,68.55,32.219,76.3234,1457.0,False,NORMAL
AWS-004,2026-08-02T21:45:00Z,29.92,979.45,54.26,26.9124,70.9022,225.0,False,NORMAL
AWS-001,2026-08-02T22:00:00Z,25.4,983.47,73.63,28.6139,77.209,216.0,False,NORMAL
AWS-002,2026-08-02T22:00:00Z,27.52,1009.95,82.63,18.922,72.8347,14.0,False,NORMAL
AWS-003,2026-08-02T22:00:00Z,18.31,834.44,70.03,32.219,76.3234,1457.0,False,NORMAL
AWS-004,2026-08-02T22:00:00Z,29.49,979.67,56.55,26.9124,70.9022,225.0,False,NORMAL
AWS-001,2026-08-02T22:15:00Z,25.65,983.6,75.62,28.6139,77.209,216.0,False,NORMAL
AWS-002,2026-08-02T22:15:00Z,25.46,1010.07,84.13,18.922,72.8347,14.0,False,NORMAL
AWS-003,2026-08-02T22:15:00Z,17.96,834.38,69.8,32.219,76.3234,1457.0,False,NORMAL
AWS-004,2026-08-02T22:15:00Z,29.35,979.5,56.79,26.9124,70.9022,225.0,False,NORMAL
AWS-001,2026-08-02T22:30:00Z,24.74,983.42,76.12,28.6139,77.209,216.0,False,NORMAL
AWS-002,2026-08-02T22:30:00Z,26.15,1009.93,84.1,18.922,72.8347,14.0,False,NORMAL
AWS-003,2026-08-02T22:30:00Z,18.02,834.46,72.98,32.219,76.3234,1457.0,False,NORMAL
AWS-004,2026-08-02T22:30:00Z,28.89,979.66,57.73,26.9124,70.9022,225.0,False,NORMAL
AWS-001,2026-08-02T22:45:00Z,24.55,983.49,78.42,28.6139,77.209,216.0,False,NORMAL
AWS-002,2026-08-02T22:45:00Z,25.58,1009.76,85.29,18.922,72.8347,14.0,False,NORMAL
AWS-003,2026-08-02T22:45:00Z,18.28,834.44,72.75,32.219,76.3234,1457.0,False,NORMAL
AWS-004,2026-08-02T22:45:00Z,28.46,979.29,59.97,26.9124,70.9022,225.0,False,NORMAL
AWS-001,2026-08-02T23:00:00Z,24.92,983.43,78.14,28.6139,77.209,216.0,False,NORMAL
AWS-002,2026-08-02T23:00:00Z,25.62,1009.68,86.16,18.922,72.8347,14.0,False,NORMAL
AWS-003,2026-08-02T23:00:00Z,17.4,834.47,73.09,32.219,76.3234,1457.0,False,NORMAL
AWS-004,2026-08-02T23:00:00Z,27.94,979.49,60.15,26.9124,70.9022,225.0,False,NORMAL
AWS-001,2026-08-02T23:15:00Z,23.8,983.57,79.67,28.6139,77.209,216.0,False,NORMAL
AWS-002,2026-08-02T23:15:00Z,25.73,1009.98,87.21,18.922,72.8347,14.0,False,NORMAL
AWS-003,2026-08-02T23:15:00Z,17.62,834.43,75.19,32.219,76.3234,1457.0,False,NORMAL
AWS-004,2026-08-02T23:15:00Z,28.25,979.41,61.63,26.9124,70.9022,225.0,False,NORMAL
AWS-001,2026-08-02T23:30:00Z,23.81,983.41,80.48,28.6139,77.209,216.0,False,NORMAL
AWS-002,2026-08-02T23:30:00Z,25.24,1009.91,87.39,18.922,72.8347,14.0,False,NORMAL
AWS-003,2026-08-02T23:30:00Z,17.57,834.54,75.03,32.219,76.3234,1457.0,False,NORMAL
AWS-004,2026-08-02T23:30:00Z,28.74,979.03,62.08,26.9124,70.9022,225.0,False,NORMAL
AWS-001,2026-08-02T23:45:00Z,23.17,982.96,80.59,28.6139,77.209,216.0,False,NORMAL
AWS-002,2026-08-02T23:45:00Z,25.06,1009.48,88.49,18.922,72.8347,14.0,False,NORMAL
AWS-003,2026-08-02T23:45:00Z,17.52,834.37,74.81,32.219,76.3234,1457.0,False,NORMAL
AWS-004,2026-08-02T23:45:00Z,27.25,979.06,62.94,26.9124,70.9022,225.0,False,NORMAL
AWS-001,2026-08-03T00:00:00Z,23.45,983.0,81.28,28.6139,77.209,216.0,False,NORMAL
AWS-002,2026-08-03T00:00:00Z,24.23,1009.56,89.34,18.922,72.8347,14.0,False,NORMAL
AWS-003,2026-08-03T00:00:00Z,16.09,834.13,76.73,32.219,76.3234,1457.0,False,NORMAL
AWS-004,2026-08-03T00:00:00Z,27.49,978.69,62.32,26.9124,70.9022,225.0,False,NORMAL
AWS-001,2026-08-03T00:15:00Z,23.04,982.78,81.1,28.6139,77.209,216.0,False,NORMAL
AWS-002,2026-08-03T00:15:00Z,24.89,1009.15,90.22,18.922,72.8347,14.0,False,NORMAL
AWS-003,2026-08-03T00:15:00Z,16.46,834.06,77.54,32.219,76.3234,1457.0,False,NORMAL
AWS-004,2026-08-03T00:15:00Z,26.92,978.9,64.36,26.9124,70.9022,225.0,False,NORMAL
AWS-001,2026-08-03T00:30:00Z,22.87,982.63,82.62,28.6139,77.209,216.0,False,NORMAL
AWS-002,2026-08-03T00:30:00Z,24.98,1009.04,90.79,18.922,72.8347,14.0,False,NORMAL
AWS-003,2026-08-03T00:30:00Z,16.76,833.68,76.99,32.219,76.3234,1457.0,False,NORMAL
AWS-004,2026-08-03T00:30:00Z,26.74,978.76,65.73,26.9124,70.9022,225.0,False,NORMAL
AWS-001,2026-08-03T00:45:00Z,22.84,982.66,83.17,28.6139,77.209,216.0,False,NORMAL
AWS-002,2026-08-03T00:45:00Z,23.66,1009.11,91.18,18.922,72.8347,14.0,False,NORMAL
AWS-003,2026-08-03T00:45:00Z,16.06,833.64,77.36,32.219,76.3234,1457.0,False,NORMAL
AWS-004,2026-08-03T00:45:00Z,27.45,978.66,64.56,26.9124,70.9022,225.0,False,NORMAL
AWS-001,2026-08-03T01:00:00Z,23.12,982.41,83.8,28.6139,77.209,216.0,False,NORMAL
AWS-002,2026-08-03T01:00:00Z,23.91,1008.76,90.78,18.922,72.8347,14.0,False,NORMAL
AWS-003,2026-08-03T01:00:00Z,16.6,833.31,76.75,32.219,76.3234,1457.0,False,NORMAL
AWS-004,2026-08-03T01:00:00Z,26.82,978.31,65.18,26.9124,70.9022,225.0,False,NORMAL
AWS-001,2026-08-03T01:15:00Z,22.78,982.41,84.03,28.6139,77.209,216.0,False,NORMAL
AWS-002,2026-08-03T01:15:00Z,24.34,1008.39,92.29,18.922,72.8347,14.0,False,NORMAL
AWS-003,2026-08-03T01:15:00Z,16.24,833.51,79.11,32.219,76.3234,1457.0,False,NORMAL
AWS-004,2026-08-03T01:15:00Z,26.32,978.48,66.05,26.9124,70.9022,225.0,False,NORMAL
AWS-001,2026-08-03T01:30:00Z,22.3,982.18,83.75,28.6139,77.209,216.0,False,NORMAL
AWS-002,2026-08-03T01:30:00Z,23.81,1008.52,91.8,18.922,72.8347,14.0,False,NORMAL
AWS-003,2026-08-03T01:30:00Z,16.56,833.28,78.74,32.219,76.3234,1457.0,False,NORMAL
AWS-004,2026-08-03T01:30:00Z,26.49,978.0,65.66,26.9124,70.9022,225.0,False,NORMAL
AWS-001,2026-08-03T01:45:00Z,22.6,982.39,83.55,28.6139,77.209,216.0,False,NORMAL
AWS-002,2026-08-03T01:45:00Z,23.66,1008.55,91.5,18.922,72.8347,14.0,False,NORMAL
AWS-003,2026-08-03T01:45:00Z,16.17,833.58,79.04,32.219,76.3234,1457.0,False,NORMAL
AWS-004,2026-08-03T01:45:00Z,26.34,978.04,67.34,26.9124,70.9022,225.0,False,NORMAL
AWS-001,2026-08-03T02:00:00Z,22.16,981.79,84.26,28.6139,77.209,216.0,False,NORMAL
AWS-002,2026-08-03T02:00:00Z,23.04,1007.94,91.7,18.922,72.8347,14.0,False,NORMAL
AWS-003,2026-08-03T02:00:00Z,15.8,833.27,78.75,32.219,76.3234,1457.0,False,NORMAL
AWS-004,2026-08-03T02:00:00Z,25.86,977.59,65.92,26.9124,70.9022,225.0,False,NORMAL
AWS-001,2026-08-03T02:15:00Z,22.2,981.75,83.85,28.6139,77.209,216.0,False,NORMAL
AWS-002,2026-08-03T02:15:00Z,23.71,1008.06,92.9,18.922,72.8347,14.0,False,NORMAL
AWS-003,2026-08-03T02:15:00Z,15.44,832.83,78.44,32.219,76.3234,1457.0,False,NORMAL
AWS-004,2026-08-03T02:15:00Z,25.85,977.7,65.96,26.9124,70.9022,225.0,False,NORMAL
AWS-001,2026-08-03T02:30:00Z,22.28,981.57,84.36,28.6139,77.209,216.0,False,NORMAL
AWS-002,2026-08-03T02:30:00Z,23.79,1008.12,92.38,18.922,72.8347,14.0,False,NORMAL
AWS-003,2026-08-03T02:30:00Z,15.72,833.08,79.87,32.219,76.3234,1457.0,False,NORMAL
AWS-004,2026-08-03T02:30:00Z,26.77,977.59,65.44,26.9124,70.9022,225.0,False,NORMAL
AWS-001,2026-08-03T02:45:00Z,22.45,981.43,83.91,28.6139,77.209,216.0,False,NORMAL
AWS-002,2026-08-03T02:45:00Z,23.62,1007.86,92.5,18.922,72.8347,14.0,False,NORMAL
AWS-003,2026-08-03T02:45:00Z,16.44,832.69,79.61,32.219,76.3234,1457.0,False,NORMAL
AWS-004,2026-08-03T02:45:00Z,26.7,977.36,66.37,26.9124,70.9022,225.0,False,NORMAL
AWS-001,2026-08-03T03:00:00Z,22.87,981.45,83.48,28.6139,77.209,216.0,False,NORMAL
AWS-002,2026-08-03T03:00:00Z,24.19,1008.02,91.68,18.922,72.8347,14.0,False,NORMAL
AWS-003,2026-08-03T03:00:00Z,15.56,832.63,79.06,32.219,76.3234,1457.0,False,NORMAL
AWS-004,2026-08-03T03:00:00Z,27.23,977.84,65.05,26.9124,70.9022,225.0,False,NORMAL
AWS-001,2026-08-03T03:15:00Z,22.47,981.29,82.72,28.6139,77.209,216.0,False,NORMAL
AWS-002,2026-08-03T03:15:00Z,24.02,1007.7,91.8,18.922,72.8347,14.0,False,NORMAL
AWS-003,2026-08-03T03:15:00Z,15.82,832.74,77.81,32.219,76.3234,1457.0,False,NORMAL
AWS-004,2026-08-03T03:15:00Z,26.59,977.04,65.51,26.9124,70.9022,225.0,False,NORMAL
AWS-001,2026-08-03T03:30:00Z,23.04,981.36,82.8,28.6139,77.209,216.0,False,NORMAL
AWS-002,2026-08-03T03:30:00Z,23.67,1007.77,90.63,18.922,72.8347,14.0,False,NORMAL
AWS-003,2026-08-03T03:30:00Z,16.51,833.2,77.56,32.219,76.3234,1457.0,False,NORMAL
AWS-004,2026-08-03T03:30:00Z,26.02,977.34,63.41,26.9124,70.9022,225.0,False,NORMAL
AWS-001,2026-08-03T03:45:00Z,23.76,981.28,81.9,28.6139,77.209,216.0,False,NORMAL
AWS-002,2026-08-03T03:45:00Z,24.39,1007.63,89.63,18.922,72.8347,14.0,False,NORMAL
AWS-003,2026-08-03T03:45:00Z,17.17,832.66,76.71,32.219,76.3234,1457.0,False,NORMAL
AWS-004,2026-08-03T03:45:00Z,27.58,977.22,64.44,26.9124,70.9022,225.0,False,NORMAL
AWS-001,2026-08-03T04:00:00Z,23.77,981.33,81.34,28.6139,77.209,216.0,False,NORMAL
AWS-002,2026-08-03T04:00:00Z,25.14,1007.59,90.16,18.922,72.8347,14.0,False,NORMAL
AWS-003,2026-08-03T04:00:00Z,17.19,832.64,76.34,32.219,76.3234,1457.0,False,NORMAL
AWS-004,2026-08-03T04:00:00Z,28.09,977.21,63.81,26.9124,70.9022,225.0,False,NORMAL
AWS-001,2026-08-03T04:15:00Z,23.52,981.46,80.28,28.6139,77.209,216.0,False,NORMAL
AWS-002,2026-08-03T04:15:00Z,24.75,1007.78,87.83,18.922,72.8347,14.0,False,NORMAL
AWS-003,2026-08-03T04:15:00Z,16.76,833.02,75.49,32.219,76.3234,1457.0,False,NORMAL
AWS-004,2026-08-03T04:15:00Z,27.85,977.24,61.7,26.9124,70.9022,225.0,False,NORMAL
AWS-001,2026-08-03T04:30:00Z,23.82,981.51,79.79,28.6139,77.209,216.0,False,NORMAL
AWS-002,2026-08-03T04:30:00Z,25.51,1007.74,87.51,18.922,72.8347,14.0,False,NORMAL
AWS-003,2026-08-03T04:30:00Z,17.52,832.74,75.49,32.219,76.3234,1457.0,False,NORMAL
AWS-004,2026-08-03T04:30:00Z,27.63,977.29,61.97,26.9124,70.9022,225.0,False,NORMAL
AWS-001,2026-08-03T04:45:00Z,24.04,981.41,79.18,28.6139,77.209,216.0,False,NORMAL
AWS-002,2026-08-03T04:45:00Z,25.5,1007.74,86.17,18.922,72.8347,14.0,False,NORMAL
AWS-003,2026-08-03T04:45:00Z,17.39,832.77,73.88,32.219,76.3234,1457.0,False,NORMAL
AWS-004,2026-08-03T04:45:00Z,28.2,977.3,61.4,26.9124,70.9022,225.0,False,NORMAL
AWS-001,2026-08-03T05:00:00Z,24.87,981.36,79.12,28.6139,77.209,216.0,False,NORMAL
AWS-002,2026-08-03T05:00:00Z,25.71,1007.78,87.67,18.922,72.8347,14.0,False,NORMAL
AWS-003,2026-08-03T05:00:00Z,18.06,832.77,73.85,32.219,76.3234,1457.0,False,NORMAL
AWS-004,2026-08-03T05:00:00Z,28.25,977.24,60.4,26.9124,70.9022,225.0,False,NORMAL
AWS-001,2026-08-03T05:15:00Z,24.23,981.52,77.17,28.6139,77.209,216.0,False,NORMAL
AWS-002,2026-08-03T05:15:00Z,25.84,1007.78,86.18,18.922,72.8347,14.0,False,NORMAL
AWS-003,2026-08-03T05:15:00Z,18.09,832.82,72.27,32.219,76.3234,1457.0,False,NORMAL
AWS-004,2026-08-03T05:15:00Z,28.86,977.7,59.56,26.9124,70.9022,225.0,False,NORMAL
AWS-001,2026-08-03T05:30:00Z,24.91,981.55,76.33,28.6139,77.209,216.0,False,NORMAL
AWS-002,2026-08-03T05:30:00Z,26.72,1007.89,84.23,18.922,72.8347,14.0,False,NORMAL
AWS-003,2026-08-03T05:30:00Z,18.53,833.17,69.92,32.219,76.3234,1457.0,False,NORMAL
AWS-004,2026-08-03T05:30:00Z,28.91,977.37,57.58,26.9124,70.9022,225.0,False,NORMAL
AWS-001,2026-08-03T05:45:00Z,24.91,981.67,75.16,28.6139,77.209,216.0,False,NORMAL
AWS-002,2026-08-03T05:45:00Z,26.83,1008.23,81.93,18.922,72.8347,14.0,False,NORMAL
AWS-003,2026-08-03T05:45:00Z,18.36,832.87,70.33,32.219,76.3234,1457.0,False,NORMAL
AWS-004,2026-08-03T05:45:00Z,28.82,977.41,57.27,26.9124,70.9022,225.0,False,NORMAL
AWS-001,2026-08-03T06:00:00Z,25.49,981.73,74.34,28.6139,77.209,216.0,False,NORMAL
AWS-002,2026-08-03T06:00:00Z,26.39,1008.16,81.16,18.922,72.8347,14.0,False,NORMAL
AWS-003,2026-08-03T06:00:00Z,18.71,832.97,67.92,32.219,76.3234,1457.0,False,NORMAL
AWS-004,2026-08-03T06:00:00Z,30.16,977.86,55.46,26.9124,70.9022,225.0,False,NORMAL
AWS-001,2026-08-03T06:15:00Z,26.14,982.11,73.52,28.6139,77.209,216.0,False,NORMAL
AWS-002,2026-08-03T06:15:00Z,26.89,1008.28,80.93,18.922,72.8347,14.0,False,NORMAL
AWS-003,2026-08-03T06:15:00Z,19.69,832.97,68.49,32.219,76.3234,1457.0,False,NORMAL
AWS-004,2026-08-03T06:15:00Z,30.27,977.62,54.7,26.9124,70.9022,225.0,False,NORMAL
AWS-001,2026-08-03T06:30:00Z,26.2,982.17,71.26,28.6139,77.209,216.0,False,NORMAL
AWS-002,2026-08-03T06:30:00Z,27.32,1008.45,79.78,18.922,72.8347,14.0,False,NORMAL
AWS-003,2026-08-03T06:30:00Z,20.23,833.23,65.8,32.219,76.3234,1457.0,False,NORMAL
AWS-004,2026-08-03T06:30:00Z,30.62,978.26,54.06,26.9124,70.9022,225.0,False,NORMAL
AWS-001,2026-08-03T06:45:00Z,26.59,982.28,70.8,28.6139,77.209,216.0,False,NORMAL
AWS-002,2026-08-03T06:45:00Z,27.63,1008.65,78.25,18.922,72.8347,14.0,False,NORMAL
AWS-003,2026-08-03T06:45:00Z,19.63,833.27,65.35,32.219,76.3234,1457.0,False,NORMAL
AWS-004,2026-08-03T06:45:00Z,30.31,978.01,52.01,26.9124,70.9022,225.0,False,NORMAL
AWS-001,2026-08-03T07:00:00Z,26.89,982.46,68.52,28.6139,77.209,216.0,False,NORMAL
AWS-002,2026-08-03T07:00:00Z,28.41,1008.45,77.7,18.922,72.8347,14.0,False,NORMAL
AWS-003,2026-08-03T07:00:00Z,20.7,833.89,64.36,32.219,76.3234,1457.0,False,NORMAL
AWS-004,2026-08-03T07:00:00Z,31.53,978.41,51.22,26.9124,70.9022,225.0,False,NORMAL
AWS-001,2026-08-03T07:15:00Z,27.74,982.64,67.95,28.6139,77.209,216.0,False,NORMAL
AWS-002,2026-08-03T07:15:00Z,28.63,1009.12,76.23,18.922,72.8347,14.0,False,NORMAL
AWS-003,2026-08-03T07:15:00Z,21.52,833.77,63.21,32.219,76.3234,1457.0,False,NORMAL
AWS-004,2026-08-03T07:15:00Z,31.03,978.58,49.88,26.9124,70.9022,225.0,False,NORMAL
AWS-001,2026-08-03T07:30:00Z,28.14,982.96,66.6,28.6139,77.209,216.0,False,NORMAL
AWS-002,2026-08-03T07:30:00Z,29.38,1009.34,76.12,18.922,72.8347,14.0,False,NORMAL
AWS-003,2026-08-03T07:30:00Z,21.22,834.25,61.27,32.219,76.3234,1457.0,False,NORMAL
AWS-004,2026-08-03T07:30:00Z,31.58,978.31,48.93,26.9124,70.9022,225.0,False,NORMAL
AWS-001,2026-08-03T07:45:00Z,27.82,983.18,65.36,28.6139,77.209,216.0,False,NORMAL
AWS-002,2026-08-03T07:45:00Z,29.41,1009.37,73.29,18.922,72.8347,14.0,False,NORMAL
AWS-003,2026-08-03T07:45:00Z,22.3,834.41,60.12,32.219,76.3234,1457.0,False,NORMAL
AWS-004,2026-08-03T07:45:00Z,32.63,978.92,46.95,26.9124,70.9022,225.0,False,NORMAL
AWS-001,2026-08-03T08:00:00Z,28.69,983.01,63.14,28.6139,77.209,216.0,False,NORMAL
AWS-002,2026-08-03T08:00:00Z,29.47,1009.52,71.62,18.922,72.8347,14.0,False,NORMAL
AWS-003,2026-08-03T08:00:00Z,23.05,834.18,57.82,32.219,76.3234,1457.0,False,NORMAL
AWS-004,2026-08-03T08:00:00Z,32.31,979.31,44.67,26.9124,70.9022,225.0,False,NORMAL
AWS-001,2026-08-03T08:15:00Z,29.05,983.21,62.83,28.6139,77.209,216.0,False,NORMAL
AWS-002,2026-08-03T08:15:00Z,30.08,1009.6,70.03,18.922,72.8347,14.0,False,NORMAL
AWS-003,2026-08-03T08:15:00Z,22.88,834.19,58.16,32.219,76.3234,1457.0,False,NORMAL
AWS-004,2026-08-03T08:15:00Z,33.46,979.32,44.57,26.9124,70.9022,225.0,False,NORMAL
AWS-001,2026-08-03T08:30:00Z,29.59,983.13,61.75,28.6139,77.209,216.0,False,NORMAL
AWS-002,2026-08-03T08:30:00Z,30.3,1009.65,68.28,18.922,72.8347,14.0,False,NORMAL
AWS-003,2026-08-03T08:30:00Z,23.33,834.55,56.52,32.219,76.3234,1457.0,False,NORMAL
AWS-004,2026-08-03T08:30:00Z,33.43,978.92,43.03,26.9124,70.9022,225.0,False,NORMAL
AWS-001,2026-08-03T08:45:00Z,29.85,983.51,60.57,28.6139,77.209,216.0,False,NORMAL
AWS-002,2026-08-03T08:45:00Z,30.56,1010.0,68.46,18.922,72.8347,14.0,False,NORMAL
AWS-003,2026-08-03T08:45:00Z,23.77,834.03,55.16,32.219,76.3234,1457.0,False,NORMAL
AWS-004,2026-08-03T08:45:00Z,34.18,979.38,40.67,26.9124,70.9022,225.0,False,NORMAL
AWS-001,2026-08-03T09:00:00Z,29.98,983.48,58.44,28.6139,77.209,216.0,False,NORMAL
AWS-002,2026-08-03T09:00:00Z,31.72,1009.61,66.52,18.922,72.8347,14.0,False,NORMAL
AWS-003,2026-08-03T09:00:00Z,24.22,834.31,53.99,32.219,76.3234,1457.0,False,NORMAL
AWS-004,2026-08-03T09:00:00Z,33.5,979.58,41.08,26.9124,70.9022,225.0,False,NORMAL
AWS-001,2026-08-03T09:15:00Z,30.34,983.41,57.55,28.6139,77.209,216.0,False,NORMAL
AWS-002,2026-08-03T09:15:00Z,31.18,1009.99,66.94,18.922,72.8347,14.0,False,NORMAL
AWS-003,2026-08-03T09:15:00Z,24.36,834.38,53.7,32.219,76.3234,1457.0,False,NORMAL
AWS-004,2026-08-03T09:15:00Z,34.73,979.48,40.76,26.9124,70.9022,225.0,False,NORMAL
AWS-001,2026-08-03T09:30:00Z,31.04,983.38,56.06,28.6139,77.209,216.0,False,NORMAL
AWS-002,2026-08-03T09:30:00Z,31.93,1009.75,64.45,18.922,72.8347,14.0,False,NORMAL
AWS-003,2026-08-03T09:30:00Z,24.74,834.41,51.48,32.219,76.3234,1457.0,False,NORMAL
AWS-004,2026-08-03T09:30:00Z,34.35,979.5,38.8,26.9124,70.9022,225.0,False,NORMAL
AWS-001,2026-08-03T09:45:00Z,31.13,983.75,55.82,28.6139,77.209,216.0,False,NORMAL
AWS-002,2026-08-03T09:45:00Z,32.62,1010.17,64.02,18.922,72.8347,14.0,False,NORMAL
AWS-003,2026-08-03T09:45:00Z,25.23,834.63,50.52,32.219,76.3234,1457.0,False,NORMAL
AWS-004,2026-08-03T09:45:00Z,35.54,979.39,37.53,26.9124,70.9022,225.0,False,NORMAL
AWS-001,2026-08-03T10:00:00Z,32.47,983.7,53.9,28.6139,77.209,216.0,False,NORMAL
AWS-002,2026-08-03T10:00:00Z,33.02,1010.02,63.01,18.922,72.8347,14.0,False,NORMAL
AWS-003,2026-08-03T10:00:00Z,25.06,834.81,49.27,32.219,76.3234,1457.0,False,NORMAL
AWS-004,2026-08-03T10:00:00Z,35.87,979.6,36.95,26.9124,70.9022,225.0,False,NORMAL
AWS-001,2026-08-03T10:15:00Z,31.99,983.58,53.54,28.6139,77.209,216.0,False,NORMAL
AWS-002,2026-08-03T10:15:00Z,33.82,1009.96,60.51,18.922,72.8347,14.0,False,NORMAL
AWS-003,2026-08-03T10:15:00Z,26.63,834.43,48.99,32.219,76.3234,1457.0,False,NORMAL
AWS-004,2026-08-03T10:15:00Z,35.67,979.4,34.86,26.9124,70.9022,225.0,False,NORMAL
AWS-001,2026-08-03T10:30:00Z,32.24,983.49,51.95,28.6139,77.209,216.0,False,NORMAL
AWS-002,2026-08-03T10:30:00Z,32.3,1009.77,59.42,18.922,72.8347,14.0,False,NORMAL
AWS-003,2026-08-03T10:30:00Z,26.53,834.89,47.41,32.219,76.3234,1457.0,False,NORMAL
AWS-004,2026-08-03T10:30:00Z,35.88,979.48,33.47,26.9124,70.9022,225.0,False,NORMAL
AWS-001,2026-08-03T10:45:00Z,33.02,983.5,50.39,28.6139,77.209,216.0,False,NORMAL
AWS-002,2026-08-03T10:45:00Z,33.89,1009.91,58.97,18.922,72.8347,14.0,False,NORMAL
AWS-003,2026-08-03T10:45:00Z,26.34,834.74,44.58,32.219,76.3234,1457.0,False,NORMAL
AWS-004,2026-08-03T10:45:00Z,37.01,979.44,33.68,26.9124,70.9022,225.0,False,NORMAL
AWS-001,2026-08-03T11:00:00Z,32.7,983.66,49.45,28.6139,77.209,216.0,False,NORMAL
AWS-002,2026-08-03T11:00:00Z,34.01,1009.84,57.14,18.922,72.8347,14.0,False,NORMAL
AWS-003,2026-08-03T11:00:00Z,26.65,834.24,43.74,32.219,76.3234,1457.0,False,NORMAL
AWS-004,2026-08-03T11:00:00Z,36.81,979.19,32.12,26.9124,70.9022,225.0,False,NORMAL
AWS-001,2026-08-03T11:15:00Z,33.59,983.45,48.26,28.6139,77.209,216.0,False,NORMAL
AWS-002,2026-08-03T11:15:00Z,34.56,1009.93,56.35,18.922,72.8347,14.0,False,NORMAL
AWS-003,2026-08-03T11:15:00Z,26.84,834.74,44.47,32.219,76.3234,1457.0,False,NORMAL
AWS-004,2026-08-03T11:15:00Z,36.99,979.34,31.0,26.9124,70.9022,225.0,False,NORMAL
AWS-001,2026-08-03T11:30:00Z,33.5,983.44,48.38,28.6139,77.209,216.0,False,NORMAL
AWS-002,2026-08-03T11:30:00Z,34.23,1009.82,56.03,18.922,72.8347,14.0,False,NORMAL
AWS-003,2026-08-03T11:30:00Z,27.08,833.95,43.32,32.219,76.3234,1457.0,False,NORMAL
AWS-004,2026-08-03T11:30:00Z,36.95,979.06,31.04,26.9124,70.9022,225.0,False,NORMAL
AWS-001,2026-08-03T11:45:00Z,33.91,983.05,46.51,28.6139,77.209,216.0,False,NORMAL
AWS-002,2026-08-03T11:45:00Z,34.57,1009.69,54.97,18.922,72.8347,14.0,False,NORMAL
AWS-003,2026-08-03T11:45:00Z,26.55,834.63,42.01,32.219,76.3234,1457.0,False,NORMAL
AWS-004,2026-08-03T11:45:00Z,37.52,979.06,29.91,26.9124,70.9022,225.0,False,NORMAL
AWS-001,2026-08-03T12:00:00Z,34.24,983.13,46.85,28.6139,77.209,216.0,False,NORMAL
AWS-002,2026-08-03T12:00:00Z,34.68,1009.45,54.22,18.922,72.8347,14.0,False,NORMAL
AWS-003,2026-08-03T12:00:00Z,27.06,834.17,42.0,32.219,76.3234,1457.0,False,NORMAL
AWS-004,2026-08-03T12:00:00Z,37.52,979.2,28.54,26.9124,70.9022,225.0,False,NORMAL
AWS-001,2026-08-03T12:15:00Z,34.01,982.84,45.55,28.6139,77.209,216.0,False,NORMAL
AWS-002,2026-08-03T12:15:00Z,35.74,1009.14,53.85,18.922,72.8347,14.0,False,NORMAL
AWS-003,2026-08-03T12:15:00Z,27.82,833.75,41.22,32.219,76.3234,1457.0,False,NORMAL
AWS-004,2026-08-03T12:15:00Z,38.29,978.81,28.14,26.9124,70.9022,225.0,False,NORMAL
AWS-001,2026-08-03T12:30:00Z,34.05,982.6,45.2,28.6139,77.209,216.0,False,NORMAL
AWS-002,2026-08-03T12:30:00Z,35.34,1009.19,52.84,18.922,72.8347,14.0,False,NORMAL
AWS-003,2026-08-03T12:30:00Z,27.85,833.84,41.3,32.219,76.3234,1457.0,False,NORMAL
AWS-004,2026-08-03T12:30:00Z,38.22,978.85,26.98,26.9124,70.9022,225.0,False,NORMAL
AWS-001,2026-08-03T12:45:00Z,34.45,982.76,45.0,28.6139,77.209,216.0,False,NORMAL
AWS-002,2026-08-03T12:45:00Z,35.8,1009.03,52.77,18.922,72.8347,14.0,False,NORMAL
AWS-003,2026-08-03T12:45:00Z,27.1,833.38,38.83,32.219,76.3234,1457.0,False,NORMAL
AWS-004,2026-08-03T12:45:00Z,37.94,978.74,26.35,26.9124,70.9022,225.0,False,NORMAL
AWS-001,2026-08-03T13:00:00Z,34.69,982.38,44.64,28.6139,77.209,216.0,False,NORMAL
AWS-002,2026-08-03T13:00:00Z,35.42,1008.79,53.16,18.922,72.8347,14.0,False,NORMAL
AWS-003,2026-08-03T13:00:00Z,27.89,833.92,38.77,32.219,76.3234,1457.0,False,NORMAL
AWS-004,2026-08-03T13:00:00Z,39.2,978.45,27.0,26.9124,70.9022,225.0,False,NORMAL
AWS-001,2026-08-03T13:15:00Z,34.47,982.17,44.58,28.6139,77.209,216.0,False,NORMAL
AWS-002,2026-08-03T13:15:00Z,36.23,1008.58,52.79,18.922,72.8347,14.0,False,NORMAL
AWS-003,2026-08-03T13:15:00Z,28.39,833.61,40.43,32.219,76.3234,1457.0,False,NORMAL
AWS-004,2026-08-03T13:15:00Z,38.14,978.3,26.38,26.9124,70.9022,225.0,False,NORMAL
AWS-001,2026-08-03T13:30:00Z,35.07,981.98,43.87,28.6139,77.209,216.0,False,NORMAL
AWS-002,2026-08-03T13:30:00Z,35.79,1008.64,52.11,18.922,72.8347,14.0,False,NORMAL
AWS-003,2026-08-03T13:30:00Z,28.27,833.53,40.48,32.219,76.3234,1457.0,False,NORMAL
AWS-004,2026-08-03T13:30:00Z,38.62,978.01,25.83,26.9124,70.9022,225.0,False,NORMAL
AWS-001,2026-08-03T13:45:00Z,34.4,981.81,44.48,28.6139,77.209,216.0,False,NORMAL
AWS-002,2026-08-03T13:45:00Z,35.96,1008.63,51.89,18.922,72.8347,14.0,False,NORMAL
AWS-003,2026-08-03T13:45:00Z,29.1,833.27,38.46,32.219,76.3234,1457.0,False,NORMAL
AWS-004,2026-08-03T13:45:00Z,38.41,978.04,27.21,26.9124,70.9022,225.0,False,NORMAL
AWS-001,2026-08-03T14:00:00Z,34.69,981.78,43.7,28.6139,77.209,216.0,False,NORMAL
AWS-002,2026-08-03T14:00:00Z,36.49,1008.27,52.31,18.922,72.8347,14.0,False,NORMAL
AWS-003,2026-08-03T14:00:00Z,28.81,833.02,38.99,32.219,76.3234,1457.0,False,NORMAL
AWS-004,2026-08-03T14:00:00Z,38.96,977.66,25.31,26.9124,70.9022,225.0,False,NORMAL
AWS-001,2026-08-03T14:15:00Z,34.7,981.52,44.22,28.6139,77.209,216.0,False,NORMAL
AWS-002,2026-08-03T14:15:00Z,35.88,1008.2,51.09,18.922,72.8347,14.0,False,NORMAL
AWS-003,2026-08-03T14:15:00Z,27.59,832.79,39.5,32.219,76.3234,1457.0,False,NORMAL
AWS-004,2026-08-03T14:15:00Z,38.93,977.39,25.81,26.9124,70.9022,225.0,False,NORMAL
AWS-001,2026-08-03T14:30:00Z,35.38,981.54,44.14,28.6139,77.209,216.0,False,NORMAL
AWS-002,2026-08-03T14:30:00Z,36.39,1007.97,52.01,18.922,72.8347,14.0,False,NORMAL
AWS-003,2026-08-03T14:30:00Z,28.36,832.91,39.91,32.219,76.3234,1457.0,False,NORMAL
AWS-004,2026-08-03T14:30:00Z,38.51,977.43,25.9,26.9124,70.9022,225.0,False,NORMAL
AWS-001,2026-08-03T14:45:00Z,34.1,981.71,44.32,28.6139,77.209,216.0,False,NORMAL
AWS-002,2026-08-03T14:45:00Z,35.77,1007.82,52.21,18.922,72.8347,14.0,False,NORMAL
AWS-003,2026-08-03T14:45:00Z,28.13,832.67,38.75,32.219,76.3234,1457.0,False,NORMAL
AWS-004,2026-08-03T14:45:00Z,39.11,977.57,26.73,26.9124,70.9022,225.0,False,NORMAL
AWS-001,2026-08-03T15:00:00Z,34.53,981.18,44.63,28.6139,77.209,216.0,False,NORMAL
AWS-002,2026-08-03T15:00:00Z,35.59,1007.35,52.14,18.922,72.8347,14.0,False,NORMAL
AWS-003,2026-08-03T15:00:00Z,27.82,833.08,39.23,32.219,76.3234,1457.0,False,NORMAL
AWS-004,2026-08-03T15:00:00Z,38.64,977.41,24.69,26.9124,70.9022,225.0,False,NORMAL
AWS-001,2026-08-03T15:15:00Z,34.37,981.4,44.5,28.6139,77.209,216.0,False,NORMAL
AWS-002,2026-08-03T15:15:00Z,35.57,1007.26,53.38,18.922,72.8347,14.0,False,NORMAL
AWS-003,2026-08-03T15:15:00Z,27.14,833.15,39.26,32.219,76.3234,1457.0,False,NORMAL
AWS-004,2026-08-03T15:15:00Z,37.95,977.33,27.67,26.9124,70.9022,225.0,False,NORMAL
AWS-001,2026-08-03T15:30:00Z,34.63,981.27,45.68,28.6139,77.209,216.0,False,NORMAL
AWS-002,2026-08-03T15:30:00Z,36.51,1007.85,52.93,18.922,72.8347,14.0,False,NORMAL
AWS-003,2026-08-03T15:30:00Z,27.45,833.19,39.61,32.219,76.3234,1457.0,False,NORMAL
AWS-004,2026-08-03T15:30:00Z,38.48,977.07,27.5,26.9124,70.9022,225.0,False,NORMAL
AWS-001,2026-08-03T15:45:00Z,33.49,981.27,46.4,28.6139,77.209,216.0,False,NORMAL
AWS-002,2026-08-03T15:45:00Z,35.0,1007.97,53.75,18.922,72.8347,14.0,False,NORMAL
AWS-003,2026-08-03T15:45:00Z,26.92,832.75,41.68,32.219,76.3234,1457.0,False,NORMAL
AWS-004,2026-08-03T15:45:00Z,38.21,977.21,28.57,26.9124,70.9022,225.0,False,NORMAL
AWS-001,2026-08-03T16:00:00Z,33.54,981.31,46.18,28.6139,77.209,216.0,False,NORMAL
AWS-002,2026-08-03T16:00:00Z,35.52,1007.48,53.75,18.922,72.8347,14.0,False,NORMAL
AWS-003,2026-08-03T16:00:00Z,27.93,832.88,41.15,32.219,76.3234,1457.0,False,NORMAL
AWS-004,2026-08-03T16:00:00Z,38.04,977.27,28.95,26.9124,70.9022,225.0,False,NORMAL
AWS-001,2026-08-03T16:15:00Z,33.83,981.25,47.25,28.6139,77.209,216.0,False,NORMAL
AWS-002,2026-08-03T16:15:00Z,34.98,1007.59,55.41,18.922,72.8347,14.0,False,NORMAL
AWS-003,2026-08-03T16:15:00Z,27.83,832.48,43.04,32.219,76.3234,1457.0,False,NORMAL
AWS-004,2026-08-03T16:15:00Z,37.78,977.04,28.32,26.9124,70.9022,225.0,False,NORMAL
AWS-001,2026-08-03T16:30:00Z,33.13,981.41,47.43,28.6139,77.209,216.0,False,NORMAL
AWS-002,2026-08-03T16:30:00Z,35.64,1007.74,55.57,18.922,72.8347,14.0,False,NORMAL
AWS-003,2026-08-03T16:30:00Z,27.12,832.73,42.46,32.219,76.3234,1457.0,False,NORMAL
AWS-004,2026-08-03T16:30:00Z,38.01,977.15,29.44,26.9124,70.9022,225.0,False,NORMAL
AWS-001,2026-08-03T16:45:00Z,33.28,981.32,48.96,28.6139,77.209,216.0,False,NORMAL
AWS-002,2026-08-03T16:45:00Z,33.92,1007.76,56.77,18.922,72.8347,14.0,False,NORMAL
AWS-003,2026-08-03T16:45:00Z,26.91,832.18,45.03,32.219,76.3234,1457.0,False,NORMAL
AWS-004,2026-08-03T16:45:00Z,36.83,977.41,31.49,26.9124,70.9022,225.0,False,NORMAL
AWS-001,2026-08-03T17:00:00Z,32.99,981.48,49.59,28.6139,77.209,216.0,False,NORMAL
AWS-002,2026-08-03T17:00:00Z,33.66,1007.72,57.82,18.922,72.8347,14.0,False,NORMAL
AWS-003,2026-08-03T17:00:00Z,26.26,832.95,44.92,32.219,76.3234,1457.0,False,NORMAL
AWS-004,2026-08-03T17:00:00Z,37.82,977.16,32.32,26.9124,70.9022,225.0,False,NORMAL
AWS-001,2026-08-03T17:15:00Z,33.14,981.61,50.13,28.6139,77.209,216.0,False,NORMAL
AWS-002,2026-08-03T17:15:00Z,33.7,1008.02,58.84,18.922,72.8347,14.0,False,NORMAL
AWS-003,2026-08-03T17:15:00Z,26.8,832.74,46.31,32.219,76.3234,1457.0,False,NORMAL
AWS-004,2026-08-03T17:15:00Z,37.38,977.43,32.37,26.9124,70.9022,225.0,False,NORMAL
AWS-001,2026-08-03T17:30:00Z,32.38,981.6,52.02,28.6139,77.209,216.0,False,NORMAL
AWS-002,2026-08-03T17:30:00Z,33.4,1008.17,60.11,18.922,72.8347,14.0,False,NORMAL
AWS-003,2026-08-03T17:30:00Z,25.98,832.71,47.45,32.219,76.3234,1457.0,False,NORMAL
AWS-004,2026-08-03T17:30:00Z,35.74,977.67,34.36,26.9124,70.9022,225.0,False,NORMAL
AWS-001,2026-08-03T17:45:00Z,32.62,981.64,52.4,28.6139,77.209,216.0,False,NORMAL
AWS-002,2026-08-03T17:45:00Z,33.32,1008.24,62.05,18.922,72.8347,14.0,False,NORMAL
AWS-003,2026-08-03T17:45:00Z,25.74,833.21,47.43,32.219,76.3234,1457.0,False,NORMAL
AWS-004,2026-08-03T17:45:00Z,36.09,977.73,34.95,26.9124,70.9022,225.0,False,NORMAL
AWS-001,2026-08-03T18:00:00Z,31.89,982.05,53.55,28.6139,77.209,216.0,False,NORMAL
AWS-002,2026-08-03T18:00:00Z,32.52,1008.45,61.78,18.922,72.8347,14.0,False,NORMAL
AWS-003,2026-08-03T18:00:00Z,25.57,832.94,47.81,32.219,76.3234,1457.0,False,NORMAL
AWS-004,2026-08-03T18:00:00Z,34.96,977.89,36.54,26.9124,70.9022,225.0,False,NORMAL
AWS-001,2026-08-03T18:15:00Z,31.82,981.85,55.0,28.6139,77.209,216.0,False,NORMAL
AWS-002,2026-08-03T18:15:00Z,33.45,1008.4,63.76,18.922,72.8347,14.0,False,NORMAL
AWS-003,2026-08-03T18:15:00Z,24.5,833.34,50.29,32.219,76.3234,1457.0,False,NORMAL
AWS-004,2026-08-03T18:15:00Z,35.31,978.08,37.27,26.9124,70.9022,225.0,False,NORMAL
AWS-001,2026-08-03T18:30:00Z,31.48,982.05,56.48,28.6139,77.209,216.0,False,NORMAL
AWS-002,2026-08-03T18:30:00Z,31.98,1008.67,65.34,18.922,72.8347,14.0,False,NORMAL
AWS-003,2026-08-03T18:30:00Z,23.98,833.5,51.14,32.219,76.3234,1457.0,False,NORMAL
AWS-004,2026-08-03T18:30:00Z,34.95,978.19,36.6,26.9124,70.9022,225.0,False,NORMAL
AWS-001,2026-08-03T18:45:00Z,30.48,982.34,56.97,28.6139,77.209,216.0,False,NORMAL
AWS-002,2026-08-03T18:45:00Z,31.02,1008.53,65.73,18.922,72.8347,14.0,False,NORMAL
AWS-003,2026-08-03T18:45:00Z,24.15,833.47,51.56,32.219,76.3234,1457.0,False,NORMAL
AWS-004,2026-08-03T18:45:00Z,34.51,978.16,39.3,26.9124,70.9022,225.0,False,NORMAL
AWS-001,2026-08-03T19:00:00Z,30.87,982.32,58.19,28.6139,77.209,216.0,False,NORMAL
AWS-002,2026-08-03T19:00:00Z,31.09,1008.83,66.75,18.922,72.8347,14.0,False,NORMAL
AWS-003,2026-08-03T19:00:00Z,24.3,833.63,53.39,32.219,76.3234,1457.0,False,NORMAL
AWS-004,2026-08-03T19:00:00Z,34.7,978.25,41.52,26.9124,70.9022,225.0,False,NORMAL
AWS-001,2026-08-03T19:15:00Z,30.31,982.83,58.83,28.6139,77.209,216.0,False,NORMAL
AWS-002,2026-08-03T19:15:00Z,30.94,1009.05,67.89,18.922,72.8347,14.0,False,NORMAL
AWS-003,2026-08-03T19:15:00Z,23.43,833.65,54.2,32.219,76.3234,1457.0,False,NORMAL
AWS-004,2026-08-03T19:15:00Z,33.55,978.46,40.95,26.9124,70.9022,225.0,False,NORMAL
AWS-001,2026-08-03T19:30:00Z,29.4,982.58,61.09,28.6139,77.209,216.0,False,NORMAL
AWS-002,2026-08-03T19:30:00Z,31.17,1009.14,68.72,18.922,72.8347,14.0,False,NORMAL
AWS-003,2026-08-03T19:30:00Z,23.21,834.03,56.11,32.219,76.3234,1457.0,False,NORMAL
AWS-004,2026-08-03T19:30:00Z,33.59,978.78,42.49,26.9124,70.9022,225.0,False,NORMAL
AWS-001,2026-08-03T19:45:00Z,29.35,983.03,62.61,28.6139,77.209,216.0,False,NORMAL
AWS-002,2026-08-03T19:45:00Z,31.04,1009.22,70.72,18.922,72.8347,14.0,False,NORMAL
AWS-003,2026-08-03T19:45:00Z,22.35,834.21,58.02,32.219,76.3234,1457.0,False,NORMAL
AWS-004,2026-08-03T19:45:00Z,33.25,978.85,44.28,26.9124,70.9022,225.0,False,NORMAL
AWS-001,2026-08-03T20:00:00Z,28.74,982.94,63.93,28.6139,77.209,216.0,False,NORMAL
AWS-002,2026-08-03T20:00:00Z,29.9,1009.54,71.54,18.922,72.8347,14.0,False,NORMAL
AWS-003,2026-08-03T20:00:00Z,22.11,833.91,58.21,32.219,76.3234,1457.0,False,NORMAL
AWS-004,2026-08-03T20:00:00Z,33.09,979.13,45.86,26.9124,70.9022,225.0,False,NORMAL
AWS-001,2026-08-03T20:15:00Z,28.76,983.12,64.55,28.6139,77.209,216.0,False,NORMAL
AWS-002,2026-08-03T20:15:00Z,29.1,1009.6,73.97,18.922,72.8347,14.0,False,NORMAL
AWS-003,2026-08-03T20:15:00Z,22.34,834.11,60.78,32.219,76.3234,1457.0,False,NORMAL
AWS-004,2026-08-03T20:15:00Z,32.62,979.06,46.57,26.9124,70.9022,225.0,False,NORMAL
AWS-001,2026-08-03T20:30:00Z,28.49,983.23,66.18,28.6139,77.209,216.0,False,NORMAL
AWS-002,2026-08-03T20:30:00Z,29.47,1009.67,74.13,18.922,72.8347,14.0,False,NORMAL
AWS-003,2026-08-03T20:30:00Z,21.83,834.55,62.25,32.219,76.3234,1457.0,False,NORMAL
AWS-004,2026-08-03T20:30:00Z,32.13,979.18,48.03,26.9124,70.9022,225.0,False,NORMAL
AWS-001,2026-08-03T20:45:00Z,27.09,983.46,67.33,28.6139,77.209,216.0,False,NORMAL
AWS-002,2026-08-03T20:45:00Z,29.24,1009.72,74.82,18.922,72.8347,14.0,False,NORMAL
AWS-003,2026-08-03T20:45:00Z,20.23,834.4,61.45,32.219,76.3234,1457.0,False,NORMAL
AWS-004,2026-08-03T20:45:00Z,31.66,979.37,49.19,26.9124,70.9022,225.0,False,NORMAL
AWS-001,2026-08-03T21:00:00Z,27.15,983.42,69.32,28.6139,77.209,216.0,False,NORMAL
AWS-002,2026-08-03T21:00:00Z,28.77,1010.03,77.01,18.922,72.8347,14.0,False,NORMAL
AWS-003,2026-08-03T21:00:00Z,22.01,834.36,63.24,32.219,76.3234,1457.0,False,NORMAL
AWS-004,2026-08-03T21:00:00Z,31.25,979.61,50.2,26.9124,70.9022,225.0,False,NORMAL
AWS-001,2026-08-03T21:15:00Z,26.73,983.88,70.44,28.6139,77.209,216.0,False,NORMAL
AWS-002,2026-08-03T21:15:00Z,27.82,1009.81,78.0,18.922,72.8347,14.0,False,NORMAL
AWS-003,2026-08-03T21:15:00Z,21.11,834.97,64.2,32.219,76.3234,1457.0,False,NORMAL
AWS-004,2026-08-03T21:15:00Z,31.28,979.56,52.18,26.9124,70.9022,225.0,False,NORMAL
AWS-001,2026-08-03T21:30:00Z,26.15,983.57,71.22,28.6139,77.209,216.0,False,NORMAL
AWS-002,2026-08-03T21:30:00Z,27.55,1009.97,78.52,18.922,72.8347,14.0,False,NORMAL
AWS-003,2026-08-03T21:30:00Z,19.27,834.57,67.03,32.219,76.3234,1457.0,False,NORMAL
AWS-004,2026-08-03T21:30:00Z,30.74,979.8,52.95,26.9124,70.9022,225.0,False,NORMAL
AWS-001,2026-08-03T21:45:00Z,26.57,983.91,72.13,28.6139,77.209,216.0,False,NORMAL
AWS-002,2026-08-03T21:45:00Z,27.74,1010.14,80.13,18.922,72.8347,14.0,False,NORMAL
AWS-003,2026-08-03T21:45:00Z,19.95,834.77,67.42,32.219,76.3234,1457.0,False,NORMAL
AWS-004,2026-08-03T21:45:00Z,30.77,979.56,55.13,26.9124,70.9022,225.0,False,NORMAL
AWS-001,2026-08-03T22:00:00Z,25.83,983.62,73.74,28.6139,77.209,216.0,False,NORMAL
AWS-002,2026-08-03T22:00:00Z,26.8,1010.0,82.1,18.922,72.8347,14.0,False,NORMAL
AWS-003,2026-08-03T22:00:00Z,19.79,834.34,69.0,32.219,76.3234,1457.0,False,NORMAL
AWS-004,2026-08-03T22:00:00Z,29.35,979.62,55.71,26.9124,70.9022,225.0,False,NORMAL
AWS-001,2026-08-03T22:15:00Z,25.38,983.59,74.72,28.6139,77.209,216.0,False,NORMAL
AWS-002,2026-08-03T22:15:00Z,27.71,1009.8,82.38,18.922,72.8347,14.0,False,NORMAL
AWS-003,2026-08-03T22:15:00Z,19.57,834.8,70.53,32.219,76.3234,1457.0,False,NORMAL
AWS-004,2026-08-03T22:15:00Z,29.35,979.6,57.19,26.9124,70.9022,225.0,False,NORMAL
AWS-001,2026-08-03T22:30:00Z,24.99,983.77,75.67,28.6139,77.209,216.0,False,NORMAL
AWS-002,2026-08-03T22:30:00Z,26.32,1009.96,83.47,18.922,72.8347,14.0,False,NORMAL
AWS-003,2026-08-03T22:30:00Z,19.51,834.65,70.47,32.219,76.3234,1457.0,False,NORMAL
AWS-004,2026-08-03T22:30:00Z,28.77,979.67,58.23,26.9124,70.9022,225.0,False,NORMAL
AWS-001,2026-08-03T22:45:00Z,24.86,983.63,77.76,28.6139,77.209,216.0,False,NORMAL
AWS-002,2026-08-03T22:45:00Z,25.81,1009.99,85.07,18.922,72.8347,14.0,False,NORMAL
AWS-003,2026-08-03T22:45:00Z,18.4,834.29,70.72,32.219,76.3234,1457.0,False,NORMAL
AWS-004,2026-08-03T22:45:00Z,28.96,979.13,59.02,26.9124,70.9022,225.0,False,NORMAL
AWS-001,2026-08-03T23:00:00Z,24.66,983.67,78.25,28.6139,77.209,216.0,False,NORMAL
AWS-002,2026-08-03T23:00:00Z,25.15,1009.77,84.94,18.922,72.8347,14.0,False,NORMAL
AWS-003,2026-08-03T23:00:00Z,17.41,834.31,71.2,32.219,76.3234,1457.0,False,NORMAL
AWS-004,2026-08-03T23:00:00Z,28.42,979.37,59.35,26.9124,70.9022,225.0,False,NORMAL
AWS-001,2026-08-03T23:15:00Z,24.35,983.41,78.33,28.6139,77.209,216.0,False,NORMAL
AWS-002,2026-08-03T23:15:00Z,25.84,1009.97,86.49,18.922,72.8347,14.0,False,NORMAL
AWS-003,2026-08-03T23:15:00Z,16.75,834.38,73.92,32.219,76.3234,1457.0,False,NORMAL
AWS-004,2026-08-03T23:15:00Z,27.92,979.11,61.04,26.9124,70.9022,225.0,False,NORMAL
AWS-001,2026-08-03T23:30:00Z,24.63,983.24,79.3,28.6139,77.209,216.0,False,NORMAL
AWS-002,2026-08-03T23:30:00Z,25.58,1009.34,88.08,18.922,72.8347,14.0,False,NORMAL
AWS-003,2026-08-03T23:30:00Z,17.25,834.58,75.25,32.219,76.3234,1457.0,False,NORMAL
AWS-004,2026-08-03T23:30:00Z,27.44,979.06,61.66,26.9124,70.9022,225.0,False,NORMAL
AWS-001,2026-08-03T23:45:00Z,23.64,983.12,79.85,28.6139,77.209,216.0,False,NORMAL
AWS-002,2026-08-03T23:45:00Z,24.64,1009.56,88.21,18.922,72.8347,14.0,False,NORMAL
AWS-003,2026-08-03T23:45:00Z,17.48,834.36,75.41,32.219,76.3234,1457.0,False,NORMAL
AWS-004,2026-08-03T23:45:00Z,27.99,979.17,63.51,26.9124,70.9022,225.0,False,NORMAL
AWS-001,2026-08-04T00:00:00Z,23.46,982.89,80.83,28.6139,77.209,216.0,False,NORMAL
AWS-002,2026-08-04T00:00:00Z,24.86,1009.6,88.67,18.922,72.8347,14.0,False,NORMAL
AWS-003,2026-08-04T00:00:00Z,17.91,833.73,77.44,32.219,76.3234,1457.0,False,NORMAL
AWS-004,2026-08-04T00:00:00Z,27.58,978.76,62.48,26.9124,70.9022,225.0,False,NORMAL
AWS-001,2026-08-04T00:15:00Z,23.99,983.01,81.07,28.6139,77.209,216.0,False,NORMAL
AWS-002,2026-08-04T00:15:00Z,24.36,1009.53,89.51,18.922,72.8347,14.0,False,NORMAL
AWS-003,2026-08-04T00:15:00Z,16.55,834.55,78.32,32.219,76.3234,1457.0,False,NORMAL
AWS-004,2026-08-04T00:15:00Z,27.96,978.98,63.82,26.9124,70.9022,225.0,False,NORMAL
AWS-001,2026-08-04T00:30:00Z,23.74,982.79,81.83,28.6139,77.209,216.0,False,NORMAL
AWS-002,2026-08-04T00:30:00Z,25.3,1009.1,90.05,18.922,72.8347,14.0,False,NORMAL
AWS-003,2026-08-04T00:30:00Z,16.84,833.94,77.04,32.219,76.3234,1457.0,False,NORMAL
AWS-004,2026-08-04T00:30:00Z,27.54,978.79,64.5,26.9124,70.9022,225.0,False,NORMAL
AWS-001,2026-08-04T00:45:00Z,23.28,982.62,82.77,28.6139,77.209,216.0,False,NORMAL
AWS-002,2026-08-04T00:45:00Z,24.66,1009.01,88.65,18.922,72.8347,14.0,False,NORMAL
AWS-003,2026-08-04T00:45:00Z,16.86,834.04,77.73,32.219,76.3234,1457.0,False,NORMAL
AWS-004,2026-08-04T00:45:00Z,27.41,978.47,63.75,26.9124,70.9022,225.0,False,NORMAL
AWS-001,2026-08-04T01:00:00Z,23.19,982.57,83.24,28.6139,77.209,216.0,False,NORMAL
AWS-002,2026-08-04T01:00:00Z,24.37,1009.01,91.39,18.922,72.8347,14.0,False,NORMAL
AWS-003,2026-08-04T01:00:00Z,17.75,833.59,77.41,32.219,76.3234,1457.0,False,NORMAL
AWS-004,2026-08-04T01:00:00Z,26.96,978.63,65.0,26.9124,70.9022,225.0,False,NORMAL
AWS-001,2026-08-04T01:15:00Z,22.78,982.1,83.52,28.6139,77.209,216.0,False,NORMAL
AWS-002,2026-08-04T01:15:00Z,23.82,1008.64,91.1,18.922,72.8347,14.0,False,NORMAL
AWS-003,2026-08-04T01:15:00Z,16.56,833.63,77.32,32.219,76.3234,1457.0,False,NORMAL
AWS-004,2026-08-04T01:15:00Z,26.14,977.96,66.19,26.9124,70.9022,225.0,False,NORMAL
AWS-001,2026-08-04T01:30:00Z,23.02,982.15,83.42,28.6139,77.209,216.0,False,NORMAL
AWS-002,2026-08-04T01:30:00Z,24.51,1008.66,90.68,18.922,72.8347,14.0,False,NORMAL
AWS-003,2026-08-04T01:30:00Z,16.7,833.58,78.3,32.219,76.3234,1457.0,False,NORMAL
AWS-004,2026-08-04T01:30:00Z,26.86,977.88,66.17,26.9124,70.9022,225.0,False,NORMAL
AWS-001,2026-08-04T01:45:00Z,23.13,981.97,83.18,28.6139,77.209,216.0,False,NORMAL
AWS-002,2026-08-04T01:45:00Z,24.26,1008.55,91.99,18.922,72.8347,14.0,False,NORMAL
AWS-003,2026-08-04T01:45:00Z,16.35,833.14,77.75,32.219,76.3234,1457.0,False,NORMAL
AWS-004,2026-08-04T01:45:00Z,27.68,977.8,66.29,26.9124,70.9022,225.0,False,NORMAL
AWS-001,2026-08-04T02:00:00Z,22.44,981.84,83.47,28.6139,77.209,216.0,False,NORMAL
AWS-002,2026-08-04T02:00:00Z,24.51,1008.52,92.45,18.922,72.8347,14.0,False,NORMAL
AWS-003,2026-08-04T02:00:00Z,16.13,832.99,79.36,32.219,76.3234,1457.0,False,NORMAL
AWS-004,2026-08-04T02:00:00Z,27.12,977.85,66.74,26.9124,70.9022,225.0,False,NORMAL
AWS-001,2026-08-04T02:15:00Z,22.46,981.73,83.73,28.6139,77.209,216.0,False,NORMAL
AWS-002,2026-08-04T02:15:00Z,23.77,1007.84,91.35,18.922,72.8347,14.0,False,NORMAL
AWS-003,2026-08-04T02:15:00Z,16.5,832.92,79.12,32.219,76.3234,1457.0,False,NORMAL
AWS-004,2026-08-04T02:15:00Z,27.03,977.69,65.05,26.9124,70.9022,225.0,False,NORMAL
AWS-001,2026-08-04T02:30:00Z,22.88,981.68,84.43,28.6139,77.209,216.0,False,NORMAL
AWS-002,2026-08-04T02:30:00Z,24.05,1007.78,91.78,18.922,72.8347,14.0,False,NORMAL
AWS-003,2026-08-04T02:30:00Z,16.29,832.51,78.19,32.219,76.3234,1457.0,False,NORMAL
AWS-004,2026-08-04T02:30:00Z,27.58,977.61,65.61,26.9124,70.9022,225.0,False,NORMAL
AWS-001,2026-08-04T02:45:00Z,23.18,981.38,83.09,28.6139,77.209,216.0,False,NORMAL
AWS-002,2026-08-04T02:45:00Z,24.63,1007.84,91.36,18.922,72.8347,14.0,False,NORMAL
AWS-003,2026-08-04T02:45:00Z,17.03,832.75,78.06,32.219,76.3234,1457.0,False,NORMAL
AWS-004,2026-08-04T02:45:00Z,27.03,977.48,65.59,26.9124,70.9022,225.0,False,NORMAL
AWS-001,2026-08-04T03:00:00Z,22.69,981.51,83.04,28.6139,77.209,216.0,False,NORMAL
AWS-002,2026-08-04T03:00:00Z,24.49,1007.92,90.66,18.922,72.8347,14.0,False,NORMAL
AWS-003,2026-08-04T03:00:00Z,17.06,832.68,76.72,32.219,76.3234,1457.0,False,NORMAL
AWS-004,2026-08-04T03:00:00Z,27.71,977.43,65.34,26.9124,70.9022,225.0,False,NORMAL
AWS-001,2026-08-04T03:15:00Z,23.45,981.43,82.89,28.6139,77.209,216.0,False,NORMAL
AWS-002,2026-08-04T03:15:00Z,23.63,1007.69,90.97,18.922,72.8347,14.0,False,NORMAL
AWS-003,2026-08-04T03:15:00Z,15.99,832.82,76.86,32.219,76.3234,1457.0,False,NORMAL
AWS-004,2026-08-04T03:15:00Z,26.82,977.56,64.89,26.9124,70.9022,225.0,False,NORMAL
AWS-001,2026-08-04T03:30:00Z,23.34,981.29,81.83,28.6139,77.209,216.0,False,NORMAL
AWS-002,2026-08-04T03:30:00Z,24.01,1007.51,92.09,18.922,72.8347,14.0,False,NORMAL
AWS-003,2026-08-04T03:30:00Z,17.26,832.79,77.13,32.219,76.3234,1457.0,False,NORMAL
AWS-004,2026-08-04T03:30:00Z,26.65,977.48,64.48,26.9124,70.9022,225.0,False,NORMAL
AWS-001,2026-08-04T03:45:00Z,23.13,981.23,81.56,28.6139,77.209,216.0,False,NORMAL
AWS-002,2026-08-04T03:45:00Z,24.57,1007.53,89.34,18.922,72.8347,14.0,False,NORMAL
AWS-003,2026-08-04T03:45:00Z,17.44,832.45,76.45,32.219,76.3234,1457.0,False,NORMAL
AWS-004,2026-08-04T03:45:00Z,28.38,977.29,63.89,26.9124,70.9022,225.0,False,NORMAL
AWS-001,2026-08-04T04:00:00Z,23.32,981.28,80.88,28.6139,77.209,216.0,False,NORMAL
AWS-002,2026-08-04T04:00:00Z,25.41,1007.28,89.3,18.922,72.8347,14.0,False,NORMAL
AWS-003,2026-08-04T04:00:00Z,17.57,832.57,75.94,32.219,76.3234,1457.0,False,NORMAL
AWS-004,2026-08-04T04:00:00Z,27.51,977.09,63.51,26.9124,70.9022,225.0,False,NORMAL
AWS-001,2026-08-04T04:15:00Z,23.51,981.26,80.47,28.6139,77.209,216.0,False,NORMAL
AWS-002,2026-08-04T04:15:00Z,25.2,1007.71,87.6,18.922,72.8347,14.0,False,NORMAL
AWS-003,2026-08-04T04:15:00Z,16.97,833.04,74.97,32.219,76.3234,1457.0,False,NORMAL
AWS-004,2026-08-04T04:15:00Z,28.17,977.35,61.82,26.9124,70.9022,225.0,False,NORMAL
AWS-001,2026-08-04T04:30:00Z,23.76,981.32,79.0,28.6139,77.209,216.0,False,NORMAL
AWS-002,2026-08-04T04:30:00Z,25.47,1007.51,88.15,18.922,72.8347,14.0,False,NORMAL
AWS-003,2026-08-04T04:30:00Z,18.11,832.39,76.17,32.219,76.3234,1457.0,False,NORMAL
AWS-004,2026-08-04T04:30:00Z,28.14,977.04,61.51,26.9124,70.9022,225.0,False,NORMAL
AWS-001,2026-08-04T04:45:00Z,24.19,981.39,79.03,28.6139,77.209,216.0,False,NORMAL
AWS-002,2026-08-04T04:45:00Z,26.53,1007.84,85.97,18.922,72.8347,14.0,False,NORMAL
AWS-003,2026-08-04T04:45:00Z,18.06,832.9,73.07,32.219,76.3234,1457.0,False,NORMAL
AWS-004,2026-08-04T04:45:00Z,28.21,977.42,59.74,26.9124,70.9022,225.0,False,NORMAL
AWS-001,2026-08-04T05:00:00Z,25.05,981.42,78.25,28.6139,77.209,216.0,False,NORMAL
AWS-002,2026-08-04T05:00:00Z,25.73,1007.75,86.55,18.922,72.8347,14.0,False,NORMAL
AWS-003,2026-08-04T05:00:00Z,17.96,832.43,71.83,32.219,76.3234,1457.0,False,NORMAL
AWS-004,2026-08-04T05:00:00Z,28.54,977.35,60.64,26.9124,70.9022,225.0,False,NORMAL
AWS-001,2026-08-04T05:15:00Z,24.75,981.6,77.43,28.6139,77.209,216.0,False,NORMAL
AWS-002,2026-08-04T05:15:00Z,26.28,1007.92,85.71,18.922,72.8347,14.0,False,NORMAL
AWS-003,2026-08-04T05:15:00Z,18.0,832.8,71.21,32.219,76.3234,1457.0,False,NORMAL
AWS-004,2026-08-04T05:15:00Z,27.89,977.39,58.45,26.9124,70.9022,225.0,False,NORMAL
AWS-001,2026-08-04T05:30:00Z,25.18,981.6,75.38,28.6139,77.209,216.0,False,NORMAL
AWS-002,2026-08-04T05:30:00Z,26.7,1007.98,84.52,18.922,72.8347,14.0,False,NORMAL
AWS-003,2026-08-04T05:30:00Z,18.91,832.98,71.23,32.219,76.3234,1457.0,False,NORMAL
AWS-004,2026-08-04T05:30:00Z,29.07,977.57,57.16,26.9124,70.9022,225.0,False,NORMAL
AWS-001,2026-08-04T05:45:00Z,25.6,981.73,74.0,28.6139,77.209,216.0,False,NORMAL
AWS-002,2026-08-04T05:45:00Z,27.1,1008.27,81.97,18.922,72.8347,14.0,False,NORMAL
AWS-003,2026-08-04T05:45:00Z,19.17,833.43,70.03,32.219,76.3234,1457.0,False,NORMAL
AWS-004,2026-08-04T05:45:00Z,30.47,977.84,56.88,26.9124,70.9022,225.0,False,NORMAL
AWS-001,2026-08-04T06:00:00Z,26.05,981.96,74.29,28.6139,77.209,216.0,False,NORMAL
AWS-002,2026-08-04T06:00:00Z,27.83,1008.02,81.32,18.922,72.8347,14.0,False,NORMAL
AWS-003,2026-08-04T06:00:00Z,19.86,833.04,69.04,32.219,76.3234,1457.0,False,NORMAL
AWS-004,2026-08-04T06:00:00Z,30.33,977.83,56.03,26.9124,70.9022,225.0,False,NORMAL
AWS-001,2026-08-04T06:15:00Z,26.14,981.83,72.7,28.6139,77.209,216.0,False,NORMAL
AWS-002,2026-08-04T06:15:00Z,27.59,1008.48,81.13,18.922,72.8347,14.0,False,NORMAL
AWS-003,2026-08-04T06:15:00Z,20.58,833.26,67.34,32.219,76.3234,1457.0,False,NORMAL
AWS-004,2026-08-04T06:15:00Z,30.2,977.72,54.39,26.9124,70.9022,225.0,False,NORMAL
AWS-001,2026-08-04T06:30:00Z,26.46,982.07,71.14,28.6139,77.209,216.0,False,NORMAL
AWS-002,2026-08-04T06:30:00Z,27.74,1008.61,79.1,18.922,72.8347,14.0,False,NORMAL
AWS-003,2026-08-04T06:30:00Z,19.75,833.67,65.62,32.219,76.3234,1457.0,False,NORMAL
AWS-004,2026-08-04T06:30:00Z,31.01,978.09,53.59,26.9124,70.9022,225.0,False,NORMAL
AWS-001,2026-08-04T06:45:00Z,26.65,982.23,69.53,28.6139,77.209,216.0,False,NORMAL
AWS-002,2026-08-04T06:45:00Z,28.58,1008.83,77.15,18.922,72.8347,14.0,False,NORMAL
AWS-003,2026-08-04T06:45:00Z,20.71,833.49,64.78,32.219,76.3234,1457.0,False,NORMAL
AWS-004,2026-08-04T06:45:00Z,31.03,978.17,52.03,26.9124,70.9022,225.0,False,NORMAL
AWS-001,2026-08-04T07:00:00Z,27.85,982.48,69.18,28.6139,77.209,216.0,False,NORMAL
AWS-002,2026-08-04T07:00:00Z,28.21,1008.84,76.3,18.922,72.8347,14.0,False,NORMAL
AWS-003,2026-08-04T07:00:00Z,20.68,833.56,64.55,32.219,76.3234,1457.0,False,NORMAL
AWS-004,2026-08-04T07:00:00Z,31.75,978.54,50.91,26.9124,70.9022,225.0,False,NORMAL
AWS-001,2026-08-04T07:15:00Z,27.52,982.69,67.98,28.6139,77.209,216.0,False,NORMAL
AWS-002,2026-08-04T07:15:00Z,29.28,1009.04,74.83,18.922,72.8347,14.0,False,NORMAL
AWS-003,2026-08-04T07:15:00Z,21.46,833.56,62.43,32.219,76.3234,1457.0,False,NORMAL
AWS-004,2026-08-04T07:15:00Z,31.79,978.68,49.77,26.9124,70.9022,225.0,False,NORMAL
AWS-001,2026-08-04T07:30:00Z,27.99,982.67,66.43,28.6139,77.209,216.0,False,NORMAL
AWS-002,2026-08-04T07:30:00Z,29.51,1008.8,73.22,18.922,72.8347,14.0,False,NORMAL
AWS-003,2026-08-04T07:30:00Z,21.77,834.01,61.94,32.219,76.3234,1457.0,False,NORMAL
AWS-004,2026-08-04T07:30:00Z,31.61,978.67,47.03,26.9124,70.9022,225.0,False,NORMAL
AWS-001,2026-08-04T07:45:00Z,28.83,982.96,64.33,28.6139,77.209,216.0,False,NORMAL
AWS-002,2026-08-04T07:45:00Z,29.74,1009.16,72.96,18.922,72.8347,14.0,False,NORMAL
AWS-003,2026-08-04T07:45:00Z,21.84,834.18,59.36,32.219,76.3234,1457.0,False,NORMAL
AWS-004,2026-08-04T07:45:00Z,32.99,978.88,46.4,26.9124,70.9022,225.0,False,NORMAL
AWS-001,2026-08-04T08:00:00Z,29.06,983.04,64.37,28.6139,77.209,216.0,False,NORMAL
AWS-002,2026-08-04T08:00:00Z,29.92,1009.84,70.74,18.922,72.8347,14.0,False,NORMAL
AWS-003,2026-08-04T08:00:00Z,22.36,834.13,59.78,32.219,76.3234,1457.0,False,NORMAL
AWS-004,2026-08-04T08:00:00Z,33.1,978.83,46.26,26.9124,70.9022,225.0,False,NORMAL
AWS-001,2026-08-04T08:15:00Z,29.37,983.27,62.05,28.6139,77.209,216.0,False,NORMAL
AWS-002,2026-08-04T08:15:00Z,30.79,1009.34,70.14,18.922,72.8347,14.0,False,NORMAL
AWS-003,2026-08-04T08:15:00Z,22.52,834.5,56.83,32.219,76.3234,1457.0,False,NORMAL
AWS-004,2026-08-04T08:15:00Z,33.43,978.97,44.44,26.9124,70.9022,225.0,False,NORMAL
AWS-001,2026-08-04T08:30:00Z,30.22,983.28,61.63,28.6139,77.209,216.0,False,NORMAL
AWS-002,2026-08-04T08:30:00Z,31.0,1009.39,67.82,18.922,72.8347,14.0,False,NORMAL
AWS-003,2026-08-04T08:30:00Z,22.95,834.47,56.65,32.219,76.3234,1457.0,False,NORMAL
AWS-004,2026-08-04T08:30:00Z,33.51,979.08,42.18,26.9124,70.9022,225.0,False,NORMAL
AWS-001,2026-08-04T08:45:00Z,30.27,983.39,59.42,28.6139,77.209,216.0,False,NORMAL
AWS-002,2026-08-04T08:45:00Z,31.27,1009.58,67.45,18.922,72.8347,14.0,False,NORMAL
AWS-003,2026-08-04T08:45:00Z,23.83,834.5,53.44,32.219,76.3234,1457.0,False,NORMAL
AWS-004,2026-08-04T08:45:00Z,34.24,979.29,42.24,26.9124,70.9022,225.0,False,NORMAL
AWS-001,2026-08-04T09:00:00Z,30.65,983.56,58.86,28.6139,77.209,216.0,False,NORMAL
AWS-002,2026-08-04T09:00:00Z,32.41,1009.92,66.33,18.922,72.8347,14.0,False,NORMAL
AWS-003,2026-08-04T09:00:00Z,23.87,834.61,52.9,32.219,76.3234,1457.0,False,NORMAL
AWS-004,2026-08-04T09:00:00Z,34.62,979.36,41.21,26.9124,70.9022,225.0,False,NORMAL
AWS-001,2026-08-04T09:15:00Z,30.71,983.4,56.42,28.6139,77.209,216.0,False,NORMAL
AWS-002,2026-08-04T09:15:00Z,32.41,1009.71,66.02,18.922,72.8347,14.0,False,NORMAL
AWS-003,2026-08-04T09:15:00Z,24.64,834.53,51.99,32.219,76.3234,1457.0,False,NORMAL
AWS-004,2026-08-04T09:15:00Z,34.68,979.45,39.87,26.9124,70.9022,225.0,False,NORMAL
AWS-001,2026-08-04T09:30:00Z,31.47,983.92,56.83,28.6139,77.209,216.0,False,NORMAL
AWS-002,2026-08-04T09:30:00Z,32.7,1010.43,64.72,18.922,72.8347,14.0,False,NORMAL
AWS-003,2026-08-04T09:30:00Z,23.86,834.39,49.73,32.219,76.3234,1457.0,False,NORMAL
AWS-004,2026-08-04T09:30:00Z,34.76,979.35,37.08,26.9124,70.9022,225.0,False,NORMAL
AWS-001,2026-08-04T09:45:00Z,31.14,983.54,55.31,28.6139,77.209,216.0,False,NORMAL
AWS-002,2026-08-04T09:45:00Z,32.43,1010.09,62.34,18.922,72.8347,14.0,False,NORMAL
AWS-003,2026-08-04T09:45:00Z,24.67,834.78,50.71,32.219,76.3234,1457.0,False,NORMAL
AWS-004,2026-08-04T09:45:00Z,36.11,979.67,36.81,26.9124,70.9022,225.0,False,NORMAL
AWS-001,2026-08-04T10:00:00Z,31.62,983.51,54.09,28.6139,77.209,216.0,False,NORMAL
AWS-002,2026-08-04T10:00:00Z,33.57,1010.21,61.03,18.922,72.8347,14.0,False,NORMAL
AWS-003,2026-08-04T10:00:00Z,25.42,835.06,48.42,32.219,76.3234,1457.0,False,NORMAL
AWS-004,2026-08-04T10:00:00Z,36.22,979.42,36.87,26.9124,70.9022,225.0,False,NORMAL
AWS-001,2026-08-04T10:15:00Z,32.3,983.74,52.04,28.6139,77.209,216.0,False,NORMAL
AWS-002,2026-08-04T10:15:00Z,33.59,1009.89,60.39,18.922,72.8347,14.0,False,NORMAL
AWS-003,2026-08-04T10:15:00Z,25.3,834.79,46.86,32.219,76.3234,1457.0,False,NORMAL
AWS-004,2026-08-04T10:15:00Z,36.79,979.37,34.79,26.9124,70.9022,225.0,False,NORMAL
AWS-001,2026-08-04T10:30:00Z,32.55,983.72,51.09,28.6139,77.209,216.0,False,NORMAL
AWS-002,2026-08-04T10:30:00Z,33.3,1009.92,59.13,18.922,72.8347,14.0,False,NORMAL
AWS-003,2026-08-04T10:30:00Z,26.27,834.77,46.11,32.219,76.3234,1457.0,False,NORMAL
AWS-004,2026-08-04T10:30:00Z,35.79,979.37,33.62,26.9124,70.9022,225.0,False,NORMAL
AWS-001,2026-08-04T10:45:00Z,32.71,983.71,49.96,28.6139,77.209,216.0,False,NORMAL
AWS-002,2026-08-04T10:45:00Z,34.6,1009.87,58.64,18.922,72.8347,14.0,False,NORMAL
AWS-003,2026-08-04T10:45:00Z,26.34,834.95,45.64,32.219,76.3234,1457.0,False,NORMAL
AWS-004,2026-08-04T10:45:00Z,36.54,979.43,31.22,26.9124,70.9022,225.0,False,NORMAL
AWS-001,2026-08-04T11:00:00Z,33.78,983.41,49.62,28.6139,77.209,216.0,False,NORMAL
AWS-002,2026-08-04T11:00:00Z,33.89,1009.79,57.61,18.922,72.8347,14.0,False,NORMAL
AWS-003,2026-08-04T11:00:00Z,27.03,834.47,44.27,32.219,76.3234,1457.0,False,NORMAL
AWS-004,2026-08-04T11:00:00Z,37.02,979.19,31.05,26.9124,70.9022,225.0,False,NORMAL
AWS-001,2026-08-04T11:15:00Z,33.14,983.27,48.29,28.6139,77.209,216.0,False,NORMAL
AWS-002,2026-08-04T11:15:00Z,35.08,1009.79,55.83,18.922,72.8347,14.0,False,NORMAL
AWS-003,2026-08-04T11:15:00Z,26.49,834.52,44.42,32.219,76.3234,1457.0,False,NORMAL
AWS-004,2026-08-04T11:15:00Z,37.4,979.29,29.62,26.9124,70.9022,225.0,False,NORMAL
AWS-001,2026-08-04T11:30:00Z,33.81,983.33,47.45,28.6139,77.209,216.0,False,NORMAL
AWS-002,2026-08-04T11:30:00Z,34.32,1009.83,55.75,18.922,72.8347,14.0,False,NORMAL
AWS-003,2026-08-04T11:30:00Z,26.73,834.95,41.96,32.219,76.3234,1457.0,False,NORMAL
AWS-004,2026-08-04T11:30:00Z,38.07,979.4,29.54,26.9124,70.9022,225.0,False,NORMAL
AWS-001,2026-08-04T11:45:00Z,33.86,983.22,45.69,28.6139,77.209,216.0,False,NORMAL
AWS-002,2026-08-04T11:45:00Z,34.86,1009.43,55.23,18.922,72.8347,14.0,False,NORMAL
AWS-003,2026-08-04T11:45:00Z,26.78,834.34,42.64,32.219,76.3234,1457.0,False,NORMAL
AWS-004,2026-08-04T11:45:00Z,38.05,979.13,29.35,26.9124,70.9022,225.0,False,NORMAL
AWS-001,2026-08-04T12:00:00Z,33.88,983.05,46.02,28.6139,77.209,216.0,False,NORMAL
AWS-002,2026-08-04T12:00:00Z,35.26,1009.34,54.62,18.922,72.8347,14.0,False,NORMAL
AWS-003,2026-08-04T12:00:00Z,27.28,834.28,40.27,32.219,76.3234,1457.0,False,NORMAL
AWS-004,2026-08-04T12:00:00Z,38.23,978.91,27.95,26.9124,70.9022,225.0,False,NORMAL
AWS-001,2026-08-04T12:15:00Z,34.4,982.88,44.72,28.6139,77.209,216.0,False,NORMAL
AWS-002,2026-08-04T12:15:00Z,35.75,1009.45,53.94,18.922,72.8347,14.0,False,NORMAL
AWS-003,2026-08-04T12:15:00Z,27.71,834.26,39.99,32.219,76.3234,1457.0,False,NORMAL
AWS-004,2026-08-04T12:15:00Z,38.53,978.74,27.63,26.9124,70.9022,225.0,False,NORMAL
AWS-001,2026-08-04T12:30:00Z,33.91,982.68,44.94,28.6139,77.209,216.0,False,NORMAL
AWS-002,2026-08-04T12:30:00Z,36.63,1008.81,52.88,18.922,72.8347,14.0,False,NORMAL
AWS-003,2026-08-04T12:30:00Z,28.44,833.95,40.32,32.219,76.3234,1457.0,False,NORMAL
AWS-004,2026-08-04T12:30:00Z,39.15,979.06,26.42,26.9124,70.9022,225.0,False,NORMAL
AWS-001,2026-08-04T12:45:00Z,34.51,982.78,43.88,28.6139,77.209,216.0,False,NORMAL
AWS-002,2026-08-04T12:45:00Z,35.91,1008.86,52.92,18.922,72.8347,14.0,False,NORMAL
AWS-003,2026-08-04T12:45:00Z,28.84,833.47,40.24,32.219,76.3234,1457.0,False,NORMAL
AWS-004,2026-08-04T12:45:00Z,38.76,978.29,26.64,26.9124,70.9022,225.0,False,NORMAL
AWS-001,2026-08-04T13:00:00Z,34.54,982.62,43.59,28.6139,77.209,216.0,False,NORMAL
AWS-002,2026-08-04T13:00:00Z,35.78,1008.83,51.87,18.922,72.8347,14.0,False,NORMAL
AWS-003,2026-08-04T13:00:00Z,28.01,833.86,38.91,32.219,76.3234,1457.0,False,NORMAL
AWS-004,2026-08-04T13:00:00Z,38.67,978.26,26.0,26.9124,70.9022,225.0,False,NORMAL
AWS-001,2026-08-04T13:15:00Z,35.6,982.22,44.21,28.6139,77.209,216.0,False,NORMAL
AWS-002,2026-08-04T13:15:00Z,36.11,1008.47,51.93,18.922,72.8347,14.0,False,NORMAL
AWS-003,2026-08-04T13:15:00Z,28.72,833.25,39.0,32.219,76.3234,1457.0,False,NORMAL
AWS-004,2026-08-04T13:15:00Z,39.12,978.17,25.98,26.9124,70.9022,225.0,False,NORMAL
AWS-001,2026-08-04T13:30:00Z,34.4,982.06,43.81,28.6139,77.209,216.0,False,NORMAL
AWS-002,2026-08-04T13:30:00Z,36.03,1008.24,52.71,18.922,72.8347,14.0,False,NORMAL
AWS-003,2026-08-04T13:30:00Z,28.97,833.53,37.77,32.219,76.3234,1457.0,False,NORMAL
AWS-004,2026-08-04T13:30:00Z,38.37,978.53,26.17,26.9124,70.9022,225.0,False,NORMAL
AWS-001,2026-08-04T13:45:00Z,34.74,982.01,42.95,28.6139,77.209,216.0,False,NORMAL
AWS-002,2026-08-04T13:45:00Z,36.44,1008.55,52.48,18.922,72.8347,14.0,False,NORMAL
AWS-003,2026-08-04T13:45:00Z,29.48,833.23,38.9,32.219,76.3234,1457.0,False,NORMAL
AWS-004,2026-08-04T13:45:00Z,39.05,978.17,26.02,26.9124,70.9022,225.0,False,NORMAL
AWS-001,2026-08-04T14:00:00Z,34.37,981.84,42.87,28.6139,77.209,216.0,False,NORMAL
AWS-002,2026-08-04T14:00:00Z,35.73,1008.03,51.47,18.922,72.8347,14.0,False,NORMAL
AWS-003,2026-08-04T14:00:00Z,28.87,832.97,39.44,32.219,76.3234,1457.0,False,NORMAL
AWS-004,2026-08-04T14:00:00Z,38.8,977.96,25.13,26.9124,70.9022,225.0,False,NORMAL
AWS-001,2026-08-04T14:15:00Z,34.85,981.81,43.16,28.6139,77.209,216.0,False,NORMAL
AWS-002,2026-08-04T14:15:00Z,36.64,1007.89,51.63,18.922,72.8347,14.0,False,NORMAL
AWS-003,2026-08-04T14:15:00Z,28.56,833.45,39.2,32.219,76.3234,1457.0,False,NORMAL
AWS-004,2026-08-04T14:15:00Z,39.45,977.71,24.83,26.9124,70.9022,225.0,False,NORMAL
AWS-001,2026-08-04T14:30:00Z,35.12,981.44,44.52,28.6139,77.209,216.0,False,NORMAL
AWS-002,2026-08-04T14:30:00Z,35.7,1007.88,52.01,18.922,72.8347,14.0,False,NORMAL
AWS-003,2026-08-04T14:30:00Z,28.42,833.07,37.73,32.219,76.3234,1457.0,False,NORMAL
AWS-004,2026-08-04T14:30:00Z,38.81,977.65,26.28,26.9124,70.9022,225.0,False,NORMAL
AWS-001,2026-08-04T14:45:00Z,34.75,981.49,43.45,28.6139,77.209,216.0,False,NORMAL
AWS-002,2026-08-04T14:45:00Z,35.55,1007.89,51.34,18.922,72.8347,14.0,False,NORMAL
AWS-003,2026-08-04T14:45:00Z,28.88,832.58,37.76,32.219,76.3234,1457.0,False,NORMAL
AWS-004,2026-08-04T14:45:00Z,39.17,977.29,25.59,26.9124,70.9022,225.0,False,NORMAL
AWS-001,2026-08-04T15:00:00Z,35.18,981.47,44.09,28.6139,77.209,216.0,False,NORMAL
AWS-002,2026-08-04T15:00:00Z,36.46,1007.67,51.53,18.922,72.8347,14.0,False,NORMAL
AWS-003,2026-08-04T15:00:00Z,27.93,832.71,40.41,32.219,76.3234,1457.0,False,NORMAL
AWS-004,2026-08-04T15:00:00Z,38.46,977.39,26.26,26.9124,70.9022,225.0,False,NORMAL
AWS-001,2026-08-04T15:15:00Z,34.77,981.42,44.84,28.6139,77.209,216.0,False,NORMAL
AWS-002,2026-08-04T15:15:00Z,35.72,1007.81,52.44,18.922,72.8347,14.0,False,NORMAL
AWS-003,2026-08-04T15:15:00Z,28.57,832.62,39.6,32.219,76.3234,1457.0,False,NORMAL
AWS-004,2026-08-04T15:15:00Z,38.66,977.45,26.47,26.9124,70.9022,225.0,False,NORMAL
AWS-001,2026-08-04T15:30:00Z,34.5,981.56,44.83,28.6139,77.209,216.0,False,NORMAL
AWS-002,2026-08-04T15:30:00Z,35.82,1007.98,52.85,18.922,72.8347,14.0,False,NORMAL
AWS-003,2026-08-04T15:30:00Z,27.53,832.52,39.56,32.219,76.3234,1457.0,False,NORMAL
AWS-004,2026-08-04T15:30:00Z,38.92,977.39,26.95,26.9124,70.9022,225.0,False,NORMAL
AWS-001,2026-08-04T15:45:00Z,34.53,981.32,45.67,28.6139,77.209,216.0,False,NORMAL
AWS-002,2026-08-04T15:45:00Z,35.92,1007.68,53.21,18.922,72.8347,14.0,False,NORMAL
AWS-003,2026-08-04T15:45:00Z,28.4,832.55,40.92,32.219,76.3234,1457.0,False,NORMAL
AWS-004,2026-08-04T15:45:00Z,38.55,977.27,26.69,26.9124,70.9022,225.0,False,NORMAL
AWS-001,2026-08-04T16:00:00Z,34.04,981.3,46.7,28.6139,77.209,216.0,False,NORMAL
AWS-002,2026-08-04T16:00:00Z,35.65,1007.6,54.16,18.922,72.8347,14.0,False,NORMAL
AWS-003,2026-08-04T16:00:00Z,27.67,832.69,40.15,32.219,76.3234,1457.0,False,NORMAL
AWS-004,2026-08-04T16:00:00Z,38.28,977.31,28.05,26.9124,70.9022,225.0,False,NORMAL
AWS-001,2026-08-04T16:15:00Z,34.15,981.35,47.58,28.6139,77.209,216.0,False,NORMAL
AWS-002,2026-08-04T16:15:00Z,35.36,1007.76,54.97,18.922,72.8347,14.0,False,NORMAL
AWS-003,2026-08-04T16:15:00Z,27.67,832.77,41.56,32.219,76.3234,1457.0,False,NORMAL
AWS-004,2026-08-04T16:15:00Z,37.83,977.27,29.03,26.9124,70.9022,225.0,False,NORMAL
AWS-001,2026-08-04T16:30:00Z,33.81,981.47,46.99,28.6139,77.209,216.0,False,NORMAL
AWS-002,2026-08-04T16:30:00Z,35.2,1007.78,55.26,18.922,72.8347,14.0,False,NORMAL
AWS-003,2026-08-04T16:30:00Z,27.87,832.68,43.42,32.219,76.3234,1457.0,False,NORMAL
AWS-004,2026-08-04T16:30:00Z,37.96,976.98,29.16,26.9124,70.9022,225.0,False,NORMAL
AWS-001,2026-08-04T16:45:00Z,33.42,981.29,48.24,28.6139,77.209,216.0,False,NORMAL
AWS-002,2026-08-04T16:45:00Z,34.73,1007.58,55.97,18.922,72.8347,14.0,False,NORMAL
AWS-003,2026-08-04T16:45:00Z,27.21,832.99,44.45,32.219,76.3234,1457.0,False,NORMAL
AWS-004,2026-08-04T16:45:00Z,37.4,977.27,29.79,26.9124,70.9022,225.0,False,NORMAL
AWS-001,2026-08-04T17:00:00Z,33.5,981.57,48.98,28.6139,77.209,216.0,False,NORMAL
AWS-002,2026-08-04T17:00:00Z,34.94,1007.98,56.61,18.922,72.8347,14.0,False,NORMAL
AWS-003,2026-08-04T17:00:00Z,26.67,833.19,43.95,32.219,76.3234,1457.0,False,NORMAL
AWS-004,2026-08-04T17:00:00Z,37.46,977.66,31.27,26.9124,70.9022,225.0,False,NORMAL
AWS-001,2026-08-04T17:15:00Z,32.78,981.41,50.84,28.6139,77.209,216.0,False,NORMAL
AWS-002,2026-08-04T17:15:00Z,34.39,1008.06,59.12,18.922,72.8347,14.0,False,NORMAL
AWS-003,2026-08-04T17:15:00Z,26.61,833.09,44.21,32.219,76.3234,1457.0,False,NORMAL
AWS-004,2026-08-04T17:15:00Z,36.98,977.13,32.46,26.9124,70.9022,225.0,False,NORMAL
AWS-001,2026-08-04T17:30:00Z,32.84,981.56,51.41,28.6139,77.209,216.0,False,NORMAL
AWS-002,2026-08-04T17:30:00Z,32.72,1008.05,58.98,18.922,72.8347,14.0,False,NORMAL
AWS-003,2026-08-04T17:30:00Z,26.77,832.94,46.84,32.219,76.3234,1457.0,False,NORMAL
AWS-004,2026-08-04T17:30:00Z,35.81,977.31,33.93,26.9124,70.9022,225.0,False,NORMAL
AWS-001,2026-08-04T17:45:00Z,32.46,981.71,51.87,28.6139,77.209,216.0,False,NORMAL
AWS-002,2026-08-04T17:45:00Z,33.76,1007.94,59.76,18.922,72.8347,14.0,False,NORMAL
AWS-003,2026-08-04T17:45:00Z,26.38,833.28,47.1,32.219,76.3234,1457.0,False,NORMAL
AWS-004,2026-08-04T17:45:00Z,36.09,977.76,34.56,26.9124,70.9022,225.0,False,NORMAL
AWS-001,2026-08-04T18:00:00Z,31.97,981.72,53.56,28.6139,77.209,216.0,False,NORMAL
AWS-002,2026-08-04T18:00:00Z,33.32,1007.93,61.15,18.922,72.8347,14.0,False,NORMAL
AWS-003,2026-08-04T18:00:00Z,25.97,833.26,48.3,32.219,76.3234,1457.0,False,NORMAL
AWS-004,2026-08-04T18:00:00Z,35.71,977.96,35.26,26.9124,70.9022,225.0,False,NORMAL
AWS-001,2026-08-04T18:15:00Z,31.84,982.0,54.67,28.6139,77.209,216.0,False,NORMAL
AWS-002,2026-08-04T18:15:00Z,33.45,1008.08,63.56,18.922,72.8347,14.0,False,NORMAL
AWS-003,2026-08-04T18:15:00Z,24.62,833.27,49.06,32.219,76.3234,1457.0,False,NORMAL
AWS-004,2026-08-04T18:15:00Z,36.42,977.59,36.47,26.9124,70.9022,225.0,False,NORMAL
AWS-001,2026-08-04T18:30:00Z,31.17,981.92,55.21,28.6139,77.209,216.0,False,NORMAL
AWS-002,2026-08-04T18:30:00Z,32.51,1008.41,64.21,18.922,72.8347,14.0,False,NORMAL
AWS-003,2026-08-04T18:30:00Z,25.6,833.43,51.28,32.219,76.3234,1457.0,False,NORMAL
AWS-004,2026-08-04T18:30:00Z,35.31,977.88,37.9,26.9124,70.9022,225.0,False,NORMAL
AWS-001,2026-08-04T18:45:00Z,31.31,982.33,56.36,28.6139,77.209,216.0,False,NORMAL
AWS-002,2026-08-04T18:45:00Z,32.42,1008.74,66.21,18.922,72.8347,14.0,False,NORMAL
AWS-003,2026-08-04T18:45:00Z,24.59,833.64,51.21,32.219,76.3234,1457.0,False,NORMAL
AWS-004,2026-08-04T18:45:00Z,34.77,978.39,38.89,26.9124,70.9022,225.0,False,NORMAL
AWS-001,2026-08-04T19:00:00Z,30.6,982.38,57.94,28.6139,77.209,216.0,False,NORMAL
AWS-002,2026-08-04T19:00:00Z,31.83,1008.79,67.66,18.922,72.8347,14.0,False,NORMAL
AWS-003,2026-08-04T19:00:00Z,24.1,833.97,51.88,32.219,76.3234,1457.0,False,NORMAL
AWS-004,2026-08-04T19:00:00Z,35.16,978.41,40.53,26.9124,70.9022,225.0,False,NORMAL
AWS-001,2026-08-04T19:15:00Z,31.09,982.55,59.51,28.6139,77.209,216.0,False,NORMAL
AWS-002,2026-08-04T19:15:00Z,31.39,1008.98,68.1,18.922,72.8347,14.0,False,NORMAL
AWS-003,2026-08-04T19:15:00Z,24.46,833.51,54.38,32.219,76.3234,1457.0,False,NORMAL
AWS-004,2026-08-04T19:15:00Z,33.84,978.59,42.19,26.9124,70.9022,225.0,False,NORMAL
AWS-001,2026-08-04T19:30:00Z,29.71,982.66,60.49,28.6139,77.209,216.0,False,NORMAL
AWS-002,2026-08-04T19:30:00Z,30.94,1009.13,69.11,18.922,72.8347,14.0,False,NORMAL
AWS-003,2026-08-04T19:30:00Z,22.63,833.78,55.86,32.219,76.3234,1457.0,False,NORMAL
AWS-004,2026-08-04T19:30:00Z,33.49,978.58,43.99,26.9124,70.9022,225.0,False,NORMAL
AWS-001,2026-08-04T19:45:00Z,30.16,982.99,62.44,28.6139,77.209,216.0,False,NORMAL
AWS-002,2026-08-04T19:45:00Z,29.64,1009.27,71.2,18.922,72.8347,14.0,False,NORMAL
AWS-003,2026-08-04T19:45:00Z,22.61,833.91,56.62,32.219,76.3234,1457.0,False,NORMAL
AWS-004,2026-08-04T19:45:00Z,33.73,978.86,43.84,26.9124,70.9022,225.0,False,NORMAL
AWS-001,2026-08-04T20:00:00Z,28.8,982.79,62.9,28.6139,77.209,216.0,False,NORMAL
AWS-002,2026-08-04T20:00:00Z,29.44,1009.6,71.61,18.922,72.8347,14.0,False,NORMAL
AWS-003,2026-08-04T20:00:00Z,22.75,833.79,57.68,32.219,76.3234,1457.0,False,NORMAL
AWS-004,2026-08-04T20:00:00Z,34.07,979.17,45.38,26.9124,70.9022,225.0,False,NORMAL
AWS-001,2026-08-04T20:15:00Z,29.38,983.25,65.1,28.6139,77.209,216.0,False,NORMAL
AWS-002,2026-08-04T20:15:00Z,30.78,1009.51,71.71,18.922,72.8347,14.0,False,NORMAL
AWS-003,2026-08-04T20:15:00Z,22.49,834.38,60.39,32.219,76.3234,1457.0,False,NORMAL
AWS-004,2026-08-04T20:15:00Z,32.97,979.06,45.74,26.9124,70.9022,225.0,False,NORMAL
AWS-001,2026-08-04T20:30:00Z,28.61,983.22,66.15,28.6139,77.209,216.0,False,NORMAL
AWS-002,2026-08-04T20:30:00Z,29.88,1009.82,75.19,18.922,72.8347,14.0,False,NORMAL
AWS-003,2026-08-04T20:30:00Z,22.01,834.22,60.87,32.219,76.3234,1457.0,False,NORMAL
AWS-004,2026-08-04T20:30:00Z,32.16,979.4,47.83,26.9124,70.9022,225.0,False,NORMAL
AWS-001,2026-08-04T20:45:00Z,28.05,983.45,67.67,28.6139,77.209,216.0,False,NORMAL
AWS-002,2026-08-04T20:45:00Z,29.32,1009.75,74.75,18.922,72.8347,14.0,False,NORMAL
AWS-003,2026-08-04T20:45:00Z,21.35,834.33,62.65,32.219,76.3234,1457.0,False,NORMAL
AWS-004,2026-08-04T20:45:00Z,31.89,979.39,48.53,26.9124,70.9022,225.0,False,NORMAL
AWS-001,2026-08-04T21:00:00Z,27.27,983.51,68.02,28.6139,77.209,216.0,False,NORMAL
AWS-002,2026-08-04T21:00:00Z,29.51,1010.02,76.2,18.922,72.8347,14.0,False,NORMAL
AWS-003,2026-08-04T21:00:00Z,21.45,834.37,64.67,32.219,76.3234,1457.0,False,NORMAL
AWS-004,2026-08-04T21:00:00Z,31.61,979.38,50.81,26.9124,70.9022,225.0,False,NORMAL
AWS-001,2026-08-04T21:15:00Z,27.12,983.26,69.81,28.6139,77.209,216.0,False,NORMAL
AWS-002,2026-08-04T21:15:00Z,28.1,1009.92,78.7,18.922,72.8347,14.0,False,NORMAL
AWS-003,2026-08-04T21:15:00Z,20.38,834.34,64.62,32.219,76.3234,1457.0,False,NORMAL
AWS-004,2026-08-04T21:15:00Z,30.95,979.7,51.4,26.9124,70.9022,225.0,False,NORMAL
AWS-001,2026-08-04T21:30:00Z,26.9,983.61,70.8,28.6139,77.209,216.0,False,NORMAL
AWS-002,2026-08-04T21:30:00Z,27.99,1009.88,77.96,18.922,72.8347,14.0,False,NORMAL
AWS-003,2026-08-04T21:30:00Z,19.36,834.41,65.4,32.219,76.3234,1457.0,False,NORMAL
AWS-004,2026-08-04T21:30:00Z,30.9,978.88,53.27,26.9124,70.9022,225.0,False,NORMAL
AWS-001,2026-08-04T21:45:00Z,27.07,983.59,72.16,28.6139,77.209,216.0,False,NORMAL
AWS-002,2026-08-04T21:45:00Z,27.65,1010.21,79.84,18.922,72.8347,14.0,False,NORMAL
AWS-003,2026-08-04T21:45:00Z,20.12,834.82,66.73,32.219,76.3234,1457.0,False,NORMAL
AWS-004,2026-08-04T21:45:00Z,29.99,979.51,54.35,26.9124,70.9022,225.0,False,NORMAL
AWS-001,2026-08-04T22:00:00Z,25.85,983.66,73.88,28.6139,77.209,216.0,False,NORMAL
AWS-002,2026-08-04T22:00:00Z,27.29,1010.09,80.56,18.922,72.8347,14.0,False,NORMAL
AWS-003,2026-08-04T22:00:00Z,19.58,834.5,67.9,32.219,76.3234,1457.0,False,NORMAL
AWS-004,2026-08-04T22:00:00Z,30.11,979.34,55.13,26.9124,70.9022,225.0,False,NORMAL
AWS-001,2026-08-04T22:15:00Z,26.23,983.52,74.46,28.6139,77.209,216.0,False,NORMAL
AWS-002,2026-08-04T22:15:00Z,26.95,1010.16,81.93,18.922,72.8347,14.0,False,NORMAL
AWS-003,2026-08-04T22:15:00Z,18.85,835.06,68.82,32.219,76.3234,1457.0,False,NORMAL
AWS-004,2026-08-04T22:15:00Z,30.34,979.5,56.15,26.9124,70.9022,225.0,False,NORMAL
AWS-001,2026-08-04T22:30:00Z,25.48,983.47,75.57,28.6139,77.209,216.0,False,NORMAL
AWS-002,2026-08-04T22:30:00Z,26.91,1009.88,83.94,18.922,72.8347,14.0,False,NORMAL
AWS-003,2026-08-04T22:30:00Z,20.05,834.68,70.79,32.219,76.3234,1457.0,False,NORMAL
AWS-004,2026-08-04T22:30:00Z,29.73,979.36,58.11,26.9124,70.9022,225.0,False,NORMAL
AWS-001,2026-08-04T22:45:00Z,24.78,983.52,76.11,28.6139,77.209,216.0,False,NORMAL
AWS-002,2026-08-04T22:45:00Z,26.39,1010.04,84.84,18.922,72.8347,14.0,False,NORMAL
AWS-003,2026-08-04T22:45:00Z,18.16,834.37,72.12,32.219,76.3234,1457.0,False,NORMAL
AWS-004,2026-08-04T22:45:00Z,28.73,979.86,58.94,26.9124,70.9022,225.0,False,NORMAL
AWS-001,2026-08-04T23:00:00Z,24.61,983.63,76.15,28.6139,77.209,216.0,False,NORMAL
AWS-002,2026-08-04T23:00:00Z,25.82,1009.84,86.32,18.922,72.8347,14.0,False,NORMAL
AWS-003,2026-08-04T23:00:00Z,18.42,834.41,73.01,32.219,76.3234,1457.0,False,NORMAL
AWS-004,2026-08-04T23:00:00Z,28.13,979.37,60.58,26.9124,70.9022,225.0,False,NORMAL
AWS-001,2026-08-04T23:15:00Z,24.84,983.33,78.31,28.6139,77.209,216.0,False,NORMAL
AWS-002,2026-08-04T23:15:00Z,25.92,1009.98,87.0,18.922,72.8347,14.0,False,NORMAL
AWS-003,2026-08-04T23:15:00Z,17.52,834.31,74.28,32.219,76.3234,1457.0,False,NORMAL
AWS-004,2026-08-04T23:15:00Z,28.56,979.33,60.7,26.9124,70.9022,225.0,False,NORMAL
AWS-001,2026-08-04T23:30:00Z,24.72,983.31,79.77,28.6139,77.209,216.0,False,NORMAL
AWS-002,2026-08-04T23:30:00Z,25.19,1009.48,86.4,18.922,72.8347,14.0,False,NORMAL
AWS-003,2026-08-04T23:30:00Z,17.34,834.48,73.41,32.219,76.3234,1457.0,False,NORMAL
AWS-004,2026-08-04T23:30:00Z,28.59,979.4,60.98,26.9124,70.9022,225.0,False,NORMAL
AWS-001,2026-08-04T23:45:00Z,24.63,983.29,80.27,28.6139,77.209,216.0,False,NORMAL
AWS-002,2026-08-04T23:45:00Z,25.25,1009.76,88.63,18.922,72.8347,14.0,False,NORMAL
AWS-003,2026-08-04T23:45:00Z,18.45,834.59,75.27,32.219,76.3234,1457.0,False,NORMAL
AWS-004,2026-08-04T23:45:00Z,27.66,979.24,61.47,26.9124,70.9022,225.0,False,NORMAL
AWS-001,2026-08-05T00:00:00Z,23.9,983.19,80.95,28.6139,77.209,216.0,False,NORMAL
AWS-002,2026-08-05T00:00:00Z,24.48,1009.47,88.13,18.922,72.8347,14.0,False,NORMAL
AWS-003,2026-08-05T00:00:00Z,17.97,833.87,75.2,32.219,76.3234,1457.0,False,NORMAL
AWS-004,2026-08-05T00:00:00Z,28.11,978.83,61.47,26.9124,70.9022,225.0,False,NORMAL
AWS-001,2026-08-05T00:15:00Z,23.86,982.81,81.11,28.6139,77.209,216.0,False,NORMAL
AWS-002,2026-08-05T00:15:00Z,24.78,1009.27,89.42,18.922,72.8347,14.0,False,NORMAL
AWS-003,2026-08-05T00:15:00Z,17.12,834.05,77.14,32.219,76.3234,1457.0,False,NORMAL
AWS-004,2026-08-05T00:15:00Z,27.99,978.69,64.05,26.9124,70.9022,225.0,False,NORMAL
AWS-001,2026-08-05T00:30:00Z,23.42,982.68,81.81,28.6139,77.209,216.0,False,NORMAL
AWS-002,2026-08-05T00:30:00Z,24.95,1009.16,89.89,18.922,72.8347,14.0,False,NORMAL
AWS-003,2026-08-05T00:30:00Z,16.27,833.8,77.06,32.219,76.3234,1457.0,False,NORMAL
AWS-004,2026-08-05T00:30:00Z,26.93,978.71,64.45,26.9124,70.9022,225.0,False,NORMAL
AWS-001,2026-08-05T00:45:00Z,23.91,982.59,82.65,28.6139,77.209,216.0,False,NORMAL
AWS-002,2026-08-05T00:45:00Z,24.09,1009.05,90.03,18.922,72.8347,14.0,False,NORMAL
AWS-003,2026-08-05T00:45:00Z,17.08,833.72,75.71,32.219,76.3234,1457.0,False,NORMAL
AWS-004,2026-08-05T00:45:00Z,27.83,978.52,64.11,26.9124,70.9022,225.0,False,NORMAL
AWS-001,2026-08-05T01:00:00Z,23.37,982.51,83.19,28.6139,77.209,216.0,False,NORMAL
AWS-002,2026-08-05T01:00:00Z,25.11,1008.86,90.43,18.922,72.8347,14.0,False,NORMAL
AWS-003,2026-08-05T01:00:00Z,16.07,833.95,76.9,32.219,76.3234,1457.0,False,NORMAL
AWS-004,2026-08-05T01:00:00Z,27.67,978.46,64.21,26.9124,70.9022,225.0,False,NORMAL
AWS-001,2026-08-05T01:15:00Z,23.33,982.13,83.19,28.6139,77.209,216.0,False,NORMAL
AWS-002,2026-08-05T01:15:00Z,24.55,1008.59,91.02,18.922,72.8347,14.0,False,NORMAL
AWS-003,2026-08-05T01:15:00Z,16.6,833.34,78.59,32.219,76.3234,1457.0,False,NORMAL
AWS-004,2026-08-05T01:15:00Z,27.16,978.39,64.04,26.9124,70.9022,225.0,False,NORMAL
AWS-001,2026-08-05T01:30:00Z,23.31,982.3,82.87,28.6139,77.209,216.0,False,NORMAL
AWS-002,2026-08-05T01:30:00Z,24.61,1008.68,92.25,18.922,72.8347,14.0,False,NORMAL
AWS-003,2026-08-05T01:30:00Z,16.58,833.45,76.47,32.219,76.3234,1457.0,False,NORMAL
AWS-004,2026-08-05T01:30:00Z,26.94,977.92,64.94,26.9124,70.9022,225.0,False,NORMAL
AWS-001,2026-08-05T01:45:00Z,23.35,982.28,83.36,28.6139,77.209,216.0,False,NORMAL
AWS-002,2026-08-05T01:45:00Z,24.18,1008.33,90.95,18.922,72.8347,14.0,False,NORMAL
AWS-003,2026-08-05T01:45:00Z,16.56,833.16,79.17,32.219,76.3234,1457.0,False,NORMAL
AWS-004,2026-08-05T01:45:00Z,26.2,978.08,65.52,26.9124,70.9022,225.0,False,NORMAL
AWS-001,2026-08-05T02:00:00Z,22.6,981.85,82.14,28.6139,77.209,216.0,False,NORMAL
AWS-002,2026-08-05T02:00:00Z,24.51,1008.39,92.38,18.922,72.8347,14.0,False,NORMAL
AWS-003,2026-08-05T02:00:00Z,16.8,833.41,78.78,32.219,76.3234,1457.0,False,NORMAL
AWS-004,2026-08-05T02:00:00Z,27.62,978.08,64.82,26.9124,70.9022,225.0,False,NORMAL
AWS-001,2026-08-05T02:15:00Z,23.17,981.64,82.76,28.6139,77.209,216.0,False,NORMAL
AWS-002,2026-08-05T02:15:00Z,24.77,1008.0,90.71,18.922,72.8347,14.0,False,NORMAL
AWS-003,2026-08-05T02:15:00Z,17.06,832.89,79.4,32.219,76.3234,1457.0,False,NORMAL
AWS-004,2026-08-05T02:15:00Z,27.1,977.75,64.86,26.9124,70.9022,225.0,False,NORMAL
AWS-001,2026-08-05T02:30:00Z,23.47,981.4,83.36,28.6139,77.209,216.0,False,NORMAL
AWS-002,2026-08-05T02:30:00Z,23.77,1007.73,90.87,18.922,72.8347,14.0,False,NORMAL
AWS-003,2026-08-05T02:30:00Z,16.84,832.88,77.54,32.219,76.3234,1457.0,False,NORMAL
AWS-004,2026-08-05T02:30:00Z,26.79,977.37,64.33,26.9124,70.9022,225.0,False,NORMAL
AWS-001,2026-08-05T02:45:00Z,23.06,981.5,82.96,28.6139,77.209,216.0,False,NORMAL
AWS-002,2026-08-05T02:45:00Z,24.64,1008.07,90.82,18.922,72.8347,14.0,False,NORMAL
AWS-003,2026-08-05T02:45:00Z,17.04,832.71,77.25,32.219,76.3234,1457.0,False,NORMAL
AWS-004,2026-08-05T02:45:00Z,27.01,977.26,64.84,26.9124,70.9022,225.0,False,NORMAL
AWS-001,2026-08-05T03:00:00Z,23.37,981.46,82.69,28.6139,77.209,216.0,False,NORMAL
AWS-002,2026-08-05T03:00:00Z,24.6,1007.56,90.61,18.922,72.8347,14.0,False,NORMAL
AWS-003,2026-08-05T03:00:00Z,17.05,832.87,77.08,32.219,76.3234,1457.0,False,NORMAL
AWS-004,2026-08-05T03:00:00Z,27.1,977.7,64.63,26.9124,70.9022,225.0,False,NORMAL
AWS-001,2026-08-05T03:15:00Z,22.95,981.09,81.91,28.6139,77.209,216.0,False,NORMAL
AWS-002,2026-08-05T03:15:00Z,24.58,1007.75,90.59,18.922,72.8347,14.0,False,NORMAL
AWS-003,2026-08-05T03:15:00Z,16.39,832.79,77.95,32.219,76.3234,1457.0,False,NORMAL
AWS-004,2026-08-05T03:15:00Z,27.74,977.19,64.47,26.9124,70.9022,225.0,False,NORMAL
AWS-001,2026-08-05T03:30:00Z,23.38,981.45,82.3,28.6139,77.209,216.0,False,NORMAL
AWS-002,2026-08-05T03:30:00Z,25.24,1007.68,88.65,18.922,72.8347,14.0,False,NORMAL
AWS-003,2026-08-05T03:30:00Z,17.21,832.7,75.71,32.219,76.3234,1457.0,False,NORMAL
AWS-004,2026-08-05T03:30:00Z,28.1,977.47,64.1,26.9124,70.9022,225.0,False,NORMAL
AWS-001,2026-08-05T03:45:00Z,23.72,981.41,81.4,28.6139,77.209,216.0,False,NORMAL
AWS-002,2026-08-05T03:45:00Z,24.91,1007.79,88.06,18.922,72.8347,14.0,False,NORMAL
AWS-003,2026-08-05T03:45:00Z,16.84,832.31,75.85,32.219,76.3234,1457.0,False,NORMAL
AWS-004,2026-08-05T03:45:00Z,27.72,977.25,62.31,26.9124,70.9022,225.0,False,NORMAL
AWS-001,2026-08-05T04:00:00Z,23.83,981.3,81.38,28.6139,77.209,216.0,False,NORMAL
AWS-002,2026-08-05T04:00:00Z,25.02,1007.38,88.11,18.922,72.8347,14.0,False,NORMAL
AWS-003,2026-08-05T04:00:00Z,17.07,832.87,74.16,32.219,76.3234,1457.0,False,NORMAL
AWS-004,2026-08-05T04:00:00Z,28.5,977.19,62.55,26.9124,70.9022,225.0,False,NORMAL
AWS-001,2026-08-05T04:15:00Z,24.26,981.51,80.06,28.6139,77.209,216.0,False,NORMAL
AWS-002,2026-08-05T04:15:00Z,25.3,1007.74,87.3,18.922,72.8347,14.0,False,NORMAL
AWS-003,2026-08-05T04:15:00Z,17.03,832.42,74.21,32.219,76.3234,1457.0,False,NORMAL
AWS-004,2026-08-05T04:15:00Z,28.28,977.27,61.34,26.9124,70.9022,225.0,False,NORMAL
AWS-001,2026-08-05T04:30:00Z,24.31,981.35,79.3,28.6139,77.209,216.0,False,NORMAL
AWS-002,2026-08-05T04:30:00Z,26.0,1007.31,86.57,18.922,72.8347,14.0,False,NORMAL
AWS-003,2026-08-05T04:30:00Z,17.66,833.21,73.44,32.219,76.3234,1457.0,False,NORMAL
AWS-004,2026-08-05T04:30:00Z,28.65,977.2,60.16,26.9124,70.9022,225.0,False,NORMAL
AWS-001,2026-08-05T04:45:00Z,24.74,981.08,78.59,28.6139,77.209,216.0,False,NORMAL
AWS-002,2026-08-05T04:45:00Z,26.3,1007.5,85.15,18.922,72.8347,14.0,False,NORMAL
AWS-003,2026-08-05T04:45:00Z,18.08,832.66,73.01,32.219,76.3234,1457.0,False,NORMAL
AWS-004,2026-08-05T04:45:00Z,28.11,977.37,59.31,26.9124,70.9022,225.0,False,NORMAL
AWS-001,2026-08-05T05:00:00Z,25.08,981.46,77.16,28.6139,77.209,216.0,False,NORMAL
AWS-002,2026-08-05T05:00:00Z,25.76,1007.6,84.49,18.922,72.8347,14.0,False,NORMAL
AWS-003,2026-08-05T05:00:00Z,18.91,832.53,71.13,32.219,76.3234,1457.0,False,NORMAL
AWS-004,2026-08-05T05:00:00Z,29.16,977.61,60.19,26.9124,70.9022,225.0,False,NORMAL
AWS-001,2026-08-05T05:15:00Z,25.15,981.54,75.94,28.6139,77.209,216.0,False,NORMAL
AWS-002,2026-08-05T05:15:00Z,26.59,1008.08,83.88,18.922,72.8347,14.0,False,NORMAL
AWS-003,2026-08-05T05:15:00Z,18.52,832.7,69.87,32.219,76.3234,1457.0,False,NORMAL
AWS-004,2026-08-05T05:15:00Z,29.46,977.46,58.69,26.9124,70.9022,225.0,False,NORMAL
AWS-001,2026-08-05T05:30:00Z,25.52,981.55,75.55,28.6139,77.209,216.0,False,NORMAL
AWS-002,2026-08-05T05:30:00Z,26.8,1008.08,82.71,18.922,72.8347,14.0,False,NORMAL
AWS-003,2026-08-05T05:30:00Z,19.71,833.5,69.9,32.219,76.3234,1457.0,False,NORMAL
AWS-004,2026-08-05T05:30:00Z,29.21,977.68,57.95,26.9124,70.9022,225.0,False,NORMAL
AWS-001,2026-08-05T05:45:00Z,25.83,981.85,74.15,28.6139,77.209,216.0,False,NORMAL
AWS-002,2026-08-05T05:45:00Z,27.21,1008.34,81.81,18.922,72.8347,14.0,False,NORMAL
AWS-003,2026-08-05T05:45:00Z,19.36,833.14,69.35,32.219,76.3234,1457.0,False,NORMAL
AWS-004,2026-08-05T05:45:00Z,30.51,977.38,56.41,26.9124,70.9022,225.0,False,NORMAL
AWS-001,2026-08-05T06:00:00Z,25.94,981.95,73.71,28.6139,77.209,216.0,False,NORMAL
AWS-002,2026-08-05T06:00:00Z,27.73,1008.65,81.32,18.922,72.8347,14.0,False,NORMAL
AWS-003,2026-08-05T06:00:00Z,20.31,833.04,68.46,32.219,76.3234,1457.0,False,NORMAL
AWS-004,2026-08-05T06:00:00Z,30.16,977.95,55.48,26.9124,70.9022,225.0,False,NORMAL
AWS-001,2026-08-05T06:15:00Z,26.73,982.19,71.69,28.6139,77.209,216.0,False,NORMAL
AWS-002,2026-08-05T06:15:00Z,26.97,1008.32,79.94,18.922,72.8347,14.0,False,NORMAL
AWS-003,2026-08-05T06:15:00Z,20.26,833.35,66.62,32.219,76.3234,1457.0,False,NORMAL
AWS-004,2026-08-05T06:15:00Z,30.65,978.14,53.61,26.9124,70.9022,225.0,False,NORMAL
AWS-001,2026-08-05T06:30:00Z,26.68,982.08,70.34,28.6139,77.209,216.0,False,NORMAL
AWS-002,2026-08-05T06:30:00Z,27.56,1008.45,78.4,18.922,72.8347,14.0,False,NORMAL
AWS-003,2026-08-05T06:30:00Z,20.95,833.4,65.32,32.219,76.3234,1457.0,False,NORMAL
AWS-004,2026-08-05T06:30:00Z,30.44,977.8,53.18,26.9124,70.9022,225.0,False,NORMAL
AWS-001,2026-08-05T06:45:00Z,27.08,982.28,69.2,28.6139,77.209,216.0,False,NORMAL
AWS-002,2026-08-05T06:45:00Z,28.48,1008.48,77.91,18.922,72.8347,14.0,False,NORMAL
AWS-003,2026-08-05T06:45:00Z,19.99,833.61,64.74,32.219,76.3234,1457.0,False,NORMAL
AWS-004,2026-08-05T06:45:00Z,31.25,978.11,51.79,26.9124,70.9022,225.0,False,NORMAL
AWS-001,2026-08-05T07:00:00Z,27.88,982.52,68.54,28.6139,77.209,216.0,False,NORMAL
AWS-002,2026-08-05T07:00:00Z,29.44,1008.82,76.19,18.922,72.8347,14.0,False,NORMAL
AWS-003,2026-08-05T07:00:00Z,20.91,833.93,63.17,32.219,76.3234,1457.0,False,NORMAL
AWS-004,2026-08-05T07:00:00Z,32.37,978.5,50.26,26.9124,70.9022,225.0,False,NORMAL
AWS-001,2026-08-05T07:15:00Z,27.47,982.38,67.22,28.6139,77.209,216.0,False,NORMAL
AWS-002,2026-08-05T07:15:00Z,29.49,1008.82,74.72,18.922,72.8347,14.0,False,NORMAL
AWS-003,2026-08-05T07:15:00Z,21.37,833.76,61.77,32.219,76.3234,1457.0,False,NORMAL
AWS-004,2026-08-05T07:15:00Z,31.43,978.42,49.06,26.9124,70.9022,225.0,False,NORMAL
AWS-001,2026-08-05T07:30:00Z,27.75,982.76,66.51,28.6139,77.209,216.0,False,NORMAL
AWS-002,2026-08-05T07:30:00Z,30.06,1008.96,74.18,18.922,72.8347,14.0,False,NORMAL
AWS-003,2026-08-05T07:30:00Z,21.6,833.65,59.67,32.219,76.3234,1457.0,False,NORMAL
AWS-004,2026-08-05T07:30:00Z,32.53,978.73,48.9,26.9124,70.9022,225.0,False,NORMAL
AWS-001,2026-08-05T07:45:00Z,29.09,983.1,64.68,28.6139,77.209,216.0,False,NORMAL
AWS-002,2026-08-05T07:45:00Z,30.53,1009.32,72.55,18.922,72.8347,14.0,False,NORMAL
AWS-003,2026-08-05T07:45:00Z,22.73,834.06,58.48,32.219,76.3234,1457.0,False,NORMAL
AWS-004,2026-08-05T07:45:00Z,33.03,978.76,46.37,26.9124,70.9022,225.0,False,NORMAL
AWS-001,2026-08-05T08:00:00Z,28.76,983.14,62.9,28.6139,77.209,216.0,False,NORMAL
AWS-002,2026-08-05T08:00:00Z,30.58,1009.49,71.4,18.922,72.8347,14.0,False,NORMAL
AWS-003,2026-08-05T08:00:00Z,22.14,833.95,58.88,32.219,76.3234,1457.0,False,NORMAL
AWS-004,2026-08-05T08:00:00Z,32.85,978.87,45.34,26.9124,70.9022,225.0,False,NORMAL
AWS-001,2026-08-05T08:15:00Z,29.54,983.06,60.81,28.6139,77.209,216.0,False,NORMAL
AWS-002,2026-08-05T08:15:00Z,30.71,1009.46,70.92,18.922,72.8347,14.0,False,NORMAL
AWS-003,2026-08-05T08:15:00Z,23.19,834.68,56.85,32.219,76.3234,1457.0,False,NORMAL
AWS-004,2026-08-05T08:15:00Z,34.27,979.13,43.45,26.9124,70.9022,225.0,False,NORMAL
AWS-001,2026-08-05T08:30:00Z,30.88,983.28,60.43,28.6139,77.209,216.0,False,NORMAL
AWS-002,2026-08-05T08:30:00Z,30.88,1009.77,68.1,18.922,72.8347,14.0,False,NORMAL
AWS-003,2026-08-05T08:30:00Z,23.05,834.74,55.51,32.219,76.3234,1457.0,False,NORMAL
AWS-004,2026-08-05T08:30:00Z,33.76,979.32,42.66,26.9124,70.9022,225.0,False,NORMAL
AWS-001,2026-08-05T08:45:00Z,30.72,983.46,59.12,28.6139,77.209,216.0,False,NORMAL
AWS-002,2026-08-05T08:45:00Z,31.81,1009.89,67.8,18.922,72.8347,14.0,False,NORMAL
AWS-003,2026-08-05T08:45:00Z,24.55,834.15,53.24,32.219,76.3234,1457.0,False,NORMAL
AWS-004,2026-08-05T08:45:00Z,34.57,979.42,40.59,26.9124,70.9022,225.0,False,NORMAL
AWS-001,2026-08-05T09:00:00Z,30.83,983.47,58.0,28.6139,77.209,216.0,False,NORMAL
AWS-002,2026-08-05T09:00:00Z,31.79,1010.12,66.12,18.922,72.8347,14.0,False,NORMAL
AWS-003,2026-08-05T09:00:00Z,24.34,834.47,52.27,32.219,76.3234,1457.0,False,NORMAL
AWS-004,2026-08-05T09:00:00Z,34.88,979.5,40.7,26.9124,70.9022,225.0,False,NORMAL
AWS-001,2026-08-05T09:15:00Z,31.0,983.64,57.32,28.6139,77.209,216.0,False,NORMAL
AWS-002,2026-08-05T09:15:00Z,31.77,1009.98,64.72,18.922,72.8347,14.0,False,NORMAL
AWS-003,2026-08-05T09:15:00Z,24.39,834.59,51.22,32.219,76.3234,1457.0,False,NORMAL
AWS-004,2026-08-05T09:15:00Z,35.15,979.53,39.54,26.9124,70.9022,225.0,False,NORMAL
AWS-001,2026-08-05T09:30:00Z,31.44,983.59,55.27,28.6139,77.209,216.0,False,NORMAL
AWS-002,2026-08-05T09:30:00Z,33.32,1009.86,62.93,18.922,72.8347,14.0,False,NORMAL
AWS-003,2026-08-05T09:30:00Z,24.33,834.66,50.59,32.219,76.3234,1457.0,False,NORMAL
AWS-004,2026-08-05T09:30:00Z,35.44,979.57,37.88,26.9124,70.9022,225.0,False,NORMAL
AWS-001,2026-08-05T09:45:00Z,32.27,983.5,53.73,28.6139,77.209,216.0,False,NORMAL
AWS-002,2026-08-05T09:45:00Z,33.19,1010.1,61.74,18.922,72.8347,14.0,False,NORMAL
AWS-003,2026-08-05T09:45:00Z,24.63,834.51,49.67,32.219,76.3234,1457.0,False,NORMAL
AWS-004,2026-08-05T09:45:00Z,35.63,979.62,35.91,26.9124,70.9022,225.0,False,NORMAL
AWS-001,2026-08-05T10:00:00Z,32.04,983.46,53.05,28.6139,77.209,216.0,False,NORMAL
AWS-002,2026-08-05T10:00:00Z,33.94,1009.86,61.17,18.922,72.8347,14.0,False,NORMAL
AWS-003,2026-08-05T10:00:00Z,25.23,834.62,48.33,32.219,76.3234,1457.0,False,NORMAL
AWS-004,2026-08-05T10:00:00Z,36.11,979.53,35.73,26.9124,70.9022,225.0,False,NORMAL
AWS-001,2026-08-05T10:15:00Z,32.48,983.71,52.24,28.6139,77.209,216.0,False,NORMAL
AWS-002,2026-08-05T10:15:00Z,34.01,1009.87,59.09,18.922,72.8347,14.0,False,NORMAL
AWS-003,2026-08-05T10:15:00Z,26.09,834.83,47.93,32.219,76.3234,1457.0,False,NORMAL
AWS-004,2026-08-05T10:15:00Z,36.23,979.3,35.56,26.9124,70.9022,225.0,False,NORMAL
AWS-001,2026-08-05T10:30:00Z,32.81,983.71,50.47,28.6139,77.209,216.0,False,NORMAL
AWS-002,2026-08-05T10:30:00Z,33.89,1009.94,58.91,18.922,72.8347,14.0,False,NORMAL
AWS-003,2026-08-05T10:30:00Z,26.82,834.8,46.41,32.219,76.3234,1457.0,False,NORMAL
AWS-004,2026-08-05T10:30:00Z,36.82,979.27,31.74,26.9124,70.9022,225.0,False,NORMAL
AWS-001,2026-08-05T10:45:00Z,32.74,983.47,49.43,28.6139,77.209,216.0,False,NORMAL
AWS-002,2026-08-05T10:45:00Z,35.06,1009.93,58.62,18.922,72.8347,14.0,False,NORMAL
AWS-003,2026-08-05T10:45:00Z,26.78,834.46,44.41,32.219,76.3234,1457.0,False,NORMAL
AWS-004,2026-08-05T10:45:00Z,36.91,979.64,31.66,26.9124,70.9022,225.0,False,NORMAL
AWS-001,2026-08-05T11:00:00Z,33.65,983.49,48.57,28.6139,77.209,216.0,False,NORMAL
AWS-002,2026-08-05T11:00:00Z,34.8,1009.81,56.48,18.922,72.8347,14.0,False,NORMAL
AWS-003,2026-08-05T11:00:00Z,26.38,834.58,44.66,32.219,76.3234,1457.0,False,NORMAL
AWS-004,2026-08-05T11:00:00Z,37.81,979.44,31.53,26.9124,70.9022,225.0,False,NORMAL
AWS-001,2026-08-05T11:15:00Z,33.61,983.47,47.71,28.6139,77.209,216.0,False,NORMAL
AWS-002,2026-08-05T11:15:00Z,34.69,1009.7,56.27,18.922,72.8347,14.0,False,NORMAL
AWS-003,2026-08-05T11:15:00Z,26.5,834.2,42.51,32.219,76.3234,1457.0,False,NORMAL
AWS-004,2026-08-05T11:15:00Z,38.04,979.29,29.8,26.9124,70.9022,225.0,False,NORMAL
AWS-001,2026-08-05T11:30:00Z,34.08,983.17,47.86,28.6139,77.209,216.0,False,NORMAL
AWS-002,2026-08-05T11:30:00Z,35.04,1009.68,55.44,18.922,72.8347,14.0,False,NORMAL
AWS-003,2026-08-05T11:30:00Z,28.31,834.08,41.14,32.219,76.3234,1457.0,False,NORMAL
AWS-004,2026-08-05T11:30:00Z,37.96,978.96,28.88,26.9124,70.9022,225.0,False,NORMAL
AWS-001,2026-08-05T11:45:00Z,34.64,982.82,46.91,28.6139,77.209,216.0,False,NORMAL
AWS-002,2026-08-05T11:45:00Z,35.75,1009.53,54.76,18.922,72.8347,14.0,False,NORMAL
AWS-003,2026-08-05T11:45:00Z,26.28,834.7,42.04,32.219,76.3234,1457.0,False,NORMAL
AWS-004,2026-08-05T11:45:00Z,38.16,979.01,27.84,26.9124,70.9022,225.0,False,NORMAL
AWS-001,2026-08-05T12:00:00Z,34.51,983.1,45.62,28.6139,77.209,216.0,False,NORMAL
AWS-002,2026-08-05T12:00:00Z,35.87,1009.2,54.3,18.922,72.8347,14.0,False,NORMAL
AWS-003,2026-08-05T12:00:00Z,27.34,834.57,40.81,32.219,76.3234,1457.0,False,NORMAL
AWS-004,2026-08-05T12:00:00Z,38.78,979.09,28.57,26.9124,70.9022,225.0,False,NORMAL
AWS-001,2026-08-05T12:15:00Z,34.83,982.73,45.65,28.6139,77.209,216.0,False,NORMAL
AWS-002,2026-08-05T12:15:00Z,35.89,1008.99,53.43,18.922,72.8347,14.0,False,NORMAL
AWS-003,2026-08-05T12:15:00Z,27.98,834.3,39.86,32.219,76.3234,1457.0,False,NORMAL
AWS-004,2026-08-05T12:15:00Z,38.01,979.25,26.59,26.9124,70.9022,225.0,False,NORMAL
AWS-001,2026-08-05T12:30:00Z,35.07,982.74,44.83,28.6139,77.209,216.0,False,NORMAL
AWS-002,2026-08-05T12:30:00Z,35.77,1009.19,53.46,18.922,72.8347,14.0,False,NORMAL
AWS-003,2026-08-05T12:30:00Z,27.66,834.13,38.73,32.219,76.3234,1457.0,False,NORMAL
AWS-004,2026-08-05T12:30:00Z,38.47,978.86,26.78,26.9124,70.9022,225.0,False,NORMAL
AWS-001,2026-08-05T12:45:00Z,35.41,982.77,43.92,28.6139,77.209,216.0,False,NORMAL
AWS-002,2026-08-05T12:45:00Z,35.81,1008.85,52.66,18.922,72.8347,14.0,False,NORMAL
AWS-003,2026-08-05T12:45:00Z,28.17,834.04,41.06,32.219,76.3234,1457.0,False,NORMAL
AWS-004,2026-08-05T12:45:00Z,38.81,978.33,25.66,26.9124,70.9022,225.0,False,NORMAL
AWS-001,2026-08-05T13:00:00Z,34.77,982.4,44.28,28.6139,77.209,216.0,False,NORMAL
AWS-002,2026-08-05T13:00:00Z,36.1,1008.9,50.78,18.922,72.8347,14.0,False,NORMAL
AWS-003,2026-08-05T13:00:00Z,28.64,833.44,38.27,32.219,76.3234,1457.0,False,NORMAL
AWS-004,2026-08-05T13:00:00Z,39.61,978.51,26.78,26.9124,70.9022,225.0,False,NORMAL
AWS-001,2026-08-05T13:15:00Z,35.2,982.34,43.51,28.6139,77.209,216.0,False,NORMAL
AWS-002,2026-08-05T13:15:00Z,36.51,1008.57,51.11,18.922,72.8347,14.0,False,NORMAL
AWS-003,2026-08-05T13:15:00Z,28.06,833.37,38.16,32.219,76.3234,1457.0,False,NORMAL
AWS-004,2026-08-05T13:15:00Z,39.29,977.96,24.76,26.9124,70.9022,225.0,False,NORMAL
AWS-001,2026-08-05T13:30:00Z,34.4,982.16,43.42,28.6139,77.209,216.0,False,NORMAL
AWS-002,2026-08-05T13:30:00Z,36.53,1008.74,51.27,18.922,72.8347,14.0,False,NORMAL
AWS-003,2026-08-05T13:30:00Z,28.87,833.54,37.97,32.219,76.3234,1457.0,False,NORMAL
AWS-004,2026-08-05T13:30:00Z,38.82,978.22,26.86,26.9124,70.9022,225.0,False,NORMAL
AWS-001,2026-08-05T13:45:00Z,35.23,982.2,43.82,28.6139,77.209,216.0,False,NORMAL
AWS-002,2026-08-05T13:45:00Z,36.61,1008.47,49.76,18.922,72.8347,14.0,False,NORMAL
AWS-003,2026-08-05T13:45:00Z,29.08,833.25,36.63,32.219,76.3234,1457.0,False,NORMAL
AWS-004,2026-08-05T13:45:00Z,39.15,977.6,26.25,26.9124,70.9022,225.0,False,NORMAL
AWS-001,2026-08-05T14:00:00Z,35.2,981.87,43.96,28.6139,77.209,216.0,False,NORMAL
AWS-002,2026-08-05T14:00:00Z,36.07,1008.09,50.1,18.922,72.8347,14.0,False,NORMAL
AWS-003,2026-08-05T14:00:00Z,28.41,833.46,39.07,32.219,76.3234,1457.0,False,NORMAL
AWS-004,2026-08-05T14:00:00Z,39.53,977.73,24.09,26.9124,70.9022,225.0,False,NORMAL
AWS-001,2026-08-05T14:15:00Z,34.67,981.59,42.25,28.6139,77.209,216.0,False,NORMAL
AWS-002,2026-08-05T14:15:00Z,36.4,1008.05,50.97,18.922,72.8347,14.0,False,NORMAL
AWS-003,2026-08-05T14:15:00Z,28.65,832.83,38.52,32.219,76.3234,1457.0,False,NORMAL
AWS-004,2026-08-05T14:15:00Z,39.13,977.67,25.37,26.9124,70.9022,225.0,False,NORMAL
AWS-001,2026-08-05T14:30:00Z,34.82,981.61,42.89,28.6139,77.209,216.0,False,NORMAL
AWS-002,2026-08-05T14:30:00Z,36.33,1008.09,51.49,18.922,72.8347,14.0,False,NORMAL
AWS-003,2026-08-05T14:30:00Z,28.55,832.87,39.16,32.219,76.3234,1457.0,False,NORMAL
AWS-004,2026-08-05T14:30:00Z,39.73,977.49,25.95,26.9124,70.9022,225.0,False,NORMAL
AWS-001,2026-08-05T14:45:00Z,35.2,981.52,43.35,28.6139,77.209,216.0,False,NORMAL
AWS-002,2026-08-05T14:45:00Z,36.7,1007.88,52.03,18.922,72.8347,14.0,False,NORMAL
AWS-003,2026-08-05T14:45:00Z,28.96,833.01,37.73,32.219,76.3234,1457.0,False,NORMAL
AWS-004,2026-08-05T14:45:00Z,39.55,977.39,25.99,26.9124,70.9022,225.0,False,NORMAL
AWS-001,2026-08-05T15:00:00Z,34.86,981.29,43.95,28.6139,77.209,216.0,False,NORMAL
AWS-002,2026-08-05T15:00:00Z,35.83,1007.94,50.42,18.922,72.8347,14.0,False,NORMAL
AWS-003,2026-08-05T15:00:00Z,28.57,832.78,39.05,32.219,76.3234,1457.0,False,NORMAL
AWS-004,2026-08-05T15:00:00Z,39.14,977.22,26.48,26.9124,70.9022,225.0,False,NORMAL
AWS-001,2026-08-05T15:15:00Z,34.51,981.32,43.27,28.6139,77.209,216.0,False,NORMAL
AWS-002,2026-08-05T15:15:00Z,36.46,1007.51,52.17,18.922,72.8347,14.0,False,NORMAL
AWS-003,2026-08-05T15:15:00Z,28.52,832.51,40.07,32.219,76.3234,1457.0,False,NORMAL
AWS-004,2026-08-05T15:15:00Z,39.22,976.95,25.64,26.9124,70.9022,225.0,False,NORMAL
AWS-001,2026-08-05T15:30:00Z,34.51,981.4,44.79,28.6139,77.209,216.0,False,NORMAL
AWS-002,2026-08-05T15:30:00Z,36.68,1007.68,52.58,18.922,72.8347,14.0,False,NORMAL
AWS-003,2026-08-05T15:30:00Z,28.34,832.69,38.82,32.219,76.3234,1457.0,False,NORMAL
AWS-004,2026-08-05T15:30:00Z,37.98,977.45,26.06,26.9124,70.9022,225.0,False,NORMAL
AWS-001,2026-08-05T15:45:00Z,34.68,981.51,44.7,28.6139,77.209,216.0,False,NORMAL
AWS-002,2026-08-05T15:45:00Z,35.8,1007.44,52.51,18.922,72.8347,14.0,False,NORMAL
AWS-003,2026-08-05T15:45:00Z,28.08,832.99,39.76,32.219,76.3234,1457.0,False,NORMAL
AWS-004,2026-08-05T15:45:00Z,39.04,977.04,26.94,26.9124,70.9022,225.0,False,NORMAL
AWS-001,2026-08-05T16:00:00Z,35.27,981.41,45.91,28.6139,77.209,216.0,False,NORMAL
AWS-002,2026-08-05T16:00:00Z,36.0,1007.6,54.46,18.922,72.8347,14.0,False,NORMAL
AWS-003,2026-08-05T16:00:00Z,27.71,832.62,41.83,32.219,76.3234,1457.0,False,NORMAL
AWS-004,2026-08-05T16:00:00Z,38.32,977.21,27.59,26.9124,70.9022,225.0,False,NORMAL
AWS-001,2026-08-05T16:15:00Z,33.7,981.31,46.69,28.6139,77.209,216.0,False,NORMAL
AWS-002,2026-08-05T16:15:00Z,34.87,1007.69,55.2,18.922,72.8347,14.0,False,NORMAL
AWS-003,2026-08-05T16:15:00Z,27.85,832.49,40.2,32.219,76.3234,1457.0,False,NORMAL
AWS-004,2026-08-05T16:15:00Z,38.29,977.39,27.23,26.9124,70.9022,225.0,False,NORMAL
AWS-001,2026-08-05T16:30:00Z,34.43,981.27,46.79,28.6139,77.209,216.0,False,NORMAL
AWS-002,2026-08-05T16:30:00Z,35.36,1007.72,54.68,18.922,72.8347,14.0,False,NORMAL
AWS-003,2026-08-05T16:30:00Z,28.07,832.82,44.0,32.219,76.3234,1457.0,False,NORMAL
AWS-004,2026-08-05T16:30:00Z,38.87,977.56,29.17,26.9124,70.9022,225.0,False,NORMAL
AWS-001,2026-08-05T16:45:00Z,33.1,981.45,48.41,28.6139,77.209,216.0,False,NORMAL
AWS-002,2026-08-05T16:45:00Z,34.95,1007.74,57.05,18.922,72.8347,14.0,False,NORMAL
AWS-003,2026-08-05T16:45:00Z,27.69,832.58,42.99,32.219,76.3234,1457.0,False,NORMAL
AWS-004,2026-08-05T16:45:00Z,37.94,977.4,29.78,26.9124,70.9022,225.0,False,NORMAL
AWS-001,2026-08-05T17:00:00Z,33.25,981.42,48.93,28.6139,77.209,216.0,False,NORMAL
AWS-002,2026-08-05T17:00:00Z,35.36,1007.92,56.79,18.922,72.8347,14.0,False,NORMAL
AWS-003,2026-08-05T17:00:00Z,26.67,832.83,45.15,32.219,76.3234,1457.0,False,NORMAL
AWS-004,2026-08-05T17:00:00Z,37.03,977.32,30.77,26.9124,70.9022,225.0,False,NORMAL
AWS-001,2026-08-05T17:15:00Z,33.04,981.35,50.46,28.6139,77.209,216.0,False,NORMAL
AWS-002,2026-08-05T17:15:00Z,33.91,1008.13,58.25,18.922,72.8347,14.0,False,NORMAL
AWS-003,2026-08-05T17:15:00Z,26.29,832.91,44.91,32.219,76.3234,1457.0,False,NORMAL
AWS-004,2026-08-05T17:15:00Z,37.12,977.63,32.01,26.9124,70.9022,225.0,False,NORMAL
AWS-001,2026-08-05T17:30:00Z,32.87,981.69,49.97,28.6139,77.209,216.0,False,NORMAL
AWS-002,2026-08-05T17:30:00Z,33.91,1008.18,60.51,18.922,72.8347,14.0,False,NORMAL
AWS-003,2026-08-05T17:30:00Z,26.74,832.45,46.66,32.219,76.3234,1457.0,False,NORMAL
AWS-004,2026-08-05T17:30:00Z,37.6,977.59,32.13,26.9124,70.9022,225.0,False,NORMAL
AWS-001,2026-08-05T17:45:00Z,32.73,981.72,51.9,28.6139,77.209,216.0,False,NORMAL
AWS-002,2026-08-05T17:45:00Z,33.29,1008.33,60.82,18.922,72.8347,14.0,False,NORMAL
AWS-003,2026-08-05T17:45:00Z,26.62,832.61,47.78,32.219,76.3234,1457.0,False,NORMAL
AWS-004,2026-08-05T17:45:00Z,36.49,977.58,34.34,26.9124,70.9022,225.0,False,NORMAL
AWS-001,2026-08-05T18:00:00Z,31.87,981.88,52.97,28.6139,77.209,216.0,False,NORMAL
AWS-002,2026-08-05T18:00:00Z,32.99,1008.29,61.35,18.922,72.8347,14.0,False,NORMAL
AWS-003,2026-08-05T18:00:00Z,24.76,833.04,49.02,32.219,76.3234,1457.0,False,NORMAL
AWS-004,2026-08-05T18:00:00Z,35.83,977.55,35.21,26.9124,70.9022,225.0,False,NORMAL
AWS-001,2026-08-05T18:15:00Z,32.43,982.0,54.64,28.6139,77.209,216.0,False,NORMAL
AWS-002,2026-08-05T18:15:00Z,33.45,1008.4,62.84,18.922,72.8347,14.0,False,NORMAL
AWS-003,2026-08-05T18:15:00Z,25.08,833.13,49.73,32.219,76.3234,1457.0,False,NORMAL
AWS-004,2026-08-05T18:15:00Z,35.14,978.09,35.78,26.9124,70.9022,225.0,False,NORMAL
AWS-001,2026-08-05T18:30:00Z,31.67,982.0,55.98,28.6139,77.209,216.0,False,NORMAL
AWS-002,2026-08-05T18:30:00Z,33.22,1008.67,64.11,18.922,72.8347,14.0,False,NORMAL
AWS-003,2026-08-05T18:30:00Z,24.68,833.33,51.38,32.219,76.3234,1457.0,False,NORMAL
AWS-004,2026-08-05T18:30:00Z,36.04,977.86,38.03,26.9124,70.9022,225.0,False,NORMAL
AWS-001,2026-08-05T18:45:00Z,31.64,982.19,57.74,28.6139,77.209,216.0,False,NORMAL
AWS-002,2026-08-05T18:45:00Z,32.72,1008.87,64.76,18.922,72.8347,14.0,False,NORMAL
AWS-003,2026-08-05T18:45:00Z,24.88,833.49,51.43,32.219,76.3234,1457.0,False,NORMAL
AWS-004,2026-08-05T18:45:00Z,35.11,978.32,37.91,26.9124,70.9022,225.0,False,NORMAL
AWS-001,2026-08-05T19:00:00Z,30.77,982.51,58.6,28.6139,77.209,216.0,False,NORMAL
AWS-002,2026-08-05T19:00:00Z,32.33,1008.9,65.86,18.922,72.8347,14.0,False,NORMAL
AWS-003,2026-08-05T19:00:00Z,25.03,833.63,52.24,32.219,76.3234,1457.0,False,NORMAL
AWS-004,2026-08-05T19:00:00Z,35.35,978.74,39.1,26.9124,70.9022,225.0,False,NORMAL
AWS-001,2026-08-05T19:15:00Z,30.69,982.45,59.0,28.6139,77.209,216.0,False,NORMAL
AWS-002,2026-08-05T19:15:00Z,32.5,1009.28,66.6,18.922,72.8347,14.0,False,NORMAL
AWS-003,2026-08-05T19:15:00Z,24.57,834.15,54.13,32.219,76.3234,1457.0,False,NORMAL
AWS-004,2026-08-05T19:15:00Z,35.1,978.61,41.93,26.9124,70.9022,225.0,False,NORMAL
AWS-001,2026-08-05T19:30:00Z,29.96,982.42,60.76,28.6139,77.209,216.0,False,NORMAL
AWS-002,2026-08-05T19:30:00Z,31.12,1009.11,67.73,18.922,72.8347,14.0,False,NORMAL
AWS-003,2026-08-05T19:30:00Z,24.05,834.16,56.26,32.219,76.3234,1457.0,False,NORMAL
AWS-004,2026-08-05T19:30:00Z,34.78,978.72,42.31,26.9124,70.9022,225.0,False,NORMAL
AWS-001,2026-08-05T19:45:00Z,30.31,982.93,62.11,28.6139,77.209,216.0,False,NORMAL
AWS-002,2026-08-05T19:45:00Z,30.59,1009.53,69.24,18.922,72.8347,14.0,False,NORMAL
AWS-003,2026-08-05T19:45:00Z,22.67,833.69,56.68,32.219,76.3234,1457.0,False,NORMAL
AWS-004,2026-08-05T19:45:00Z,34.15,979.11,44.1,26.9124,70.9022,225.0,False,NORMAL
AWS-001,2026-08-05T20:00:00Z,28.93,983.12,63.18,28.6139,77.209,216.0,False,NORMAL
AWS-002,2026-08-05T20:00:00Z,30.41,1009.21,71.81,18.922,72.8347,14.0,False,NORMAL
AWS-003,2026-08-05T20:00:00Z,22.43,834.05,59.47,32.219,76.3234,1457.0,False,NORMAL
AWS-004,2026-08-05T20:00:00Z,32.45,978.84,44.44,26.9124,70.9022,225.0,False,NORMAL
AWS-001,2026-08-05T20:15:00Z,29.02,983.05,64.35,28.6139,77.209,216.0,False,NORMAL
AWS-002,2026-08-05T20:15:00Z,29.6,1009.16,72.24,18.922,72.8347,14.0,False,NORMAL
AWS-003,2026-08-05T20:15:00Z,22.81,834.55,58.8,32.219,76.3234,1457.0,False,NORMAL
AWS-004,2026-08-05T20:15:00Z,33.05,979.0,46.5,26.9124,70.9022,225.0,False,NORMAL
AWS-001,2026-08-05T20:30:00Z,28.99,983.52,65.57,28.6139,77.209,216.0,False,NORMAL
AWS-002,2026-08-05T20:30:00Z,29.17,1009.76,72.4,18.922,72.8347,14.0,False,NORMAL
AWS-003,2026-08-05T20:30:00Z,22.1,834.33,61.38,32.219,76.3234,1457.0,False,NORMAL
AWS-004,2026-08-05T20:30:00Z,32.72,979.13,47.78,26.9124,70.9022,225.0,False,NORMAL
AWS-001,2026-08-05T20:45:00Z,28.17,983.32,67.26,28.6139,77.209,216.0,False,NORMAL
AWS-002,2026-08-05T20:45:00Z,29.18,1009.88,74.46,18.922,72.8347,14.0,False,NORMAL
AWS-003,2026-08-05T20:45:00Z,21.87,834.49,62.1,32.219,76.3234,1457.0,False,NORMAL
AWS-004,2026-08-05T20:45:00Z,31.63,979.45,48.69,26.9124,70.9022,225.0,False,NORMAL
AWS-001,2026-08-05T21:00:00Z,28.03,983.48,68.78,28.6139,77.209,216.0,False,NORMAL
AWS-002,2026-08-05T21:00:00Z,28.91,1009.77,76.15,18.922,72.8347,14.0,False,NORMAL
AWS-003,2026-08-05T21:00:00Z,21.23,834.64,63.16,32.219,76.3234,1457.0,False,NORMAL
AWS-004,2026-08-05T21:00:00Z,31.98,979.43,49.74,26.9124,70.9022,225.0,False,NORMAL
AWS-001,2026-08-05T21:15:00Z,27.43,983.36,69.65,28.6139,77.209,216.0,False,NORMAL
AWS-002,2026-08-05T21:15:00Z,28.13,1009.81,77.64,18.922,72.8347,14.0,False,NORMAL
AWS-003,2026-08-05T21:15:00Z,20.33,834.64,64.39,32.219,76.3234,1457.0,False,NORMAL
AWS-004,2026-08-05T21:15:00Z,31.84,979.26,51.43,26.9124,70.9022,225.0,False,NORMAL
AWS-001,2026-08-05T21:30:00Z,26.96,983.81,70.61,28.6139,77.209,216.0,False,NORMAL
AWS-002,2026-08-05T21:30:00Z,28.17,1009.69,78.17,18.922,72.8347,14.0,False,NORMAL
AWS-003,2026-08-05T21:30:00Z,20.36,834.83,66.9,32.219,76.3234,1457.0,False,NORMAL
AWS-004,2026-08-05T21:30:00Z,31.23,979.64,53.2,26.9124,70.9022,225.0,False,NORMAL
AWS-001,2026-08-05T21:45:00Z,26.77,983.69,71.57,28.6139,77.209,216.0,False,NORMAL
AWS-002,2026-08-05T21:45:00Z,27.74,1010.11,80.86,18.922,72.8347,14.0,False,NORMAL
AWS-003,2026-08-05T21:45:00Z,19.85,834.43,67.32,32.219,76.3234,1457.0,False,NORMAL
AWS-004,2026-08-05T21:45:00Z,30.68,979.45,53.26,26.9124,70.9022,225.0,False,NORMAL
AWS-001,2026-08-05T22:00:00Z,26.58,983.54,73.3,28.6139,77.209,216.0,False,NORMAL
AWS-002,2026-08-05T22:00:00Z,27.51,1010.28,81.34,18.922,72.8347,14.0,False,NORMAL
AWS-003,2026-08-05T22:00:00Z,19.22,834.46,68.88,32.219,76.3234,1457.0,False,NORMAL
AWS-004,2026-08-05T22:00:00Z,30.16,979.41,54.98,26.9124,70.9022,225.0,False,NORMAL
AWS-001,2026-08-05T22:15:00Z,26.4,983.56,74.01,28.6139,77.209,216.0,False,NORMAL
AWS-002,2026-08-05T22:15:00Z,27.2,1010.09,82.63,18.922,72.8347,14.0,False,NORMAL
AWS-003,2026-08-05T22:15:00Z,19.48,834.81,69.02,32.219,76.3234,1457.0,False,NORMAL
AWS-004,2026-08-05T22:15:00Z,29.27,979.4,56.13,26.9124,70.9022,225.0,False,NORMAL
AWS-001,2026-08-05T22:30:00Z,25.77,983.68,74.56,28.6139,77.209,216.0,False,NORMAL
AWS-002,2026-08-05T22:30:00Z,27.01,1010.15,83.13,18.922,72.8347,14.0,False,NORMAL
AWS-003,2026-08-05T22:30:00Z,19.59,834.87,69.42,32.219,76.3234,1457.0,False,NORMAL
AWS-004,2026-08-05T22:30:00Z,29.57,979.37,56.58,26.9124,70.9022,225.0,False,NORMAL
AWS-001,2026-08-05T22:45:00Z,25.8,983.71,76.0,28.6139,77.209,216.0,False,NORMAL
AWS-002,2026-08-05T22:45:00Z,26.61,1009.86,84.52,18.922,72.8347,14.0,False,NORMAL
AWS-003,2026-08-05T22:45:00Z,19.4,834.59,71.03,32.219,76.3234,1457.0,False,NORMAL
AWS-004,2026-08-05T22:45:00Z,29.54,979.47,58.71,26.9124,70.9022,225.0,False,NORMAL
AWS-001,2026-08-05T23:00:00Z,25.07,983.53,77.57,28.6139,77.209,216.0,False,NORMAL
AWS-002,2026-08-05T23:00:00Z,26.42,1009.59,85.32,18.922,72.8347,14.0,False,NORMAL
AWS-003,2026-08-05T23:00:00Z,17.92,834.46,71.99,32.219,76.3234,1457.0,False,NORMAL
AWS-004,2026-08-05T23:00:00Z,29.83,979.53,60.0,26.9124,70.9022,225.0,False,NORMAL
AWS-001,2026-08-05T23:15:00Z,24.65,983.56,77.05,28.6139,77.209,216.0,False,NORMAL
AWS-002,2026-08-05T23:15:00Z,25.61,1009.62,86.92,18.922,72.8347,14.0,False,NORMAL
AWS-003,2026-08-05T23:15:00Z,19.34,834.55,74.14,32.219,76.3234,1457.0,False,NORMAL
AWS-004,2026-08-05T23:15:00Z,28.85,979.36,60.25,26.9124,70.9022,225.0,False,NORMAL
AWS-001,2026-08-05T23:30:00Z,24.52,983.28,79.41,28.6139,77.209,216.0,False,NORMAL
AWS-002,2026-08-05T23:30:00Z,25.55,1009.92,87.7,18.922,72.8347,14.0,False,NORMAL
AWS-003,2026-08-05T23:30:00Z,18.0,834.79,73.85,32.219,76.3234,1457.0,False,NORMAL
AWS-004,2026-08-05T23:30:00Z,28.07,979.17,60.42,26.9124,70.9022,225.0,False,NORMAL
AWS-001,2026-08-05T23:45:00Z,24.24,983.01,79.72,28.6139,77.209,216.0,False,NORMAL
AWS-002,2026-08-05T23:45:00Z,25.62,1009.64,88.14,18.922,72.8347,14.0,False,NORMAL
AWS-003,2026-08-05T23:45:00Z,17.63,834.21,74.72,32.219,76.3234,1457.0,False,NORMAL
AWS-004,2026-08-05T23:45:00Z,27.91,979.03,61.17,26.9124,70.9022,225.0,False,NORMAL
AWS-001,2026-08-06T00:00:00Z,38.48,983.08,80.6,28.6139,77.209,216.0,True,SPIKE
AWS-002,2026-08-06T00:00:00Z,25.11,1009.28,88.51,18.922,72.8347,14.0,False,NORMAL
AWS-003,2026-08-06T00:00:00Z,17.3,834.08,74.83,32.219,76.3234,1457.0,False,NORMAL
AWS-004,2026-08-06T00:00:00Z,28.16,979.1,62.82,26.9124,70.9022,225.0,False,NORMAL
AWS-001,2026-08-06T00:15:00Z,23.77,982.93,80.84,28.6139,77.209,216.0,False,NORMAL
AWS-002,2026-08-06T00:15:00Z,25.24,1009.25,88.84,18.922,72.8347,14.0,False,NORMAL
AWS-003,2026-08-06T00:15:00Z,17.39,834.23,76.75,32.219,76.3234,1457.0,False,NORMAL
AWS-004,2026-08-06T00:15:00Z,27.32,978.75,63.18,26.9124,70.9022,225.0,False,NORMAL
AWS-001,2026-08-06T00:30:00Z,23.68,983.08,81.26,28.6139,77.209,216.0,False,NORMAL
AWS-002,2026-08-06T00:30:00Z,25.17,1009.12,90.4,18.922,72.8347,14.0,False,NORMAL
AWS-003,2026-08-06T00:30:00Z,16.75,834.16,76.51,32.219,76.3234,1457.0,False,NORMAL
AWS-004,2026-08-06T00:30:00Z,27.82,978.58,62.77,26.9124,70.9022,225.0,False,NORMAL
AWS-001,2026-08-06T00:45:00Z,24.26,982.62,82.0,28.6139,77.209,216.0,False,NORMAL
AWS-002,2026-08-06T00:45:00Z,24.7,1008.92,89.46,18.922,72.8347,14.0,False,NORMAL
AWS-003,2026-08-06T00:45:00Z,17.21,833.98,77.28,32.219,76.3234,1457.0,False,NORMAL
AWS-004,2026-08-06T00:45:00Z,27.94,978.51,63.59,26.9124,70.9022,225.0,False,NORMAL
AWS-001,2026-08-06T01:00:00Z,23.71,982.62,82.12,28.6139,77.209,216.0,False,NORMAL
AWS-002,2026-08-06T01:00:00Z,24.01,1008.46,90.52,18.922,72.8347,14.0,False,NORMAL
AWS-003,2026-08-06T01:00:00Z,16.96,833.72,76.71,32.219,76.3234,1457.0,False,NORMAL
AWS-004,2026-08-06T01:00:00Z,28.31,978.45,64.54,26.9124,70.9022,225.0,False,NORMAL
AWS-001,2026-08-06T01:15:00Z,23.29,982.31,82.9,28.6139,77.209,216.0,False,NORMAL
AWS-002,2026-08-06T01:15:00Z,24.82,1008.86,91.35,18.922,72.8347,14.0,False,NORMAL
AWS-003,2026-08-06T01:15:00Z,16.76,833.73,77.56,32.219,76.3234,1457.0,False,NORMAL
AWS-004,2026-08-06T01:15:00Z,27.7,978.32,65.67,26.9124,70.9022,225.0,False,NORMAL
AWS-001,2026-08-06T01:30:00Z,23.53,982.02,82.92,28.6139,77.209,216.0,False,NORMAL
AWS-002,2026-08-06T01:30:00Z,24.88,1008.28,90.7,18.922,72.8347,14.0,False,NORMAL
AWS-003,2026-08-06T01:30:00Z,16.87,833.14,78.0,32.219,76.3234,1457.0,False,NORMAL
AWS-004,2026-08-06T01:30:00Z,26.45,978.15,65.82,26.9124,70.9022,225.0,False,NORMAL
AWS-001,2026-08-06T01:45:00Z,22.88,982.15,82.72,28.6139,77.209,216.0,False,NORMAL
AWS-002,2026-08-06T01:45:00Z,24.94,1008.11,91.13,18.922,72.8347,14.0,False,NORMAL
AWS-003,2026-08-06T01:45:00Z,16.98,833.2,78.11,32.219,76.3234,1457.0,False,NORMAL
AWS-004,2026-08-06T01:45:00Z,27.07,978.12,65.53,26.9124,70.9022,225.0,False,NORMAL
AWS-001,2026-08-06T02:00:00Z,23.44,981.72,83.34,28.6139,77.209,216.0,False,NORMAL
AWS-002,2026-08-06T02:00:00Z,24.78,1008.29,91.04,18.922,72.8347,14.0,False,NORMAL
AWS-003,2026-08-06T02:00:00Z,17.43,833.46,79.35,32.219,76.3234,1457.0,False,NORMAL
AWS-004,2026-08-06T02:00:00Z,26.82,977.59,65.95,26.9124,70.9022,225.0,False,NORMAL
AWS-001,2026-08-06T02:15:00Z,23.33,981.63,83.42,28.6139,77.209,216.0,False,NORMAL
AWS-002,2026-08-06T02:15:00Z,24.43,1008.12,90.78,18.922,72.8347,14.0,False,NORMAL
AWS-003,2026-08-06T02:15:00Z,16.3,832.99,78.51,32.219,76.3234,1457.0,False,NORMAL
AWS-004,2026-08-06T02:15:00Z,27.01,977.35,64.93,26.9124,70.9022,225.0,False,NORMAL
AWS-001,2026-08-06T02:30:00Z,22.78,981.69,83.36,28.6139,77.209,216.0,False,NORMAL
AWS-002,2026-08-06T02:30:00Z,24.78,1008.1,91.3,18.922,72.8347,14.0,False,NORMAL
AWS-003,2026-08-06T02:30:00Z,17.03,832.66,77.83,32.219,76.3234,1457.0,False,NORMAL
AWS-004,2026-08-06T02:30:00Z,27.23,977.65,65.33,26.9124,70.9022,225.0,False,NORMAL
AWS-001,2026-08-06T02:45:00Z,23.41,981.55,82.85,28.6139,77.209,216.0,False,NORMAL
AWS-002,2026-08-06T02:45:00Z,24.8,1007.93,90.84,18.922,72.8347,14.0,False,NORMAL
AWS-003,2026-08-06T02:45:00Z,16.79,832.66,76.67,32.219,76.3234,1457.0,False,NORMAL
AWS-004,2026-08-06T02:45:00Z,27.17,977.62,64.03,26.9124,70.9022,225.0,False,NORMAL
AWS-001,2026-08-06T03:00:00Z,23.42,981.47,82.24,28.6139,77.209,216.0,False,NORMAL
AWS-002,2026-08-06T03:00:00Z,24.26,1007.8,90.46,18.922,72.8347,14.0,False,NORMAL
AWS-003,2026-08-06T03:00:00Z,16.02,832.73,79.71,32.219,76.3234,1457.0,False,NORMAL
AWS-004,2026-08-06T03:00:00Z,27.53,977.42,64.31,26.9124,70.9022,225.0,False,NORMAL
AWS-001,2026-08-06T03:15:00Z,23.85,981.29,82.08,28.6139,77.209,216.0,False,NORMAL
AWS-002,2026-08-06T03:15:00Z,25.06,1007.77,90.54,18.922,72.8347,14.0,False,NORMAL
AWS-003,2026-08-06T03:15:00Z,17.68,833.02,76.17,32.219,76.3234,1457.0,False,NORMAL
AWS-004,2026-08-06T03:15:00Z,27.01,977.37,64.03,26.9124,70.9022,225.0,False,NORMAL
AWS-001,2026-08-06T03:30:00Z,23.78,981.38,81.17,28.6139,77.209,216.0,False,NORMAL
AWS-002,2026-08-06T03:30:00Z,25.39,1007.45,90.25,18.922,72.8347,14.0,False,NORMAL
AWS-003,2026-08-06T03:30:00Z,17.45,832.65,76.02,32.219,76.3234,1457.0,False,NORMAL
AWS-004,2026-08-06T03:30:00Z,27.97,977.38,63.38,26.9124,70.9022,225.0,False,NORMAL
AWS-001,2026-08-06T03:45:00Z,23.71,981.38,80.85,28.6139,77.209,216.0,False,NORMAL
AWS-002,2026-08-06T03:45:00Z,25.87,1007.74,89.55,18.922,72.8347,14.0,False,NORMAL
AWS-003,2026-08-06T03:45:00Z,17.66,832.43,76.8,32.219,76.3234,1457.0,False,NORMAL
AWS-004,2026-08-06T03:45:00Z,28.07,977.15,63.69,26.9124,70.9022,225.0,False,NORMAL
AWS-001,2026-08-06T04:00:00Z,23.74,981.22,80.48,28.6139,77.209,216.0,False,NORMAL
AWS-002,2026-08-06T04:00:00Z,25.48,1007.56,87.11,18.922,72.8347,14.0,False,NORMAL
AWS-003,2026-08-06T04:00:00Z,16.9,832.82,74.94,32.219,76.3234,1457.0,False,NORMAL
AWS-004,2026-08-06T04:00:00Z,28.3,977.24,63.24,26.9124,70.9022,225.0,False,NORMAL
AWS-001,2026-08-06T04:15:00Z,23.84,981.42,80.09,28.6139,77.209,216.0,False,NORMAL
AWS-002,2026-08-06T04:15:00Z,25.3,1007.55,87.55,18.922,72.8347,14.0,False,NORMAL
AWS-003,2026-08-06T04:15:00Z,18.9,832.86,74.03,32.219,76.3234,1457.0,False,NORMAL
AWS-004,2026-08-06T04:15:00Z,27.81,977.27,61.71,26.9124,70.9022,225.0,False,NORMAL
AWS-001,2026-08-06T04:30:00Z,24.92,981.2,79.57,28.6139,77.209,216.0,False,NORMAL
AWS-002,2026-08-06T04:30:00Z,26.06,1007.54,87.31,18.922,72.8347,14.0,False,NORMAL
AWS-003,2026-08-06T04:30:00Z,17.03,832.85,73.44,32.219,76.3234,1457.0,False,NORMAL
AWS-004,2026-08-06T04:30:00Z,28.58,977.08,60.17,26.9124,70.9022,225.0,False,NORMAL
AWS-001,2026-08-06T04:45:00Z,23.86,981.28,77.23,28.6139,77.209,216.0,False,NORMAL
AWS-002,2026-08-06T04:45:00Z,26.22,1007.54,85.38,18.922,72.8347,14.0,False,NORMAL
AWS-003,2026-08-06T04:45:00Z,18.4,832.92,73.98,32.219,76.3234,1457.0,False,NORMAL
AWS-004,2026-08-06T04:45:00Z,28.41,977.61,60.3,26.9124,70.9022,225.0,False,NORMAL
AWS-001,2026-08-06T05:00:00Z,25.47,981.51,76.78,28.6139,77.209,216.0,False,NORMAL
AWS-002,2026-08-06T05:00:00Z,26.71,1007.87,85.33,18.922,72.8347,14.0,False,NORMAL
AWS-003,2026-08-06T05:00:00Z,19.0,832.89,72.14,32.219,76.3234,1457.0,False,NORMAL
AWS-004,2026-08-06T05:00:00Z,29.3,977.44,59.62,26.9124,70.9022,225.0,False,NORMAL
AWS-001,2026-08-06T05:15:00Z,25.13,981.58,76.18,28.6139,77.209,216.0,False,NORMAL
AWS-002,2026-08-06T05:15:00Z,26.37,1008.03,84.24,18.922,72.8347,14.0,False,NORMAL
AWS-003,2026-08-06T05:15:00Z,18.67,832.94,71.55,32.219,76.3234,1457.0,False,NORMAL
AWS-004,2026-08-06T05:15:00Z,29.51,977.47,58.85,26.9124,70.9022,225.0,False,NORMAL
AWS-001,2026-08-06T05:30:00Z,25.77,981.59,75.4,28.6139,77.209,216.0,False,NORMAL
AWS-002,2026-08-06T05:30:00Z,26.73,1008.11,83.66,18.922,72.8347,14.0,False,NORMAL
AWS-003,2026-08-06T05:30:00Z,18.81,832.93,71.12,32.219,76.3234,1457.0,False,NORMAL
AWS-004,2026-08-06T05:30:00Z,29.83,977.59,56.36,26.9124,70.9022,225.0,False,NORMAL
AWS-001,2026-08-06T05:45:00Z,25.99,981.75,73.84,28.6139,77.209,216.0,False,NORMAL
AWS-002,2026-08-06T05:45:00Z,27.54,1008.22,80.38,18.922,72.8347,14.0,False,NORMAL
AWS-003,2026-08-06T05:45:00Z,19.46,833.68,69.42,32.219,76.3234,1457.0,False,NORMAL
AWS-004,2026-08-06T05:45:00Z,30.1,977.74,55.63,26.9124,70.9022,225.0,False,NORMAL
AWS-001,2026-08-06T06:00:00Z,26.38,981.88,72.52,28.6139,77.209,216.0,False,NORMAL
AWS-002,2026-08-06T06:00:00Z,26.99,1008.35,81.01,18.922,72.8347,14.0,False,NORMAL
AWS-003,2026-08-06T06:00:00Z,20.18,833.41,68.25,32.219,76.3234,1457.0,False,NORMAL
AWS-004,2026-08-06T06:00:00Z,31.03,977.98,54.55,26.9124,70.9022,225.0,False,NORMAL
AWS-001,2026-08-06T06:15:00Z,26.66,981.73,71.4,28.6139,77.209,216.0,False,NORMAL
AWS-002,2026-08-06T06:15:00Z,27.98,1008.35,79.17,18.922,72.8347,14.0,False,NORMAL
AWS-003,2026-08-06T06:15:00Z,20.55,833.37,65.52,32.219,76.3234,1457.0,False,NORMAL
AWS-004,2026-08-06T06:15:00Z,30.71,977.95,53.35,26.9124,70.9022,225.0,False,NORMAL
AWS-001,2026-08-06T06:30:00Z,27.32,982.06,69.87,28.6139,77.209,216.0,False,NORMAL
AWS-002,2026-08-06T06:30:00Z,27.84,1008.64,78.07,18.922,72.8347,14.0,False,NORMAL
AWS-003,2026-08-06T06:30:00Z,19.94,833.0,64.11,32.219,76.3234,1457.0,False,NORMAL
AWS-004,2026-08-06T06:30:00Z,31.7,977.93,52.71,26.9124,70.9022,225.0,False,NORMAL
AWS-001,2026-08-06T06:45:00Z,27.18,982.38,69.84,28.6139,77.209,216.0,False,NORMAL
AWS-002,2026-08-06T06:45:00Z,28.3,1008.72,77.32,18.922,72.8347,14.0,False,NORMAL
AWS-003,2026-08-06T06:45:00Z,20.94,833.85,66.4,32.219,76.3234,1457.0,False,NORMAL
AWS-004,2026-08-06T06:45:00Z,31.64,978.45,51.02,26.9124,70.9022,225.0,False,NORMAL
AWS-001,2026-08-06T07:00:00Z,27.82,982.51,68.61,28.6139,77.209,216.0,False,NORMAL
AWS-002,2026-08-06T07:00:00Z,29.47,1008.56,77.15,18.922,72.8347,14.0,False,NORMAL
AWS-003,2026-08-06T07:00:00Z,20.93,833.58,62.76,32.219,76.3234,1457.0,False,NORMAL
AWS-004,2026-08-06T07:00:00Z,31.31,978.69,50.8,26.9124,70.9022,225.0,False,NORMAL
AWS-001,2026-08-06T07:15:00Z,28.96,982.62,66.52,28.6139,77.209,216.0,False,NORMAL
AWS-002,2026-08-06T07:15:00Z,29.61,1009.15,75.58,18.922,72.8347,14.0,False,NORMAL
AWS-003,2026-08-06T07:15:00Z,21.08,833.91,62.17,32.219,76.3234,1457.0,False,NORMAL
AWS-004,2026-08-06T07:15:00Z,32.48,978.61,48.53,26.9124,70.9022,225.0,False,NORMAL
AWS-001,2026-08-06T07:30:00Z,27.9,982.57,65.77,28.6139,77.209,216.0,False,NORMAL
AWS-002,2026-08-06T07:30:00Z,29.31,1009.06,74.05,18.922,72.8347,14.0,False,NORMAL
AWS-003,2026-08-06T07:30:00Z,22.52,833.97,62.08,32.219,76.3234,1457.0,False,NORMAL
AWS-004,2026-08-06T07:30:00Z,33.19,978.74,47.44,26.9124,70.9022,225.0,False,NORMAL
AWS-001,2026-08-06T07:45:00Z,28.45,982.89,65.23,28.6139,77.209,216.0,False,NORMAL
AWS-002,2026-08-06T07:45:00Z,29.89,1009.17,73.63,18.922,72.8347,14.0,False,NORMAL
AWS-003,2026-08-06T07:45:00Z,22.85,834.02,59.82,32.219,76.3234,1457.0,False,NORMAL
AWS-004,2026-08-06T07:45:00Z,32.89,978.45,46.09,26.9124,70.9022,225.0,False,NORMAL
AWS-001,2026-08-06T08:00:00Z,29.15,983.11,63.69,28.6139,77.209,216.0,False,NORMAL
AWS-002,2026-08-06T08:00:00Z,31.07,1009.37,70.83,18.922,72.8347,14.0,False,NORMAL
AWS-003,2026-08-06T08:00:00Z,23.02,834.31,59.26,32.219,76.3234,1457.0,False,NORMAL
AWS-004,2026-08-06T08:00:00Z,33.78,978.85,44.71,26.9124,70.9022,225.0,False,NORMAL
AWS-001,2026-08-06T08:15:00Z,29.61,983.23,61.75,28.6139,77.209,216.0,False,NORMAL
AWS-002,2026-08-06T08:15:00Z,30.97,1009.84,70.1,18.922,72.8347,14.0,False,NORMAL
AWS-003,2026-08-06T08:15:00Z,23.2,834.48,57.17,32.219,76.3234,1457.0,False,NORMAL
AWS-004,2026-08-06T08:15:00Z,33.73,979.21,43.69,26.9124,70.9022,225.0,False,NORMAL
AWS-001,2026-08-06T08:30:00Z,30.0,983.42,60.49,28.6139,77.209,216.0,False,NORMAL
AWS-002,2026-08-06T08:30:00Z,30.47,1009.52,68.59,18.922,72.8347,14.0,False,NORMAL
AWS-003,2026-08-06T08:30:00Z,23.68,834.79,56.7,32.219,76.3234,1457.0,False,NORMAL
AWS-004,2026-08-06T08:30:00Z,34.29,979.38,42.44,26.9124,70.9022,225.0,False,NORMAL
AWS-001,2026-08-06T08:45:00Z,30.76,983.48,58.85,28.6139,77.209,216.0,False,NORMAL
AWS-002,2026-08-06T08:45:00Z,32.5,1009.74,66.91,18.922,72.8347,14.0,False,NORMAL
AWS-003,2026-08-06T08:45:00Z,23.77,834.55,54.55,32.219,76.3234,1457.0,False,NORMAL
AWS-004,2026-08-06T08:45:00Z,34.48,979.28,40.83,26.9124,70.9022,225.0,False,NORMAL
AWS-001,2026-08-06T09:00:00Z,30.47,983.62,56.87,28.6139,77.209,216.0,False,NORMAL
AWS-002,2026-08-06T09:00:00Z,31.84,1009.92,66.04,18.922,72.8347,14.0,False,NORMAL
AWS-003,2026-08-06T09:00:00Z,24.6,834.65,53.07,32.219,76.3234,1457.0,False,NORMAL
AWS-004,2026-08-06T09:00:00Z,34.37,979.47,40.26,26.9124,70.9022,225.0,False,NORMAL
AWS-001,2026-08-06T09:15:00Z,31.75,983.35,55.89,28.6139,77.209,216.0,False,NORMAL
AWS-002,2026-08-06T09:15:00Z,32.08,1010.12,64.49,18.922,72.8347,14.0,False,NORMAL
AWS-003,2026-08-06T09:15:00Z,24.14,834.97,52.03,32.219,76.3234,1457.0,False,NORMAL
AWS-004,2026-08-06T09:15:00Z,35.57,979.73,38.5,26.9124,70.9022,225.0,False,NORMAL
AWS-001,2026-08-06T09:30:00Z,31.38,983.68,55.23,28.6139,77.209,216.0,False,NORMAL
AWS-002,2026-08-06T09:30:00Z,33.11,1010.17,63.41,18.922,72.8347,14.0,False,NORMAL
AWS-003,2026-08-06T09:30:00Z,25.21,834.79,50.92,32.219,76.3234,1457.0,False,NORMAL
AWS-004,2026-08-06T09:30:00Z,35.92,979.34,36.58,26.9124,70.9022,225.0,False,NORMAL
AWS-001,2026-08-06T09:45:00Z,32.31,983.45,54.36,28.6139,77.209,216.0,False,NORMAL
AWS-002,2026-08-06T09:45:00Z,33.22,1009.85,61.87,18.922,72.8347,14.0,False,NORMAL
AWS-003,2026-08-06T09:45:00Z,25.77,834.85,49.14,32.219,76.3234,1457.0,False,NORMAL
AWS-004,2026-08-06T09:45:00Z,35.94,979.26,35.47,26.9124,70.9022,225.0,False,NORMAL
AWS-001,2026-08-06T10:00:00Z,32.17,983.61,52.67,28.6139,77.209,216.0,False,NORMAL
AWS-002,2026-08-06T10:00:00Z,33.54,1010.0,60.75,18.922,72.8347,14.0,False,NORMAL
AWS-003,2026-08-06T10:00:00Z,26.47,834.49,46.84,32.219,76.3234,1457.0,False,NORMAL
AWS-004,2026-08-06T10:00:00Z,37.47,979.65,35.36,26.9124,70.9022,225.0,False,NORMAL
AWS-001,2026-08-06T10:15:00Z,32.94,983.61,51.75,28.6139,77.209,216.0,False,NORMAL
AWS-002,2026-08-06T10:15:00Z,34.45,1009.75,58.41,18.922,72.8347,14.0,False,NORMAL
AWS-003,2026-08-06T10:15:00Z,25.79,834.6,46.35,32.219,76.3234,1457.0,False,NORMAL
AWS-004,2026-08-06T10:15:00Z,36.43,979.84,33.7,26.9124,70.9022,225.0,False,NORMAL
AWS-001,2026-08-06T10:30:00Z,32.6,983.68,50.64,28.6139,77.209,216.0,False,NORMAL
AWS-002,2026-08-06T10:30:00Z,34.02,1010.03,58.78,18.922,72.8347,14.0,False,NORMAL
AWS-003,2026-08-06T10:30:00Z,27.07,834.93,46.62,32.219,76.3234,1457.0,False,NORMAL
AWS-004,2026-08-06T10:30:00Z,36.89,979.64,32.49,26.9124,70.9022,225.0,False,NORMAL
AWS-001,2026-08-06T10:45:00Z,33.57,983.46,50.0,28.6139,77.209,216.0,False,NORMAL
AWS-002,2026-08-06T10:45:00Z,34.77,1009.94,57.96,18.922,72.8347,14.0,False,NORMAL
AWS-003,2026-08-06T10:45:00Z,26.83,834.6,45.28,32.219,76.3234,1457.0,False,NORMAL
AWS-004,2026-08-06T10:45:00Z,37.02,979.53,31.69,26.9124,70.9022,225.0,False,NORMAL
AWS-001,2026-08-06T11:00:00Z,33.6,983.42,48.63,28.6139,77.209,216.0,False,NORMAL
AWS-002,2026-08-06T11:00:00Z,35.0,1009.57,56.96,18.922,72.8347,14.0,False,NORMAL
AWS-003,2026-08-06T11:00:00Z,26.7,834.48,43.79,32.219,76.3234,1457.0,False,NORMAL
AWS-004,2026-08-06T11:00:00Z,37.76,979.67,30.8,26.9124,70.9022,225.0,False,NORMAL
AWS-001,2026-08-06T11:15:00Z,34.0,983.44,48.2,28.6139,77.209,216.0,False,NORMAL
AWS-002,2026-08-06T11:15:00Z,35.11,1009.59,55.76,18.922,72.8347,14.0,False,NORMAL
AWS-003,2026-08-06T11:15:00Z,27.95,834.66,43.61,32.219,76.3234,1457.0,False,NORMAL
AWS-004,2026-08-06T11:15:00Z,38.15,979.43,28.76,26.9124,70.9022,225.0,False,NORMAL
AWS-001,2026-08-06T11:30:00Z,34.06,983.2,46.69,28.6139,77.209,216.0,False,NORMAL
AWS-002,2026-08-06T11:30:00Z,35.2,1009.79,54.18,18.922,72.8347,14.0,False,NORMAL
AWS-003,2026-08-06T11:30:00Z,27.26,834.33,42.14,32.219,76.3234,1457.0,False,NORMAL
AWS-004,2026-08-06T11:30:00Z,38.72,979.03,28.49,26.9124,70.9022,225.0,False,NORMAL
AWS-001,2026-08-06T11:45:00Z,34.09,983.23,46.77,28.6139,77.209,216.0,False,NORMAL
AWS-002,2026-08-06T11:45:00Z,35.49,1009.64,53.3,18.922,72.8347,14.0,False,NORMAL
AWS-003,2026-08-06T11:45:00Z,28.0,834.32,40.53,32.219,76.3234,1457.0,False,NORMAL
AWS-004,2026-08-06T11:45:00Z,38.35,979.19,28.62,26.9124,70.9022,225.0,False,NORMAL
AWS-001,2026-08-06T12:00:00Z,34.7,983.08,46.24,28.6139,77.209,216.0,False,NORMAL
AWS-002,2026-08-06T12:00:00Z,36.17,1009.59,53.71,18.922,72.8347,14.0,False,NORMAL
AWS-003,2026-08-06T12:00:00Z,27.82,834.14,40.78,32.219,76.3234,1457.0,False,NORMAL
AWS-004,2026-08-06T12:00:00Z,38.43,979.0,27.71,26.9124,70.9022,225.0,False,NORMAL
AWS-001,2026-08-06T12:15:00Z,34.54,982.87,45.29,28.6139,77.209,216.0,False,NORMAL
AWS-002,2026-08-06T12:15:00Z,36.21,1009.23,52.86,18.922,72.8347,14.0,False,NORMAL
AWS-003,2026-08-06T12:15:00Z,28.31,834.05,38.98,32.219,76.3234,1457.0,False,NORMAL
AWS-004,2026-08-06T12:15:00Z,38.26,978.94,26.85,26.9124,70.9022,225.0,False,NORMAL
AWS-001,2026-08-06T12:30:00Z,34.36,982.66,44.38,28.6139,77.209,216.0,False,NORMAL
AWS-002,2026-08-06T12:30:00Z,36.03,1008.94,53.04,18.922,72.8347,14.0,False,NORMAL
AWS-003,2026-08-06T12:30:00Z,28.24,833.58,40.28,32.219,76.3234,1457.0,False,NORMAL
AWS-004,2026-08-06T12:30:00Z,39.21,978.87,26.06,26.9124,70.9022,225.0,False,NORMAL
AWS-001,2026-08-06T12:45:00Z,35.28,982.65,43.96,28.6139,77.209,216.0,False,NORMAL
AWS-002,2026-08-06T12:45:00Z,36.41,1008.96,51.37,18.922,72.8347,14.0,False,NORMAL
AWS-003,2026-08-06T12:45:00Z,29.35,833.73,38.44,32.219,76.3234,1457.0,False,NORMAL
AWS-004,2026-08-06T12:45:00Z,39.0,978.29,26.59,26.9124,70.9022,225.0,False,NORMAL
AWS-001,2026-08-06T13:00:00Z,35.45,982.37,43.05,28.6139,77.209,216.0,False,NORMAL
AWS-002,2026-08-06T13:00:00Z,36.26,1008.72,50.23,18.922,72.8347,14.0,False,NORMAL
AWS-003,2026-08-06T13:00:00Z,29.0,833.65,38.65,32.219,76.3234,1457.0,False,NORMAL
AWS-004,2026-08-06T13:00:00Z,38.92,978.47,26.64,26.9124,70.9022,225.0,False,NORMAL
AWS-001,2026-08-06T13:15:00Z,35.14,982.4,43.72,28.6139,77.209,216.0,False,NORMAL
AWS-002,2026-08-06T13:15:00Z,36.04,1008.54,51.33,18.922,72.8347,14.0,False,NORMAL
AWS-003,2026-08-06T13:15:00Z,28.62,833.56,37.21,32.219,76.3234,1457.0,False,NORMAL
AWS-004,2026-08-06T13:15:00Z,39.13,978.5,24.25,26.9124,70.9022,225.0,False,NORMAL
AWS-001,2026-08-06T13:30:00Z,35.75,982.04,43.13,28.6139,77.209,216.0,False,NORMAL
AWS-002,2026-08-06T13:30:00Z,36.63,1008.59,52.37,18.922,72.8347,14.0,False,NORMAL
AWS-003,2026-08-06T13:30:00Z,29.66,833.21,38.32,32.219,76.3234,1457.0,False,NORMAL
AWS-004,2026-08-06T13:30:00Z,39.01,978.15,24.47,26.9124,70.9022,225.0,False,NORMAL
AWS-001,2026-08-06T13:45:00Z,35.21,982.04,42.84,28.6139,77.209,216.0,False,NORMAL
AWS-002,2026-08-06T13:45:00Z,36.39,1008.25,51.24,18.922,72.8347,14.0,False,NORMAL
AWS-003,2026-08-06T13:45:00Z,29.36,833.42,36.43,32.219,76.3234,1457.0,False,NORMAL
AWS-004,2026-08-06T13:45:00Z,39.72,978.03,24.73,26.9124,70.9022,225.0,False,NORMAL
AWS-001,2026-08-06T14:00:00Z,35.39,981.87,42.23,28.6139,77.209,216.0,False,NORMAL
AWS-002,2026-08-06T14:00:00Z,36.52,1008.18,50.99,18.922,72.8347,14.0,False,NORMAL
AWS-003,2026-08-06T14:00:00Z,28.14,833.0,38.23,32.219,76.3234,1457.0,False,NORMAL
AWS-004,2026-08-06T14:00:00Z,39.31,977.88,24.38,26.9124,70.9022,225.0,False,NORMAL
AWS-001,2026-08-06T14:15:00Z,35.73,981.81,43.33,28.6139,77.209,216.0,False,NORMAL
AWS-002,2026-08-06T14:15:00Z,36.28,1008.13,50.53,18.922,72.8347,14.0,False,NORMAL
AWS-003,2026-08-06T14:15:00Z,28.68,832.89,38.76,32.219,76.3234,1457.0,False,NORMAL
AWS-004,2026-08-06T14:15:00Z,39.35,977.93,26.18,26.9124,70.9022,225.0,False,NORMAL
AWS-001,2026-08-06T14:30:00Z,35.27,981.86,43.7,28.6139,77.209,216.0,False,NORMAL
AWS-002,2026-08-06T14:30:00Z,36.13,1008.06,51.45,18.922,72.8347,14.0,False,NORMAL
AWS-003,2026-08-06T14:30:00Z,28.56,833.06,38.83,32.219,76.3234,1457.0,False,NORMAL
AWS-004,2026-08-06T14:30:00Z,38.95,977.79,24.83,26.9124,70.9022,225.0,False,NORMAL
AWS-001,2026-08-06T14:45:00Z,35.31,981.37,43.11,28.6139,77.209,216.0,False,NORMAL
AWS-002,2026-08-06T14:45:00Z,36.45,1007.8,51.81,18.922,72.8347,14.0,False,NORMAL
AWS-003,2026-08-06T14:45:00Z,28.84,833.21,39.12,32.219,76.3234,1457.0,False,NORMAL
AWS-004,2026-08-06T14:45:00Z,39.47,977.55,25.48,26.9124,70.9022,225.0,False,NORMAL
AWS-001,2026-08-06T15:00:00Z,35.32,981.32,43.61,28.6139,77.209,216.0,False,NORMAL
AWS-002,2026-08-06T15:00:00Z,35.94,1007.74,50.6,18.922,72.8347,14.0,False,NORMAL
AWS-003,2026-08-06T15:00:00Z,29.12,832.77,38.78,32.219,76.3234,1457.0,False,NORMAL
AWS-004,2026-08-06T15:00:00Z,39.05,977.34,26.56,26.9124,70.9022,225.0,False,NORMAL
AWS-001,2026-08-06T15:15:00Z,35.18,981.14,44.24,28.6139,77.209,216.0,False,NORMAL
AWS-002,2026-08-06T15:15:00Z,35.77,1007.67,52.0,18.922,72.8347,14.0,False,NORMAL
AWS-003,2026-08-06T15:15:00Z,28.4,832.64,39.51,32.219,76.3234,1457.0,False,NORMAL
AWS-004,2026-08-06T15:15:00Z,39.51,977.49,26.6,26.9124,70.9022,225.0,False,NORMAL
AWS-001,2026-08-06T15:30:00Z,34.93,981.22,44.49,28.6139,77.209,216.0,False,NORMAL
AWS-002,2026-08-06T15:30:00Z,36.42,1007.56,51.83,18.922,72.8347,14.0,False,NORMAL
AWS-003,2026-08-06T15:30:00Z,28.65,832.64,39.23,32.219,76.3234,1457.0,False,NORMAL
AWS-004,2026-08-06T15:30:00Z,38.91,977.63,25.82,26.9124,70.9022,225.0,False,NORMAL
AWS-001,2026-08-06T15:45:00Z,34.85,981.26,44.89,28.6139,77.209,216.0,False,NORMAL
AWS-002,2026-08-06T15:45:00Z,36.31,1007.87,53.34,18.922,72.8347,14.0,False,NORMAL
AWS-003,2026-08-06T15:45:00Z,28.73,832.34,39.79,32.219,76.3234,1457.0,False,NORMAL
AWS-004,2026-08-06T15:45:00Z,38.85,977.29,27.34,26.9124,70.9022,225.0,False,NORMAL
AWS-001,2026-08-06T16:00:00Z,34.75,981.36,46.6,28.6139,77.209,216.0,False,NORMAL
AWS-002,2026-08-06T16:00:00Z,35.12,1007.57,53.87,18.922,72.8347,14.0,False,NORMAL
AWS-003,2026-08-06T16:00:00Z,27.31,832.56,41.43,32.219,76.3234,1457.0,False,NORMAL
AWS-004,2026-08-06T16:00:00Z,38.6,977.64,28.44,26.9124,70.9022,225.0,False,NORMAL
AWS-001,2026-08-06T16:15:00Z,34.51,981.39,46.12,28.6139,77.209,216.0,False,NORMAL
AWS-002,2026-08-06T16:15:00Z,35.86,1007.64,54.3,18.922,72.8347,14.0,False,NORMAL
AWS-003,2026-08-06T16:15:00Z,28.16,832.82,40.82,32.219,76.3234,1457.0,False,NORMAL
AWS-004,2026-08-06T16:15:00Z,37.9,977.31,27.52,26.9124,70.9022,225.0,False,NORMAL
AWS-001,2026-08-06T16:30:00Z,34.26,981.18,47.2,28.6139,77.209,216.0,False,NORMAL
AWS-002,2026-08-06T16:30:00Z,35.42,1007.81,53.26,18.922,72.8347,14.0,False,NORMAL
AWS-003,2026-08-06T16:30:00Z,27.51,832.46,41.26,32.219,76.3234,1457.0,False,NORMAL
AWS-004,2026-08-06T16:30:00Z,38.46,977.31,28.65,26.9124,70.9022,225.0,False,NORMAL
AWS-001,2026-08-06T16:45:00Z,33.9,981.33,48.59,28.6139,77.209,216.0,False,NORMAL
AWS-002,2026-08-06T16:45:00Z,34.54,1007.69,56.17,18.922,72.8347,14.0,False,NORMAL
AWS-003,2026-08-06T16:45:00Z,26.24,832.59,43.09,32.219,76.3234,1457.0,False,NORMAL
AWS-004,2026-08-06T16:45:00Z,37.14,977.08,29.49,26.9124,70.9022,225.0,False,NORMAL
AWS-001,2026-08-06T17:00:00Z,33.74,981.45,48.22,28.6139,77.209,216.0,False,NORMAL
AWS-002,2026-08-06T17:00:00Z,34.95,1007.58,55.84,18.922,72.8347,14.0,False,NORMAL
AWS-003,2026-08-06T17:00:00Z,27.21,832.59,44.14,32.219,76.3234,1457.0,False,NORMAL
AWS-004,2026-08-06T17:00:00Z,37.13,977.19,30.88,26.9124,70.9022,225.0,False,NORMAL
AWS-001,2026-08-06T17:15:00Z,33.18,981.59,49.69,28.6139,77.209,216.0,False,NORMAL
AWS-002,2026-08-06T17:15:00Z,34.9,1007.84,58.21,18.922,72.8347,14.0,False,NORMAL
AWS-003,2026-08-06T17:15:00Z,27.17,832.58,45.6,32.219,76.3234,1457.0,False,NORMAL
AWS-004,2026-08-06T17:15:00Z,37.19,977.52,31.7,26.9124,70.9022,225.0,False,NORMAL
AWS-001,2026-08-06T17:30:00Z,33.09,981.85,49.89,28.6139,77.209,216.0,False,NORMAL
AWS-002,2026-08-06T17:30:00Z,33.45,1008.05,58.96,18.922,72.8347,14.0,False,NORMAL
AWS-003,2026-08-06T17:30:00Z,28.02,833.27,47.94,32.219,76.3234,1457.0,False,NORMAL
AWS-004,2026-08-06T17:30:00Z,36.97,977.63,32.81,26.9124,70.9022,225.0,False,NORMAL
AWS-001,2026-08-06T17:45:00Z,33.21,981.53,51.71,28.6139,77.209,216.0,False,NORMAL
AWS-002,2026-08-06T17:45:00Z,34.31,1008.05,58.63,18.922,72.8347,14.0,False,NORMAL
AWS-003,2026-08-06T17:45:00Z,26.37,833.04,45.78,32.219,76.3234,1457.0,False,NORMAL
AWS-004,2026-08-06T17:45:00Z,36.73,977.58,34.42,26.9124,70.9022,225.0,False,NORMAL
AWS-001,2026-08-06T18:00:00Z,32.27,981.71,52.54,28.6139,77.209,216.0,False,NORMAL
AWS-002,2026-08-06T18:00:00Z,33.66,1007.92,60.75,18.922,72.8347,14.0,False,NORMAL
AWS-003,2026-08-06T18:00:00Z,25.31,833.18,47.87,32.219,76.3234,1457.0,False,NORMAL
AWS-004,2026-08-06T18:00:00Z,36.19,977.8,34.4,26.9124,70.9022,225.0,False,NORMAL
AWS-001,2026-08-06T18:15:00Z,32.35,982.0,54.32,28.6139,77.209,216.0,False,NORMAL
AWS-002,2026-08-06T18:15:00Z,33.07,1008.38,61.75,18.922,72.8347,14.0,False,NORMAL
AWS-003,2026-08-06T18:15:00Z,25.87,833.39,49.11,32.219,76.3234,1457.0,False,NORMAL
AWS-004,2026-08-06T18:15:00Z,36.13,978.17,36.17,26.9124,70.9022,225.0,False,NORMAL
AWS-001,2026-08-06T18:30:00Z,31.4,982.14,55.22,28.6139,77.209,216.0,False,NORMAL
AWS-002,2026-08-06T18:30:00Z,32.7,1008.79,63.7,18.922,72.8347,14.0,False,NORMAL
AWS-003,2026-08-06T18:30:00Z,24.8,833.55,50.8,32.219,76.3234,1457.0,False,NORMAL
AWS-004,2026-08-06T18:30:00Z,35.63,978.06,37.35,26.9124,70.9022,225.0,False,NORMAL
AWS-001,2026-08-06T18:45:00Z,31.44,982.4,57.01,28.6139,77.209,216.0,False,NORMAL
AWS-002,2026-08-06T18:45:00Z,31.88,1008.56,63.62,18.922,72.8347,14.0,False,NORMAL
AWS-003,2026-08-06T18:45:00Z,24.36,834.07,50.25,32.219,76.3234,1457.0,False,NORMAL
AWS-004,2026-08-06T18:45:00Z,34.65,978.28,38.0,26.9124,70.9022,225.0,False,NORMAL
AWS-001,2026-08-06T19:00:00Z,30.99,982.55,58.25,28.6139,77.209,216.0,False,NORMAL
AWS-002,2026-08-06T19:00:00Z,31.73,1008.93,65.31,18.922,72.8347,14.0,False,NORMAL
AWS-003,2026-08-06T19:00:00Z,24.54,833.69,53.09,32.219,76.3234,1457.0,False,NORMAL
AWS-004,2026-08-06T19:00:00Z,34.56,978.64,40.38,26.9124,70.9022,225.0,False,NORMAL
AWS-001,2026-08-06T19:15:00Z,30.48,982.29,58.69,28.6139,77.209,216.0,False,NORMAL
AWS-002,2026-08-06T19:15:00Z,32.64,1009.12,68.3,18.922,72.8347,14.0,False,NORMAL
AWS-003,2026-08-06T19:15:00Z,24.15,833.69,54.42,32.219,76.3234,1457.0,False,NORMAL
AWS-004,2026-08-06T19:15:00Z,34.76,978.55,40.25,26.9124,70.9022,225.0,False,NORMAL
AWS-001,2026-08-06T19:30:00Z,30.63,982.73,60.0,28.6139,77.209,216.0,False,NORMAL
AWS-002,2026-08-06T19:30:00Z,30.91,1009.63,68.07,18.922,72.8347,14.0,False,NORMAL
AWS-003,2026-08-06T19:30:00Z,23.9,834.03,54.51,32.219,76.3234,1457.0,False,NORMAL
AWS-004,2026-08-06T19:30:00Z,34.34,978.7,42.29,26.9124,70.9022,225.0,False,NORMAL
AWS-001,2026-08-06T19:45:00Z,29.49,983.01,61.78,28.6139,77.209,216.0,False,NORMAL
AWS-002,2026-08-06T19:45:00Z,31.5,1009.04,70.25,18.922,72.8347,14.0,False,NORMAL
AWS-003,2026-08-06T19:45:00Z,23.0,834.23,56.28,32.219,76.3234,1457.0,False,NORMAL
AWS-004,2026-08-06T19:45:00Z,33.93,978.7,43.41,26.9124,70.9022,225.0,False,NORMAL
AWS-001,2026-08-06T20:00:00Z,29.3,982.83,62.9,28.6139,77.209,216.0,False,NORMAL
AWS-002,2026-08-06T20:00:00Z,30.53,1009.54,69.67,18.922,72.8347,14.0,False,NORMAL
AWS-003,2026-08-06T20:00:00Z,23.11,833.83,57.59,32.219,76.3234,1457.0,False,NORMAL
AWS-004,2026-08-06T20:00:00Z,32.62,978.83,44.54,26.9124,70.9022,225.0,False,NORMAL
AWS-001,2026-08-06T20:15:00Z,28.76,983.16,63.46,28.6139,77.209,216.0,False,NORMAL
AWS-002,2026-08-06T20:15:00Z,30.01,1009.59,72.12,18.922,72.8347,14.0,False,NORMAL
AWS-003,2026-08-06T20:15:00Z,21.99,834.19,58.75,32.219,76.3234,1457.0,False,NORMAL
AWS-004,2026-08-06T20:15:00Z,33.47,979.24,45.17,26.9124,70.9022,225.0,False,NORMAL
AWS-001,2026-08-06T20:30:00Z,28.71,983.3,64.95,28.6139,77.209,216.0,False,NORMAL
AWS-002,2026-08-06T20:30:00Z,30.27,1009.76,73.32,18.922,72.8347,14.0,False,NORMAL
AWS-003,2026-08-06T20:30:00Z,21.87,834.68,60.5,32.219,76.3234,1457.0,False,NORMAL
AWS-004,2026-08-06T20:30:00Z,32.84,979.24,47.35,26.9124,70.9022,225.0,False,NORMAL
AWS-001,2026-08-06T20:45:00Z,28.33,983.28,66.99,28.6139,77.209,216.0,False,NORMAL
AWS-002,2026-08-06T20:45:00Z,29.88,1009.79,73.63,18.922,72.8347,14.0,False,NORMAL
AWS-003,2026-08-06T20:45:00Z,21.21,834.55,61.36,32.219,76.3234,1457.0,False,NORMAL
AWS-004,2026-08-06T20:45:00Z,32.09,979.29,49.15,26.9124,70.9022,225.0,False,NORMAL
AWS-001,2026-08-06T21:00:00Z,27.82,983.47,68.21,28.6139,77.209,216.0,False,NORMAL
AWS-002,2026-08-06T21:00:00Z,28.7,1009.84,75.75,18.922,72.8347,14.0,False,NORMAL
AWS-003,2026-08-06T21:00:00Z,21.48,834.38,63.86,32.219,76.3234,1457.0,False,NORMAL
AWS-004,2026-08-06T21:00:00Z,31.6,979.63,50.66,26.9124,70.9022,225.0,False,NORMAL
AWS-001,2026-08-06T21:15:00Z,27.66,983.41,69.83,28.6139,77.209,216.0,False,NORMAL
AWS-002,2026-08-06T21:15:00Z,28.93,1010.07,76.28,18.922,72.8347,14.0,False,NORMAL
AWS-003,2026-08-06T21:15:00Z,21.1,834.69,63.73,32.219,76.3234,1457.0,False,NORMAL
AWS-004,2026-08-06T21:15:00Z,32.19,979.74,51.02,26.9124,70.9022,225.0,False,NORMAL
AWS-001,2026-08-06T21:30:00Z,27.44,983.57,70.6,28.6139,77.209,216.0,False,NORMAL
AWS-002,2026-08-06T21:30:00Z,28.04,1010.02,77.83,18.922,72.8347,14.0,False,NORMAL
AWS-003,2026-08-06T21:30:00Z,21.15,834.41,65.71,32.219,76.3234,1457.0,False,NORMAL
AWS-004,2026-08-06T21:30:00Z,31.19,979.52,51.5,26.9124,70.9022,225.0,False,NORMAL
AWS-001,2026-08-06T21:45:00Z,26.2,983.48,72.04,28.6139,77.209,216.0,False,NORMAL
AWS-002,2026-08-06T21:45:00Z,27.92,1010.07,80.03,18.922,72.8347,14.0,False,NORMAL
AWS-003,2026-08-06T21:45:00Z,19.83,834.56,65.49,32.219,76.3234,1457.0,False,NORMAL
AWS-004,2026-08-06T21:45:00Z,30.89,979.58,53.27,26.9124,70.9022,225.0,False,NORMAL
AWS-001,2026-08-06T22:00:00Z,26.32,983.54,72.47,28.6139,77.209,216.0,False,NORMAL
AWS-002,2026-08-06T22:00:00Z,27.88,1010.01,81.81,18.922,72.8347,14.0,False,NORMAL
AWS-003,2026-08-06T22:00:00Z,21.26,834.67,68.65,32.219,76.3234,1457.0,False,NORMAL
AWS-004,2026-08-06T22:00:00Z,30.52,979.46,54.4,26.9124,70.9022,225.0,False,NORMAL
AWS-001,2026-08-06T22:15:00Z,25.97,983.63,73.11,28.6139,77.209,216.0,False,NORMAL
AWS-002,2026-08-06T22:15:00Z,27.46,1010.11,82.24,18.922,72.8347,14.0,False,NORMAL
AWS-003,2026-08-06T22:15:00Z,18.95,834.74,69.39,32.219,76.3234,1457.0,False,NORMAL
AWS-004,2026-08-06T22:15:00Z,29.5,979.48,55.56,26.9124,70.9022,225.0,False,NORMAL
AWS-001,2026-08-06T22:30:00Z,26.21,983.59,75.16,28.6139,77.209,216.0,False,NORMAL
AWS-002,2026-08-06T22:30:00Z,27.13,1010.13,83.45,18.922,72.8347,14.0,False,NORMAL
AWS-003,2026-08-06T22:30:00Z,19.08,834.44,69.25,32.219,76.3234,1457.0,False,NORMAL
AWS-004,2026-08-06T22:30:00Z,29.98,979.76,56.32,26.9124,70.9022,225.0,False,NORMAL
AWS-001,2026-08-06T22:45:00Z,25.72,983.52,76.28,28.6139,77.209,216.0,False,NORMAL
AWS-002,2026-08-06T22:45:00Z,26.5,1010.09,83.18,18.922,72.8347,14.0,False,NORMAL
AWS-003,2026-08-06T22:45:00Z,18.92,834.46,69.84,32.219,76.3234,1457.0,False,NORMAL
AWS-004,2026-08-06T22:45:00Z,29.19,979.44,57.82,26.9124,70.9022,225.0,False,NORMAL
AWS-001,2026-08-06T23:00:00Z,25.58,983.62,76.45,28.6139,77.209,216.0,False,NORMAL
AWS-002,2026-08-06T23:00:00Z,25.51,1009.8,85.43,18.922,72.8347,14.0,False,NORMAL
AWS-003,2026-08-06T23:00:00Z,18.51,834.37,73.53,32.219,76.3234,1457.0,False,NORMAL
AWS-004,2026-08-06T23:00:00Z,29.36,979.6,58.78,26.9124,70.9022,225.0,False,NORMAL
AWS-001,2026-08-06T23:15:00Z,24.99,983.36,78.22,28.6139,77.209,216.0,False,NORMAL
AWS-002,2026-08-06T23:15:00Z,26.55,1009.87,85.78,18.922,72.8347,14.0,False,NORMAL
AWS-003,2026-08-06T23:15:00Z,18.11,834.55,73.3,32.219,76.3234,1457.0,False,NORMAL
AWS-004,2026-08-06T23:15:00Z,28.38,979.27,60.55,26.9124,70.9022,225.0,False,NORMAL
AWS-001,2026-08-06T23:30:00Z,24.99,983.38,78.47,28.6139,77.209,216.0,False,NORMAL
AWS-002,2026-08-06T23:30:00Z,26.15,1009.45,86.36,18.922,72.8347,14.0,False,NORMAL
AWS-003,2026-08-06T23:30:00Z,17.96,834.29,74.43,32.219,76.3234,1457.0,False,NORMAL
AWS-004,2026-08-06T23:30:00Z,28.99,979.33,60.76,26.9124,70.9022,225.0,False,NORMAL
AWS-001,2026-08-06T23:45:00Z,24.9,983.15,79.91,28.6139,77.209,216.0,False,NORMAL
AWS-002,2026-08-06T23:45:00Z,25.08,1009.32,87.33,18.922,72.8347,14.0,False,NORMAL
AWS-003,2026-08-06T23:45:00Z,17.56,834.12,73.96,32.219,76.3234,1457.0,False,NORMAL
AWS-004,2026-08-06T23:45:00Z,28.56,979.09,61.64,26.9124,70.9022,225.0,False,NORMAL
AWS-001,2026-08-07T00:00:00Z,24.04,983.08,80.22,28.6139,77.209,216.0,False,NORMAL
AWS-002,2026-08-07T00:00:00Z,25.88,1009.32,89.03,18.922,72.8347,14.0,False,NORMAL
AWS-003,2026-08-07T00:00:00Z,17.86,833.85,74.17,32.219,76.3234,1457.0,False,NORMAL
AWS-004,2026-08-07T00:00:00Z,28.23,979.13,62.51,26.9124,70.9022,225.0,False,NORMAL
AWS-001,2026-08-07T00:15:00Z,24.15,982.97,81.02,28.6139,77.209,216.0,False,NORMAL
AWS-002,2026-08-07T00:15:00Z,24.74,1009.32,89.85,18.922,72.8347,14.0,False,NORMAL
AWS-003,2026-08-07T00:15:00Z,17.5,834.27,76.82,32.219,76.3234,1457.0,False,NORMAL
AWS-004,2026-08-07T00:15:00Z,27.78,978.71,63.8,26.9124,70.9022,225.0,False,NORMAL
AWS-001,2026-08-07T00:30:00Z,23.93,982.95,81.7,28.6139,77.209,216.0,False,NORMAL
AWS-002,2026-08-07T00:30:00Z,24.37,1009.19,89.04,18.922,72.8347,14.0,False,NORMAL
AWS-003,2026-08-07T00:30:00Z,17.57,833.83,76.59,32.219,76.3234,1457.0,False,NORMAL
AWS-004,2026-08-07T00:30:00Z,28.43,979.01,62.86,26.9124,70.9022,225.0,False,NORMAL
AWS-001,2026-08-07T00:45:00Z,24.11,982.83,82.01,28.6139,77.209,216.0,False,NORMAL
AWS-002,2026-08-07T00:45:00Z,25.64,1009.13,88.44,18.922,72.8347,14.0,False,NORMAL
AWS-003,2026-08-07T00:45:00Z,17.52,834.04,76.28,32.219,76.3234,1457.0,False,NORMAL
AWS-004,2026-08-07T00:45:00Z,27.19,978.79,64.33,26.9124,70.9022,225.0,False,NORMAL
AWS-001,2026-08-07T01:00:00Z,23.7,982.39,82.11,28.6139,77.209,216.0,False,NORMAL
AWS-002,2026-08-07T01:00:00Z,25.19,1008.91,89.74,18.922,72.8347,14.0,False,NORMAL
AWS-003,2026-08-07T01:00:00Z,17.67,833.52,76.87,32.219,76.3234,1457.0,False,NORMAL
AWS-004,2026-08-07T01:00:00Z,26.86,978.45,63.76,26.9124,70.9022,225.0,False,NORMAL
AWS-001,2026-08-07T01:15:00Z,23.49,982.39,82.22,28.6139,77.209,216.0,False,NORMAL
AWS-002,2026-08-07T01:15:00Z,24.26,1008.66,91.54,18.922,72.8347,14.0,False,NORMAL
AWS-003,2026-08-07T01:15:00Z,16.17,833.57,79.09,32.219,76.3234,1457.0,False,NORMAL
AWS-004,2026-08-07T01:15:00Z,27.71,978.37,63.78,26.9124,70.9022,225.0,False,NORMAL
AWS-001,2026-08-07T01:30:00Z,23.87,982.11,82.97,28.6139,77.209,216.0,False,NORMAL
AWS-002,2026-08-07T01:30:00Z,24.16,1008.3,91.03,18.922,72.8347,14.0,False,NORMAL
AWS-003,2026-08-07T01:30:00Z,16.95,833.4,79.61,32.219,76.3234,1457.0,False,NORMAL
AWS-004,2026-08-07T01:30:00Z,27.74,978.24,64.71,26.9124,70.9022,225.0,False,NORMAL
AWS-001,2026-08-07T01:45:00Z,22.99,981.99,83.12,28.6139,77.209,216.0,False,NORMAL
AWS-002,2026-08-07T01:45:00Z,23.94,1008.26,90.88,18.922,72.8347,14.0,False,NORMAL
AWS-003,2026-08-07T01:45:00Z,16.24,833.67,78.22,32.219,76.3234,1457.0,False,NORMAL
AWS-004,2026-08-07T01:45:00Z,26.88,978.1,64.56,26.9124,70.9022,225.0,False,NORMAL
AWS-001,2026-08-07T02:00:00Z,23.31,981.85,83.18,28.6139,77.209,216.0,False,NORMAL
AWS-002,2026-08-07T02:00:00Z,24.78,1008.33,90.73,18.922,72.8347,14.0,False,NORMAL
AWS-003,2026-08-07T02:00:00Z,17.75,833.19,79.69,32.219,76.3234,1457.0,False,NORMAL
AWS-004,2026-08-07T02:00:00Z,27.27,977.73,64.36,26.9124,70.9022,225.0,False,NORMAL
AWS-001,2026-08-07T02:15:00Z,23.64,981.48,82.41,28.6139,77.209,216.0,False,NORMAL
AWS-002,2026-08-07T02:15:00Z,24.3,1008.28,90.1,18.922,72.8347,14.0,False,NORMAL
AWS-003,2026-08-07T02:15:00Z,16.95,832.92,78.18,32.219,76.3234,1457.0,False,NORMAL
AWS-004,2026-08-07T02:15:00Z,27.18,977.59,65.01,26.9124,70.9022,225.0,False,NORMAL
AWS-001,2026-08-07T02:30:00Z,23.1,981.87,82.42,28.6139,77.209,216.0,False,NORMAL
AWS-002,2026-08-07T02:30:00Z,25.1,1007.89,90.79,18.922,72.8347,14.0,False,NORMAL
AWS-003,2026-08-07T02:30:00Z,16.76,832.75,77.23,32.219,76.3234,1457.0,False,NORMAL
AWS-004,2026-08-07T02:30:00Z,27.97,977.42,64.93,26.9124,70.9022,225.0,False,NORMAL
AWS-001,2026-08-07T02:45:00Z,24.07,981.52,81.92,28.6139,77.209,216.0,False,NORMAL
AWS-002,2026-08-07T02:45:00Z,25.06,1007.73,90.34,18.922,72.8347,14.0,False,NORMAL
AWS-003,2026-08-07T02:45:00Z,17.52,832.57,77.77,32.219,76.3234,1457.0,False,NORMAL
AWS-004,2026-08-07T02:45:00Z,27.49,977.46,64.6,26.9124,70.9022,225.0,False,NORMAL
AWS-001,2026-08-07T03:00:00Z,23.29,981.56,82.83,28.6139,77.209,216.0,False,NORMAL
AWS-002,2026-08-07T03:00:00Z,24.81,1007.79,90.1,18.922,72.8347,14.0,False,NORMAL
AWS-003,2026-08-07T03:00:00Z,17.19,833.03,76.62,32.219,76.3234,1457.0,False,NORMAL
AWS-004,2026-08-07T03:00:00Z,27.57,977.15,63.32,26.9124,70.9022,225.0,False,NORMAL
AWS-001,2026-08-07T03:15:00Z,23.47,981.45,81.86,28.6139,77.209,216.0,False,NORMAL
AWS-002,2026-08-07T03:15:00Z,25.15,1007.72,90.15,18.922,72.8347,14.0,False,NORMAL
AWS-003,2026-08-07T03:15:00Z,17.25,832.67,76.89,32.219,76.3234,1457.0,False,NORMAL
AWS-004,2026-08-07T03:15:00Z,27.66,977.21,63.28,26.9124,70.9022,225.0,False,NORMAL
AWS-001,2026-08-07T03:30:00Z,24.09,981.25,81.15,28.6139,77.209,216.0,False,NORMAL
AWS-002,2026-08-07T03:30:00Z,24.97,1007.82,88.8,18.922,72.8347,14.0,False,NORMAL
AWS-003,2026-08-07T03:30:00Z,17.72,832.65,76.01,32.219,76.3234,1457.0,False,NORMAL
AWS-004,2026-08-07T03:30:00Z,27.52,977.23,63.13,26.9124,70.9022,225.0,False,NORMAL
AWS-001,2026-08-07T03:45:00Z,23.9,981.4,81.09,28.6139,77.209,216.0,False,NORMAL
AWS-002,2026-08-07T03:45:00Z,26.05,1007.68,88.72,18.922,72.8347,14.0,False,NORMAL
AWS-003,2026-08-07T03:45:00Z,17.28,832.72,75.77,32.219,76.3234,1457.0,False,NORMAL
AWS-004,2026-08-07T03:45:00Z,28.14,977.19,62.75,26.9124,70.9022,225.0,False,NORMAL
AWS-001,2026-08-07T04:00:00Z,23.82,981.32,80.71,28.6139,77.209,216.0,False,NORMAL
AWS-002,2026-08-07T04:00:00Z,26.29,1007.74,87.63,18.922,72.8347,14.0,False,NORMAL
AWS-003,2026-08-07T04:00:00Z,17.75,832.87,74.94,32.219,76.3234,1457.0,False,NORMAL
AWS-004,2026-08-07T04:00:00Z,28.16,977.11,63.14,26.9124,70.9022,225.0,False,NORMAL
AWS-001,2026-08-07T04:15:00Z,24.58,981.46,79.43,28.6139,77.209,216.0,False,NORMAL
AWS-002,2026-08-07T04:15:00Z,25.82,1007.66,86.92,18.922,72.8347,14.0,False,NORMAL
AWS-003,2026-08-07T04:15:00Z,18.48,832.69,74.99,32.219,76.3234,1457.0,False,NORMAL
AWS-004,2026-08-07T04:15:00Z,28.4,977.42,61.22,26.9124,70.9022,225.0,False,NORMAL
AWS-001,2026-08-07T04:30:00Z,24.4,981.16,78.55,28.6139,77.209,216.0,False,NORMAL
AWS-002,2026-08-07T04:30:00Z,25.57,1007.52,86.89,18.922,72.8347,14.0,False,NORMAL
AWS-003,2026-08-07T04:30:00Z,18.9,832.52,73.7,32.219,76.3234,1457.0,False,NORMAL
AWS-004,2026-08-07T04:30:00Z,28.42,977.21,60.42,26.9124,70.9022,225.0,False,NORMAL
AWS-001,2026-08-07T04:45:00Z,24.34,981.53,77.41,28.6139,77.209,216.0,False,NORMAL
AWS-002,2026-08-07T04:45:00Z,26.15,1007.65,85.85,18.922,72.8347,14.0,False,NORMAL
AWS-003,2026-08-07T04:45:00Z,18.4,832.86,73.96,32.219,76.3234,1457.0,False,NORMAL
AWS-004,2026-08-07T04:45:00Z,30.02,977.47,59.39,26.9124,70.9022,225.0,False,NORMAL
AWS-001,2026-08-07T05:00:00Z,25.26,981.46,77.13,28.6139,77.209,216.0,False,NORMAL
AWS-002,2026-08-07T05:00:00Z,26.42,1007.54,85.07,18.922,72.8347,14.0,False,NORMAL
AWS-003,2026-08-07T05:00:00Z,18.77,832.9,71.69,32.219,76.3234,1457.0,False,NORMAL
AWS-004,2026-08-07T05:00:00Z,29.51,977.53,58.78,26.9124,70.9022,225.0,False,NORMAL
AWS-001,2026-08-07T05:15:00Z,26.01,981.62,75.42,28.6139,77.209,216.0,False,NORMAL
AWS-002,2026-08-07T05:15:00Z,26.15,1008.19,84.24,18.922,72.8347,14.0,False,NORMAL
AWS-003,2026-08-07T05:15:00Z,19.64,832.8,70.85,32.219,76.3234,1457.0,False,NORMAL
AWS-004,2026-08-07T05:15:00Z,29.2,977.49,59.36,26.9124,70.9022,225.0,False,NORMAL
AWS-001,2026-08-07T05:30:00Z,25.5,981.53,74.99,28.6139,77.209,216.0,False,NORMAL
AWS-002,2026-08-07T05:30:00Z,26.02,1007.83,82.4,18.922,72.8347,14.0,False,NORMAL
AWS-003,2026-08-07T05:30:00Z,19.19,832.97,70.3,32.219,76.3234,1457.0,False,NORMAL
AWS-004,2026-08-07T05:30:00Z,29.25,977.42,56.43,26.9124,70.9022,225.0,False,NORMAL
AWS-001,2026-08-07T05:45:00Z,26.14,981.78,74.74,28.6139,77.209,216.0,False,NORMAL
AWS-002,2026-08-07T05:45:00Z,27.61,1008.18,81.51,18.922,72.8347,14.0,False,NORMAL
AWS-003,2026-08-07T05:45:00Z,19.78,832.86,68.84,32.219,76.3234,1457.0,False,NORMAL
AWS-004,2026-08-07T05:45:00Z,29.76,977.8,56.07,26.9124,70.9022,225.0,False,NORMAL
AWS-001,2026-08-07T06:00:00Z,26.47,982.05,72.98,28.6139,77.209,216.0,False,NORMAL
AWS-002,2026-08-07T06:00:00Z,27.42,1008.35,81.04,18.922,72.8347,14.0,False,NORMAL
AWS-003,2026-08-07T06:00:00Z,20.71,833.35,67.74,32.219,76.3234,1457.0,False,NORMAL
AWS-004,2026-08-07T06:00:00Z,29.73,977.78,54.32,26.9124,70.9022,225.0,False,NORMAL
AWS-001,2026-08-07T06:15:00Z,27.13,981.91,72.26,28.6139,77.209,216.0,False,NORMAL
AWS-002,2026-08-07T06:15:00Z,28.15,1008.43,78.99,18.922,72.8347,14.0,False,NORMAL
AWS-003,2026-08-07T06:15:00Z,20.41,832.76,67.27,32.219,76.3234,1457.0,False,NORMAL
AWS-004,2026-08-07T06:15:00Z,31.47,977.77,53.2,26.9124,70.9022,225.0,False,NORMAL
AWS-001,2026-08-07T06:30:00Z,27.38,981.97,70.63,28.6139,77.209,216.0,False,NORMAL
AWS-002,2026-08-07T06:30:00Z,27.63,1008.49,77.98,18.922,72.8347,14.0,False,NORMAL
AWS-003,2026-08-07T06:30:00Z,20.85,833.34,64.95,32.219,76.3234,1457.0,False,NORMAL
AWS-004,2026-08-07T06:30:00Z,31.72,978.05,52.63,26.9124,70.9022,225.0,False,NORMAL
AWS-001,2026-08-07T06:45:00Z,27.11,982.27,68.68,28.6139,77.209,216.0,False,NORMAL
AWS-002,2026-08-07T06:45:00Z,29.05,1008.81,76.13,18.922,72.8347,14.0,False,NORMAL
AWS-003,2026-08-07T06:45:00Z,21.54,833.55,66.01,32.219,76.3234,1457.0,False,NORMAL
AWS-004,2026-08-07T06:45:00Z,30.63,977.73,51.09,26.9124,70.9022,225.0,False,NORMAL
AWS-001,2026-08-07T07:00:00Z,27.23,982.21,67.89,28.6139,77.209,216.0,False,NORMAL
AWS-002,2026-08-07T07:00:00Z,28.68,1008.9,75.57,18.922,72.8347,14.0,False,NORMAL
AWS-003,2026-08-07T07:00:00Z,21.29,833.57,62.71,32.219,76.3234,1457.0,False,NORMAL
AWS-004,2026-08-07T07:00:00Z,32.01,978.2,49.58,26.9124,70.9022,225.0,False,NORMAL
AWS-001,2026-08-07T07:15:00Z,28.13,982.5,66.72,28.6139,77.209,216.0,False,NORMAL
AWS-002,2026-08-07T07:15:00Z,29.17,1009.1,73.97,18.922,72.8347,14.0,False,NORMAL
AWS-003,2026-08-07T07:15:00Z,22.59,834.04,62.18,32.219,76.3234,1457.0,False,NORMAL
AWS-004,2026-08-07T07:15:00Z,31.87,978.74,49.3,26.9124,70.9022,225.0,False,NORMAL
AWS-001,2026-08-07T07:30:00Z,28.52,982.63,65.2,28.6139,77.209,216.0,False,NORMAL
AWS-002,2026-08-07T07:30:00Z,30.52,1009.02,73.5,18.922,72.8347,14.0,False,NORMAL
AWS-003,2026-08-07T07:30:00Z,21.09,834.01,58.55,32.219,76.3234,1457.0,False,NORMAL
AWS-004,2026-08-07T07:30:00Z,32.61,978.61,48.0,26.9124,70.9022,225.0,False,NORMAL
AWS-001,2026-08-07T07:45:00Z,28.95,983.03,63.68,28.6139,77.209,216.0,False,NORMAL
AWS-002,2026-08-07T07:45:00Z,30.87,1009.06,72.07,18.922,72.8347,14.0,False,NORMAL
AWS-003,2026-08-07T07:45:00Z,22.24,834.01,59.66,32.219,76.3234,1457.0,False,NORMAL
AWS-004,2026-08-07T07:45:00Z,32.93,978.49,46.54,26.9124,70.9022,225.0,False,NORMAL
AWS-001,2026-08-07T08:00:00Z,29.59,983.08,63.14,28.6139,77.209,216.0,False,NORMAL
AWS-002,2026-08-07T08:00:00Z,30.17,1009.31,71.72,18.922,72.8347,14.0,False,NORMAL
AWS-003,2026-08-07T08:00:00Z,23.4,834.38,58.49,32.219,76.3234,1457.0,False,NORMAL
AWS-004,2026-08-07T08:00:00Z,33.2,978.9,43.82,26.9124,70.9022,225.0,False,NORMAL
AWS-001,2026-08-07T08:15:00Z,29.55,982.98,62.2,28.6139,77.209,216.0,False,NORMAL
AWS-002,2026-08-07T08:15:00Z,30.81,1009.53,69.16,18.922,72.8347,14.0,False,NORMAL
AWS-003,2026-08-07T08:15:00Z,23.42,834.12,55.0,32.219,76.3234,1457.0,False,NORMAL
AWS-004,2026-08-07T08:15:00Z,33.85,979.3,44.06,26.9124,70.9022,225.0,False,NORMAL
AWS-001,2026-08-07T08:30:00Z,29.74,983.11,60.23,28.6139,77.209,216.0,False,NORMAL
AWS-002,2026-08-07T08:30:00Z,31.26,1009.9,68.7,18.922,72.8347,14.0,False,NORMAL
AWS-003,2026-08-07T08:30:00Z,23.99,834.38,55.17,32.219,76.3234,1457.0,False,NORMAL
AWS-004,2026-08-07T08:30:00Z,34.02,979.2,43.21,26.9124,70.9022,225.0,False,NORMAL
AWS-001,2026-08-07T08:45:00Z,30.87,983.33,58.44,28.6139,77.209,216.0,False,NORMAL
AWS-002,2026-08-07T08:45:00Z,32.63,1009.75,67.17,18.922,72.8347,14.0,False,NORMAL
AWS-003,2026-08-07T08:45:00Z,23.63,834.45,54.27,32.219,76.3234,1457.0,False,NORMAL
AWS-004,2026-08-07T08:45:00Z,34.31,979.27,40.19,26.9124,70.9022,225.0,False,NORMAL
AWS-001,2026-08-07T09:00:00Z,31.14,983.38,57.99,28.6139,77.209,216.0,False,NORMAL
AWS-002,2026-08-07T09:00:00Z,32.5,1009.88,65.81,18.922,72.8347,14.0,False,NORMAL
AWS-003,2026-08-07T09:00:00Z,24.24,834.45,52.38,32.219,76.3234,1457.0,False,NORMAL
AWS-004,2026-08-07T09:00:00Z,35.3,979.48,39.44,26.9124,70.9022,225.0,False,NORMAL
AWS-001,2026-08-07T09:15:00Z,31.76,983.54,56.46,28.6139,77.209,216.0,False,NORMAL
AWS-002,2026-08-07T09:15:00Z,32.89,1010.02,63.53,18.922,72.8347,14.0,False,NORMAL
AWS-003,2026-08-07T09:15:00Z,25.13,834.55,50.61,32.219,76.3234,1457.0,False,NORMAL
AWS-004,2026-08-07T09:15:00Z,35.52,979.55,39.13,26.9124,70.9022,225.0,False,NORMAL
AWS-001,2026-08-07T09:30:00Z,31.39,983.31,54.55,28.6139,77.209,216.0,False,NORMAL
AWS-002,2026-08-07T09:30:00Z,32.99,1010.1,62.57,18.922,72.8347,14.0,False,NORMAL
AWS-003,2026-08-07T09:30:00Z,25.5,834.76,51.29,32.219,76.3234,1457.0,False,NORMAL
AWS-004,2026-08-07T09:30:00Z,35.88,979.35,37.46,26.9124,70.9022,225.0,False,NORMAL
AWS-001,2026-08-07T09:45:00Z,31.8,983.52,53.61,28.6139,77.209,216.0,False,NORMAL
AWS-002,2026-08-07T09:45:00Z,33.51,1010.06,62.72,18.922,72.8347,14.0,False,NORMAL
AWS-003,2026-08-07T09:45:00Z,25.58,834.79,50.47,32.219,76.3234,1457.0,False,NORMAL
AWS-004,2026-08-07T09:45:00Z,36.33,979.9,35.03,26.9124,70.9022,225.0,False,NORMAL
AWS-001,2026-08-07T10:00:00Z,32.18,983.84,53.05,28.6139,77.209,216.0,False,NORMAL
AWS-002,2026-08-07T10:00:00Z,33.43,1010.2,61.46,18.922,72.8347,14.0,False,NORMAL
AWS-003,2026-08-07T10:00:00Z,25.69,834.33,47.37,32.219,76.3234,1457.0,False,NORMAL
AWS-004,2026-08-07T10:00:00Z,36.22,979.5,35.0,26.9124,70.9022,225.0,False,NORMAL
AWS-001,2026-08-07T10:15:00Z,33.09,983.56,51.43,28.6139,77.209,216.0,False,NORMAL
AWS-002,2026-08-07T10:15:00Z,34.56,1009.95,60.34,18.922,72.8347,14.0,False,NORMAL
AWS-003,2026-08-07T10:15:00Z,25.51,834.62,46.78,32.219,76.3234,1457.0,False,NORMAL
AWS-004,2026-08-07T10:15:00Z,36.55,979.5,34.29,26.9124,70.9022,225.0,False,NORMAL
AWS-001,2026-08-07T10:30:00Z,33.02,983.66,50.45,28.6139,77.209,216.0,False,NORMAL
AWS-002,2026-08-07T10:30:00Z,34.46,1010.01,57.95,18.922,72.8347,14.0,False,NORMAL
AWS-003,2026-08-07T10:30:00Z,26.78,834.61,45.4,32.219,76.3234,1457.0,False,NORMAL
AWS-004,2026-08-07T10:30:00Z,36.98,979.61,32.54,26.9124,70.9022,225.0,False,NORMAL
AWS-001,2026-08-07T10:45:00Z,33.55,983.66,49.11,28.6139,77.209,216.0,False,NORMAL
AWS-002,2026-08-07T10:45:00Z,35.35,1009.71,57.18,18.922,72.8347,14.0,False,NORMAL
AWS-003,2026-08-07T10:45:00Z,26.4,834.61,45.87,32.219,76.3234,1457.0,False,NORMAL
AWS-004,2026-08-07T10:45:00Z,37.25,979.52,31.64,26.9124,70.9022,225.0,False,NORMAL
AWS-001,2026-08-07T11:00:00Z,33.84,983.55,49.01,28.6139,77.209,216.0,False,NORMAL
AWS-002,2026-08-07T11:00:00Z,35.53,1010.08,55.1,18.922,72.8347,14.0,False,NORMAL
AWS-003,2026-08-07T11:00:00Z,26.85,834.49,42.96,32.219,76.3234,1457.0,False,NORMAL
AWS-004,2026-08-07T11:00:00Z,37.55,979.36,31.01,26.9124,70.9022,225.0,False,NORMAL
AWS-001,2026-08-07T11:15:00Z,34.19,983.23,47.77,28.6139,77.209,216.0,False,NORMAL
AWS-002,2026-08-07T11:15:00Z,34.88,1009.77,56.33,18.922,72.8347,14.0,False,NORMAL
AWS-003,2026-08-07T11:15:00Z,27.26,834.48,42.24,32.219,76.3234,1457.0,False,NORMAL
AWS-004,2026-08-07T11:15:00Z,38.28,979.48,29.07,26.9124,70.9022,225.0,False,NORMAL
AWS-001,2026-08-07T11:30:00Z,34.06,983.21,46.59,28.6139,77.209,216.0,False,NORMAL
AWS-002,2026-08-07T11:30:00Z,34.54,1009.85,55.71,18.922,72.8347,14.0,False,NORMAL
AWS-003,2026-08-07T11:30:00Z,27.47,834.51,42.76,32.219,76.3234,1457.0,False,NORMAL
AWS-004,2026-08-07T11:30:00Z,37.62,979.54,28.82,26.9124,70.9022,225.0,False,NORMAL
AWS-001,2026-08-07T11:45:00Z,34.81,983.08,46.61,28.6139,77.209,216.0,False,NORMAL
AWS-002,2026-08-07T11:45:00Z,35.39,1009.61,53.19,18.922,72.8347,14.0,False,NORMAL
AWS-003,2026-08-07T11:45:00Z,27.44,834.4,40.79,32.219,76.3234,1457.0,False,NORMAL
AWS-004,2026-08-07T11:45:00Z,37.93,979.24,28.67,26.9124,70.9022,225.0,False,NORMAL
AWS-001,2026-08-07T12:00:00Z,34.3,983.03,46.18,28.6139,77.209,216.0,False,NORMAL
AWS-002,2026-08-07T12:00:00Z,36.04,1009.65,53.66,18.922,72.8347,14.0,False,NORMAL
AWS-003,2026-08-07T12:00:00Z,27.73,834.0,39.98,32.219,76.3234,1457.0,False,NORMAL
AWS-004,2026-08-07T12:00:00Z,39.14,979.01,26.65,26.9124,70.9022,225.0,False,NORMAL
AWS-001,2026-08-07T12:15:00Z,35.0,982.93,43.79,28.6139,77.209,216.0,False,NORMAL
AWS-002,2026-08-07T12:15:00Z,35.33,1009.17,52.8,18.922,72.8347,14.0,False,NORMAL
AWS-003,2026-08-07T12:15:00Z,28.68,833.98,39.82,32.219,76.3234,1457.0,False,NORMAL
AWS-004,2026-08-07T12:15:00Z,38.81,978.75,26.05,26.9124,70.9022,225.0,False,NORMAL
AWS-001,2026-08-07T12:30:00Z,35.18,982.64,44.84,28.6139,77.209,216.0,False,NORMAL
AWS-002,2026-08-07T12:30:00Z,35.89,1009.08,52.22,18.922,72.8347,14.0,False,NORMAL
AWS-003,2026-08-07T12:30:00Z,28.72,833.91,40.89,32.219,76.3234,1457.0,False,NORMAL
AWS-004,2026-08-07T12:30:00Z,38.45,978.79,25.06,26.9124,70.9022,225.0,False,NORMAL
AWS-001,2026-08-07T12:45:00Z,35.08,982.57,44.09,28.6139,77.209,216.0,False,NORMAL
AWS-002,2026-08-07T12:45:00Z,36.24,1009.16,51.51,18.922,72.8347,14.0,False,NORMAL
AWS-003,2026-08-07T12:45:00Z,28.34,833.99,38.24,32.219,76.3234,1457.0,False,NORMAL
AWS-004,2026-08-07T12:45:00Z,39.09,978.78,25.86,26.9124,70.9022,225.0,False,NORMAL
AWS-001,2026-08-07T13:00:00Z,34.72,982.4,43.88,28.6139,77.209,216.0,False,NORMAL
AWS-002,2026-08-07T13:00:00Z,36.71,1008.96,51.76,18.922,72.8347,14.0,False,NORMAL
AWS-003,2026-08-07T13:00:00Z,28.84,833.38,37.89,32.219,76.3234,1457.0,False,NORMAL
AWS-004,2026-08-07T13:00:00Z,38.44,978.56,25.71,26.9124,70.9022,225.0,False,NORMAL
AWS-001,2026-08-07T13:15:00Z,34.73,982.29,43.7,28.6139,77.209,216.0,False,NORMAL
AWS-002,2026-08-07T13:15:00Z,36.29,1008.98,51.05,18.922,72.8347,14.0,False,NORMAL
AWS-003,2026-08-07T13:15:00Z,29.37,833.55,39.12,32.219,76.3234,1457.0,False,NORMAL
AWS-004,2026-08-07T13:15:00Z,39.01,978.17,25.88,26.9124,70.9022,225.0,False,NORMAL
AWS-001,2026-08-07T13:30:00Z,35.0,982.33,43.43,28.6139,77.209,216.0,False,NORMAL
AWS-002,2026-08-07T13:30:00Z,36.82,1008.5,51.17,18.922,72.8347,14.0,False,NORMAL
AWS-003,2026-08-07T13:30:00Z,29.33,833.43,38.67,32.219,76.3234,1457.0,False,NORMAL
AWS-004,2026-08-07T13:30:00Z,38.46,977.95,24.05,26.9124,70.9022,225.0,False,NORMAL
AWS-001,2026-08-07T13:45:00Z,35.76,982.09,42.47,28.6139,77.209,216.0,False,NORMAL
AWS-002,2026-08-07T13:45:00Z,36.54,1008.2,50.9,18.922,72.8347,14.0,False,NORMAL
AWS-003,2026-08-07T13:45:00Z,28.69,833.02,36.54,32.219,76.3234,1457.0,False,NORMAL
AWS-004,2026-08-07T13:45:00Z,39.54,978.27,24.35,26.9124,70.9022,225.0,False,NORMAL
AWS-001,2026-08-07T14:00:00Z,35.24,982.02,42.68,28.6139,77.209,216.0,False,NORMAL
AWS-002,2026-08-07T14:00:00Z,36.78,1008.12,49.71,18.922,72.8347,14.0,False,NORMAL
AWS-003,2026-08-07T14:00:00Z,29.56,832.72,37.46,32.219,76.3234,1457.0,False,NORMAL
AWS-004,2026-08-07T14:00:00Z,39.04,977.83,24.5,26.9124,70.9022,225.0,False,NORMAL
AWS-001,2026-08-07T14:15:00Z,35.39,981.62,42.42,28.6139,77.209,216.0,False,NORMAL
AWS-002,2026-08-07T14:15:00Z,37.12,1008.2,51.68,18.922,72.8347,14.0,False,NORMAL
AWS-003,2026-08-07T14:15:00Z,29.09,832.88,37.73,32.219,76.3234,1457.0,False,NORMAL
AWS-004,2026-08-07T14:15:00Z,39.74,978.07,24.75,26.9124,70.9022,225.0,False,NORMAL
AWS-001,2026-08-07T14:30:00Z,35.47,981.62,43.04,28.6139,77.209,216.0,False,NORMAL
AWS-002,2026-08-07T14:30:00Z,37.25,1008.09,50.27,18.922,72.8347,14.0,False,NORMAL
AWS-003,2026-08-07T14:30:00Z,29.89,833.07,38.37,32.219,76.3234,1457.0,False,NORMAL
AWS-004,2026-08-07T14:30:00Z,40.02,977.64,24.72,26.9124,70.9022,225.0,False,NORMAL
AWS-001,2026-08-07T14:45:00Z,35.39,981.58,43.45,28.6139,77.209,216.0,False,NORMAL
AWS-002,2026-08-07T14:45:00Z,37.64,1007.92,51.28,18.922,72.8347,14.0,False,NORMAL
AWS-003,2026-08-07T14:45:00Z,29.33,832.78,38.38,32.219,76.3234,1457.0,False,NORMAL
AWS-004,2026-08-07T14:45:00Z,38.87,977.28,25.27,26.9124,70.9022,225.0,False,NORMAL
AWS-001,2026-08-07T15:00:00Z,34.43,981.5,43.25,28.6139,77.209,216.0,False,NORMAL
AWS-002,2026-08-07T15:00:00Z,36.23,1007.68,52.33,18.922,72.8347,14.0,False,NORMAL
AWS-003,2026-08-07T15:00:00Z,28.52,832.73,38.23,32.219,76.3234,1457.0,False,NORMAL
AWS-004,2026-08-07T15:00:00Z,39.02,977.43,25.74,26.9124,70.9022,225.0,False,NORMAL
AWS-001,2026-08-07T15:15:00Z,35.13,981.5,43.98,28.6139,77.209,216.0,False,NORMAL
AWS-002,2026-08-07T15:15:00Z,35.91,1007.79,51.5,18.922,72.8347,14.0,False,NORMAL
AWS-003,2026-08-07T15:15:00Z,27.84,832.57,37.82,32.219,76.3234,1457.0,False,NORMAL
AWS-004,2026-08-07T15:15:00Z,39.38,977.52,26.12,26.9124,70.9022,225.0,False,NORMAL
AWS-001,2026-08-07T15:30:00Z,35.02,981.38,44.42,28.6139,77.209,216.0,False,NORMAL
AWS-002,2026-08-07T15:30:00Z,36.66,1007.82,52.22,18.922,72.8347,14.0,False,NORMAL
AWS-003,2026-08-07T15:30:00Z,28.71,832.66,39.3,32.219,76.3234,1457.0,False,NORMAL
AWS-004,2026-08-07T15:30:00Z,39.09,977.43,25.81,26.9124,70.9022,225.0,False,NORMAL
AWS-001,2026-08-07T15:45:00Z,34.63,981.42,45.46,28.6139,77.209,216.0,False,NORMAL
AWS-002,2026-08-07T15:45:00Z,36.64,1007.64,51.53,18.922,72.8347,14.0,False,NORMAL
AWS-003,2026-08-07T15:45:00Z,28.04,832.61,39.08,32.219,76.3234,1457.0,False,NORMAL
AWS-004,2026-08-07T15:45:00Z,38.78,977.31,25.98,26.9124,70.9022,225.0,False,NORMAL
AWS-001,2026-08-07T16:00:00Z,34.46,981.04,44.42,28.6139,77.209,216.0,False,NORMAL
AWS-002,2026-08-07T16:00:00Z,35.74,1007.82,53.49,18.922,72.8347,14.0,False,NORMAL
AWS-003,2026-08-07T16:00:00Z,28.03,832.79,40.42,32.219,76.3234,1457.0,False,NORMAL
AWS-004,2026-08-07T16:00:00Z,38.27,977.24,27.43,26.9124,70.9022,225.0,False,NORMAL
AWS-001,2026-08-07T16:15:00Z,34.15,981.35,45.89,28.6139,77.209,216.0,False,NORMAL
AWS-002,2026-08-07T16:15:00Z,35.41,1007.68,55.06,18.922,72.8347,14.0,False,NORMAL
AWS-003,2026-08-07T16:15:00Z,28.04,832.81,39.61,32.219,76.3234,1457.0,False,NORMAL
AWS-004,2026-08-07T16:15:00Z,38.77,977.54,28.28,26.9124,70.9022,225.0,False,NORMAL
AWS-001,2026-08-07T16:30:00Z,33.71,981.54,47.13,28.6139,77.209,216.0,False,NORMAL
AWS-002,2026-08-07T16:30:00Z,35.64,1007.69,55.42,18.922,72.8347,14.0,False,NORMAL
AWS-003,2026-08-07T16:30:00Z,27.7,832.41,41.29,32.219,76.3234,1457.0,False,NORMAL
AWS-004,2026-08-07T16:30:00Z,38.19,977.21,29.43,26.9124,70.9022,225.0,False,NORMAL
AWS-001,2026-08-07T16:45:00Z,33.99,981.31,47.73,28.6139,77.209,216.0,False,NORMAL
AWS-002,2026-08-07T16:45:00Z,34.61,1007.65,55.21,18.922,72.8347,14.0,False,NORMAL
AWS-003,2026-08-07T16:45:00Z,28.31,832.45,42.54,32.219,76.3234,1457.0,False,NORMAL
AWS-004,2026-08-07T16:45:00Z,38.12,977.38,29.39,26.9124,70.9022,225.0,False,NORMAL
AWS-001,2026-08-07T17:00:00Z,33.51,981.58,48.84,28.6139,77.209,216.0,False,NORMAL
AWS-002,2026-08-07T17:00:00Z,34.96,1007.73,56.17,18.922,72.8347,14.0,False,NORMAL
AWS-003,2026-08-07T17:00:00Z,27.42,832.65,44.54,32.219,76.3234,1457.0,False,NORMAL
AWS-004,2026-08-07T17:00:00Z,37.52,977.59,29.99,26.9124,70.9022,225.0,False,NORMAL
AWS-001,2026-08-07T17:15:00Z,33.44,981.45,50.51,28.6139,77.209,216.0,False,NORMAL
AWS-002,2026-08-07T17:15:00Z,35.22,1008.09,58.03,18.922,72.8347,14.0,False,NORMAL
AWS-003,2026-08-07T17:15:00Z,27.68,832.91,45.33,32.219,76.3234,1457.0,False,NORMAL
AWS-004,2026-08-07T17:15:00Z,37.7,977.52,31.36,26.9124,70.9022,225.0,False,NORMAL
AWS-001,2026-08-07T17:30:00Z,33.26,981.44,50.46,28.6139,77.209,216.0,False,NORMAL
AWS-002,2026-08-07T17:30:00Z,34.09,1007.97,59.24,18.922,72.8347,14.0,False,NORMAL
AWS-003,2026-08-07T17:30:00Z,25.96,832.88,44.65,32.219,76.3234,1457.0,False,NORMAL
AWS-004,2026-08-07T17:30:00Z,37.24,977.55,33.19,26.9124,70.9022,225.0,False,NORMAL
AWS-001,2026-08-07T17:45:00Z,32.88,981.69,52.72,28.6139,77.209,216.0,False,NORMAL
AWS-002,2026-08-07T17:45:00Z,34.26,1008.13,58.83,18.922,72.8347,14.0,False,NORMAL
AWS-003,2026-08-07T17:45:00Z,26.54,833.03,47.56,32.219,76.3234,1457.0,False,NORMAL
AWS-004,2026-08-07T17:45:00Z,36.45,977.58,34.23,26.9124,70.9022,225.0,False,NORMAL
AWS-001,2026-08-07T18:00:00Z,32.43,982.01,52.05,28.6139,77.209,216.0,False,NORMAL
AWS-002,2026-08-07T18:00:00Z,33.72,1008.23,61.4,18.922,72.8347,14.0,False,NORMAL
AWS-003,2026-08-07T18:00:00Z,25.05,833.05,48.16,32.219,76.3234,1457.0,False,NORMAL
AWS-004,2026-08-07T18:00:00Z,36.33,977.95,34.89,26.9124,70.9022,225.0,False,NORMAL
AWS-001,2026-08-07T18:15:00Z,31.97,981.78,53.47,28.6139,77.209,216.0,False,NORMAL
AWS-002,2026-08-07T18:15:00Z,33.72,1008.26,60.46,18.922,72.8347,14.0,False,NORMAL
AWS-003,2026-08-07T18:15:00Z,26.17,833.48,49.44,32.219,76.3234,1457.0,False,NORMAL
AWS-004,2026-08-07T18:15:00Z,35.83,978.08,35.96,26.9124,70.9022,225.0,False,NORMAL
AWS-001,2026-08-07T18:30:00Z,31.9,982.21,55.25,28.6139,77.209,216.0,False,NORMAL
AWS-002,2026-08-07T18:30:00Z,32.99,1008.39,63.21,18.922,72.8347,14.0,False,NORMAL
AWS-003,2026-08-07T18:30:00Z,25.57,833.37,49.9,32.219,76.3234,1457.0,False,NORMAL
AWS-004,2026-08-07T18:30:00Z,34.59,977.95,37.25,26.9124,70.9022,225.0,False,NORMAL
AWS-001,2026-08-07T18:45:00Z,31.75,982.31,56.43,28.6139,77.209,216.0,False,NORMAL
AWS-002,2026-08-07T18:45:00Z,32.68,1008.65,64.01,18.922,72.8347,14.0,False,NORMAL
AWS-003,2026-08-07T18:45:00Z,24.9,833.47,52.16,32.219,76.3234,1457.0,False,NORMAL
AWS-004,2026-08-07T18:45:00Z,35.11,978.48,38.03,26.9124,70.9022,225.0,False,NORMAL
AWS-001,2026-08-07T19:00:00Z,30.86,982.48,56.91,28.6139,77.209,216.0,False,NORMAL
AWS-002,2026-08-07T19:00:00Z,32.68,1008.93,65.48,18.922,72.8347,14.0,False,NORMAL
AWS-003,2026-08-07T19:00:00Z,24.59,833.58,51.58,32.219,76.3234,1457.0,False,NORMAL
AWS-004,2026-08-07T19:00:00Z,35.0,978.61,39.12,26.9124,70.9022,225.0,False,NORMAL
AWS-001,2026-08-07T19:15:00Z,30.59,982.66,58.75,28.6139,77.209,216.0,False,NORMAL
AWS-002,2026-08-07T19:15:00Z,31.68,1008.81,67.36,18.922,72.8347,14.0,False,NORMAL
AWS-003,2026-08-07T19:15:00Z,24.59,834.1,54.01,32.219,76.3234,1457.0,False,NORMAL
AWS-004,2026-08-07T19:15:00Z,34.7,978.26,40.64,26.9124,70.9022,225.0,False,NORMAL
AWS-001,2026-08-07T19:30:00Z,30.33,982.55,60.05,28.6139,77.209,216.0,False,NORMAL
AWS-002,2026-08-07T19:30:00Z,31.94,1009.03,68.19,18.922,72.8347,14.0,False,NORMAL
AWS-003,2026-08-07T19:30:00Z,24.05,833.69,55.15,32.219,76.3234,1457.0,False,NORMAL
AWS-004,2026-08-07T19:30:00Z,34.8,978.82,42.05,26.9124,70.9022,225.0,False,NORMAL
AWS-001,2026-08-07T19:45:00Z,30.2,982.84,61.62,28.6139,77.209,216.0,False,NORMAL
AWS-002,2026-08-07T19:45:00Z,31.16,1009.05,68.94,18.922,72.8347,14.0,False,NORMAL
AWS-003,2026-08-07T19:45:00Z,23.26,834.13,55.91,32.219,76.3234,1457.0,False,NORMAL
AWS-004,2026-08-07T19:45:00Z,33.51,979.08,43.6,26.9124,70.9022,225.0,False,NORMAL
AWS-001,2026-08-07T20:00:00Z,30.23,983.05,63.07,28.6139,77.209,216.0,False,NORMAL
AWS-002,2026-08-07T20:00:00Z,30.68,1009.72,70.08,18.922,72.8347,14.0,False,NORMAL
AWS-003,2026-08-07T20:00:00Z,22.54,834.24,57.99,32.219,76.3234,1457.0,False,NORMAL
AWS-004,2026-08-07T20:00:00Z,32.76,979.0,44.15,26.9124,70.9022,225.0,False,NORMAL
AWS-001,2026-08-07T20:15:00Z,28.93,983.25,64.51,28.6139,77.209,216.0,False,NORMAL
AWS-002,2026-08-07T20:15:00Z,29.76,1009.57,72.08,18.922,72.8347,14.0,False,NORMAL
AWS-003,2026-08-07T20:15:00Z,23.74,834.34,58.73,32.219,76.3234,1457.0,False,NORMAL
AWS-004,2026-08-07T20:15:00Z,32.66,978.82,46.42,26.9124,70.9022,225.0,False,NORMAL
AWS-001,2026-08-07T20:30:00Z,28.41,983.39,66.35,28.6139,77.209,216.0,False,NORMAL
AWS-002,2026-08-07T20:30:00Z,29.43,1009.63,74.23,18.922,72.8347,14.0,False,NORMAL
AWS-003,2026-08-07T20:30:00Z,22.83,834.19,60.17,32.219,76.3234,1457.0,False,NORMAL
AWS-004,2026-08-07T20:30:00Z,32.66,979.12,46.71,26.9124,70.9022,225.0,False,NORMAL
AWS-001,2026-08-07T20:45:00Z,28.09,983.41,67.18,28.6139,77.209,216.0,False,NORMAL
AWS-002,2026-08-07T20:45:00Z,29.51,1010.05,74.95,18.922,72.8347,14.0,False,NORMAL
AWS-003,2026-08-07T20:45:00Z,22.35,834.28,61.73,32.219,76.3234,1457.0,False,NORMAL
AWS-004,2026-08-07T20:45:00Z,32.1,979.29,49.27,26.9124,70.9022,225.0,False,NORMAL
AWS-001,2026-08-07T21:00:00Z,27.74,983.5,68.15,28.6139,77.209,216.0,False,NORMAL
AWS-002,2026-08-07T21:00:00Z,28.72,1009.95,75.62,18.922,72.8347,14.0,False,NORMAL
AWS-003,2026-08-07T21:00:00Z,22.76,834.51,63.01,32.219,76.3234,1457.0,False,NORMAL
AWS-004,2026-08-07T21:00:00Z,32.41,979.26,50.86,26.9124,70.9022,225.0,False,NORMAL
AWS-001,2026-08-07T21:15:00Z,27.71,983.69,69.23,28.6139,77.209,216.0,False,NORMAL
AWS-002,2026-08-07T21:15:00Z,28.41,1009.95,76.8,18.922,72.8347,14.0,False,NORMAL
AWS-003,2026-08-07T21:15:00Z,21.15,834.72,64.57,32.219,76.3234,1457.0,False,NORMAL
AWS-004,2026-08-07T21:15:00Z,31.92,979.48,51.24,26.9124,70.9022,225.0,False,NORMAL
AWS-001,2026-08-07T21:30:00Z,27.01,983.49,70.41,28.6139,77.209,216.0,False,NORMAL
AWS-002,2026-08-07T21:30:00Z,28.57,1010.17,79.46,18.922,72.8347,14.0,False,NORMAL
AWS-003,2026-08-07T21:30:00Z,21.08,834.77,63.86,32.219,76.3234,1457.0,False,NORMAL
AWS-004,2026-08-07T21:30:00Z,31.28,979.43,52.94,26.9124,70.9022,225.0,False,NORMAL
AWS-001,2026-08-07T21:45:00Z,27.02,983.56,71.23,28.6139,77.209,216.0,False,NORMAL
AWS-002,2026-08-07T21:45:00Z,28.62,1010.19,80.52,18.922,72.8347,14.0,False,NORMAL
AWS-003,2026-08-07T21:45:00Z,20.75,834.61,66.12,32.219,76.3234,1457.0,False,NORMAL
AWS-004,2026-08-07T21:45:00Z,30.56,979.69,54.03,26.9124,70.9022,225.0,False,NORMAL
AWS-001,2026-08-07T22:00:00Z,26.76,983.7,72.85,28.6139,77.209,216.0,False,NORMAL
AWS-002,2026-08-07T22:00:00Z,28.07,1010.31,79.87,18.922,72.8347,14.0,False,NORMAL
AWS-003,2026-08-07T22:00:00Z,20.13,834.74,66.72,32.219,76.3234,1457.0,False,NORMAL
AWS-004,2026-08-07T22:00:00Z,29.8,979.61,55.58,26.9124,70.9022,225.0,False,NORMAL
AWS-001,2026-08-07T22:15:00Z,26.46,983.67,74.23,28.6139,77.209,216.0,False,NORMAL
AWS-002,2026-08-07T22:15:00Z,28.28,1009.97,81.72,18.922,72.8347,14.0,False,NORMAL
AWS-003,2026-08-07T22:15:00Z,19.57,834.99,69.39,32.219,76.3234,1457.0,False,NORMAL
AWS-004,2026-08-07T22:15:00Z,29.69,979.25,55.47,26.9124,70.9022,225.0,False,NORMAL
AWS-001,2026-08-07T22:30:00Z,25.68,983.61,74.69,28.6139,77.209,216.0,False,NORMAL
AWS-002,2026-08-07T22:30:00Z,26.64,1009.98,83.18,18.922,72.8347,14.0,False,NORMAL
AWS-003,2026-08-07T22:30:00Z,19.78,834.91,69.82,32.219,76.3234,1457.0,False,NORMAL
AWS-004,2026-08-07T22:30:00Z,30.16,979.64,57.17,26.9124,70.9022,225.0,False,NORMAL
AWS-001,2026-08-07T22:45:00Z,25.95,983.46,75.86,28.6139,77.209,216.0,False,NORMAL
AWS-002,2026-08-07T22:45:00Z,26.79,1010.06,83.83,18.922,72.8347,14.0,False,NORMAL
AWS-003,2026-08-07T22:45:00Z,19.35,834.43,72.01,32.219,76.3234,1457.0,False,NORMAL
AWS-004,2026-08-07T22:45:00Z,29.32,979.44,57.8,26.9124,70.9022,225.0,False,NORMAL
AWS-001,2026-08-07T23:00:00Z,25.64,983.41,77.88,28.6139,77.209,216.0,False,NORMAL
AWS-002,2026-08-07T23:00:00Z,26.1,1009.65,85.37,18.922,72.8347,14.0,False,NORMAL
AWS-003,2026-08-07T23:00:00Z,18.73,834.65,72.09,32.219,76.3234,1457.0,False,NORMAL
AWS-004,2026-08-07T23:00:00Z,29.03,979.47,59.47,26.9124,70.9022,225.0,False,NORMAL
AWS-001,2026-08-07T23:15:00Z,24.59,983.21,77.62,28.6139,77.209,216.0,False,NORMAL
AWS-002,2026-08-07T23:15:00Z,25.66,1009.5,85.92,18.922,72.8347,14.0,False,NORMAL
AWS-003,2026-08-07T23:15:00Z,18.11,834.41,72.89,32.219,76.3234,1457.0,False,NORMAL
AWS-004,2026-08-07T23:15:00Z,29.69,979.3,60.04,26.9124,70.9022,225.0,False,NORMAL
AWS-001,2026-08-07T23:30:00Z,24.21,983.36,78.31,28.6139,77.209,216.0,False,NORMAL
AWS-002,2026-08-07T23:30:00Z,25.76,1009.55,86.57,18.922,72.8347,14.0,False,NORMAL
AWS-003,2026-08-07T23:30:00Z,18.62,834.49,74.71,32.219,76.3234,1457.0,False,NORMAL
AWS-004,2026-08-07T23:30:00Z,29.07,979.35,60.8,26.9124,70.9022,225.0,False,NORMAL
AWS-001,2026-08-07T23:45:00Z,24.15,983.04,79.65,28.6139,77.209,216.0,False,NORMAL
AWS-002,2026-08-07T23:45:00Z,25.78,1009.37,88.12,18.922,72.8347,14.0,False,NORMAL
AWS-003,2026-08-07T23:45:00Z,17.38,834.34,74.13,32.219,76.3234,1457.0,False,NORMAL
AWS-004,2026-08-07T23:45:00Z,27.95,979.2,60.08,26.9124,70.9022,225.0,False,NORMAL
AWS-001,2026-08-08T00:00:00Z,24.33,983.08,80.2,28.6139,77.209,216.0,False,NORMAL
AWS-002,2026-08-08T00:00:00Z,25.87,1009.49,88.05,18.922,72.8347,14.0,False,NORMAL
AWS-003,2026-08-08T00:00:00Z,18.2,834.22,75.47,32.219,76.3234,1457.0,False,NORMAL
AWS-004,2026-08-08T00:00:00Z,28.24,979.0,61.04,26.9124,70.9022,225.0,False,NORMAL
AWS-001,2026-08-08T00:15:00Z,24.01,982.83,80.65,28.6139,77.209,216.0,False,NORMAL
AWS-002,2026-08-08T00:15:00Z,24.95,1009.4,88.7,18.922,72.8347,14.0,False,NORMAL
AWS-003,2026-08-08T00:15:00Z,17.07,834.02,75.39,32.219,76.3234,1457.0,False,NORMAL
AWS-004,2026-08-08T00:15:00Z,28.31,979.03,63.27,26.9124,70.9022,225.0,False,NORMAL
AWS-001,2026-08-08T00:30:00Z,24.26,982.75,81.44,28.6139,77.209,216.0,False,NORMAL
AWS-002,2026-08-08T00:30:00Z,25.84,1008.97,88.61,18.922,72.8347,14.0,False,NORMAL
AWS-003,2026-08-08T00:30:00Z,17.88,833.88,76.3,32.219,76.3234,1457.0,False,NORMAL
AWS-004,2026-08-08T00:30:00Z,27.99,978.86,64.07,26.9124,70.9022,225.0,False,NORMAL
AWS-001,2026-08-08T00:45:00Z,23.5,982.62,80.89,28.6139,77.209,216.0,False,NORMAL
AWS-002,2026-08-08T00:45:00Z,25.92,1008.93,89.38,18.922,72.8347,14.0,False,NORMAL
AWS-003,2026-08-08T00:45:00Z,16.67,833.8,75.85,32.219,76.3234,1457.0,False,NORMAL
AWS-004,2026-08-08T00:45:00Z,28.02,978.62,63.66,26.9124,70.9022,225.0,False,NORMAL
AWS-001,2026-08-08T01:00:00Z,23.61,982.42,82.61,28.6139,77.209,216.0,False,NORMAL
AWS-002,2026-08-08T01:00:00Z,24.77,1008.72,90.99,18.922,72.8347,14.0,False,NORMAL
AWS-003,2026-08-08T01:00:00Z,17.11,833.61,76.97,32.219,76.3234,1457.0,False,NORMAL
AWS-004,2026-08-08T01:00:00Z,28.33,978.53,64.14,26.9124,70.9022,225.0,False,NORMAL
AWS-001,2026-08-08T01:15:00Z,23.61,982.49,82.13,28.6139,77.209,216.0,False,NORMAL
AWS-002,2026-08-08T01:15:00Z,25.19,1008.56,89.71,18.922,72.8347,14.0,False,NORMAL
AWS-003,2026-08-08T01:15:00Z,17.1,833.07,77.94,32.219,76.3234,1457.0,False,NORMAL
AWS-004,2026-08-08T01:15:00Z,28.26,978.51,64.78,26.9124,70.9022,225.0,False,NORMAL
AWS-001,2026-08-08T01:30:00Z,23.26,982.14,83.24,28.6139,77.209,216.0,False,NORMAL
AWS-002,2026-08-08T01:30:00Z,24.29,1008.4,91.31,18.922,72.8347,14.0,False,NORMAL
AWS-003,2026-08-08T01:30:00Z,16.35,833.62,77.98,32.219,76.3234,1457.0,False,NORMAL
AWS-004,2026-08-08T01:30:00Z,27.94,978.02,64.59,26.9124,70.9022,225.0,False,NORMAL
AWS-001,2026-08-08T01:45:00Z,23.79,981.94,82.85,28.6139,77.209,216.0,False,NORMAL
AWS-002,2026-08-08T01:45:00Z,24.37,1008.46,89.82,18.922,72.8347,14.0,False,NORMAL
AWS-003,2026-08-08T01:45:00Z,17.14,833.28,77.7,32.219,76.3234,1457.0,False,NORMAL
AWS-004,2026-08-08T01:45:00Z,27.12,977.92,65.3,26.9124,70.9022,225.0,False,NORMAL
AWS-001,2026-08-08T02:00:00Z,23.74,981.88,82.38,28.6139,77.209,216.0,False,NORMAL
AWS-002,2026-08-08T02:00:00Z,25.2,1007.85,90.48,18.922,72.8347,14.0,False,NORMAL
AWS-003,2026-08-08T02:00:00Z,16.89,833.29,77.26,32.219,76.3234,1457.0,False,NORMAL
AWS-004,2026-08-08T02:00:00Z,26.63,977.51,64.85,26.9124,70.9022,225.0,False,NORMAL
AWS-001,2026-08-08T02:15:00Z,23.54,981.66,82.45,28.6139,77.209,216.0,False,NORMAL
AWS-002,2026-08-08T02:15:00Z,25.37,1008.27,91.97,18.922,72.8347,14.0,False,NORMAL
AWS-003,2026-08-08T02:15:00Z,16.53,833.02,78.88,32.219,76.3234,1457.0,False,NORMAL
AWS-004,2026-08-08T02:15:00Z,27.57,977.53,64.5,26.9124,70.9022,225.0,False,NORMAL
AWS-001,2026-08-08T02:30:00Z,23.41,981.42,82.36,28.6139,77.209,216.0,False,NORMAL
AWS-002,2026-08-08T02:30:00Z,24.51,1008.18,91.68,18.922,72.8347,14.0,False,NORMAL
AWS-003,2026-08-08T02:30:00Z,17.59,832.68,77.45,32.219,76.3234,1457.0,False,NORMAL
AWS-004,2026-08-08T02:30:00Z,27.5,977.57,63.6,26.9124,70.9022,225.0,False,NORMAL
AWS-001,2026-08-08T02:45:00Z,23.4,981.54,82.7,28.6139,77.209,216.0,False,NORMAL
AWS-002,2026-08-08T02:45:00Z,24.9,1007.89,90.04,18.922,72.8347,14.0,False,NORMAL
AWS-003,2026-08-08T02:45:00Z,16.63,832.91,77.74,32.219,76.3234,1457.0,False,NORMAL
AWS-004,2026-08-08T02:45:00Z,27.13,977.36,64.05,26.9124,70.9022,225.0,False,NORMAL
AWS-001,2026-08-08T03:00:00Z,23.52,981.53,82.85,28.6139,77.209,216.0,False,NORMAL
AWS-002,2026-08-08T03:00:00Z,24.22,1007.8,90.02,18.922,72.8347,14.0,False,NORMAL
AWS-003,2026-08-08T03:00:00Z,17.82,832.64,78.16,32.219,76.3234,1457.0,False,NORMAL
AWS-004,2026-08-08T03:00:00Z,27.51,977.27,64.25,26.9124,70.9022,225.0,False,NORMAL
AWS-001,2026-08-08T03:15:00Z,23.79,981.48,81.76,28.6139,77.209,216.0,False,NORMAL
AWS-002,2026-08-08T03:15:00Z,24.99,1007.7,89.94,18.922,72.8347,14.0,False,NORMAL
AWS-003,2026-08-08T03:15:00Z,17.14,832.92,76.7,32.219,76.3234,1457.0,False,NORMAL
AWS-004,2026-08-08T03:15:00Z,27.38,977.38,63.26,26.9124,70.9022,225.0,False,NORMAL
AWS-001,2026-08-08T03:30:00Z,24.16,981.34,80.86,28.6139,77.209,216.0,False,NORMAL
AWS-002,2026-08-08T03:30:00Z,25.38,1007.75,88.59,18.922,72.8347,14.0,False,NORMAL
AWS-003,2026-08-08T03:30:00Z,17.97,832.32,75.09,32.219,76.3234,1457.0,False,NORMAL
AWS-004,2026-08-08T03:30:00Z,28.77,977.04,63.48,26.9124,70.9022,225.0,False,NORMAL
AWS-001,2026-08-08T03:45:00Z,24.11,981.3,80.53,28.6139,77.209,216.0,False,NORMAL
AWS-002,2026-08-08T03:45:00Z,25.61,1007.6,88.73,18.922,72.8347,14.0,False,NORMAL
AWS-003,2026-08-08T03:45:00Z,18.11,832.42,76.19,32.219,76.3234,1457.0,False,NORMAL
AWS-004,2026-08-08T03:45:00Z,28.33,977.13,63.0,26.9124,70.9022,225.0,False,NORMAL
AWS-001,2026-08-08T04:00:00Z,23.61,981.34,79.59,28.6139,77.209,216.0,False,NORMAL
AWS-002,2026-08-08T04:00:00Z,25.73,1007.78,87.52,18.922,72.8347,14.0,False,NORMAL
AWS-003,2026-08-08T04:00:00Z,17.88,832.36,75.53,32.219,76.3234,1457.0,False,NORMAL
AWS-004,2026-08-08T04:00:00Z,28.59,977.64,62.61,26.9124,70.9022,225.0,False,NORMAL
AWS-001,2026-08-08T04:15:00Z,24.31,981.22,79.72,28.6139,77.209,216.0,False,NORMAL
AWS-002,2026-08-08T04:15:00Z,25.33,1007.97,88.76,18.922,72.8347,14.0,False,NORMAL
AWS-003,2026-08-08T04:15:00Z,17.24,832.87,75.65,32.219,76.3234,1457.0,False,NORMAL
AWS-004,2026-08-08T04:15:00Z,28.11,977.25,60.49,26.9124,70.9022,225.0,False,NORMAL
AWS-001,2026-08-08T04:30:00Z,24.52,981.43,78.46,28.6139,77.209,216.0,False,NORMAL
AWS-002,2026-08-08T04:30:00Z,25.95,1007.95,85.47,18.922,72.8347,14.0,False,NORMAL
AWS-003,2026-08-08T04:30:00Z,19.07,832.56,73.29,32.219,76.3234,1457.0,False,NORMAL
AWS-004,2026-08-08T04:30:00Z,28.89,977.3,59.64,26.9124,70.9022,225.0,False,NORMAL
AWS-001,2026-08-08T04:45:00Z,25.13,981.39,77.92,28.6139,77.209,216.0,False,NORMAL
AWS-002,2026-08-08T04:45:00Z,26.13,1007.89,86.76,18.922,72.8347,14.0,False,NORMAL
AWS-003,2026-08-08T04:45:00Z,17.95,832.85,73.12,32.219,76.3234,1457.0,False,NORMAL
AWS-004,2026-08-08T04:45:00Z,29.2,977.1,59.95,26.9124,70.9022,225.0,False,NORMAL
AWS-001,2026-08-08T05:00:00Z,25.19,981.28,76.76,28.6139,77.209,216.0,False,NORMAL
AWS-002,2026-08-08T05:00:00Z,26.55,1007.96,84.99,18.922,72.8347,14.0,False,NORMAL
AWS-003,2026-08-08T05:00:00Z,18.75,832.67,72.57,32.219,76.3234,1457.0,False,NORMAL
AWS-004,2026-08-08T05:00:00Z,29.18,977.24,58.25,26.9124,70.9022,225.0,False,NORMAL
AWS-001,2026-08-08T05:15:00Z,25.71,981.52,76.27,28.6139,77.209,216.0,False,NORMAL
AWS-002,2026-08-08T05:15:00Z,26.81,1007.99,84.09,18.922,72.8347,14.0,False,NORMAL
AWS-003,2026-08-08T05:15:00Z,18.63,832.88,71.42,32.219,76.3234,1457.0,False,NORMAL
AWS-004,2026-08-08T05:15:00Z,29.5,977.47,57.87,26.9124,70.9022,225.0,False,NORMAL
AWS-001,2026-08-08T05:30:00Z,26.25,981.78,74.8,28.6139,77.209,216.0,False,NORMAL
AWS-002,2026-08-08T05:30:00Z,26.67,1008.05,82.83,18.922,72.8347,14.0,False,NORMAL
AWS-003,2026-08-08T05:30:00Z,19.43,832.78,70.55,32.219,76.3234,1457.0,False,NORMAL
AWS-004,2026-08-08T05:30:00Z,29.82,977.48,56.19,26.9124,70.9022,225.0,False,NORMAL
AWS-001,2026-08-08T05:45:00Z,26.69,981.65,73.87,28.6139,77.209,216.0,False,NORMAL
AWS-002,2026-08-08T05:45:00Z,27.36,1008.15,83.1,18.922,72.8347,14.0,False,NORMAL
AWS-003,2026-08-08T05:45:00Z,19.6,832.94,68.41,32.219,76.3234,1457.0,False,NORMAL
AWS-004,2026-08-08T05:45:00Z,30.38,977.33,55.44,26.9124,70.9022,225.0,False,NORMAL
AWS-001,2026-08-08T06:00:00Z,26.34,981.83,73.19,28.6139,77.209,216.0,False,NORMAL
AWS-002,2026-08-08T06:00:00Z,26.87,1008.45,79.63,18.922,72.8347,14.0,False,NORMAL
AWS-003,2026-08-08T06:00:00Z,19.85,833.28,66.36,32.219,76.3234,1457.0,False,NORMAL
AWS-004,2026-08-08T06:00:00Z,30.94,978.07,54.76,26.9124,70.9022,225.0,False,NORMAL
AWS-001,2026-08-08T06:15:00Z,27.11,982.13,72.1,28.6139,77.209,216.0,False,NORMAL
AWS-002,2026-08-08T06:15:00Z,28.31,1008.04,79.86,18.922,72.8347,14.0,False,NORMAL
AWS-003,2026-08-08T06:15:00Z,19.7,833.31,66.96,32.219,76.3234,1457.0,False,NORMAL
AWS-004,2026-08-08T06:15:00Z,31.16,977.91,54.17,26.9124,70.9022,225.0,False,NORMAL
AWS-001,2026-08-08T06:30:00Z,27.17,982.26,70.56,28.6139,77.209,216.0,False,NORMAL
AWS-002,2026-08-08T06:30:00Z,28.85,1008.38,77.95,18.922,72.8347,14.0,False,NORMAL
AWS-003,2026-08-08T06:30:00Z,22.04,833.51,63.88,32.219,76.3234,1457.0,False,NORMAL
AWS-004,2026-08-08T06:30:00Z,30.92,978.29,52.38,26.9124,70.9022,225.0,False,NORMAL
AWS-001,2026-08-08T06:45:00Z,28.25,982.14,69.16,28.6139,77.209,216.0,False,NORMAL
AWS-002,2026-08-08T06:45:00Z,29.08,1008.58,76.31,18.922,72.8347,14.0,False,NORMAL
AWS-003,2026-08-08T06:45:00Z,21.67,833.73,64.13,32.219,76.3234,1457.0,False,NORMAL
AWS-004,2026-08-08T06:45:00Z,31.07,978.14,51.52,26.9124,70.9022,225.0,False,NORMAL
AWS-001,2026-08-08T07:00:00Z,28.42,982.41,67.7,28.6139,77.209,216.0,False,NORMAL
AWS-002,2026-08-08T07:00:00Z,28.86,1008.93,75.65,18.922,72.8347,14.0,False,NORMAL
AWS-003,2026-08-08T07:00:00Z,21.68,833.92,63.46,32.219,76.3234,1457.0,False,NORMAL
AWS-004,2026-08-08T07:00:00Z,31.94,978.56,50.45,26.9124,70.9022,225.0,False,NORMAL
AWS-001,2026-08-08T07:15:00Z,28.84,982.44,67.4,28.6139,77.209,216.0,False,NORMAL
AWS-002,2026-08-08T07:15:00Z,28.95,1009.01,74.66,18.922,72.8347,14.0,False,NORMAL
AWS-003,2026-08-08T07:15:00Z,22.4,834.06,61.33,32.219,76.3234,1457.0,False,NORMAL
AWS-004,2026-08-08T07:15:00Z,32.38,978.61,48.81,26.9124,70.9022,225.0,False,NORMAL
AWS-001,2026-08-08T07:30:00Z,28.72,982.79,65.35,28.6139,77.209,216.0,False,NORMAL
AWS-002,2026-08-08T07:30:00Z,29.79,1009.06,73.54,18.922,72.8347,14.0,False,NORMAL
AWS-003,2026-08-08T07:30:00Z,22.45,834.03,61.47,32.219,76.3234,1457.0,False,NORMAL
AWS-004,2026-08-08T07:30:00Z,32.93,978.4,47.37,26.9124,70.9022,225.0,False,NORMAL
AWS-001,2026-08-08T07:45:00Z,28.75,982.81,64.27,28.6139,77.209,216.0,False,NORMAL
AWS-002,2026-08-08T07:45:00Z,30.35,1009.27,72.19,18.922,72.8347,14.0,False,NORMAL
AWS-003,2026-08-08T07:45:00Z,22.8,834.49,59.21,32.219,76.3234,1457.0,False,NORMAL
AWS-004,2026-08-08T07:45:00Z,33.03,978.96,45.3,26.9124,70.9022,225.0,False,NORMAL
AWS-001,2026-08-08T08:00:00Z,29.81,983.08,62.61,28.6139,77.209,216.0,False,NORMAL
AWS-002,2026-08-08T08:00:00Z,30.55,1009.22,71.41,18.922,72.8347,14.0,False,NORMAL
AWS-003,2026-08-08T08:00:00Z,22.87,834.2,58.94,32.219,76.3234,1457.0,False,NORMAL
AWS-004,2026-08-08T08:00:00Z,33.3,979.12,44.99,26.9124,70.9022,225.0,False,NORMAL
AWS-001,2026-08-08T08:15:00Z,29.98,983.43,62.03,28.6139,77.209,216.0,False,NORMAL
AWS-002,2026-08-08T08:15:00Z,31.31,1009.4,70.14,18.922,72.8347,14.0,False,NORMAL
AWS-003,2026-08-08T08:15:00Z,23.39,834.15,57.02,32.219,76.3234,1457.0,False,NORMAL
AWS-004,2026-08-08T08:15:00Z,33.99,979.04,44.03,26.9124,70.9022,225.0,False,NORMAL
AWS-001,2026-08-08T08:30:00Z,30.18,983.28,60.35,28.6139,77.209,216.0,False,NORMAL
AWS-002,2026-08-08T08:30:00Z,31.51,1009.61,67.49,18.922,72.8347,14.0,False,NORMAL
AWS-003,2026-08-08T08:30:00Z,24.61,834.41,54.79,32.219,76.3234,1457.0,False,NORMAL
AWS-004,2026-08-08T08:30:00Z,34.06,978.94,41.17,26.9124,70.9022,225.0,False,NORMAL
AWS-001,2026-08-08T08:45:00Z,30.44,983.21,59.12,28.6139,77.209,216.0,False,NORMAL
AWS-002,2026-08-08T08:45:00Z,31.63,1009.78,66.92,18.922,72.8347,14.0,False,NORMAL
AWS-003,2026-08-08T08:45:00Z,23.91,834.39,54.18,32.219,76.3234,1457.0,False,NORMAL
AWS-004,2026-08-08T08:45:00Z,35.32,979.58,40.48,26.9124,70.9022,225.0,False,NORMAL
AWS-001,2026-08-08T09:00:00Z,30.95,983.67,57.71,28.6139,77.209,216.0,False,NORMAL
AWS-002,2026-08-08T09:00:00Z,31.96,1009.95,66.23,18.922,72.8347,14.0,False,NORMAL
AWS-003,2026-08-08T09:00:00Z,24.96,834.53,52.73,32.219,76.3234,1457.0,False,NORMAL
AWS-004,2026-08-08T09:00:00Z,35.87,979.66,40.05,26.9124,70.9022,225.0,False,NORMAL
AWS-001,2026-08-08T09:15:00Z,31.98,983.36,55.64,28.6139,77.209,216.0,False,NORMAL
AWS-002,2026-08-08T09:15:00Z,33.02,1009.86,64.3,18.922,72.8347,14.0,False,NORMAL
AWS-003,2026-08-08T09:15:00Z,25.73,834.45,51.09,32.219,76.3234,1457.0,False,NORMAL
AWS-004,2026-08-08T09:15:00Z,35.23,979.14,38.17,26.9124,70.9022,225.0,False,NORMAL
AWS-001,2026-08-08T09:30:00Z,32.08,983.7,54.9,28.6139,77.209,216.0,False,NORMAL
AWS-002,2026-08-08T09:30:00Z,33.38,1010.1,62.38,18.922,72.8347,14.0,False,NORMAL
AWS-003,2026-08-08T09:30:00Z,25.74,834.61,49.66,32.219,76.3234,1457.0,False,NORMAL
AWS-004,2026-08-08T09:30:00Z,35.86,979.57,36.35,26.9124,70.9022,225.0,False,NORMAL
AWS-001,2026-08-08T09:45:00Z,32.84,983.42,53.3,28.6139,77.209,216.0,False,NORMAL
AWS-002,2026-08-08T09:45:00Z,33.72,1010.01,62.11,18.922,72.8347,14.0,False,NORMAL
AWS-003,2026-08-08T09:45:00Z,25.81,834.85,47.8,32.219,76.3234,1457.0,False,NORMAL
AWS-004,2026-08-08T09:45:00Z,36.5,979.49,35.37,26.9124,70.9022,225.0,False,NORMAL
AWS-001,2026-08-08T10:00:00Z,32.66,983.59,53.11,28.6139,77.209,216.0,False,NORMAL
AWS-002,2026-08-08T10:00:00Z,33.97,1009.83,60.9,18.922,72.8347,14.0,False,NORMAL
AWS-003,2026-08-08T10:00:00Z,26.73,834.76,48.7,32.219,76.3234,1457.0,False,NORMAL
AWS-004,2026-08-08T10:00:00Z,36.18,979.75,34.75,26.9124,70.9022,225.0,False,NORMAL
AWS-001,2026-08-08T10:15:00Z,32.63,983.69,51.04,28.6139,77.209,216.0,False,NORMAL
AWS-002,2026-08-08T10:15:00Z,34.16,1009.95,58.45,18.922,72.8347,14.0,False,NORMAL
AWS-003,2026-08-08T10:15:00Z,26.14,834.81,45.69,32.219,76.3234,1457.0,False,NORMAL
AWS-004,2026-08-08T10:15:00Z,37.46,979.76,34.33,26.9124,70.9022,225.0,False,NORMAL
AWS-001,2026-08-08T10:30:00Z,32.64,983.65,49.96,28.6139,77.209,216.0,False,NORMAL
AWS-002,2026-08-08T10:30:00Z,33.86,1009.8,58.19,18.922,72.8347,14.0,False,NORMAL
AWS-003,2026-08-08T10:30:00Z,27.88,834.44,46.0,32.219,76.3234,1457.0,False,NORMAL
AWS-004,2026-08-08T10:30:00Z,37.37,979.37,32.35,26.9124,70.9022,225.0,False,NORMAL
AWS-001,2026-08-08T10:45:00Z,33.77,983.55,49.73,28.6139,77.209,216.0,False,NORMAL
AWS-002,2026-08-08T10:45:00Z,34.59,1009.99,57.48,18.922,72.8347,14.0,False,NORMAL
AWS-003,2026-08-08T10:45:00Z,28.21,834.81,43.6,32.219,76.3234,1457.0,False,NORMAL
AWS-004,2026-08-08T10:45:00Z,37.39,979.91,31.39,26.9124,70.9022,225.0,False,NORMAL
AWS-001,2026-08-08T11:00:00Z,33.67,983.38,48.56,28.6139,77.209,216.0,False,NORMAL
AWS-002,2026-08-08T11:00:00Z,34.38,1009.65,56.35,18.922,72.8347,14.0,False,NORMAL
AWS-003,2026-08-08T11:00:00Z,27.79,834.29,43.83,32.219,76.3234,1457.0,False,NORMAL
AWS-004,2026-08-08T11:00:00Z,38.13,979.44,30.42,26.9124,70.9022,225.0,False,NORMAL
AWS-001,2026-08-08T11:15:00Z,34.44,983.41,47.46,28.6139,77.209,216.0,False,NORMAL
AWS-002,2026-08-08T11:15:00Z,34.41,1009.9,55.33,18.922,72.8347,14.0,False,NORMAL
AWS-003,2026-08-08T11:15:00Z,27.48,834.53,42.82,32.219,76.3234,1457.0,False,NORMAL
AWS-004,2026-08-08T11:15:00Z,37.88,979.31,29.24,26.9124,70.9022,225.0,False,NORMAL
AWS-001,2026-08-08T11:30:00Z,34.08,983.19,47.05,28.6139,77.209,216.0,False,NORMAL
AWS-002,2026-08-08T11:30:00Z,34.59,1009.52,55.61,18.922,72.8347,14.0,False,NORMAL
AWS-003,2026-08-08T11:30:00Z,28.25,834.27,41.35,32.219,76.3234,1457.0,False,NORMAL
AWS-004,2026-08-08T11:30:00Z,37.77,979.37,29.78,26.9124,70.9022,225.0,False,NORMAL
AWS-001,2026-08-08T11:45:00Z,34.41,983.09,45.86,28.6139,77.209,216.0,False,NORMAL
AWS-002,2026-08-08T11:45:00Z,36.27,1009.7,53.78,18.922,72.8347,14.0,False,NORMAL
AWS-003,2026-08-08T11:45:00Z,27.49,834.47,42.41,32.219,76.3234,1457.0,False,NORMAL
AWS-004,2026-08-08T11:45:00Z,38.12,979.25,26.63,26.9124,70.9022,225.0,False,NORMAL
AWS-001,2026-08-08T12:00:00Z,34.44,983.12,45.13,28.6139,77.209,216.0,False,NORMAL
AWS-002,2026-08-08T12:00:00Z,35.37,1009.41,52.64,18.922,72.8347,14.0,False,NORMAL
AWS-003,2026-08-08T12:00:00Z,28.52,834.14,41.98,32.219,76.3234,1457.0,False,NORMAL
AWS-004,2026-08-08T12:00:00Z,38.87,978.57,27.71,26.9124,70.9022,225.0,False,NORMAL
AWS-001,2026-08-08T12:15:00Z,34.37,982.77,44.54,28.6139,77.209,216.0,False,NORMAL
AWS-002,2026-08-08T12:15:00Z,36.01,1009.42,53.33,18.922,72.8347,14.0,False,NORMAL
AWS-003,2026-08-08T12:15:00Z,28.36,833.98,38.77,32.219,76.3234,1457.0,False,NORMAL
AWS-004,2026-08-08T12:15:00Z,38.65,979.01,26.39,26.9124,70.9022,225.0,False,NORMAL
AWS-001,2026-08-08T12:30:00Z,34.76,982.84,44.58,28.6139,77.209,216.0,False,NORMAL
AWS-002,2026-08-08T12:30:00Z,36.43,1009.35,52.93,18.922,72.8347,14.0,False,NORMAL
AWS-003,2026-08-08T12:30:00Z,27.84,833.97,40.3,32.219,76.3234,1457.0,False,NORMAL
AWS-004,2026-08-08T12:30:00Z,38.81,978.44,26.68,26.9124,70.9022,225.0,False,NORMAL
AWS-001,2026-08-08T12:45:00Z,35.56,982.55,43.65,28.6139,77.209,216.0,False,NORMAL
AWS-002,2026-08-08T12:45:00Z,35.71,1009.01,51.17,18.922,72.8347,14.0,False,NORMAL
AWS-003,2026-08-08T12:45:00Z,28.31,833.86,38.32,32.219,76.3234,1457.0,False,NORMAL
AWS-004,2026-08-08T12:45:00Z,39.12,978.44,26.29,26.9124,70.9022,225.0,False,NORMAL
AWS-001,2026-08-08T13:00:00Z,34.99,982.56,43.66,28.6139,77.209,216.0,False,NORMAL
AWS-002,2026-08-08T13:00:00Z,36.36,1008.66,51.9,18.922,72.8347,14.0,False,NORMAL
AWS-003,2026-08-08T13:00:00Z,29.08,833.72,40.08,32.219,76.3234,1457.0,False,NORMAL
AWS-004,2026-08-08T13:00:00Z,39.31,978.33,24.38,26.9124,70.9022,225.0,False,NORMAL
AWS-001,2026-08-08T13:15:00Z,35.62,982.23,43.78,28.6139,77.209,216.0,False,NORMAL
AWS-002,2026-08-08T13:15:00Z,36.67,1008.76,51.58,18.922,72.8347,14.0,False,NORMAL
AWS-003,2026-08-08T13:15:00Z,29.53,833.45,37.57,32.219,76.3234,1457.0,False,NORMAL
AWS-004,2026-08-08T13:15:00Z,40.2,978.11,25.05,26.9124,70.9022,225.0,False,NORMAL
AWS-001,2026-08-08T13:30:00Z,35.35,982.2,42.98,28.6139,77.209,216.0,False,NORMAL
AWS-002,2026-08-08T13:30:00Z,37.07,1008.63,50.94,18.922,72.8347,14.0,False,NORMAL
AWS-003,2026-08-08T13:30:00Z,28.75,833.73,36.78,32.219,76.3234,1457.0,False,NORMAL
AWS-004,2026-08-08T13:30:00Z,39.37,978.11,25.27,26.9124,70.9022,225.0,False,NORMAL
AWS-001,2026-08-08T13:45:00Z,35.42,981.89,43.05,28.6139,77.209,216.0,False,NORMAL
AWS-002,2026-08-08T13:45:00Z,35.98,1008.41,50.65,18.922,72.8347,14.0,False,NORMAL
AWS-003,2026-08-08T13:45:00Z,28.44,833.38,39.08,32.219,76.3234,1457.0,False,NORMAL
AWS-004,2026-08-08T13:45:00Z,39.71,977.92,25.53,26.9124,70.9022,225.0,False,NORMAL
AWS-001,2026-08-08T14:00:00Z,36.06,981.78,42.44,28.6139,77.209,216.0,False,NORMAL
AWS-002,2026-08-08T14:00:00Z,37.11,1008.37,50.74,18.922,72.8347,14.0,False,NORMAL
AWS-003,2026-08-08T14:00:00Z,28.67,833.23,37.68,32.219,76.3234,1457.0,False,NORMAL
AWS-004,2026-08-08T14:00:00Z,38.49,977.61,24.74,26.9124,70.9022,225.0,False,NORMAL
AWS-001,2026-08-08T14:15:00Z,35.26,981.63,43.08,28.6139,77.209,216.0,False,NORMAL
AWS-002,2026-08-08T14:15:00Z,37.12,1007.82,51.21,18.922,72.8347,14.0,False,NORMAL
AWS-003,2026-08-08T14:15:00Z,28.2,833.18,37.13,32.219,76.3234,1457.0,False,NORMAL
AWS-004,2026-08-08T14:15:00Z,39.57,977.86,24.96,26.9124,70.9022,225.0,False,NORMAL
AWS-001,2026-08-08T14:30:00Z,35.77,981.68,43.18,28.6139,77.209,216.0,False,NORMAL
AWS-002,2026-08-08T14:30:00Z,36.94,1008.0,50.85,18.922,72.8347,14.0,False,NORMAL
AWS-003,2026-08-08T14:30:00Z,28.52,833.02,37.24,32.219,76.3234,1457.0,False,NORMAL
AWS-004,2026-08-08T14:30:00Z,39.27,977.52,24.13,26.9124,70.9022,225.0,False,NORMAL
AWS-001,2026-08-08T14:45:00Z,35.43,981.34,43.35,28.6139,77.209,216.0,False,NORMAL
AWS-002,2026-08-08T14:45:00Z,35.96,1007.75,51.19,18.922,72.8347,14.0,False,NORMAL
AWS-003,2026-08-08T14:45:00Z,28.2,832.74,37.34,32.219,76.3234,1457.0,False,NORMAL
AWS-004,2026-08-08T14:45:00Z,39.74,977.28,25.71,26.9124,70.9022,225.0,False,NORMAL
AWS-001,2026-08-08T15:00:00Z,35.1,981.5,43.63,28.6139,77.209,216.0,False,NORMAL
AWS-002,2026-08-08T15:00:00Z,37.13,1007.98,51.45,18.922,72.8347,14.0,False,NORMAL
AWS-003,2026-08-08T15:00:00Z,28.59,832.9,39.16,32.219,76.3234,1457.0,False,NORMAL
AWS-004,2026-08-08T15:00:00Z,38.74,977.14,24.7,26.9124,70.9022,225.0,False,NORMAL
AWS-001,2026-08-08T15:15:00Z,35.37,981.48,43.95,28.6139,77.209,216.0,False,NORMAL
AWS-002,2026-08-08T15:15:00Z,36.38,1007.74,52.38,18.922,72.8347,14.0,False,NORMAL
AWS-003,2026-08-08T15:15:00Z,28.02,833.03,40.05,32.219,76.3234,1457.0,False,NORMAL
AWS-004,2026-08-08T15:15:00Z,39.1,977.31,25.37,26.9124,70.9022,225.0,False,NORMAL
AWS-001,2026-08-08T15:30:00Z,34.84,981.44,44.08,28.6139,77.209,216.0,False,NORMAL
AWS-002,2026-08-08T15:30:00Z,36.09,1007.58,52.07,18.922,72.8347,14.0,False,NORMAL
AWS-003,2026-08-08T15:30:00Z,28.32,832.52,39.62,32.219,76.3234,1457.0,False,NORMAL
AWS-004,2026-08-08T15:30:00Z,39.16,977.54,25.6,26.9124,70.9022,225.0,False,NORMAL
AWS-001,2026-08-08T15:45:00Z,35.09,981.39,45.42,28.6139,77.209,216.0,False,NORMAL
AWS-002,2026-08-08T15:45:00Z,35.39,1007.48,53.46,18.922,72.8347,14.0,False,NORMAL
AWS-003,2026-08-08T15:45:00Z,29.59,832.55,40.3,32.219,76.3234,1457.0,False,NORMAL
AWS-004,2026-08-08T15:45:00Z,38.54,977.05,26.8,26.9124,70.9022,225.0,False,NORMAL
AWS-001,2026-08-08T16:00:00Z,34.82,981.23,45.82,28.6139,77.209,216.0,False,NORMAL
AWS-002,2026-08-08T16:00:00Z,35.79,1007.55,53.94,18.922,72.8347,14.0,False,NORMAL
AWS-003,2026-08-08T16:00:00Z,28.39,832.77,40.25,32.219,76.3234,1457.0,False,NORMAL
AWS-004,2026-08-08T16:00:00Z,39.08,977.13,28.59,26.9124,70.9022,225.0,False,NORMAL
AWS-001,2026-08-08T16:15:00Z,34.07,981.1,45.61,28.6139,77.209,216.0,False,NORMAL
AWS-002,2026-08-08T16:15:00Z,35.57,1007.7,54.22,18.922,72.8347,14.0,False,NORMAL
AWS-003,2026-08-08T16:15:00Z,28.56,832.76,41.48,32.219,76.3234,1457.0,False,NORMAL
AWS-004,2026-08-08T16:15:00Z,37.65,977.32,27.9,26.9124,70.9022,225.0,False,NORMAL
AWS-001,2026-08-08T16:30:00Z,34.24,981.16,47.47,28.6139,77.209,216.0,False,NORMAL
AWS-002,2026-08-08T16:30:00Z,35.71,1007.47,54.8,18.922,72.8347,14.0,False,NORMAL
AWS-003,2026-08-08T16:30:00Z,27.9,832.04,41.95,32.219,76.3234,1457.0,False,NORMAL
AWS-004,2026-08-08T16:30:00Z,38.32,977.24,27.82,26.9124,70.9022,225.0,False,NORMAL
AWS-001,2026-08-08T16:45:00Z,34.44,981.43,47.22,28.6139,77.209,216.0,False,NORMAL
AWS-002,2026-08-08T16:45:00Z,35.74,1007.7,56.16,18.922,72.8347,14.0,False,NORMAL
AWS-003,2026-08-08T16:45:00Z,27.5,832.8,42.11,32.219,76.3234,1457.0,False,NORMAL
AWS-004,2026-08-08T16:45:00Z,37.95,977.71,30.11,26.9124,70.9022,225.0,False,NORMAL
AWS-001,2026-08-08T17:00:00Z,33.45,981.57,48.17,28.6139,77.209,216.0,False,NORMAL
AWS-002,2026-08-08T17:00:00Z,34.97,1008.17,55.44,18.922,72.8347,14.0,False,NORMAL
AWS-003,2026-08-08T17:00:00Z,27.19,832.75,42.98,32.219,76.3234,1457.0,False,NORMAL
AWS-004,2026-08-08T17:00:00Z,38.13,977.41,30.24,26.9124,70.9022,225.0,False,NORMAL
AWS-001,2026-08-08T17:15:00Z,33.47,981.82,50.09,28.6139,77.209,216.0,False,NORMAL
AWS-002,2026-08-08T17:15:00Z,35.1,1007.95,57.11,18.922,72.8347,14.0,False,NORMAL
AWS-003,2026-08-08T17:15:00Z,26.66,832.67,44.86,32.219,76.3234,1457.0,False,NORMAL
AWS-004,2026-08-08T17:15:00Z,37.62,977.15,31.42,26.9124,70.9022,225.0,False,NORMAL
AWS-001,2026-08-08T17:30:00Z,33.0,981.58,50.26,28.6139,77.209,216.0,False,NORMAL
AWS-002,2026-08-08T17:30:00Z,34.86,1008.27,58.81,18.922,72.8347,14.0,False,NORMAL
AWS-003,2026-08-08T17:30:00Z,27.02,832.63,44.63,32.219,76.3234,1457.0,False,NORMAL
AWS-004,2026-08-08T17:30:00Z,36.44,977.64,33.72,26.9124,70.9022,225.0,False,NORMAL
AWS-001,2026-08-08T17:45:00Z,33.02,981.67,50.51,28.6139,77.209,216.0,False,NORMAL
AWS-002,2026-08-08T17:45:00Z,33.48,1008.02,59.47,18.922,72.8347,14.0,False,NORMAL
AWS-003,2026-08-08T17:45:00Z,26.91,832.58,47.32,32.219,76.3234,1457.0,False,NORMAL
AWS-004,2026-08-08T17:45:00Z,36.14,977.61,34.1,26.9124,70.9022,225.0,False,NORMAL
AWS-001,2026-08-08T18:00:00Z,32.24,981.95,52.36,28.6139,77.209,216.0,False,NORMAL
AWS-002,2026-08-08T18:00:00Z,33.45,1008.27,60.66,18.922,72.8347,14.0,False,NORMAL
AWS-003,2026-08-08T18:00:00Z,25.62,833.15,48.36,32.219,76.3234,1457.0,False,NORMAL
AWS-004,2026-08-08T18:00:00Z,36.43,977.89,35.09,26.9124,70.9022,225.0,False,NORMAL
AWS-001,2026-08-08T18:15:00Z,32.12,981.88,54.05,28.6139,77.209,216.0,False,NORMAL
AWS-002,2026-08-08T18:15:00Z,33.83,1008.45,61.69,18.922,72.8347,14.0,False,NORMAL
AWS-003,2026-08-08T18:15:00Z,26.23,833.15,48.51,32.219,76.3234,1457.0,False,NORMAL
AWS-004,2026-08-08T18:15:00Z,35.94,977.81,37.17,26.9124,70.9022,225.0,False,NORMAL
AWS-001,2026-08-08T18:30:00Z,32.29,982.0,54.84,28.6139,77.209,216.0,False,NORMAL
AWS-002,2026-08-08T18:30:00Z,32.98,1008.5,62.98,18.922,72.8347,14.0,False,NORMAL
AWS-003,2026-08-08T18:30:00Z,24.84,833.17,49.57,32.219,76.3234,1457.0,False,NORMAL
AWS-004,2026-08-08T18:30:00Z,36.27,978.09,36.88,26.9124,70.9022,225.0,False,NORMAL
AWS-001,2026-08-08T18:45:00Z,31.44,982.33,56.74,28.6139,77.209,216.0,False,NORMAL
AWS-002,2026-08-08T18:45:00Z,32.87,1008.8,64.07,18.922,72.8347,14.0,False,NORMAL
AWS-003,2026-08-08T18:45:00Z,26.32,833.12,51.65,32.219,76.3234,1457.0,False,NORMAL
AWS-004,2026-08-08T18:45:00Z,35.41,978.25,38.48,26.9124,70.9022,225.0,False,NORMAL
AWS-001,2026-08-08T19:00:00Z,31.23,982.36,57.07,28.6139,77.209,216.0,False,NORMAL
AWS-002,2026-08-08T19:00:00Z,32.0,1008.62,65.18,18.922,72.8347,14.0,False,NORMAL
AWS-003,2026-08-08T19:00:00Z,25.05,833.98,52.86,32.219,76.3234,1457.0,False,NORMAL
AWS-004,2026-08-08T19:00:00Z,35.02,978.6,39.49,26.9124,70.9022,225.0,False,NORMAL
AWS-001,2026-08-08T19:15:00Z,30.91,982.55,59.76,28.6139,77.209,216.0,False,NORMAL
AWS-002,2026-08-08T19:15:00Z,32.4,1009.02,66.4,18.922,72.8347,14.0,False,NORMAL
AWS-003,2026-08-08T19:15:00Z,24.16,834.08,53.88,32.219,76.3234,1457.0,False,NORMAL
AWS-004,2026-08-08T19:15:00Z,33.99,978.11,40.81,26.9124,70.9022,225.0,False,NORMAL
AWS-001,2026-08-08T19:30:00Z,29.96,982.57,60.09,28.6139,77.209,216.0,False,NORMAL
AWS-002,2026-08-08T19:30:00Z,31.83,1008.9,68.3,18.922,72.8347,14.0,False,NORMAL
AWS-003,2026-08-08T19:30:00Z,24.39,833.9,55.64,32.219,76.3234,1457.0,False,NORMAL
AWS-004,2026-08-08T19:30:00Z,33.84,978.52,42.75,26.9124,70.9022,225.0,False,NORMAL
AWS-001,2026-08-08T19:45:00Z,30.14,982.91,62.18,28.6139,77.209,216.0,False,NORMAL
AWS-002,2026-08-08T19:45:00Z,31.2,1009.44,68.84,18.922,72.8347,14.0,False,NORMAL
AWS-003,2026-08-08T19:45:00Z,23.48,833.74,57.15,32.219,76.3234,1457.0,False,NORMAL
AWS-004,2026-08-08T19:45:00Z,33.83,978.67,43.64,26.9124,70.9022,225.0,False,NORMAL
AWS-001,2026-08-08T20:00:00Z,29.22,982.89,62.67,28.6139,77.209,216.0,False,NORMAL
AWS-002,2026-08-08T20:00:00Z,29.79,1009.4,69.83,18.922,72.8347,14.0,False,NORMAL
AWS-003,2026-08-08T20:00:00Z,23.01,833.96,58.32,32.219,76.3234,1457.0,False,NORMAL
AWS-004,2026-08-08T20:00:00Z,34.25,979.3,45.17,26.9124,70.9022,225.0,False,NORMAL
AWS-001,2026-08-08T20:15:00Z,29.14,983.14,64.12,28.6139,77.209,216.0,False,NORMAL
AWS-002,2026-08-08T20:15:00Z,31.25,1009.75,71.31,18.922,72.8347,14.0,False,NORMAL
AWS-003,2026-08-08T20:15:00Z,22.01,834.06,57.86,32.219,76.3234,1457.0,False,NORMAL
AWS-004,2026-08-08T20:15:00Z,33.14,978.89,45.63,26.9124,70.9022,225.0,False,NORMAL
AWS-001,2026-08-08T20:30:00Z,28.61,983.21,65.29,28.6139,77.209,216.0,False,NORMAL
AWS-002,2026-08-08T20:30:00Z,29.66,1009.7,74.19,18.922,72.8347,14.0,False,NORMAL
AWS-003,2026-08-08T20:30:00Z,22.46,834.58,60.4,32.219,76.3234,1457.0,False,NORMAL
AWS-004,2026-08-08T20:30:00Z,32.86,979.19,48.26,26.9124,70.9022,225.0,False,NORMAL
AWS-001,2026-08-08T20:45:00Z,28.36,983.43,66.02,28.6139,77.209,216.0,False,NORMAL
AWS-002,2026-08-08T20:45:00Z,29.73,1009.65,74.73,18.922,72.8347,14.0,False,NORMAL
AWS-003,2026-08-08T20:45:00Z,21.74,834.18,61.07,32.219,76.3234,1457.0,False,NORMAL
AWS-004,2026-08-08T20:45:00Z,31.6,979.33,48.89,26.9124,70.9022,225.0,False,NORMAL
AWS-001,2026-08-08T21:00:00Z,27.84,983.46,68.11,28.6139,77.209,216.0,False,NORMAL
AWS-002,2026-08-08T21:00:00Z,29.03,1009.82,75.88,18.922,72.8347,14.0,False,NORMAL
AWS-003,2026-08-08T21:00:00Z,20.78,834.67,63.07,32.219,76.3234,1457.0,False,NORMAL
AWS-004,2026-08-08T21:00:00Z,31.81,979.48,50.6,26.9124,70.9022,225.0,False,NORMAL
AWS-001,2026-08-08T21:15:00Z,27.62,983.56,69.25,28.6139,77.209,216.0,False,NORMAL
AWS-002,2026-08-08T21:15:00Z,29.0,1009.74,77.2,18.922,72.8347,14.0,False,NORMAL
AWS-003,2026-08-08T21:15:00Z,21.58,834.51,65.12,32.219,76.3234,1457.0,False,NORMAL
AWS-004,2026-08-08T21:15:00Z,30.93,979.39,51.24,26.9124,70.9022,225.0,False,NORMAL
AWS-001,2026-08-08T21:30:00Z,27.0,983.59,69.67,28.6139,77.209,216.0,False,NORMAL
AWS-002,2026-08-08T21:30:00Z,28.39,1010.01,77.71,18.922,72.8347,14.0,False,NORMAL
AWS-003,2026-08-08T21:30:00Z,20.44,834.63,64.04,32.219,76.3234,1457.0,False,NORMAL
AWS-004,2026-08-08T21:30:00Z,31.35,979.32,52.98,26.9124,70.9022,225.0,False,NORMAL
AWS-001,2026-08-08T21:45:00Z,26.72,983.79,71.47,28.6139,77.209,216.0,False,NORMAL
AWS-002,2026-08-08T21:45:00Z,28.34,1010.07,80.06,18.922,72.8347,14.0,False,NORMAL
AWS-003,2026-08-08T21:45:00Z,20.21,834.62,66.39,32.219,76.3234,1457.0,False,NORMAL
AWS-004,2026-08-08T21:45:00Z,31.76,979.37,53.05,26.9124,70.9022,225.0,False,NORMAL
AWS-001,2026-08-08T22:00:00Z,26.89,983.61,72.96,28.6139,77.209,216.0,False,NORMAL
AWS-002,2026-08-08T22:00:00Z,28.11,1009.85,80.64,18.922,72.8347,14.0,False,NORMAL
AWS-003,2026-08-08T22:00:00Z,20.43,834.46,68.26,32.219,76.3234,1457.0,False,NORMAL
AWS-004,2026-08-08T22:00:00Z,30.34,979.74,54.01,26.9124,70.9022,225.0,False,NORMAL
AWS-001,2026-08-08T22:15:00Z,26.3,983.77,74.14,28.6139,77.209,216.0,False,NORMAL
AWS-002,2026-08-08T22:15:00Z,27.26,1009.9,82.35,18.922,72.8347,14.0,False,NORMAL
AWS-003,2026-08-08T22:15:00Z,20.48,834.69,68.94,32.219,76.3234,1457.0,False,NORMAL
AWS-004,2026-08-08T22:15:00Z,30.49,979.57,55.62,26.9124,70.9022,225.0,False,NORMAL
AWS-001,2026-08-08T22:30:00Z,26.09,983.38,75.18,28.6139,77.209,216.0,False,NORMAL
AWS-002,2026-08-08T22:30:00Z,27.02,1010.05,82.74,18.922,72.8347,14.0,False,NORMAL
AWS-003,2026-08-08T22:30:00Z,19.56,834.39,69.61,32.219,76.3234,1457.0,False,NORMAL
AWS-004,2026-08-08T22:30:00Z,29.39,979.7,56.06,26.9124,70.9022,225.0,False,NORMAL
AWS-001,2026-08-08T22:45:00Z,25.04,983.6,75.88,28.6139,77.209,216.0,False,NORMAL
AWS-002,2026-08-08T22:45:00Z,27.1,1009.83,83.89,18.922,72.8347,14.0,False,NORMAL
AWS-003,2026-08-08T22:45:00Z,19.91,834.83,69.65,32.219,76.3234,1457.0,False,NORMAL
AWS-004,2026-08-08T22:45:00Z,28.71,979.16,57.41,26.9124,70.9022,225.0,False,NORMAL
AWS-001,2026-08-08T23:00:00Z,25.1,983.5,77.04,28.6139,77.209,216.0,False,NORMAL
AWS-002,2026-08-08T23:00:00Z,26.65,1009.81,86.4,18.922,72.8347,14.0,False,NORMAL
AWS-003,2026-08-08T23:00:00Z,18.17,834.92,72.26,32.219,76.3234,1457.0,False,NORMAL
AWS-004,2026-08-08T23:00:00Z,29.03,979.41,59.27,26.9124,70.9022,225.0,False,NORMAL
AWS-001,2026-08-08T23:15:00Z,24.47,983.54,77.84,28.6139,77.209,216.0,False,NORMAL
AWS-002,2026-08-08T23:15:00Z,25.88,1009.97,86.23,18.922,72.8347,14.0,False,NORMAL
AWS-003,2026-08-08T23:15:00Z,18.61,834.47,72.95,32.219,76.3234,1457.0,False,NORMAL
AWS-004,2026-08-08T23:15:00Z,29.34,979.36,60.05,26.9124,70.9022,225.0,False,NORMAL
AWS-001,2026-08-08T23:30:00Z,24.88,983.12,78.9,28.6139,77.209,216.0,False,NORMAL
AWS-002,2026-08-08T23:30:00Z,25.99,1009.65,86.72,18.922,72.8347,14.0,False,NORMAL
AWS-003,2026-08-08T23:30:00Z,18.78,834.24,73.36,32.219,76.3234,1457.0,False,NORMAL
AWS-004,2026-08-08T23:30:00Z,29.55,979.38,59.93,26.9124,70.9022,225.0,False,NORMAL
AWS-001,2026-08-08T23:45:00Z,24.49,982.97,78.65,28.6139,77.209,216.0,False,NORMAL
AWS-002,2026-08-08T23:45:00Z,25.62,1009.49,87.52,18.922,72.8347,14.0,False,NORMAL
AWS-003,2026-08-08T23:45:00Z,17.87,834.18,74.06,32.219,76.3234,1457.0,False,NORMAL
AWS-004,2026-08-08T23:45:00Z,27.94,979.36,61.29,26.9124,70.9022,225.0,False,NORMAL
AWS-001,2026-08-09T00:00:00Z,24.22,983.16,79.91,28.6139,77.209,216.0,False,NORMAL
AWS-002,2026-08-09T00:00:00Z,25.12,1009.17,88.32,18.922,72.8347,14.0,True,FROZEN_SENSOR
AWS-003,2026-08-09T00:00:00Z,18.46,834.47,74.72,32.219,76.3234,1457.0,False,NORMAL
AWS-004,2026-08-09T00:00:00Z,28.38,979.07,62.57,26.9124,70.9022,225.0,False,NORMAL
AWS-001,2026-08-09T00:15:00Z,24.23,982.89,80.76,28.6139,77.209,216.0,False,NORMAL
AWS-002,2026-08-09T00:15:00Z,25.12,1009.27,88.83,18.922,72.8347,14.0,True,FROZEN_SENSOR
AWS-003,2026-08-09T00:15:00Z,17.44,834.41,74.13,32.219,76.3234,1457.0,False,NORMAL
AWS-004,2026-08-09T00:15:00Z,28.23,979.01,62.62,26.9124,70.9022,225.0,False,NORMAL
AWS-001,2026-08-09T00:30:00Z,24.53,982.93,81.46,28.6139,77.209,216.0,False,NORMAL
AWS-002,2026-08-09T00:30:00Z,25.12,1009.15,89.16,18.922,72.8347,14.0,True,FROZEN_SENSOR
AWS-003,2026-08-09T00:30:00Z,18.13,833.84,76.68,32.219,76.3234,1457.0,False,NORMAL
AWS-004,2026-08-09T00:30:00Z,27.94,978.69,62.82,26.9124,70.9022,225.0,False,NORMAL
AWS-001,2026-08-09T00:45:00Z,23.84,982.65,81.74,28.6139,77.209,216.0,False,NORMAL
AWS-002,2026-08-09T00:45:00Z,25.12,1008.98,89.82,18.922,72.8347,14.0,True,FROZEN_SENSOR
AWS-003,2026-08-09T00:45:00Z,17.22,834.01,76.85,32.219,76.3234,1457.0,False,NORMAL
AWS-004,2026-08-09T00:45:00Z,27.79,978.85,64.11,26.9124,70.9022,225.0,False,NORMAL
AWS-001,2026-08-09T01:00:00Z,23.51,982.34,82.04,28.6139,77.209,216.0,False,NORMAL
AWS-002,2026-08-09T01:00:00Z,25.12,1008.96,90.72,18.922,72.8347,14.0,True,FROZEN_SENSOR
AWS-003,2026-08-09T01:00:00Z,17.62,833.71,76.69,32.219,76.3234,1457.0,False,NORMAL
AWS-004,2026-08-09T01:00:00Z,27.56,978.32,64.76,26.9124,70.9022,225.0,False,NORMAL
AWS-001,2026-08-09T01:15:00Z,23.67,982.46,82.09,28.6139,77.209,216.0,False,NORMAL
AWS-002,2026-08-09T01:15:00Z,25.12,1008.85,89.28,18.922,72.8347,14.0,True,FROZEN_SENSOR
AWS-003,2026-08-09T01:15:00Z,16.9,833.43,77.01,32.219,76.3234,1457.0,False,NORMAL
AWS-004,2026-08-09T01:15:00Z,26.38,978.11,64.82,26.9124,70.9022,225.0,False,NORMAL
AWS-001,2026-08-09T01:30:00Z,23.59,981.99,83.47,28.6139,77.209,216.0,False,NORMAL
AWS-002,2026-08-09T01:30:00Z,25.12,1008.57,91.09,18.922,72.8347,14.0,True,FROZEN_SENSOR
AWS-003,2026-08-09T01:30:00Z,17.14,833.7,77.64,32.219,76.3234,1457.0,False,NORMAL
AWS-004,2026-08-09T01:30:00Z,27.05,978.22,65.16,26.9124,70.9022,225.0,False,NORMAL
AWS-001,2026-08-09T01:45:00Z,23.47,982.14,82.64,28.6139,77.209,216.0,False,NORMAL
AWS-002,2026-08-09T01:45:00Z,25.12,1008.48,90.68,18.922,72.8347,14.0,True,FROZEN_SENSOR
AWS-003,2026-08-09T01:45:00Z,17.43,833.15,75.86,32.219,76.3234,1457.0,False,NORMAL
AWS-004,2026-08-09T01:45:00Z,26.72,977.73,65.31,26.9124,70.9022,225.0,False,NORMAL
AWS-001,2026-08-09T02:00:00Z,23.35,981.74,83.33,28.6139,77.209,216.0,False,NORMAL
AWS-002,2026-08-09T02:00:00Z,25.12,1007.93,91.79,18.922,72.8347,14.0,True,FROZEN_SENSOR
AWS-003,2026-08-09T02:00:00Z,16.75,833.18,78.53,32.219,76.3234,1457.0,False,NORMAL
AWS-004,2026-08-09T02:00:00Z,27.17,977.8,64.88,26.9124,70.9022,225.0,False,NORMAL
AWS-001,2026-08-09T02:15:00Z,23.66,981.67,83.12,28.6139,77.209,216.0,False,NORMAL
AWS-002,2026-08-09T02:15:00Z,25.12,1008.28,89.46,18.922,72.8347,14.0,True,FROZEN_SENSOR
AWS-003,2026-08-09T02:15:00Z,17.14,833.01,77.25,32.219,76.3234,1457.0,False,NORMAL
AWS-004,2026-08-09T02:15:00Z,27.3,977.7,64.71,26.9124,70.9022,225.0,False,NORMAL
AWS-001,2026-08-09T02:30:00Z,23.68,981.65,82.92,28.6139,77.209,216.0,False,NORMAL
AWS-002,2026-08-09T02:30:00Z,25.12,1007.73,91.79,18.922,72.8347,14.0,True,FROZEN_SENSOR
AWS-003,2026-08-09T02:30:00Z,16.68,832.99,77.41,32.219,76.3234,1457.0,False,NORMAL
AWS-004,2026-08-09T02:30:00Z,27.43,977.41,63.84,26.9124,70.9022,225.0,False,NORMAL
AWS-001,2026-08-09T02:45:00Z,23.53,981.57,81.88,28.6139,77.209,216.0,False,NORMAL
AWS-002,2026-08-09T02:45:00Z,25.12,1007.84,90.49,18.922,72.8347,14.0,True,FROZEN_SENSOR
AWS-003,2026-08-09T02:45:00Z,17.38,832.74,78.43,32.219,76.3234,1457.0,False,NORMAL
AWS-004,2026-08-09T02:45:00Z,27.0,977.36,64.29,26.9124,70.9022,225.0,False,NORMAL
AWS-001,2026-08-09T03:00:00Z,24.2,981.5,82.14,28.6139,77.209,216.0,False,NORMAL
AWS-002,2026-08-09T03:00:00Z,25.12,1007.84,89.81,18.922,72.8347,14.0,True,FROZEN_SENSOR
AWS-003,2026-08-09T03:00:00Z,17.8,832.86,77.72,32.219,76.3234,1457.0,False,NORMAL
AWS-004,2026-08-09T03:00:00Z,28.71,977.57,65.02,26.9124,70.9022,225.0,False,NORMAL
AWS-001,2026-08-09T03:15:00Z,23.68,981.4,82.3,28.6139,77.209,216.0,False,NORMAL
AWS-002,2026-08-09T03:15:00Z,25.12,1007.86,89.75,18.922,72.8347,14.0,True,FROZEN_SENSOR
AWS-003,2026-08-09T03:15:00Z,17.32,832.73,75.38,32.219,76.3234,1457.0,False,NORMAL
AWS-004,2026-08-09T03:15:00Z,27.14,977.36,62.73,26.9124,70.9022,225.0,False,NORMAL
AWS-001,2026-08-09T03:30:00Z,23.82,981.31,80.23,28.6139,77.209,216.0,False,NORMAL
AWS-002,2026-08-09T03:30:00Z,25.12,1007.64,89.41,18.922,72.8347,14.0,True,FROZEN_SENSOR
AWS-003,2026-08-09T03:30:00Z,16.96,832.44,77.22,32.219,76.3234,1457.0,False,NORMAL
AWS-004,2026-08-09T03:30:00Z,28.27,977.25,63.75,26.9124,70.9022,225.0,False,NORMAL
AWS-001,2026-08-09T03:45:00Z,24.41,981.3,80.76,28.6139,77.209,216.0,False,NORMAL
AWS-002,2026-08-09T03:45:00Z,25.12,1007.72,88.62,18.922,72.8347,14.0,True,FROZEN_SENSOR
AWS-003,2026-08-09T03:45:00Z,17.82,832.23,76.71,32.219,76.3234,1457.0,False,NORMAL
AWS-004,2026-08-09T03:45:00Z,27.51,977.24,61.89,26.9124,70.9022,225.0,False,NORMAL
AWS-001,2026-08-09T04:00:00Z,23.76,981.44,80.64,28.6139,77.209,216.0,False,NORMAL
AWS-002,2026-08-09T04:00:00Z,25.12,1007.63,87.75,18.922,72.8347,14.0,True,FROZEN_SENSOR
AWS-003,2026-08-09T04:00:00Z,18.55,832.72,75.74,32.219,76.3234,1457.0,False,NORMAL
AWS-004,2026-08-09T04:00:00Z,28.59,977.48,62.16,26.9124,70.9022,225.0,False,NORMAL
AWS-001,2026-08-09T04:15:00Z,24.41,981.47,79.14,28.6139,77.209,216.0,False,NORMAL
AWS-002,2026-08-09T04:15:00Z,25.12,1007.41,86.7,18.922,72.8347,14.0,True,FROZEN_SENSOR
AWS-003,2026-08-09T04:15:00Z,18.14,832.71,75.22,32.219,76.3234,1457.0,False,NORMAL
AWS-004,2026-08-09T04:15:00Z,28.34,977.63,62.11,26.9124,70.9022,225.0,False,NORMAL
AWS-001,2026-08-09T04:30:00Z,24.58,981.24,78.16,28.6139,77.209,216.0,False,NORMAL
AWS-002,2026-08-09T04:30:00Z,25.12,1007.78,87.88,18.922,72.8347,14.0,True,FROZEN_SENSOR
AWS-003,2026-08-09T04:30:00Z,18.37,832.38,72.37,32.219,76.3234,1457.0,False,NORMAL
AWS-004,2026-08-09T04:30:00Z,28.53,977.04,59.56,26.9124,70.9022,225.0,False,NORMAL
AWS-001,2026-08-09T04:45:00Z,25.22,981.23,77.49,28.6139,77.209,216.0,False,NORMAL
AWS-002,2026-08-09T04:45:00Z,25.12,1007.9,86.52,18.922,72.8347,14.0,True,FROZEN_SENSOR
AWS-003,2026-08-09T04:45:00Z,18.52,832.94,72.48,32.219,76.3234,1457.0,False,NORMAL
AWS-004,2026-08-09T04:45:00Z,28.73,977.63,58.55,26.9124,70.9022,225.0,False,NORMAL
AWS-001,2026-08-09T05:00:00Z,24.71,981.64,76.45,28.6139,77.209,216.0,False,NORMAL
AWS-002,2026-08-09T05:00:00Z,25.12,1007.57,85.24,18.922,72.8347,14.0,True,FROZEN_SENSOR
AWS-003,2026-08-09T05:00:00Z,18.84,832.84,73.18,32.219,76.3234,1457.0,False,NORMAL
AWS-004,2026-08-09T05:00:00Z,28.87,977.37,58.83,26.9124,70.9022,225.0,False,NORMAL
AWS-001,2026-08-09T05:15:00Z,25.8,981.4,75.29,28.6139,77.209,216.0,False,NORMAL
AWS-002,2026-08-09T05:15:00Z,25.12,1008.0,84.1,18.922,72.8347,14.0,True,FROZEN_SENSOR
AWS-003,2026-08-09T05:15:00Z,18.92,832.92,70.87,32.219,76.3234,1457.0,False,NORMAL
AWS-004,2026-08-09T05:15:00Z,30.05,977.32,57.73,26.9124,70.9022,225.0,False,NORMAL
AWS-001,2026-08-09T05:30:00Z,26.08,981.8,74.96,28.6139,77.209,216.0,False,NORMAL
AWS-002,2026-08-09T05:30:00Z,25.12,1008.18,82.86,18.922,72.8347,14.0,True,FROZEN_SENSOR
AWS-003,2026-08-09T05:30:00Z,18.76,833.19,70.32,32.219,76.3234,1457.0,False,NORMAL
AWS-004,2026-08-09T05:30:00Z,29.32,977.32,57.19,26.9124,70.9022,225.0,False,NORMAL
AWS-001,2026-08-09T05:45:00Z,26.29,981.75,74.59,28.6139,77.209,216.0,False,NORMAL
AWS-002,2026-08-09T05:45:00Z,25.12,1007.98,81.3,18.922,72.8347,14.0,True,FROZEN_SENSOR
AWS-003,2026-08-09T05:45:00Z,19.62,833.08,69.66,32.219,76.3234,1457.0,False,NORMAL
AWS-004,2026-08-09T05:45:00Z,30.08,977.85,55.96,26.9124,70.9022,225.0,False,NORMAL
AWS-001,2026-08-09T06:00:00Z,26.6,981.99,72.17,28.6139,77.209,216.0,False,NORMAL
AWS-002,2026-08-09T06:00:00Z,25.12,1007.76,80.77,18.922,72.8347,14.0,True,FROZEN_SENSOR
AWS-003,2026-08-09T06:00:00Z,19.9,833.16,66.45,32.219,76.3234,1457.0,False,NORMAL
AWS-004,2026-08-09T06:00:00Z,31.02,977.8,56.47,26.9124,70.9022,225.0,False,NORMAL
AWS-001,2026-08-09T06:15:00Z,26.69,982.16,71.36,28.6139,77.209,216.0,False,NORMAL
AWS-002,2026-08-09T06:15:00Z,25.12,1008.27,79.92,18.922,72.8347,14.0,True,FROZEN_SENSOR
AWS-003,2026-08-09T06:15:00Z,19.84,833.09,66.56,32.219,76.3234,1457.0,False,NORMAL
AWS-004,2026-08-09T06:15:00Z,31.15,978.03,53.38,26.9124,70.9022,225.0,False,NORMAL
AWS-001,2026-08-09T06:30:00Z,26.96,982.2,70.74,28.6139,77.209,216.0,False,NORMAL
AWS-002,2026-08-09T06:30:00Z,25.12,1008.75,77.81,18.922,72.8347,14.0,True,FROZEN_SENSOR
AWS-003,2026-08-09T06:30:00Z,20.06,833.39,65.86,32.219,76.3234,1457.0,False,NORMAL
AWS-004,2026-08-09T06:30:00Z,30.92,978.01,53.89,26.9124,70.9022,225.0,False,NORMAL
AWS-001,2026-08-09T06:45:00Z,26.94,982.19,68.66,28.6139,77.209,216.0,False,NORMAL
AWS-002,2026-08-09T06:45:00Z,25.12,1008.58,76.31,18.922,72.8347,14.0,True,FROZEN_SENSOR
AWS-003,2026-08-09T06:45:00Z,19.81,833.55,65.21,32.219,76.3234,1457.0,False,NORMAL
AWS-004,2026-08-09T06:45:00Z,31.66,978.29,50.37,26.9124,70.9022,225.0,False,NORMAL
AWS-001,2026-08-09T07:00:00Z,28.05,982.67,67.87,28.6139,77.209,216.0,False,NORMAL
AWS-002,2026-08-09T07:00:00Z,25.12,1008.58,74.79,18.922,72.8347,14.0,True,FROZEN_SENSOR
AWS-003,2026-08-09T07:00:00Z,20.85,833.6,61.98,32.219,76.3234,1457.0,False,NORMAL
AWS-004,2026-08-09T07:00:00Z,31.9,978.52,49.72,26.9124,70.9022,225.0,False,NORMAL
AWS-001,2026-08-09T07:15:00Z,28.16,982.71,65.97,28.6139,77.209,216.0,False,NORMAL
AWS-002,2026-08-09T07:15:00Z,25.12,1009.25,75.63,18.922,72.8347,14.0,True,FROZEN_SENSOR
AWS-003,2026-08-09T07:15:00Z,22.32,833.58,60.01,32.219,76.3234,1457.0,False,NORMAL
AWS-004,2026-08-09T07:15:00Z,32.86,978.72,49.26,26.9124,70.9022,225.0,False,NORMAL
AWS-001,2026-08-09T07:30:00Z,29.05,982.59,65.17,28.6139,77.209,216.0,False,NORMAL
AWS-002,2026-08-09T07:30:00Z,25.12,1009.16,73.18,18.922,72.8347,14.0,True,FROZEN_SENSOR
AWS-003,2026-08-09T07:30:00Z,22.02,834.0,60.48,32.219,76.3234,1457.0,False,NORMAL
AWS-004,2026-08-09T07:30:00Z,34.14,978.83,47.1,26.9124,70.9022,225.0,False,NORMAL
AWS-001,2026-08-09T07:45:00Z,29.23,982.87,63.06,28.6139,77.209,216.0,False,NORMAL
AWS-002,2026-08-09T07:45:00Z,25.12,1009.3,72.66,18.922,72.8347,14.0,True,FROZEN_SENSOR
AWS-003,2026-08-09T07:45:00Z,23.12,834.22,59.32,32.219,76.3234,1457.0,False,NORMAL
AWS-004,2026-08-09T07:45:00Z,33.2,978.8,46.65,26.9124,70.9022,225.0,False,NORMAL
AWS-001,2026-08-09T08:00:00Z,29.83,982.92,62.8,28.6139,77.209,216.0,False,NORMAL
AWS-002,2026-08-09T08:00:00Z,30.84,1009.49,69.99,18.922,72.8347,14.0,False,NORMAL
AWS-003,2026-08-09T08:00:00Z,23.39,834.36,58.46,32.219,76.3234,1457.0,False,NORMAL
AWS-004,2026-08-09T08:00:00Z,33.91,978.94,44.72,26.9124,70.9022,225.0,False,NORMAL
AWS-001,2026-08-09T08:15:00Z,29.91,983.37,61.1,28.6139,77.209,216.0,False,NORMAL
AWS-002,2026-08-09T08:15:00Z,31.44,1009.44,68.33,18.922,72.8347,14.0,False,NORMAL
AWS-003,2026-08-09T08:15:00Z,22.81,834.39,56.83,32.219,76.3234,1457.0,False,NORMAL
AWS-004,2026-08-09T08:15:00Z,33.77,979.38,44.43,26.9124,70.9022,225.0,False,NORMAL
AWS-001,2026-08-09T08:30:00Z,30.03,983.23,60.01,28.6139,77.209,216.0,False,NORMAL
AWS-002,2026-08-09T08:30:00Z,31.14,1009.6,67.23,18.922,72.8347,14.0,False,NORMAL
AWS-003,2026-08-09T08:30:00Z,24.63,834.87,54.93,32.219,76.3234,1457.0,False,NORMAL
AWS-004,2026-08-09T08:30:00Z,34.56,979.56,41.98,26.9124,70.9022,225.0,False,NORMAL
AWS-001,2026-08-09T08:45:00Z,30.45,983.43,59.31,28.6139,77.209,216.0,False,NORMAL
AWS-002,2026-08-09T08:45:00Z,31.32,1009.63,66.9,18.922,72.8347,14.0,False,NORMAL
AWS-003,2026-08-09T08:45:00Z,23.54,834.27,52.84,32.219,76.3234,1457.0,False,NORMAL
AWS-004,2026-08-09T08:45:00Z,34.27,979.32,40.66,26.9124,70.9022,225.0,False,NORMAL
AWS-001,2026-08-09T09:00:00Z,31.18,983.67,57.71,28.6139,77.209,216.0,False,NORMAL
AWS-002,2026-08-09T09:00:00Z,32.12,1009.96,65.61,18.922,72.8347,14.0,False,NORMAL
AWS-003,2026-08-09T09:00:00Z,24.97,834.48,53.53,32.219,76.3234,1457.0,False,NORMAL
AWS-004,2026-08-09T09:00:00Z,34.97,979.33,39.11,26.9124,70.9022,225.0,False,NORMAL
AWS-001,2026-08-09T09:15:00Z,31.05,983.6,57.02,28.6139,77.209,216.0,False,NORMAL
AWS-002,2026-08-09T09:15:00Z,32.65,1009.98,64.52,18.922,72.8347,14.0,False,NORMAL
AWS-003,2026-08-09T09:15:00Z,25.84,834.73,52.12,32.219,76.3234,1457.0,False,NORMAL
AWS-004,2026-08-09T09:15:00Z,35.63,979.63,38.49,26.9124,70.9022,225.0,False,NORMAL
AWS-001,2026-08-09T09:30:00Z,31.82,983.55,55.76,28.6139,77.209,216.0,False,NORMAL
AWS-002,2026-08-09T09:30:00Z,33.49,1009.92,63.75,18.922,72.8347,14.0,False,NORMAL
AWS-003,2026-08-09T09:30:00Z,24.89,834.72,50.97,32.219,76.3234,1457.0,False,NORMAL
AWS-004,2026-08-09T09:30:00Z,36.0,979.56,37.77,26.9124,70.9022,225.0,False,NORMAL
AWS-001,2026-08-09T09:45:00Z,31.96,983.63,53.9,28.6139,77.209,216.0,False,NORMAL
AWS-002,2026-08-09T09:45:00Z,34.41,1010.11,61.46,18.922,72.8347,14.0,False,NORMAL
AWS-003,2026-08-09T09:45:00Z,25.4,834.8,49.16,32.219,76.3234,1457.0,False,NORMAL
AWS-004,2026-08-09T09:45:00Z,35.97,979.29,35.33,26.9124,70.9022,225.0,False,NORMAL
AWS-001,2026-08-09T10:00:00Z,32.0,983.56,53.05,28.6139,77.209,216.0,False,NORMAL
AWS-002,2026-08-09T10:00:00Z,33.44,1010.06,60.47,18.922,72.8347,14.0,False,NORMAL
AWS-003,2026-08-09T10:00:00Z,26.04,834.72,48.91,32.219,76.3234,1457.0,False,NORMAL
AWS-004,2026-08-09T10:00:00Z,35.93,979.44,34.93,26.9124,70.9022,225.0,False,NORMAL
AWS-001,2026-08-09T10:15:00Z,32.44,983.62,52.03,28.6139,77.209,216.0,False,NORMAL
AWS-002,2026-08-09T10:15:00Z,34.27,1010.23,60.12,18.922,72.8347,14.0,False,NORMAL
AWS-003,2026-08-09T10:15:00Z,26.97,834.36,45.19,32.219,76.3234,1457.0,False,NORMAL
AWS-004,2026-08-09T10:15:00Z,35.95,979.41,32.77,26.9124,70.9022,225.0,False,NORMAL
AWS-001,2026-08-09T10:30:00Z,33.34,983.51,50.16,28.6139,77.209,216.0,False,NORMAL
AWS-002,2026-08-09T10:30:00Z,34.18,1009.9,57.89,18.922,72.8347,14.0,False,NORMAL
AWS-003,2026-08-09T10:30:00Z,25.85,834.57,44.79,32.219,76.3234,1457.0,False,NORMAL
AWS-004,2026-08-09T10:30:00Z,37.5,979.45,33.55,26.9124,70.9022,225.0,False,NORMAL
AWS-001,2026-08-09T10:45:00Z,33.43,983.45,49.13,28.6139,77.209,216.0,False,NORMAL
AWS-002,2026-08-09T10:45:00Z,34.07,1009.99,57.61,18.922,72.8347,14.0,False,NORMAL
AWS-003,2026-08-09T10:45:00Z,27.04,835.06,45.24,32.219,76.3234,1457.0,False,NORMAL
AWS-004,2026-08-09T10:45:00Z,37.84,979.73,32.1,26.9124,70.9022,225.0,False,NORMAL
AWS-001,2026-08-09T11:00:00Z,33.68,983.18,49.59,28.6139,77.209,216.0,False,NORMAL
AWS-002,2026-08-09T11:00:00Z,35.01,1009.47,56.71,18.922,72.8347,14.0,False,NORMAL
AWS-003,2026-08-09T11:00:00Z,26.29,834.43,44.64,32.219,76.3234,1457.0,False,NORMAL
AWS-004,2026-08-09T11:00:00Z,37.45,979.42,31.23,26.9124,70.9022,225.0,False,NORMAL
AWS-001,2026-08-09T11:15:00Z,33.73,983.15,47.81,28.6139,77.209,216.0,False,NORMAL
AWS-002,2026-08-09T11:15:00Z,35.44,1009.64,56.8,18.922,72.8347,14.0,False,NORMAL
AWS-003,2026-08-09T11:15:00Z,27.21,834.62,40.45,32.219,76.3234,1457.0,False,NORMAL
AWS-004,2026-08-09T11:15:00Z,37.49,979.26,29.78,26.9124,70.9022,225.0,False,NORMAL
AWS-001,2026-08-09T11:30:00Z,34.17,983.22,46.96,28.6139,77.209,216.0,False,NORMAL
AWS-002,2026-08-09T11:30:00Z,35.57,1009.49,55.57,18.922,72.8347,14.0,False,NORMAL
AWS-003,2026-08-09T11:30:00Z,27.72,834.47,42.89,32.219,76.3234,1457.0,False,NORMAL
AWS-004,2026-08-09T11:30:00Z,38.48,979.2,28.41,26.9124,70.9022,225.0,False,NORMAL
AWS-001,2026-08-09T11:45:00Z,34.39,983.06,45.91,28.6139,77.209,216.0,False,NORMAL
AWS-002,2026-08-09T11:45:00Z,35.26,1009.66,54.76,18.922,72.8347,14.0,False,NORMAL
AWS-003,2026-08-09T11:45:00Z,28.28,834.33,40.77,32.219,76.3234,1457.0,False,NORMAL
AWS-004,2026-08-09T11:45:00Z,38.42,979.09,27.31,26.9124,70.9022,225.0,False,NORMAL
AWS-001,2026-08-09T12:00:00Z,34.66,982.98,45.18,28.6139,77.209,216.0,False,NORMAL
AWS-002,2026-08-09T12:00:00Z,35.66,1009.42,53.18,18.922,72.8347,14.0,False,NORMAL
AWS-003,2026-08-09T12:00:00Z,29.14,833.86,39.53,32.219,76.3234,1457.0,False,NORMAL
AWS-004,2026-08-09T12:00:00Z,39.24,979.04,28.0,26.9124,70.9022,225.0,False,NORMAL
AWS-001,2026-08-09T12:15:00Z,34.74,982.87,44.59,28.6139,77.209,216.0,False,NORMAL
AWS-002,2026-08-09T12:15:00Z,36.13,1009.17,52.49,18.922,72.8347,14.0,False,NORMAL
AWS-003,2026-08-09T12:15:00Z,27.7,834.0,40.29,32.219,76.3234,1457.0,False,NORMAL
AWS-004,2026-08-09T12:15:00Z,39.22,978.72,26.9,26.9124,70.9022,225.0,False,NORMAL
AWS-001,2026-08-09T12:30:00Z,34.81,982.82,44.17,28.6139,77.209,216.0,False,NORMAL
AWS-002,2026-08-09T12:30:00Z,35.99,1009.0,52.2,18.922,72.8347,14.0,False,NORMAL
AWS-003,2026-08-09T12:30:00Z,27.75,834.07,39.42,32.219,76.3234,1457.0,False,NORMAL
AWS-004,2026-08-09T12:30:00Z,38.28,978.73,27.26,26.9124,70.9022,225.0,False,NORMAL
AWS-001,2026-08-09T12:45:00Z,34.78,982.58,43.9,28.6139,77.209,216.0,False,NORMAL
AWS-002,2026-08-09T12:45:00Z,36.33,1008.91,51.95,18.922,72.8347,14.0,False,NORMAL
AWS-003,2026-08-09T12:45:00Z,29.03,833.79,39.48,32.219,76.3234,1457.0,False,NORMAL
AWS-004,2026-08-09T12:45:00Z,38.6,978.45,26.26,26.9124,70.9022,225.0,False,NORMAL
AWS-001,2026-08-09T13:00:00Z,35.16,982.32,43.56,28.6139,77.209,216.0,False,NORMAL
AWS-002,2026-08-09T13:00:00Z,36.6,1008.84,50.5,18.922,72.8347,14.0,False,NORMAL
AWS-003,2026-08-09T13:00:00Z,29.76,833.73,38.93,32.219,76.3234,1457.0,False,NORMAL
AWS-004,2026-08-09T13:00:00Z,39.41,978.6,25.68,26.9124,70.9022,225.0,False,NORMAL
AWS-001,2026-08-09T13:15:00Z,35.73,982.37,43.58,28.6139,77.209,216.0,False,NORMAL
AWS-002,2026-08-09T13:15:00Z,37.43,1008.8,50.88,18.922,72.8347,14.0,False,NORMAL
AWS-003,2026-08-09T13:15:00Z,28.89,833.64,36.5,32.219,76.3234,1457.0,False,NORMAL
AWS-004,2026-08-09T13:15:00Z,39.33,978.39,25.32,26.9124,70.9022,225.0,False,NORMAL
AWS-001,2026-08-09T13:30:00Z,35.1,982.1,43.23,28.6139,77.209,216.0,False,NORMAL
AWS-002,2026-08-09T13:30:00Z,36.59,1008.34,49.69,18.922,72.8347,14.0,False,NORMAL
AWS-003,2026-08-09T13:30:00Z,29.21,833.35,40.15,32.219,76.3234,1457.0,False,NORMAL
AWS-004,2026-08-09T13:30:00Z,39.11,977.84,24.03,26.9124,70.9022,225.0,False,NORMAL
AWS-001,2026-08-09T13:45:00Z,35.19,982.07,42.27,28.6139,77.209,216.0,False,NORMAL
AWS-002,2026-08-09T13:45:00Z,36.76,1008.4,49.69,18.922,72.8347,14.0,False,NORMAL
AWS-003,2026-08-09T13:45:00Z,29.03,833.24,36.63,32.219,76.3234,1457.0,False,NORMAL
AWS-004,2026-08-09T13:45:00Z,39.91,978.01,23.52,26.9124,70.9022,225.0,False,NORMAL
AWS-001,2026-08-09T14:00:00Z,35.58,981.74,42.68,28.6139,77.209,216.0,False,NORMAL
AWS-002,2026-08-09T14:00:00Z,37.11,1008.19,50.65,18.922,72.8347,14.0,False,NORMAL
AWS-003,2026-08-09T14:00:00Z,28.96,833.18,37.42,32.219,76.3234,1457.0,False,NORMAL
AWS-004,2026-08-09T14:00:00Z,39.46,977.84,24.04,26.9124,70.9022,225.0,False,NORMAL
AWS-001,2026-08-09T14:15:00Z,35.05,981.74,43.65,28.6139,77.209,216.0,False,NORMAL
AWS-002,2026-08-09T14:15:00Z,36.8,1007.82,50.91,18.922,72.8347,14.0,False,NORMAL
AWS-003,2026-08-09T14:15:00Z,28.87,833.16,36.81,32.219,76.3234,1457.0,False,NORMAL
AWS-004,2026-08-09T14:15:00Z,40.43,977.44,25.59,26.9124,70.9022,225.0,False,NORMAL
AWS-001,2026-08-09T14:30:00Z,35.38,981.61,42.91,28.6139,77.209,216.0,False,NORMAL
AWS-002,2026-08-09T14:30:00Z,36.73,1007.81,50.84,18.922,72.8347,14.0,False,NORMAL
AWS-003,2026-08-09T14:30:00Z,28.82,833.41,38.52,32.219,76.3234,1457.0,False,NORMAL
AWS-004,2026-08-09T14:30:00Z,39.02,977.41,23.72,26.9124,70.9022,225.0,False,NORMAL
AWS-001,2026-08-09T14:45:00Z,35.49,981.45,42.68,28.6139,77.209,216.0,False,NORMAL
AWS-002,2026-08-09T14:45:00Z,36.38,1007.73,50.67,18.922,72.8347,14.0,False,NORMAL
AWS-003,2026-08-09T14:45:00Z,28.67,833.16,37.66,32.219,76.3234,1457.0,False,NORMAL
AWS-004,2026-08-09T14:45:00Z,39.21,977.46,25.78,26.9124,70.9022,225.0,False,NORMAL
AWS-001,2026-08-09T15:00:00Z,35.17,981.36,42.54,28.6139,77.209,216.0,False,NORMAL
AWS-002,2026-08-09T15:00:00Z,36.69,1007.74,51.63,18.922,72.8347,14.0,False,NORMAL
AWS-003,2026-08-09T15:00:00Z,29.38,832.82,37.79,32.219,76.3234,1457.0,False,NORMAL
AWS-004,2026-08-09T15:00:00Z,39.36,977.28,25.8,26.9124,70.9022,225.0,False,NORMAL
AWS-001,2026-08-09T15:15:00Z,35.46,981.53,44.56,28.6139,77.209,216.0,False,NORMAL
AWS-002,2026-08-09T15:15:00Z,35.44,1007.71,51.66,18.922,72.8347,14.0,False,NORMAL
AWS-003,2026-08-09T15:15:00Z,27.58,833.0,38.57,32.219,76.3234,1457.0,False,NORMAL
AWS-004,2026-08-09T15:15:00Z,39.18,977.09,26.33,26.9124,70.9022,225.0,False,NORMAL
AWS-001,2026-08-09T15:30:00Z,34.82,981.49,44.01,28.6139,77.209,216.0,False,NORMAL
AWS-002,2026-08-09T15:30:00Z,35.46,1007.74,51.95,18.922,72.8347,14.0,False,NORMAL
AWS-003,2026-08-09T15:30:00Z,28.19,832.25,40.62,32.219,76.3234,1457.0,False,NORMAL
AWS-004,2026-08-09T15:30:00Z,38.88,977.31,25.52,26.9124,70.9022,225.0,False,NORMAL
AWS-001,2026-08-09T15:45:00Z,34.76,981.37,45.1,28.6139,77.209,216.0,False,NORMAL
AWS-002,2026-08-09T15:45:00Z,36.31,1007.8,53.46,18.922,72.8347,14.0,False,NORMAL
AWS-003,2026-08-09T15:45:00Z,28.37,832.7,39.36,32.219,76.3234,1457.0,False,NORMAL
AWS-004,2026-08-09T15:45:00Z,38.8,977.16,26.55,26.9124,70.9022,225.0,False,NORMAL
AWS-001,2026-08-09T16:00:00Z,34.22,981.5,45.44,28.6139,77.209,216.0,False,NORMAL
AWS-002,2026-08-09T16:00:00Z,36.57,1007.52,53.37,18.922,72.8347,14.0,False,NORMAL
AWS-003,2026-08-09T16:00:00Z,27.37,832.91,39.84,32.219,76.3234,1457.0,False,NORMAL
AWS-004,2026-08-09T16:00:00Z,38.93,977.26,26.92,26.9124,70.9022,225.0,False,NORMAL
AWS-001,2026-08-09T16:15:00Z,33.7,981.02,45.9,28.6139,77.209,216.0,False,NORMAL
AWS-002,2026-08-09T16:15:00Z,35.64,1007.45,54.58,18.922,72.8347,14.0,False,NORMAL
AWS-003,2026-08-09T16:15:00Z,28.11,832.46,40.12,32.219,76.3234,1457.0,False,NORMAL
AWS-004,2026-08-09T16:15:00Z,38.64,977.21,29.31,26.9124,70.9022,225.0,False,NORMAL
AWS-001,2026-08-09T16:30:00Z,33.21,981.46,46.67,28.6139,77.209,216.0,False,NORMAL
AWS-002,2026-08-09T16:30:00Z,34.94,1007.31,54.95,18.922,72.8347,14.0,False,NORMAL
AWS-003,2026-08-09T16:30:00Z,27.0,832.77,42.28,32.219,76.3234,1457.0,False,NORMAL
AWS-004,2026-08-09T16:30:00Z,37.66,977.29,27.85,26.9124,70.9022,225.0,False,NORMAL
AWS-001,2026-08-09T16:45:00Z,33.57,981.58,47.77,28.6139,77.209,216.0,False,NORMAL
AWS-002,2026-08-09T16:45:00Z,35.35,1007.91,55.87,18.922,72.8347,14.0,False,NORMAL
AWS-003,2026-08-09T16:45:00Z,27.69,832.59,43.64,32.219,76.3234,1457.0,False,NORMAL
AWS-004,2026-08-09T16:45:00Z,38.39,977.22,30.62,26.9124,70.9022,225.0,False,NORMAL
AWS-001,2026-08-09T17:00:00Z,33.5,981.36,48.23,28.6139,77.209,216.0,False,NORMAL
AWS-002,2026-08-09T17:00:00Z,34.57,1007.77,56.69,18.922,72.8347,14.0,False,NORMAL
AWS-003,2026-08-09T17:00:00Z,27.28,833.2,43.57,32.219,76.3234,1457.0,False,NORMAL
AWS-004,2026-08-09T17:00:00Z,37.67,977.49,30.91,26.9124,70.9022,225.0,False,NORMAL
AWS-001,2026-08-09T17:15:00Z,33.44,981.62,50.04,28.6139,77.209,216.0,False,NORMAL
AWS-002,2026-08-09T17:15:00Z,35.1,1007.98,56.98,18.922,72.8347,14.0,False,NORMAL
AWS-003,2026-08-09T17:15:00Z,26.95,832.63,42.83,32.219,76.3234,1457.0,False,NORMAL
AWS-004,2026-08-09T17:15:00Z,37.71,977.42,31.68,26.9124,70.9022,225.0,False,NORMAL
AWS-001,2026-08-09T17:30:00Z,32.98,981.55,50.55,28.6139,77.209,216.0,False,NORMAL
AWS-002,2026-08-09T17:30:00Z,33.68,1008.24,58.94,18.922,72.8347,14.0,False,NORMAL
AWS-003,2026-08-09T17:30:00Z,27.48,833.03,45.22,32.219,76.3234,1457.0,False,NORMAL
AWS-004,2026-08-09T17:30:00Z,37.47,977.53,32.91,26.9124,70.9022,225.0,False,NORMAL
AWS-001,2026-08-09T17:45:00Z,32.89,981.64,51.38,28.6139,77.209,216.0,False,NORMAL
AWS-002,2026-08-09T17:45:00Z,34.77,1007.99,59.75,18.922,72.8347,14.0,False,NORMAL
AWS-003,2026-08-09T17:45:00Z,26.38,832.91,46.91,32.219,76.3234,1457.0,False,NORMAL
AWS-004,2026-08-09T17:45:00Z,36.19,977.79,34.21,26.9124,70.9022,225.0,False,NORMAL
AWS-001,2026-08-09T18:00:00Z,32.65,981.91,52.44,28.6139,77.209,216.0,False,NORMAL
AWS-002,2026-08-09T18:00:00Z,34.11,1008.57,61.86,18.922,72.8347,14.0,False,NORMAL
AWS-003,2026-08-09T18:00:00Z,26.96,833.42,47.59,32.219,76.3234,1457.0,False,NORMAL
AWS-004,2026-08-09T18:00:00Z,36.68,978.01,34.41,26.9124,70.9022,225.0,False,NORMAL
AWS-001,2026-08-09T18:15:00Z,32.36,982.09,53.45,28.6139,77.209,216.0,False,NORMAL
AWS-002,2026-08-09T18:15:00Z,33.35,1008.38,62.13,18.922,72.8347,14.0,False,NORMAL
AWS-003,2026-08-09T18:15:00Z,25.64,833.49,50.04,32.219,76.3234,1457.0,False,NORMAL
AWS-004,2026-08-09T18:15:00Z,36.82,978.1,35.38,26.9124,70.9022,225.0,False,NORMAL
AWS-001,2026-08-09T18:30:00Z,31.89,982.21,54.64,28.6139,77.209,216.0,False,NORMAL
AWS-002,2026-08-09T18:30:00Z,32.6,1008.74,63.92,18.922,72.8347,14.0,False,NORMAL
AWS-003,2026-08-09T18:30:00Z,25.19,833.44,50.83,32.219,76.3234,1457.0,False,NORMAL
AWS-004,2026-08-09T18:30:00Z,34.72,978.27,36.92,26.9124,70.9022,225.0,False,NORMAL
AWS-001,2026-08-09T18:45:00Z,31.15,982.11,56.14,28.6139,77.209,216.0,False,NORMAL
AWS-002,2026-08-09T18:45:00Z,32.02,1008.82,64.08,18.922,72.8347,14.0,False,NORMAL
AWS-003,2026-08-09T18:45:00Z,24.71,833.51,49.64,32.219,76.3234,1457.0,False,NORMAL
AWS-004,2026-08-09T18:45:00Z,35.6,977.98,37.88,26.9124,70.9022,225.0,False,NORMAL
AWS-001,2026-08-09T19:00:00Z,31.57,982.45,57.33,28.6139,77.209,216.0,False,NORMAL
AWS-002,2026-08-09T19:00:00Z,31.78,1008.8,66.31,18.922,72.8347,14.0,False,NORMAL
AWS-003,2026-08-09T19:00:00Z,24.07,834.02,53.79,32.219,76.3234,1457.0,False,NORMAL
AWS-004,2026-08-09T19:00:00Z,34.7,978.52,40.05,26.9124,70.9022,225.0,False,NORMAL
AWS-001,2026-08-09T19:15:00Z,30.74,982.51,58.89,28.6139,77.209,216.0,False,NORMAL
AWS-002,2026-08-09T19:15:00Z,32.16,1009.11,66.81,18.922,72.8347,14.0,False,NORMAL
AWS-003,2026-08-09T19:15:00Z,23.89,833.76,54.16,32.219,76.3234,1457.0,False,NORMAL
AWS-004,2026-08-09T19:15:00Z,34.79,978.65,40.62,26.9124,70.9022,225.0,False,NORMAL
AWS-001,2026-08-09T19:30:00Z,30.35,982.71,61.06,28.6139,77.209,216.0,False,NORMAL
AWS-002,2026-08-09T19:30:00Z,31.76,1008.82,68.23,18.922,72.8347,14.0,False,NORMAL
AWS-003,2026-08-09T19:30:00Z,23.69,834.0,55.61,32.219,76.3234,1457.0,False,NORMAL
AWS-004,2026-08-09T19:30:00Z,34.52,978.78,42.38,26.9124,70.9022,225.0,False,NORMAL
AWS-001,2026-08-09T19:45:00Z,29.5,982.88,61.98,28.6139,77.209,216.0,False,NORMAL
AWS-002,2026-08-09T19:45:00Z,31.44,1009.23,70.23,18.922,72.8347,14.0,False,NORMAL
AWS-003,2026-08-09T19:45:00Z,23.85,833.85,56.75,32.219,76.3234,1457.0,False,NORMAL
AWS-004,2026-08-09T19:45:00Z,34.58,978.83,44.51,26.9124,70.9022,225.0,False,NORMAL
AWS-001,2026-08-09T20:00:00Z,29.78,983.07,63.82,28.6139,77.209,216.0,False,NORMAL
AWS-002,2026-08-09T20:00:00Z,30.46,1009.19,71.11,18.922,72.8347,14.0,False,NORMAL
AWS-003,2026-08-09T20:00:00Z,22.73,834.27,56.15,32.219,76.3234,1457.0,False,NORMAL
AWS-004,2026-08-09T20:00:00Z,33.95,979.09,44.64,26.9124,70.9022,225.0,False,NORMAL
AWS-001,2026-08-09T20:15:00Z,29.14,983.16,64.42,28.6139,77.209,216.0,False,NORMAL
AWS-002,2026-08-09T20:15:00Z,29.99,1009.78,72.01,18.922,72.8347,14.0,False,NORMAL
AWS-003,2026-08-09T20:15:00Z,22.85,833.95,60.21,32.219,76.3234,1457.0,False,NORMAL
AWS-004,2026-08-09T20:15:00Z,32.21,978.68,46.28,26.9124,70.9022,225.0,False,NORMAL
AWS-001,2026-08-09T20:30:00Z,28.82,983.13,65.77,28.6139,77.209,216.0,False,NORMAL
AWS-002,2026-08-09T20:30:00Z,30.05,1009.74,73.64,18.922,72.8347,14.0,False,NORMAL
AWS-003,2026-08-09T20:30:00Z,21.91,834.48,60.47,32.219,76.3234,1457.0,False,NORMAL
AWS-004,2026-08-09T20:30:00Z,32.84,979.15,46.58,26.9124,70.9022,225.0,False,NORMAL
AWS-001,2026-08-09T20:45:00Z,28.05,983.19,66.58,28.6139,77.209,216.0,False,NORMAL
AWS-002,2026-08-09T20:45:00Z,29.39,1009.94,74.55,18.922,72.8347,14.0,False,NORMAL
AWS-003,2026-08-09T20:45:00Z,21.15,834.57,61.44,32.219,76.3234,1457.0,False,NORMAL
AWS-004,2026-08-09T20:45:00Z,31.87,979.4,48.3,26.9124,70.9022,225.0,False,NORMAL
AWS-001,2026-08-09T21:00:00Z,27.73,983.57,68.32,28.6139,77.209,216.0,False,NORMAL
AWS-002,2026-08-09T21:00:00Z,28.46,1009.74,76.85,18.922,72.8347,14.0,False,NORMAL
AWS-003,2026-08-09T21:00:00Z,21.0,834.64,63.04,32.219,76.3234,1457.0,False,NORMAL
AWS-004,2026-08-09T21:00:00Z,31.67,979.15,49.03,26.9124,70.9022,225.0,False,NORMAL
AWS-001,2026-08-09T21:15:00Z,27.86,983.71,68.31,28.6139,77.209,216.0,False,NORMAL
AWS-002,2026-08-09T21:15:00Z,29.52,1009.93,77.35,18.922,72.8347,14.0,False,NORMAL
AWS-003,2026-08-09T21:15:00Z,20.61,834.68,65.26,32.219,76.3234,1457.0,False,NORMAL
AWS-004,2026-08-09T21:15:00Z,31.48,979.5,52.01,26.9124,70.9022,225.0,False,NORMAL
AWS-001,2026-08-09T21:30:00Z,27.36,983.52,71.03,28.6139,77.209,216.0,False,NORMAL
AWS-002,2026-08-09T21:30:00Z,28.74,1010.04,78.17,18.922,72.8347,14.0,False,NORMAL
AWS-003,2026-08-09T21:30:00Z,20.84,834.73,65.71,32.219,76.3234,1457.0,False,NORMAL
AWS-004,2026-08-09T21:30:00Z,31.22,979.62,52.25,26.9124,70.9022,225.0,False,NORMAL
AWS-001,2026-08-09T21:45:00Z,26.42,983.58,71.87,28.6139,77.209,216.0,False,NORMAL
AWS-002,2026-08-09T21:45:00Z,27.63,1010.15,78.94,18.922,72.8347,14.0,False,NORMAL
AWS-003,2026-08-09T21:45:00Z,19.97,834.55,66.46,32.219,76.3234,1457.0,False,NORMAL
AWS-004,2026-08-09T21:45:00Z,29.7,979.62,53.47,26.9124,70.9022,225.0,False,NORMAL
AWS-001,2026-08-09T22:00:00Z,26.54,983.73,73.02,28.6139,77.209,216.0,False,NORMAL
AWS-002,2026-08-09T22:00:00Z,28.61,1010.04,82.23,18.922,72.8347,14.0,False,NORMAL
AWS-003,2026-08-09T22:00:00Z,19.38,834.68,68.67,32.219,76.3234,1457.0,False,NORMAL
AWS-004,2026-08-09T22:00:00Z,30.12,979.65,54.87,26.9124,70.9022,225.0,False,NORMAL
AWS-001,2026-08-09T22:15:00Z,25.83,983.73,73.81,28.6139,77.209,216.0,False,NORMAL
AWS-002,2026-08-09T22:15:00Z,27.36,1010.07,82.15,18.922,72.8347,14.0,False,NORMAL
AWS-003,2026-08-09T22:15:00Z,19.66,834.96,70.06,32.219,76.3234,1457.0,False,NORMAL
AWS-004,2026-08-09T22:15:00Z,30.05,979.39,55.39,26.9124,70.9022,225.0,False,NORMAL
AWS-001,2026-08-09T22:30:00Z,25.9,983.6,74.86,28.6139,77.209,216.0,False,NORMAL
AWS-002,2026-08-09T22:30:00Z,26.96,1010.16,83.36,18.922,72.8347,14.0,False,NORMAL
AWS-003,2026-08-09T22:30:00Z,19.82,834.2,70.02,32.219,76.3234,1457.0,False,NORMAL
AWS-004,2026-08-09T22:30:00Z,30.12,979.65,55.98,26.9124,70.9022,225.0,False,NORMAL
AWS-001,2026-08-09T22:45:00Z,24.92,983.63,75.48,28.6139,77.209,216.0,False,NORMAL
AWS-002,2026-08-09T22:45:00Z,26.76,1009.95,83.57,18.922,72.8347,14.0,False,NORMAL
AWS-003,2026-08-09T22:45:00Z,18.76,834.19,70.58,32.219,76.3234,1457.0,False,NORMAL
AWS-004,2026-08-09T22:45:00Z,28.99,979.47,57.79,26.9124,70.9022,225.0,False,NORMAL
AWS-001,2026-08-09T23:00:00Z,25.13,983.31,76.69,28.6139,77.209,216.0,False,NORMAL
AWS-002,2026-08-09T23:00:00Z,26.74,1009.84,84.21,18.922,72.8347,14.0,False,NORMAL
AWS-003,2026-08-09T23:00:00Z,18.67,834.03,71.07,32.219,76.3234,1457.0,False,NORMAL
AWS-004,2026-08-09T23:00:00Z,28.95,979.47,58.8,26.9124,70.9022,225.0,False,NORMAL
AWS-001,2026-08-09T23:15:00Z,25.09,983.51,77.78,28.6139,77.209,216.0,False,NORMAL
AWS-002,2026-08-09T23:15:00Z,25.93,1009.69,85.83,18.922,72.8347,14.0,False,NORMAL
AWS-003,2026-08-09T23:15:00Z,18.67,834.21,73.56,32.219,76.3234,1457.0,False,NORMAL
AWS-004,2026-08-09T23:15:00Z,28.83,979.63,59.47,26.9124,70.9022,225.0,False,NORMAL
AWS-001,2026-08-09T23:30:00Z,25.05,983.24,78.44,28.6139,77.209,216.0,False,NORMAL
AWS-002,2026-08-09T23:30:00Z,25.67,1009.82,87.53,18.922,72.8347,14.0,False,NORMAL
AWS-003,2026-08-09T23:30:00Z,17.94,834.16,72.01,32.219,76.3234,1457.0,False,NORMAL
AWS-004,2026-08-09T23:30:00Z,28.53,979.35,61.33,26.9124,70.9022,225.0,False,NORMAL
AWS-001,2026-08-09T23:45:00Z,24.76,983.1,79.18,28.6139,77.209,216.0,False,NORMAL
AWS-002,2026-08-09T23:45:00Z,25.58,1009.74,87.81,18.922,72.8347,14.0,False,NORMAL
AWS-003,2026-08-09T23:45:00Z,17.8,834.08,75.16,32.219,76.3234,1457.0,False,NORMAL
AWS-004,2026-08-09T23:45:00Z,28.58,979.15,61.9,26.9124,70.9022,225.0,False,NORMAL
AWS-001,2026-08-10T00:00:00Z,24.63,983.27,79.63,28.6139,77.209,216.0,False,NORMAL
AWS-002,2026-08-10T00:00:00Z,25.42,1009.7,88.94,18.922,72.8347,14.0,False,NORMAL
AWS-003,2026-08-10T00:00:00Z,17.48,833.8,74.75,32.219,76.3234,1457.0,False,NORMAL
AWS-004,2026-08-10T00:00:00Z,28.07,978.91,61.76,26.9124,70.9022,225.0,False,NORMAL
AWS-001,2026-08-10T00:15:00Z,23.99,982.95,80.25,28.6139,77.209,216.0,False,NORMAL
AWS-002,2026-08-10T00:15:00Z,25.41,1009.45,88.17,18.922,72.8347,14.0,False,NORMAL
AWS-003,2026-08-10T00:15:00Z,17.13,834.25,75.52,32.219,76.3234,1457.0,False,NORMAL
AWS-004,2026-08-10T00:15:00Z,28.02,978.75,62.99,26.9124,70.9022,225.0,False,NORMAL
AWS-001,2026-08-10T00:30:00Z,23.82,982.88,80.86,28.6139,77.209,216.0,False,NORMAL
AWS-002,2026-08-10T00:30:00Z,25.07,1009.29,90.2,18.922,72.8347,14.0,False,NORMAL
AWS-003,2026-08-10T00:30:00Z,17.24,834.21,77.37,32.219,76.3234,1457.0,False,NORMAL
AWS-004,2026-08-10T00:30:00Z,27.51,978.54,62.93,26.9124,70.9022,225.0,False,NORMAL
AWS-001,2026-08-10T00:45:00Z,23.75,982.83,82.01,28.6139,77.209,216.0,False,NORMAL
AWS-002,2026-08-10T00:45:00Z,24.64,1008.98,90.57,18.922,72.8347,14.0,False,NORMAL
AWS-003,2026-08-10T00:45:00Z,17.68,833.67,77.09,32.219,76.3234,1457.0,False,NORMAL
AWS-004,2026-08-10T00:45:00Z,27.28,978.46,63.65,26.9124,70.9022,225.0,False,NORMAL
AWS-001,2026-08-10T01:00:00Z,23.48,982.48,82.94,28.6139,77.209,216.0,False,NORMAL
AWS-002,2026-08-10T01:00:00Z,25.2,1008.9,90.02,18.922,72.8347,14.0,False,NORMAL
AWS-003,2026-08-10T01:00:00Z,16.89,833.74,77.04,32.219,76.3234,1457.0,False,NORMAL
AWS-004,2026-08-10T01:00:00Z,28.04,978.29,63.8,26.9124,70.9022,225.0,False,NORMAL
AWS-001,2026-08-10T01:15:00Z,23.4,982.34,82.56,28.6139,77.209,216.0,False,NORMAL
AWS-002,2026-08-10T01:15:00Z,24.35,1008.43,90.23,18.922,72.8347,14.0,False,NORMAL
AWS-003,2026-08-10T01:15:00Z,17.39,833.49,76.84,32.219,76.3234,1457.0,False,NORMAL
AWS-004,2026-08-10T01:15:00Z,27.12,978.38,65.44,26.9124,70.9022,225.0,False,NORMAL
AWS-001,2026-08-10T01:30:00Z,23.85,982.22,82.82,28.6139,77.209,216.0,False,NORMAL
AWS-002,2026-08-10T01:30:00Z,24.79,1008.56,90.72,18.922,72.8347,14.0,False,NORMAL
AWS-003,2026-08-10T01:30:00Z,16.85,833.36,77.8,32.219,76.3234,1457.0,False,NORMAL
AWS-004,2026-08-10T01:30:00Z,27.9,978.13,64.04,26.9124,70.9022,225.0,False,NORMAL
AWS-001,2026-08-10T01:45:00Z,23.6,982.05,82.12,28.6139,77.209,216.0,False,NORMAL
AWS-002,2026-08-10T01:45:00Z,24.51,1008.37,90.29,18.922,72.8347,14.0,False,NORMAL
AWS-003,2026-08-10T01:45:00Z,17.69,833.47,77.97,32.219,76.3234,1457.0,False,NORMAL
AWS-004,2026-08-10T01:45:00Z,27.61,978.42,64.97,26.9124,70.9022,225.0,False,NORMAL
AWS-001,2026-08-10T02:00:00Z,23.46,982.02,82.75,28.6139,77.209,216.0,False,NORMAL
AWS-002,2026-08-10T02:00:00Z,24.48,1008.25,91.57,18.922,72.8347,14.0,False,NORMAL
AWS-003,2026-08-10T02:00:00Z,16.77,832.95,76.83,32.219,76.3234,1457.0,False,NORMAL
AWS-004,2026-08-10T02:00:00Z,27.73,977.67,65.52,26.9124,70.9022,225.0,False,NORMAL
AWS-001,2026-08-10T02:15:00Z,23.28,981.71,82.52,28.6139,77.209,216.0,False,NORMAL
AWS-002,2026-08-10T02:15:00Z,25.05,1008.3,90.0,18.922,72.8347,14.0,False,NORMAL
AWS-003,2026-08-10T02:15:00Z,16.35,833.07,77.74,32.219,76.3234,1457.0,False,NORMAL
AWS-004,2026-08-10T02:15:00Z,27.27,977.79,64.65,26.9124,70.9022,225.0,False,NORMAL
AWS-001,2026-08-10T02:30:00Z,23.28,981.75,83.2,28.6139,77.209,216.0,False,NORMAL
AWS-002,2026-08-10T02:30:00Z,23.97,1007.95,89.96,18.922,72.8347,14.0,False,NORMAL
AWS-003,2026-08-10T02:30:00Z,16.74,832.55,77.16,32.219,76.3234,1457.0,False,NORMAL
AWS-004,2026-08-10T02:30:00Z,27.67,977.44,65.11,26.9124,70.9022,225.0,False,NORMAL
AWS-001,2026-08-10T02:45:00Z,23.74,981.57,82.13,28.6139,77.209,216.0,False,NORMAL
AWS-002,2026-08-10T02:45:00Z,25.28,1007.97,90.23,18.922,72.8347,14.0,False,NORMAL
AWS-003,2026-08-10T02:45:00Z,18.0,832.67,75.99,32.219,76.3234,1457.0,False,NORMAL
AWS-004,2026-08-10T02:45:00Z,27.49,977.68,64.25,26.9124,70.9022,225.0,False,NORMAL
AWS-001,2026-08-10T03:00:00Z,23.79,981.66,81.69,28.6139,77.209,216.0,False,NORMAL
AWS-002,2026-08-10T03:00:00Z,24.9,1007.52,90.52,18.922,72.8347,14.0,False,NORMAL
AWS-003,2026-08-10T03:00:00Z,16.19,833.01,77.8,32.219,76.3234,1457.0,False,NORMAL
AWS-004,2026-08-10T03:00:00Z,28.27,977.41,63.86,26.9124,70.9022,225.0,False,NORMAL
AWS-001,2026-08-10T03:15:00Z,23.76,981.26,82.2,28.6139,77.209,216.0,False,NORMAL
AWS-002,2026-08-10T03:15:00Z,24.59,1007.78,89.89,18.922,72.8347,14.0,False,NORMAL
AWS-003,2026-08-10T03:15:00Z,17.81,832.69,76.11,32.219,76.3234,1457.0,False,NORMAL
AWS-004,2026-08-10T03:15:00Z,28.11,977.19,64.13,26.9124,70.9022,225.0,False,NORMAL
AWS-001,2026-08-10T03:30:00Z,23.76,981.49,81.87,28.6139,77.209,216.0,False,NORMAL
AWS-002,2026-08-10T03:30:00Z,24.9,1007.62,89.6,18.922,72.8347,14.0,False,NORMAL
AWS-003,2026-08-10T03:30:00Z,18.08,832.77,75.42,32.219,76.3234,1457.0,False,NORMAL
AWS-004,2026-08-10T03:30:00Z,27.83,977.38,63.39,26.9124,70.9022,225.0,False,NORMAL
AWS-001,2026-08-10T03:45:00Z,24.56,981.37,79.58,28.6139,77.209,216.0,False,NORMAL
AWS-002,2026-08-10T03:45:00Z,25.76,1007.8,88.49,18.922,72.8347,14.0,False,NORMAL
AWS-003,2026-08-10T03:45:00Z,17.36,832.62,74.83,32.219,76.3234,1457.0,False,NORMAL
AWS-004,2026-08-10T03:45:00Z,28.27,976.93,64.0,26.9124,70.9022,225.0,False,NORMAL
AWS-001,2026-08-10T04:00:00Z,23.99,981.26,80.22,28.6139,77.209,216.0,False,NORMAL
AWS-002,2026-08-10T04:00:00Z,25.17,1007.83,88.45,18.922,72.8347,14.0,False,NORMAL
AWS-003,2026-08-10T04:00:00Z,18.4,832.6,75.65,32.219,76.3234,1457.0,False,NORMAL
AWS-004,2026-08-10T04:00:00Z,27.27,977.0,62.34,26.9124,70.9022,225.0,False,NORMAL
AWS-001,2026-08-10T04:15:00Z,24.47,981.19,79.24,28.6139,77.209,216.0,False,NORMAL
AWS-002,2026-08-10T04:15:00Z,26.03,1007.39,86.96,18.922,72.8347,14.0,False,NORMAL
AWS-003,2026-08-10T04:15:00Z,18.28,832.71,73.74,32.219,76.3234,1457.0,False,NORMAL
AWS-004,2026-08-10T04:15:00Z,28.28,977.25,61.62,26.9124,70.9022,225.0,False,NORMAL
AWS-001,2026-08-10T04:30:00Z,24.18,981.39,79.32,28.6139,77.209,216.0,False,NORMAL
AWS-002,2026-08-10T04:30:00Z,26.36,1007.75,87.3,18.922,72.8347,14.0,False,NORMAL
AWS-003,2026-08-10T04:30:00Z,18.79,832.6,73.76,32.219,76.3234,1457.0,False,NORMAL
AWS-004,2026-08-10T04:30:00Z,28.3,977.51,60.91,26.9124,70.9022,225.0,False,NORMAL
AWS-001,2026-08-10T04:45:00Z,25.14,981.26,77.39,28.6139,77.209,216.0,False,NORMAL
AWS-002,2026-08-10T04:45:00Z,25.95,1007.76,85.61,18.922,72.8347,14.0,False,NORMAL
AWS-003,2026-08-10T04:45:00Z,19.38,832.88,73.99,32.219,76.3234,1457.0,False,NORMAL
AWS-004,2026-08-10T04:45:00Z,28.12,977.3,59.85,26.9124,70.9022,225.0,False,NORMAL
AWS-001,2026-08-10T05:00:00Z,24.8,981.34,77.3,28.6139,77.209,216.0,False,NORMAL
AWS-002,2026-08-10T05:00:00Z,26.08,1007.6,84.54,18.922,72.8347,14.0,False,NORMAL
AWS-003,2026-08-10T05:00:00Z,19.14,832.83,71.47,32.219,76.3234,1457.0,False,NORMAL
AWS-004,2026-08-10T05:00:00Z,29.3,977.52,58.97,26.9124,70.9022,225.0,False,NORMAL
AWS-001,2026-08-10T05:15:00Z,25.61,981.45,75.57,28.6139,77.209,216.0,False,NORMAL
AWS-002,2026-08-10T05:15:00Z,26.55,1007.92,84.71,18.922,72.8347,14.0,False,NORMAL
AWS-003,2026-08-10T05:15:00Z,18.98,833.02,71.43,32.219,76.3234,1457.0,False,NORMAL
AWS-004,2026-08-10T05:15:00Z,29.49,977.32,58.71,26.9124,70.9022,225.0,False,NORMAL
AWS-001,2026-08-10T05:30:00Z,25.65,981.65,75.43,28.6139,77.209,216.0,False,NORMAL
AWS-002,2026-08-10T05:30:00Z,27.19,1007.82,82.73,18.922,72.8347,14.0,False,NORMAL
AWS-003,2026-08-10T05:30:00Z,18.92,832.84,70.31,32.219,76.3234,1457.0,False,NORMAL
AWS-004,2026-08-10T05:30:00Z,28.91,977.36,56.57,26.9124,70.9022,225.0,False,NORMAL
AWS-001,2026-08-10T05:45:00Z,26.18,981.74,73.89,28.6139,77.209,216.0,False,NORMAL
AWS-002,2026-08-10T05:45:00Z,27.29,1008.27,82.67,18.922,72.8347,14.0,False,NORMAL
AWS-003,2026-08-10T05:45:00Z,19.12,832.85,69.5,32.219,76.3234,1457.0,False,NORMAL
AWS-004,2026-08-10T05:45:00Z,29.36,977.85,56.59,26.9124,70.9022,225.0,False,NORMAL
AWS-001,2026-08-10T06:00:00Z,26.55,982.01,73.02,28.6139,77.209,216.0,False,NORMAL
AWS-002,2026-08-10T06:00:00Z,27.31,1008.34,80.75,18.922,72.8347,14.0,False,NORMAL
AWS-003,2026-08-10T06:00:00Z,20.22,833.73,68.27,32.219,76.3234,1457.0,False,NORMAL
AWS-004,2026-08-10T06:00:00Z,30.12,977.72,54.42,26.9124,70.9022,225.0,False,NORMAL
AWS-001,2026-08-10T06:15:00Z,26.98,981.96,72.31,28.6139,77.209,216.0,False,NORMAL
AWS-002,2026-08-10T06:15:00Z,28.04,1008.27,80.8,18.922,72.8347,14.0,False,NORMAL
AWS-003,2026-08-10T06:15:00Z,19.58,833.19,67.24,32.219,76.3234,1457.0,False,NORMAL
AWS-004,2026-08-10T06:15:00Z,31.26,978.02,53.57,26.9124,70.9022,225.0,False,NORMAL
AWS-001,2026-08-10T06:30:00Z,26.94,982.29,69.93,28.6139,77.209,216.0,False,NORMAL
AWS-002,2026-08-10T06:30:00Z,28.56,1008.56,78.51,18.922,72.8347,14.0,False,NORMAL
AWS-003,2026-08-10T06:30:00Z,20.06,833.34,65.63,32.219,76.3234,1457.0,False,NORMAL
AWS-004,2026-08-10T06:30:00Z,31.38,978.25,52.99,26.9124,70.9022,225.0,False,NORMAL
AWS-001,2026-08-10T06:45:00Z,27.71,982.18,69.62,28.6139,77.209,216.0,False,NORMAL
AWS-002,2026-08-10T06:45:00Z,29.11,1008.57,77.97,18.922,72.8347,14.0,False,NORMAL
AWS-003,2026-08-10T06:45:00Z,20.52,833.43,64.52,32.219,76.3234,1457.0,False,NORMAL
AWS-004,2026-08-10T06:45:00Z,31.21,978.06,51.28,26.9124,70.9022,225.0,False,NORMAL
AWS-001,2026-08-10T07:00:00Z,28.04,982.41,68.02,28.6139,77.209,216.0,False,NORMAL
AWS-002,2026-08-10T07:00:00Z,28.59,1008.92,77.14,18.922,72.8347,14.0,False,NORMAL
AWS-003,2026-08-10T07:00:00Z,21.02,833.87,62.24,32.219,76.3234,1457.0,False,NORMAL
AWS-004,2026-08-10T07:00:00Z,31.5,978.7,49.72,26.9124,70.9022,225.0,False,NORMAL
AWS-001,2026-08-10T07:15:00Z,28.15,982.48,66.91,28.6139,77.209,216.0,False,NORMAL
AWS-002,2026-08-10T07:15:00Z,29.07,1008.87,73.93,18.922,72.8347,14.0,False,NORMAL
AWS-003,2026-08-10T07:15:00Z,20.31,834.03,60.97,32.219,76.3234,1457.0,False,NORMAL
AWS-004,2026-08-10T07:15:00Z,32.18,978.63,49.35,26.9124,70.9022,225.0,False,NORMAL
AWS-001,2026-08-10T07:30:00Z,28.4,982.68,65.03,28.6139,77.209,216.0,False,NORMAL
AWS-002,2026-08-10T07:30:00Z,30.02,1009.14,74.01,18.922,72.8347,14.0,False,NORMAL
AWS-003,2026-08-10T07:30:00Z,21.68,834.07,59.77,32.219,76.3234,1457.0,False,NORMAL
AWS-004,2026-08-10T07:30:00Z,33.46,978.99,48.32,26.9124,70.9022,225.0,False,NORMAL
AWS-001,2026-08-10T07:45:00Z,28.71,982.87,64.25,28.6139,77.209,216.0,False,NORMAL
AWS-002,2026-08-10T07:45:00Z,29.83,1009.3,72.54,18.922,72.8347,14.0,False,NORMAL
AWS-003,2026-08-10T07:45:00Z,22.28,834.36,59.31,32.219,76.3234,1457.0,False,NORMAL
AWS-004,2026-08-10T07:45:00Z,33.41,979.15,46.72,26.9124,70.9022,225.0,False,NORMAL
AWS-001,2026-08-10T08:00:00Z,29.32,983.03,62.1,28.6139,77.209,216.0,False,NORMAL
AWS-002,2026-08-10T08:00:00Z,31.21,1009.5,71.11,18.922,72.8347,14.0,False,NORMAL
AWS-003,2026-08-10T08:00:00Z,22.64,833.9,57.94,32.219,76.3234,1457.0,False,NORMAL
AWS-004,2026-08-10T08:00:00Z,33.19,978.92,44.67,26.9124,70.9022,225.0,False,NORMAL
AWS-001,2026-08-10T08:15:00Z,29.74,983.36,61.4,28.6139,77.209,216.0,False,NORMAL
AWS-002,2026-08-10T08:15:00Z,31.2,1009.45,71.13,18.922,72.8347,14.0,False,NORMAL
AWS-003,2026-08-10T08:15:00Z,24.1,834.11,56.67,32.219,76.3234,1457.0,False,NORMAL
AWS-004,2026-08-10T08:15:00Z,33.89,979.17,43.22,26.9124,70.9022,225.0,False,NORMAL
AWS-001,2026-08-10T08:30:00Z,30.48,983.28,60.24,28.6139,77.209,216.0,False,NORMAL
AWS-002,2026-08-10T08:30:00Z,31.26,1009.28,68.47,18.922,72.8347,14.0,False,NORMAL
AWS-003,2026-08-10T08:30:00Z,23.66,834.6,55.86,32.219,76.3234,1457.0,False,NORMAL
AWS-004,2026-08-10T08:30:00Z,34.22,979.21,43.14,26.9124,70.9022,225.0,False,NORMAL
AWS-001,2026-08-10T08:45:00Z,30.3,983.5,59.11,28.6139,77.209,216.0,False,NORMAL
AWS-002,2026-08-10T08:45:00Z,31.69,1009.45,67.89,18.922,72.8347,14.0,False,NORMAL
AWS-003,2026-08-10T08:45:00Z,24.6,834.27,54.95,32.219,76.3234,1457.0,False,NORMAL
AWS-004,2026-08-10T08:45:00Z,33.75,979.0,41.49,26.9124,70.9022,225.0,False,NORMAL
AWS-001,2026-08-10T09:00:00Z,31.08,983.42,57.33,28.6139,77.209,216.0,False,NORMAL
AWS-002,2026-08-10T09:00:00Z,32.42,1009.87,65.89,18.922,72.8347,14.0,False,NORMAL
AWS-003,2026-08-10T09:00:00Z,24.48,834.58,51.99,32.219,76.3234,1457.0,False,NORMAL
AWS-004,2026-08-10T09:00:00Z,34.81,979.68,40.12,26.9124,70.9022,225.0,False,NORMAL
AWS-001,2026-08-10T09:15:00Z,30.8,983.8,57.32,28.6139,77.209,216.0,False,NORMAL
AWS-002,2026-08-10T09:15:00Z,32.68,1009.94,64.63,18.922,72.8347,14.0,False,NORMAL
AWS-003,2026-08-10T09:15:00Z,25.88,834.77,50.54,32.219,76.3234,1457.0,False,NORMAL
AWS-004,2026-08-10T09:15:00Z,35.46,979.59,38.31,26.9124,70.9022,225.0,False,NORMAL
AWS-001,2026-08-10T09:30:00Z,31.38,983.45,55.42,28.6139,77.209,216.0,False,NORMAL
AWS-002,2026-08-10T09:30:00Z,33.08,1009.93,63.77,18.922,72.8347,14.0,False,NORMAL
AWS-003,2026-08-10T09:30:00Z,25.76,834.82,51.76,32.219,76.3234,1457.0,False,NORMAL
AWS-004,2026-08-10T09:30:00Z,36.26,979.47,36.42,26.9124,70.9022,225.0,False,NORMAL
AWS-001,2026-08-10T09:45:00Z,32.18,983.58,54.68,28.6139,77.209,216.0,False,NORMAL
AWS-002,2026-08-10T09:45:00Z,33.23,1009.85,62.01,18.922,72.8347,14.0,False,NORMAL
AWS-003,2026-08-10T09:45:00Z,25.13,834.73,49.97,32.219,76.3234,1457.0,False,NORMAL
AWS-004,2026-08-10T09:45:00Z,35.67,979.8,35.69,26.9124,70.9022,225.0,False,NORMAL
AWS-001,2026-08-10T10:00:00Z,32.49,983.54,53.0,28.6139,77.209,216.0,False,NORMAL
AWS-002,2026-08-10T10:00:00Z,33.18,1010.01,61.77,18.922,72.8347,14.0,False,NORMAL
AWS-003,2026-08-10T10:00:00Z,25.44,834.54,46.74,32.219,76.3234,1457.0,False,NORMAL
AWS-004,2026-08-10T10:00:00Z,36.66,979.62,35.1,26.9124,70.9022,225.0,False,NORMAL
AWS-001,2026-08-10T10:15:00Z,32.82,983.56,51.83,28.6139,77.209,216.0,False,NORMAL
AWS-002,2026-08-10T10:15:00Z,34.01,1010.14,60.11,18.922,72.8347,14.0,False,NORMAL
AWS-003,2026-08-10T10:15:00Z,25.74,834.63,47.66,32.219,76.3234,1457.0,False,NORMAL
AWS-004,2026-08-10T10:15:00Z,36.52,979.66,33.44,26.9124,70.9022,225.0,False,NORMAL
AWS-001,2026-08-10T10:30:00Z,33.07,983.54,51.24,28.6139,77.209,216.0,False,NORMAL
AWS-002,2026-08-10T10:30:00Z,34.34,1010.06,59.13,18.922,72.8347,14.0,False,NORMAL
AWS-003,2026-08-10T10:30:00Z,26.0,834.84,45.02,32.219,76.3234,1457.0,False,NORMAL
AWS-004,2026-08-10T10:30:00Z,37.26,979.54,33.34,26.9124,70.9022,225.0,False,NORMAL
AWS-001,2026-08-10T10:45:00Z,33.19,983.52,49.82,28.6139,77.209,216.0,False,NORMAL
AWS-002,2026-08-10T10:45:00Z,35.06,1010.09,58.45,18.922,72.8347,14.0,False,NORMAL
AWS-003,2026-08-10T10:45:00Z,27.03,834.86,44.56,32.219,76.3234,1457.0,False,NORMAL
AWS-004,2026-08-10T10:45:00Z,36.88,979.48,31.32,26.9124,70.9022,225.0,False,NORMAL
AWS-001,2026-08-10T11:00:00Z,33.85,983.45,48.87,28.6139,77.209,216.0,False,NORMAL
AWS-002,2026-08-10T11:00:00Z,34.83,1009.73,56.52,18.922,72.8347,14.0,False,NORMAL
AWS-003,2026-08-10T11:00:00Z,27.6,834.62,42.28,32.219,76.3234,1457.0,False,NORMAL
AWS-004,2026-08-10T11:00:00Z,37.58,979.18,30.79,26.9124,70.9022,225.0,False,NORMAL
AWS-001,2026-08-10T11:15:00Z,33.84,983.46,47.28,28.6139,77.209,216.0,False,NORMAL
AWS-002,2026-08-10T11:15:00Z,35.38,1009.73,54.95,18.922,72.8347,14.0,False,NORMAL
AWS-003,2026-08-10T11:15:00Z,28.73,834.36,42.42,32.219,76.3234,1457.0,False,NORMAL
AWS-004,2026-08-10T11:15:00Z,37.67,979.18,28.84,26.9124,70.9022,225.0,False,NORMAL
AWS-001,2026-08-10T11:30:00Z,34.22,983.21,46.92,28.6139,77.209,216.0,False,NORMAL
AWS-002,2026-08-10T11:30:00Z,35.59,1010.03,54.55,18.922,72.8347,14.0,False,NORMAL
AWS-003,2026-08-10T11:30:00Z,27.85,834.33,41.08,32.219,76.3234,1457.0,False,NORMAL
AWS-004,2026-08-10T11:30:00Z,38.02,979.44,29.39,26.9124,70.9022,225.0,False,NORMAL
AWS-001,2026-08-10T11:45:00Z,33.75,983.23,45.61,28.6139,77.209,216.0,False,NORMAL
AWS-002,2026-08-10T11:45:00Z,36.24,1009.55,53.91,18.922,72.8347,14.0,False,NORMAL
AWS-003,2026-08-10T11:45:00Z,28.15,834.53,41.62,32.219,76.3234,1457.0,False,NORMAL
AWS-004,2026-08-10T11:45:00Z,38.03,979.17,27.77,26.9124,70.9022,225.0,False,NORMAL
AWS-001,2026-08-10T12:00:00Z,35.01,983.05,45.88,28.6139,77.209,216.0,False,NORMAL
AWS-002,2026-08-10T12:00:00Z,35.59,1009.55,52.64,18.922,72.8347,14.0,False,NORMAL
AWS-003,2026-08-10T12:00:00Z,28.72,834.34,41.62,32.219,76.3234,1457.0,False,NORMAL
AWS-004,2026-08-10T12:00:00Z,38.58,978.88,26.69,26.9124,70.9022,225.0,False,NORMAL
AWS-001,2026-08-10T12:15:00Z,34.68,982.75,44.83,28.6139,77.209,216.0,False,NORMAL
AWS-002,2026-08-10T12:15:00Z,36.02,1009.51,52.49,18.922,72.8347,14.0,False,NORMAL
AWS-003,2026-08-10T12:15:00Z,27.73,833.97,39.39,32.219,76.3234,1457.0,False,NORMAL
AWS-004,2026-08-10T12:15:00Z,38.93,978.87,27.07,26.9124,70.9022,225.0,False,NORMAL
AWS-001,2026-08-10T12:30:00Z,35.0,982.62,44.32,28.6139,77.209,216.0,False,NORMAL
AWS-002,2026-08-10T12:30:00Z,36.1,1009.24,52.78,18.922,72.8347,14.0,False,NORMAL
AWS-003,2026-08-10T12:30:00Z,28.2,834.08,38.84,32.219,76.3234,1457.0,False,NORMAL
AWS-004,2026-08-10T12:30:00Z,38.25,978.66,27.3,26.9124,70.9022,225.0,False,NORMAL
AWS-001,2026-08-10T12:45:00Z,34.26,982.53,44.33,28.6139,77.209,216.0,False,NORMAL
AWS-002,2026-08-10T12:45:00Z,36.3,1008.96,52.11,18.922,72.8347,14.0,False,NORMAL
AWS-003,2026-08-10T12:45:00Z,28.37,833.87,38.16,32.219,76.3234,1457.0,False,NORMAL
AWS-004,2026-08-10T12:45:00Z,39.37,978.66,26.98,26.9124,70.9022,225.0,False,NORMAL
AWS-001,2026-08-10T13:00:00Z,34.83,982.39,43.9,28.6139,77.209,216.0,False,NORMAL
AWS-002,2026-08-10T13:00:00Z,36.75,1008.9,52.15,18.922,72.8347,14.0,False,NORMAL
AWS-003,2026-08-10T13:00:00Z,29.1,833.8,36.28,32.219,76.3234,1457.0,False,NORMAL
AWS-004,2026-08-10T13:00:00Z,39.04,978.52,24.8,26.9124,70.9022,225.0,False,NORMAL
AWS-001,2026-08-10T13:15:00Z,35.19,982.13,43.35,28.6139,77.209,216.0,False,NORMAL
AWS-002,2026-08-10T13:15:00Z,36.19,1008.63,50.53,18.922,72.8347,14.0,False,NORMAL
AWS-003,2026-08-10T13:15:00Z,29.18,833.54,38.44,32.219,76.3234,1457.0,False,NORMAL
AWS-004,2026-08-10T13:15:00Z,38.48,978.35,25.34,26.9124,70.9022,225.0,False,NORMAL
AWS-001,2026-08-10T13:30:00Z,35.3,982.07,43.46,28.6139,77.209,216.0,False,NORMAL
AWS-002,2026-08-10T13:30:00Z,36.51,1008.37,50.6,18.922,72.8347,14.0,False,NORMAL
AWS-003,2026-08-10T13:30:00Z,28.44,833.47,37.69,32.219,76.3234,1457.0,False,NORMAL
AWS-004,2026-08-10T13:30:00Z,39.61,978.24,25.78,26.9124,70.9022,225.0,False,NORMAL
AWS-001,2026-08-10T13:45:00Z,35.59,982.01,43.36,28.6139,77.209,216.0,False,NORMAL
AWS-002,2026-08-10T13:45:00Z,37.49,1008.49,51.98,18.922,72.8347,14.0,False,NORMAL
AWS-003,2026-08-10T13:45:00Z,29.37,833.14,38.72,32.219,76.3234,1457.0,False,NORMAL
AWS-004,2026-08-10T13:45:00Z,39.45,977.86,26.51,26.9124,70.9022,225.0,False,NORMAL
AWS-001,2026-08-10T14:00:00Z,35.82,981.95,43.39,28.6139,77.209,216.0,False,NORMAL
AWS-002,2026-08-10T14:00:00Z,36.07,1008.05,50.23,18.922,72.8347,14.0,False,NORMAL
AWS-003,2026-08-10T14:00:00Z,29.03,832.99,38.59,32.219,76.3234,1457.0,False,NORMAL
AWS-004,2026-08-10T14:00:00Z,39.88,977.57,25.61,26.9124,70.9022,225.0,False,NORMAL
AWS-001,2026-08-10T14:15:00Z,35.77,981.87,42.61,28.6139,77.209,216.0,False,NORMAL
AWS-002,2026-08-10T14:15:00Z,36.35,1008.11,51.96,18.922,72.8347,14.0,False,NORMAL
AWS-003,2026-08-10T14:15:00Z,29.31,832.84,37.2,32.219,76.3234,1457.0,False,NORMAL
AWS-004,2026-08-10T14:15:00Z,39.51,977.72,25.93,26.9124,70.9022,225.0,False,NORMAL
AWS-001,2026-08-10T14:30:00Z,34.78,981.71,43.76,28.6139,77.209,216.0,False,NORMAL
AWS-002,2026-08-10T14:30:00Z,36.01,1007.92,51.47,18.922,72.8347,14.0,False,NORMAL
AWS-003,2026-08-10T14:30:00Z,28.92,833.52,36.57,32.219,76.3234,1457.0,False,NORMAL
AWS-004,2026-08-10T14:30:00Z,40.03,977.37,24.23,26.9124,70.9022,225.0,False,NORMAL
AWS-001,2026-08-10T14:45:00Z,35.78,981.53,43.23,28.6139,77.209,216.0,False,NORMAL
AWS-002,2026-08-10T14:45:00Z,37.18,1007.69,50.63,18.922,72.8347,14.0,False,NORMAL
AWS-003,2026-08-10T14:45:00Z,27.91,833.04,39.46,32.219,76.3234,1457.0,False,NORMAL
AWS-004,2026-08-10T14:45:00Z,39.3,977.54,25.07,26.9124,70.9022,225.0,False,NORMAL
AWS-001,2026-08-10T15:00:00Z,35.89,981.67,43.66,28.6139,77.209,216.0,False,NORMAL
AWS-002,2026-08-10T15:00:00Z,36.37,1008.02,51.06,18.922,72.8347,14.0,False,NORMAL
AWS-003,2026-08-10T15:00:00Z,28.55,832.8,38.74,32.219,76.3234,1457.0,False,NORMAL
AWS-004,2026-08-10T15:00:00Z,39.34,977.51,25.38,26.9124,70.9022,225.0,False,NORMAL
AWS-001,2026-08-10T15:15:00Z,34.83,981.3,44.24,28.6139,77.209,216.0,False,NORMAL
AWS-002,2026-08-10T15:15:00Z,35.38,1007.63,52.41,18.922,72.8347,14.0,False,NORMAL
AWS-003,2026-08-10T15:15:00Z,28.74,832.86,38.44,32.219,76.3234,1457.0,False,NORMAL
AWS-004,2026-08-10T15:15:00Z,39.29,977.28,25.69,26.9124,70.9022,225.0,False,NORMAL
AWS-001,2026-08-10T15:30:00Z,34.9,981.3,44.64,28.6139,77.209,216.0,False,NORMAL
AWS-002,2026-08-10T15:30:00Z,35.66,1007.45,53.32,18.922,72.8347,14.0,False,NORMAL
AWS-003,2026-08-10T15:30:00Z,28.62,832.7,40.19,32.219,76.3234,1457.0,False,NORMAL
AWS-004,2026-08-10T15:30:00Z,38.78,977.14,27.1,26.9124,70.9022,225.0,False,NORMAL
AWS-001,2026-08-10T15:45:00Z,34.62,981.35,44.83,28.6139,77.209,216.0,False,NORMAL
AWS-002,2026-08-10T15:45:00Z,35.68,1007.85,53.33,18.922,72.8347,14.0,False,NORMAL
AWS-003,2026-08-10T15:45:00Z,28.95,832.8,40.36,32.219,76.3234,1457.0,False,NORMAL
AWS-004,2026-08-10T15:45:00Z,38.57,977.41,27.27,26.9124,70.9022,225.0,False,NORMAL
AWS-001,2026-08-10T16:00:00Z,34.25,981.32,45.0,28.6139,77.209,216.0,False,NORMAL
AWS-002,2026-08-10T16:00:00Z,35.63,1007.64,53.48,18.922,72.8347,14.0,False,NORMAL
AWS-003,2026-08-10T16:00:00Z,28.34,832.29,40.68,32.219,76.3234,1457.0,False,NORMAL
AWS-004,2026-08-10T16:00:00Z,38.61,977.4,27.37,26.9124,70.9022,225.0,False,NORMAL
AWS-001,2026-08-10T16:15:00Z,34.12,981.34,46.13,28.6139,77.209,216.0,False,NORMAL
AWS-002,2026-08-10T16:15:00Z,35.94,1007.68,55.05,18.922,72.8347,14.0,False,NORMAL
AWS-003,2026-08-10T16:15:00Z,28.26,832.87,40.23,32.219,76.3234,1457.0,False,NORMAL
AWS-004,2026-08-10T16:15:00Z,38.21,977.32,28.77,26.9124,70.9022,225.0,False,NORMAL
AWS-001,2026-08-10T16:30:00Z,33.99,981.22,47.17,28.6139,77.209,216.0,False,NORMAL
AWS-002,2026-08-10T16:30:00Z,34.55,1007.75,55.42,18.922,72.8347,14.0,False,NORMAL
AWS-003,2026-08-10T16:30:00Z,28.5,832.65,42.49,32.219,76.3234,1457.0,False,NORMAL
AWS-004,2026-08-10T16:30:00Z,38.66,977.35,29.82,26.9124,70.9022,225.0,False,NORMAL
AWS-001,2026-08-10T16:45:00Z,34.22,981.2,48.42,28.6139,77.209,216.0,False,NORMAL
AWS-002,2026-08-10T16:45:00Z,34.91,1007.89,55.93,18.922,72.8347,14.0,False,NORMAL
AWS-003,2026-08-10T16:45:00Z,27.66,832.81,43.1,32.219,76.3234,1457.0,False,NORMAL
AWS-004,2026-08-10T16:45:00Z,37.84,977.28,30.32,26.9124,70.9022,225.0,False,NORMAL
AWS-001,2026-08-10T17:00:00Z,33.73,981.66,48.57,28.6139,77.209,216.0,False,NORMAL
AWS-002,2026-08-10T17:00:00Z,35.28,1007.98,57.32,18.922,72.8347,14.0,False,NORMAL
AWS-003,2026-08-10T17:00:00Z,26.53,832.7,43.03,32.219,76.3234,1457.0,False,NORMAL
AWS-004,2026-08-10T17:00:00Z,37.1,977.53,30.8,26.9124,70.9022,225.0,False,NORMAL
AWS-001,2026-08-10T17:15:00Z,33.0,981.71,49.27,28.6139,77.209,216.0,False,NORMAL
AWS-002,2026-08-10T17:15:00Z,34.71,1007.85,57.83,18.922,72.8347,14.0,False,NORMAL
AWS-003,2026-08-10T17:15:00Z,27.09,833.07,46.2,32.219,76.3234,1457.0,False,NORMAL
AWS-004,2026-08-10T17:15:00Z,37.69,977.54,32.04,26.9124,70.9022,225.0,False,NORMAL
AWS-001,2026-08-10T17:30:00Z,33.01,981.71,51.67,28.6139,77.209,216.0,False,NORMAL
AWS-002,2026-08-10T17:30:00Z,34.66,1007.84,59.13,18.922,72.8347,14.0,False,NORMAL
AWS-003,2026-08-10T17:30:00Z,26.83,832.72,45.55,32.219,76.3234,1457.0,False,NORMAL
AWS-004,2026-08-10T17:30:00Z,37.37,977.31,32.32,26.9124,70.9022,225.0,False,NORMAL
AWS-001,2026-08-10T17:45:00Z,32.75,981.77,52.46,28.6139,77.209,216.0,False,NORMAL
AWS-002,2026-08-10T17:45:00Z,33.86,1008.25,59.79,18.922,72.8347,14.0,False,NORMAL
AWS-003,2026-08-10T17:45:00Z,26.95,833.11,47.42,32.219,76.3234,1457.0,False,NORMAL
AWS-004,2026-08-10T17:45:00Z,36.11,977.61,34.13,26.9124,70.9022,225.0,False,NORMAL
AWS-001,2026-08-10T18:00:00Z,32.03,981.98,53.11,28.6139,77.209,216.0,False,NORMAL
AWS-002,2026-08-10T18:00:00Z,33.14,1008.26,61.5,18.922,72.8347,14.0,False,NORMAL
AWS-003,2026-08-10T18:00:00Z,26.85,833.0,48.46,32.219,76.3234,1457.0,False,NORMAL
AWS-004,2026-08-10T18:00:00Z,36.73,977.67,35.64,26.9124,70.9022,225.0,False,NORMAL
AWS-001,2026-08-10T18:15:00Z,31.83,981.87,54.47,28.6139,77.209,216.0,False,NORMAL
AWS-002,2026-08-10T18:15:00Z,33.72,1008.72,62.15,18.922,72.8347,14.0,False,NORMAL
AWS-003,2026-08-10T18:15:00Z,25.0,833.02,48.72,32.219,76.3234,1457.0,False,NORMAL
AWS-004,2026-08-10T18:15:00Z,35.98,978.04,36.29,26.9124,70.9022,225.0,False,NORMAL
AWS-001,2026-08-10T18:30:00Z,31.84,982.08,55.51,28.6139,77.209,216.0,False,NORMAL
AWS-002,2026-08-10T18:30:00Z,33.33,1008.39,63.31,18.922,72.8347,14.0,False,NORMAL
AWS-003,2026-08-10T18:30:00Z,25.52,833.23,50.17,32.219,76.3234,1457.0,False,NORMAL
AWS-004,2026-08-10T18:30:00Z,34.85,978.08,37.7,26.9124,70.9022,225.0,False,NORMAL
AWS-001,2026-08-10T18:45:00Z,31.2,982.49,57.97,28.6139,77.209,216.0,False,NORMAL
AWS-002,2026-08-10T18:45:00Z,32.61,1008.73,65.65,18.922,72.8347,14.0,False,NORMAL
AWS-003,2026-08-10T18:45:00Z,24.77,833.5,51.83,32.219,76.3234,1457.0,False,NORMAL
AWS-004,2026-08-10T18:45:00Z,35.47,978.38,38.29,26.9124,70.9022,225.0,False,NORMAL
AWS-001,2026-08-10T19:00:00Z,31.26,982.46,58.33,28.6139,77.209,216.0,False,NORMAL
AWS-002,2026-08-10T19:00:00Z,31.73,1008.86,65.99,18.922,72.8347,14.0,False,NORMAL
AWS-003,2026-08-10T19:00:00Z,23.97,833.85,53.84,32.219,76.3234,1457.0,False,NORMAL
AWS-004,2026-08-10T19:00:00Z,35.52,978.3,39.27,26.9124,70.9022,225.0,False,NORMAL
AWS-001,2026-08-10T19:15:00Z,30.37,982.69,59.56,28.6139,77.209,216.0,False,NORMAL
AWS-002,2026-08-10T19:15:00Z,31.74,1009.03,67.8,18.922,72.8347,14.0,False,NORMAL
AWS-003,2026-08-10T19:15:00Z,23.39,834.13,53.46,32.219,76.3234,1457.0,False,NORMAL
AWS-004,2026-08-10T19:15:00Z,34.54,978.48,40.75,26.9124,70.9022,225.0,False,NORMAL
AWS-001,2026-08-10T19:30:00Z,29.78,982.62,60.9,28.6139,77.209,216.0,False,NORMAL
AWS-002,2026-08-10T19:30:00Z,30.79,1009.13,67.64,18.922,72.8347,14.0,False,NORMAL
AWS-003,2026-08-10T19:30:00Z,23.41,834.09,55.51,32.219,76.3234,1457.0,False,NORMAL
AWS-004,2026-08-10T19:30:00Z,34.05,978.75,42.12,26.9124,70.9022,225.0,False,NORMAL
AWS-001,2026-08-10T19:45:00Z,29.73,982.82,61.84,28.6139,77.209,216.0,False,NORMAL
AWS-002,2026-08-10T19:45:00Z,31.27,1009.42,69.92,18.922,72.8347,14.0,False,NORMAL
AWS-003,2026-08-10T19:45:00Z,23.39,834.3,55.16,32.219,76.3234,1457.0,False,NORMAL
AWS-004,2026-08-10T19:45:00Z,33.96,979.05,43.01,26.9124,70.9022,225.0,False,NORMAL
AWS-001,2026-08-10T20:00:00Z,29.12,983.06,62.77,28.6139,77.209,216.0,False,NORMAL
AWS-002,2026-08-10T20:00:00Z,29.97,1009.43,70.77,18.922,72.8347,14.0,False,NORMAL
AWS-003,2026-08-10T20:00:00Z,23.0,834.34,58.14,32.219,76.3234,1457.0,False,NORMAL
AWS-004,2026-08-10T20:00:00Z,33.57,979.13,44.99,26.9124,70.9022,225.0,False,NORMAL
AWS-001,2026-08-10T20:15:00Z,29.06,983.35,64.37,28.6139,77.209,216.0,False,NORMAL
AWS-002,2026-08-10T20:15:00Z,30.95,1009.27,71.31,18.922,72.8347,14.0,False,NORMAL
AWS-003,2026-08-10T20:15:00Z,22.37,834.05,59.64,32.219,76.3234,1457.0,False,NORMAL
AWS-004,2026-08-10T20:15:00Z,33.65,978.94,45.13,26.9124,70.9022,225.0,False,NORMAL
AWS-001,2026-08-10T20:30:00Z,28.47,983.1,65.96,28.6139,77.209,216.0,False,NORMAL
AWS-002,2026-08-10T20:30:00Z,29.64,1009.6,72.87,18.922,72.8347,14.0,False,NORMAL
AWS-003,2026-08-10T20:30:00Z,21.45,834.47,60.64,32.219,76.3234,1457.0,False,NORMAL
AWS-004,2026-08-10T20:30:00Z,32.38,979.06,47.8,26.9124,70.9022,225.0,False,NORMAL
AWS-001,2026-08-10T20:45:00Z,28.22,983.2,66.12,28.6139,77.209,216.0,False,NORMAL
AWS-002,2026-08-10T20:45:00Z,29.31,1009.75,75.36,18.922,72.8347,14.0,False,NORMAL
AWS-003,2026-08-10T20:45:00Z,22.04,834.32,60.8,32.219,76.3234,1457.0,False,NORMAL
AWS-004,2026-08-10T20:45:00Z,32.01,979.37,48.63,26.9124,70.9022,225.0,False,NORMAL
AWS-001,2026-08-10T21:00:00Z,27.59,983.58,68.47,28.6139,77.209,216.0,False,NORMAL
AWS-002,2026-08-10T21:00:00Z,28.81,1009.78,77.39,18.922,72.8347,14.0,False,NORMAL
AWS-003,2026-08-10T21:00:00Z,22.66,834.81,62.99,32.219,76.3234,1457.0,False,NORMAL
AWS-004,2026-08-10T21:00:00Z,32.18,979.28,49.44,26.9124,70.9022,225.0,False,NORMAL
AWS-001,2026-08-10T21:15:00Z,27.65,983.55,69.75,28.6139,77.209,216.0,False,NORMAL
AWS-002,2026-08-10T21:15:00Z,27.97,1009.91,77.01,18.922,72.8347,14.0,False,NORMAL
AWS-003,2026-08-10T21:15:00Z,19.99,834.57,64.02,32.219,76.3234,1457.0,False,NORMAL
AWS-004,2026-08-10T21:15:00Z,31.4,979.67,52.63,26.9124,70.9022,225.0,False,NORMAL
AWS-001,2026-08-10T21:30:00Z,27.48,983.59,70.33,28.6139,77.209,216.0,False,NORMAL
AWS-002,2026-08-10T21:30:00Z,28.11,1009.9,77.57,18.922,72.8347,14.0,False,NORMAL
AWS-003,2026-08-10T21:30:00Z,20.76,834.65,64.55,32.219,76.3234,1457.0,False,NORMAL
AWS-004,2026-08-10T21:30:00Z,30.83,979.45,52.43,26.9124,70.9022,225.0,False,NORMAL
AWS-001,2026-08-10T21:45:00Z,26.9,983.66,71.43,28.6139,77.209,216.0,False,NORMAL
AWS-002,2026-08-10T21:45:00Z,28.22,1010.2,80.54,18.922,72.8347,14.0,False,NORMAL
AWS-003,2026-08-10T21:45:00Z,20.14,834.86,67.05,32.219,76.3234,1457.0,False,NORMAL
AWS-004,2026-08-10T21:45:00Z,30.97,979.43,53.19,26.9124,70.9022,225.0,False,NORMAL
AWS-001,2026-08-10T22:00:00Z,25.78,983.55,73.12,28.6139,77.209,216.0,False,NORMAL
AWS-002,2026-08-10T22:00:00Z,27.48,1009.9,80.99,18.922,72.8347,14.0,False,NORMAL
AWS-003,2026-08-10T22:00:00Z,19.11,834.85,68.12,32.219,76.3234,1457.0,False,NORMAL
AWS-004,2026-08-10T22:00:00Z,30.03,979.65,55.16,26.9124,70.9022,225.0,False,NORMAL
AWS-001,2026-08-10T22:15:00Z,25.7,983.68,74.67,28.6139,77.209,216.0,False,NORMAL
AWS-002,2026-08-10T22:15:00Z,27.84,1010.45,81.42,18.922,72.8347,14.0,False,NORMAL
AWS-003,2026-08-10T22:15:00Z,19.7,834.85,69.75,32.219,76.3234,1457.0,False,NORMAL
AWS-004,2026-08-10T22:15:00Z,30.12,979.89,56.36,26.9124,70.9022,225.0,False,NORMAL
AWS-001,2026-08-10T22:30:00Z,25.5,983.59,75.3,28.6139,77.209,216.0,False,NORMAL
AWS-002,2026-08-10T22:30:00Z,26.18,1010.08,83.27,18.922,72.8347,14.0,False,NORMAL
AWS-003,2026-08-10T22:30:00Z,19.73,834.62,72.16,32.219,76.3234,1457.0,False,NORMAL
AWS-004,2026-08-10T22:30:00Z,29.6,979.55,57.14,26.9124,70.9022,225.0,False,NORMAL
AWS-001,2026-08-10T22:45:00Z,25.6,983.5,76.39,28.6139,77.209,216.0,False,NORMAL
AWS-002,2026-08-10T22:45:00Z,26.94,1009.96,84.17,18.922,72.8347,14.0,False,NORMAL
AWS-003,2026-08-10T22:45:00Z,18.57,834.7,70.49,32.219,76.3234,1457.0,False,NORMAL
AWS-004,2026-08-10T22:45:00Z,29.89,979.69,57.84,26.9124,70.9022,225.0,False,NORMAL
AWS-001,2026-08-10T23:00:00Z,25.29,983.61,76.35,28.6139,77.209,216.0,False,NORMAL
AWS-002,2026-08-10T23:00:00Z,26.69,1009.81,84.99,18.922,72.8347,14.0,False,NORMAL
AWS-003,2026-08-10T23:00:00Z,18.98,834.7,71.56,32.219,76.3234,1457.0,False,NORMAL
AWS-004,2026-08-10T23:00:00Z,29.11,979.49,59.44,26.9124,70.9022,225.0,False,NORMAL
AWS-001,2026-08-10T23:15:00Z,24.87,983.24,78.35,28.6139,77.209,216.0,False,NORMAL
AWS-002,2026-08-10T23:15:00Z,26.19,1009.74,85.19,18.922,72.8347,14.0,False,NORMAL
AWS-003,2026-08-10T23:15:00Z,17.74,834.62,71.99,32.219,76.3234,1457.0,False,NORMAL
AWS-004,2026-08-10T23:15:00Z,29.53,979.44,60.64,26.9124,70.9022,225.0,False,NORMAL
AWS-001,2026-08-10T23:30:00Z,24.32,983.07,78.63,28.6139,77.209,216.0,False,NORMAL
AWS-002,2026-08-10T23:30:00Z,25.61,1009.66,87.53,18.922,72.8347,14.0,False,NORMAL
AWS-003,2026-08-10T23:30:00Z,17.57,834.29,74.2,32.219,76.3234,1457.0,False,NORMAL
AWS-004,2026-08-10T23:30:00Z,28.03,979.36,60.89,26.9124,70.9022,225.0,False,NORMAL
AWS-001,2026-08-10T23:45:00Z,24.39,983.27,79.81,28.6139,77.209,216.0,False,NORMAL
AWS-002,2026-08-10T23:45:00Z,25.54,1009.5,87.16,18.922,72.8347,14.0,False,NORMAL
AWS-003,2026-08-10T23:45:00Z,17.45,834.23,75.08,32.219,76.3234,1457.0,False,NORMAL
AWS-004,2026-08-10T23:45:00Z,28.47,979.27,60.43,26.9124,70.9022,225.0,False,NORMAL
AWS-001,2026-08-11T00:00:00Z,24.16,982.83,79.24,28.6139,77.209,216.0,False,NORMAL
AWS-002,2026-08-11T00:00:00Z,24.66,1009.23,88.3,18.922,72.8347,14.0,False,NORMAL
AWS-003,2026-08-11T00:00:00Z,17.56,833.99,75.57,32.219,76.3234,1457.0,False,NORMAL
AWS-004,2026-08-11T00:00:00Z,,,,26.9124,70.9022,225.0,True,COMMUNICATION_DROPOUT
AWS-001,2026-08-11T00:15:00Z,24.43,982.81,80.23,28.6139,77.209,216.0,False,NORMAL
AWS-002,2026-08-11T00:15:00Z,24.88,1009.23,89.29,18.922,72.8347,14.0,False,NORMAL
AWS-003,2026-08-11T00:15:00Z,16.5,833.7,77.07,32.219,76.3234,1457.0,False,NORMAL
AWS-004,2026-08-11T00:15:00Z,,,,26.9124,70.9022,225.0,True,COMMUNICATION_DROPOUT
AWS-001,2026-08-11T00:30:00Z,23.95,982.68,82.11,28.6139,77.209,216.0,False,NORMAL
AWS-002,2026-08-11T00:30:00Z,25.45,1009.23,89.04,18.922,72.8347,14.0,False,NORMAL
AWS-003,2026-08-11T00:30:00Z,17.31,833.85,77.13,32.219,76.3234,1457.0,False,NORMAL
AWS-004,2026-08-11T00:30:00Z,,,,26.9124,70.9022,225.0,True,COMMUNICATION_DROPOUT
AWS-001,2026-08-11T00:45:00Z,23.74,982.52,82.36,28.6139,77.209,216.0,False,NORMAL
AWS-002,2026-08-11T00:45:00Z,25.1,1008.88,89.71,18.922,72.8347,14.0,False,NORMAL
AWS-003,2026-08-11T00:45:00Z,18.14,833.63,76.58,32.219,76.3234,1457.0,False,NORMAL
AWS-004,2026-08-11T00:45:00Z,,,,26.9124,70.9022,225.0,True,COMMUNICATION_DROPOUT
AWS-001,2026-08-11T01:00:00Z,23.22,982.5,82.23,28.6139,77.209,216.0,False,NORMAL
AWS-002,2026-08-11T01:00:00Z,24.18,1008.85,91.11,18.922,72.8347,14.0,False,NORMAL
AWS-003,2026-08-11T01:00:00Z,15.98,833.61,78.34,32.219,76.3234,1457.0,False,NORMAL
AWS-004,2026-08-11T01:00:00Z,,,,26.9124,70.9022,225.0,True,COMMUNICATION_DROPOUT
AWS-001,2026-08-11T01:15:00Z,23.3,982.46,82.45,28.6139,77.209,216.0,False,NORMAL
AWS-002,2026-08-11T01:15:00Z,25.3,1008.52,91.26,18.922,72.8347,14.0,False,NORMAL
AWS-003,2026-08-11T01:15:00Z,17.11,833.81,76.45,32.219,76.3234,1457.0,False,NORMAL
AWS-004,2026-08-11T01:15:00Z,,,,26.9124,70.9022,225.0,True,COMMUNICATION_DROPOUT
AWS-001,2026-08-11T01:30:00Z,23.17,982.5,82.92,28.6139,77.209,216.0,False,NORMAL
AWS-002,2026-08-11T01:30:00Z,25.09,1008.43,90.31,18.922,72.8347,14.0,False,NORMAL
AWS-003,2026-08-11T01:30:00Z,16.08,832.92,78.07,32.219,76.3234,1457.0,False,NORMAL
AWS-004,2026-08-11T01:30:00Z,,,,26.9124,70.9022,225.0,True,COMMUNICATION_DROPOUT
AWS-001,2026-08-11T01:45:00Z,23.53,981.98,83.01,28.6139,77.209,216.0,False,NORMAL
AWS-002,2026-08-11T01:45:00Z,24.05,1008.44,91.7,18.922,72.8347,14.0,False,NORMAL
AWS-003,2026-08-11T01:45:00Z,17.36,833.16,78.08,32.219,76.3234,1457.0,False,NORMAL
AWS-004,2026-08-11T01:45:00Z,,,,26.9124,70.9022,225.0,True,COMMUNICATION_DROPOUT
AWS-001,2026-08-11T02:00:00Z,23.43,981.84,83.3,28.6139,77.209,216.0,False,NORMAL
AWS-002,2026-08-11T02:00:00Z,24.71,1007.95,90.72,18.922,72.8347,14.0,False,NORMAL
AWS-003,2026-08-11T02:00:00Z,16.74,832.77,76.06,32.219,76.3234,1457.0,False,NORMAL
AWS-004,2026-08-11T02:00:00Z,,,,26.9124,70.9022,225.0,True,COMMUNICATION_DROPOUT
AWS-001,2026-08-11T02:15:00Z,23.73,981.81,82.86,28.6139,77.209,216.0,False,NORMAL
AWS-002,2026-08-11T02:15:00Z,24.44,1007.82,91.41,18.922,72.8347,14.0,False,NORMAL
AWS-003,2026-08-11T02:15:00Z,17.17,832.9,78.65,32.219,76.3234,1457.0,False,NORMAL
AWS-004,2026-08-11T02:15:00Z,,,,26.9124,70.9022,225.0,True,COMMUNICATION_DROPOUT
AWS-001,2026-08-11T02:30:00Z,22.93,981.48,83.2,28.6139,77.209,216.0,False,NORMAL
AWS-002,2026-08-11T02:30:00Z,24.78,1007.84,89.92,18.922,72.8347,14.0,False,NORMAL
AWS-003,2026-08-11T02:30:00Z,17.06,833.37,79.67,32.219,76.3234,1457.0,False,NORMAL
AWS-004,2026-08-11T02:30:00Z,,,,26.9124,70.9022,225.0,True,COMMUNICATION_DROPOUT
AWS-001,2026-08-11T02:45:00Z,23.46,981.45,82.42,28.6139,77.209,216.0,False,NORMAL
AWS-002,2026-08-11T02:45:00Z,24.56,1008.0,90.82,18.922,72.8347,14.0,False,NORMAL
AWS-003,2026-08-11T02:45:00Z,17.02,832.99,77.4,32.219,76.3234,1457.0,False,NORMAL
AWS-004,2026-08-11T02:45:00Z,,,,26.9124,70.9022,225.0,True,COMMUNICATION_DROPOUT
AWS-001,2026-08-11T03:00:00Z,23.99,981.45,82.74,28.6139,77.209,216.0,False,NORMAL
AWS-002,2026-08-11T03:00:00Z,24.65,1007.98,90.71,18.922,72.8347,14.0,False,NORMAL
AWS-003,2026-08-11T03:00:00Z,17.95,832.81,77.86,32.219,76.3234,1457.0,False,NORMAL
AWS-004,2026-08-11T03:00:00Z,,,,26.9124,70.9022,225.0,True,COMMUNICATION_DROPOUT
AWS-001,2026-08-11T03:15:00Z,23.01,981.4,81.27,28.6139,77.209,216.0,False,NORMAL
AWS-002,2026-08-11T03:15:00Z,25.57,1007.72,90.01,18.922,72.8347,14.0,False,NORMAL
AWS-003,2026-08-11T03:15:00Z,17.11,832.45,77.37,32.219,76.3234,1457.0,False,NORMAL
AWS-004,2026-08-11T03:15:00Z,,,,26.9124,70.9022,225.0,True,COMMUNICATION_DROPOUT
AWS-001,2026-08-11T03:30:00Z,24.12,981.52,81.21,28.6139,77.209,216.0,False,NORMAL
AWS-002,2026-08-11T03:30:00Z,25.42,1007.45,89.43,18.922,72.8347,14.0,False,NORMAL
AWS-003,2026-08-11T03:30:00Z,16.46,832.91,77.15,32.219,76.3234,1457.0,False,NORMAL
AWS-004,2026-08-11T03:30:00Z,,,,26.9124,70.9022,225.0,True,COMMUNICATION_DROPOUT
AWS-001,2026-08-11T03:45:00Z,23.77,981.19,81.3,28.6139,77.209,216.0,False,NORMAL
AWS-002,2026-08-11T03:45:00Z,24.57,1007.58,88.68,18.922,72.8347,14.0,False,NORMAL
AWS-003,2026-08-11T03:45:00Z,17.65,832.92,76.3,32.219,76.3234,1457.0,False,NORMAL
AWS-004,2026-08-11T03:45:00Z,27.76,977.3,64.28,26.9124,70.9022,225.0,False,NORMAL
AWS-001,2026-08-11T04:00:00Z,24.57,981.28,80.41,28.6139,77.209,216.0,False,NORMAL
AWS-002,2026-08-11T04:00:00Z,25.12,1007.58,88.29,18.922,72.8347,14.0,False,NORMAL
AWS-003,2026-08-11T04:00:00Z,16.13,832.39,75.02,32.219,76.3234,1457.0,False,NORMAL
AWS-004,2026-08-11T04:00:00Z,27.68,977.18,62.13,26.9124,70.9022,225.0,False,NORMAL
AWS-001,2026-08-11T04:15:00Z,24.37,981.19,80.48,28.6139,77.209,216.0,False,NORMAL
AWS-002,2026-08-11T04:15:00Z,25.5,1007.44,88.54,18.922,72.8347,14.0,False,NORMAL
AWS-003,2026-08-11T04:15:00Z,17.25,832.45,74.61,32.219,76.3234,1457.0,False,NORMAL
AWS-004,2026-08-11T04:15:00Z,28.8,977.12,62.74,26.9124,70.9022,225.0,False,NORMAL
AWS-001,2026-08-11T04:30:00Z,24.73,981.23,79.03,28.6139,77.209,216.0,False,NORMAL
AWS-002,2026-08-11T04:30:00Z,26.26,1007.59,86.94,18.922,72.8347,14.0,False,NORMAL
AWS-003,2026-08-11T04:30:00Z,18.71,832.86,74.82,32.219,76.3234,1457.0,False,NORMAL
AWS-004,2026-08-11T04:30:00Z,28.47,977.23,60.91,26.9124,70.9022,225.0,False,NORMAL
AWS-001,2026-08-11T04:45:00Z,24.52,981.28,78.09,28.6139,77.209,216.0,False,NORMAL
AWS-002,2026-08-11T04:45:00Z,25.48,1007.69,86.39,18.922,72.8347,14.0,False,NORMAL
AWS-003,2026-08-11T04:45:00Z,17.9,832.76,74.06,32.219,76.3234,1457.0,False,NORMAL
AWS-004,2026-08-11T04:45:00Z,28.87,977.2,59.45,26.9124,70.9022,225.0,False,NORMAL
AWS-001,2026-08-11T05:00:00Z,25.02,981.49,77.36,28.6139,77.209,216.0,False,NORMAL
AWS-002,2026-08-11T05:00:00Z,25.77,1007.74,85.64,18.922,72.8347,14.0,False,NORMAL
AWS-003,2026-08-11T05:00:00Z,17.67,832.55,72.01,32.219,76.3234,1457.0,False,NORMAL
AWS-004,2026-08-11T05:00:00Z,28.9,977.36,59.66,26.9124,70.9022,225.0,False,NORMAL
AWS-001,2026-08-11T05:15:00Z,25.07,981.42,76.66,28.6139,77.209,216.0,False,NORMAL
AWS-002,2026-08-11T05:15:00Z,26.53,1007.77,84.33,18.922,72.8347,14.0,False,NORMAL
AWS-003,2026-08-11T05:15:00Z,18.32,832.87,70.81,32.219,76.3234,1457.0,False,NORMAL
AWS-004,2026-08-11T05:15:00Z,29.07,977.53,58.32,26.9124,70.9022,225.0,False,NORMAL
AWS-001,2026-08-11T05:30:00Z,25.79,981.68,74.6,28.6139,77.209,216.0,False,NORMAL
AWS-002,2026-08-11T05:30:00Z,26.8,1008.06,82.65,18.922,72.8347,14.0,False,NORMAL
AWS-003,2026-08-11T05:30:00Z,18.08,832.77,69.69,32.219,76.3234,1457.0,False,NORMAL
AWS-004,2026-08-11T05:30:00Z,28.71,977.38,57.25,26.9124,70.9022,225.0,False,NORMAL
AWS-001,2026-08-11T05:45:00Z,26.51,981.73,74.35,28.6139,77.209,216.0,False,NORMAL
AWS-002,2026-08-11T05:45:00Z,27.69,1008.15,81.95,18.922,72.8347,14.0,False,NORMAL
AWS-003,2026-08-11T05:45:00Z,19.56,833.11,70.94,32.219,76.3234,1457.0,False,NORMAL
AWS-004,2026-08-11T05:45:00Z,30.18,977.53,54.65,26.9124,70.9022,225.0,False,NORMAL
AWS-001,2026-08-11T06:00:00Z,26.37,981.99,73.4,28.6139,77.209,216.0,False,NORMAL
AWS-002,2026-08-11T06:00:00Z,27.22,1008.45,80.75,18.922,72.8347,14.0,False,NORMAL
AWS-003,2026-08-11T06:00:00Z,20.26,833.01,68.36,32.219,76.3234,1457.0,False,NORMAL
AWS-004,2026-08-11T06:00:00Z,30.6,977.7,55.02,26.9124,70.9022,225.0,False,NORMAL
AWS-001,2026-08-11T06:15:00Z,26.67,981.76,72.09,28.6139,77.209,216.0,False,NORMAL
AWS-002,2026-08-11T06:15:00Z,27.69,1008.5,79.33,18.922,72.8347,14.0,False,NORMAL
AWS-003,2026-08-11T06:15:00Z,20.59,833.6,67.41,32.219,76.3234,1457.0,False,NORMAL
AWS-004,2026-08-11T06:15:00Z,30.36,977.98,53.26,26.9124,70.9022,225.0,False,NORMAL
AWS-001,2026-08-11T06:30:00Z,26.78,982.18,70.87,28.6139,77.209,216.0,False,NORMAL
AWS-002,2026-08-11T06:30:00Z,27.6,1008.62,79.0,18.922,72.8347,14.0,False,NORMAL
AWS-003,2026-08-11T06:30:00Z,20.29,833.46,66.16,32.219,76.3234,1457.0,False,NORMAL
AWS-004,2026-08-11T06:30:00Z,31.33,977.76,51.68,26.9124,70.9022,225.0,False,NORMAL
AWS-001,2026-08-11T06:45:00Z,27.05,982.47,69.4,28.6139,77.209,216.0,False,NORMAL
AWS-002,2026-08-11T06:45:00Z,28.29,1008.52,77.31,18.922,72.8347,14.0,False,NORMAL
AWS-003,2026-08-11T06:45:00Z,20.79,833.54,65.04,32.219,76.3234,1457.0,False,NORMAL
AWS-004,2026-08-11T06:45:00Z,31.22,978.28,51.3,26.9124,70.9022,225.0,False,NORMAL
AWS-001,2026-08-11T07:00:00Z,27.7,982.46,68.29,28.6139,77.209,216.0,False,NORMAL
AWS-002,2026-08-11T07:00:00Z,29.19,1009.25,76.47,18.922,72.8347,14.0,False,NORMAL
AWS-003,2026-08-11T07:00:00Z,20.76,834.03,63.35,32.219,76.3234,1457.0,False,NORMAL
AWS-004,2026-08-11T07:00:00Z,32.53,978.38,49.45,26.9124,70.9022,225.0,False,NORMAL
AWS-001,2026-08-11T07:15:00Z,27.95,982.58,66.08,28.6139,77.209,216.0,False,NORMAL
AWS-002,2026-08-11T07:15:00Z,28.92,1009.06,74.63,18.922,72.8347,14.0,False,NORMAL
AWS-003,2026-08-11T07:15:00Z,21.32,833.53,63.47,32.219,76.3234,1457.0,False,NORMAL
AWS-004,2026-08-11T07:15:00Z,31.45,978.35,48.26,26.9124,70.9022,225.0,False,NORMAL
AWS-001,2026-08-11T07:30:00Z,28.7,982.55,65.44,28.6139,77.209,216.0,False,NORMAL
AWS-002,2026-08-11T07:30:00Z,30.12,1009.14,73.43,18.922,72.8347,14.0,False,NORMAL
AWS-003,2026-08-11T07:30:00Z,21.11,833.51,61.79,32.219,76.3234,1457.0,False,NORMAL
AWS-004,2026-08-11T07:30:00Z,32.84,978.66,47.41,26.9124,70.9022,225.0,False,NORMAL
AWS-001,2026-08-11T07:45:00Z,29.17,982.98,64.25,28.6139,77.209,216.0,False,NORMAL
AWS-002,2026-08-11T07:45:00Z,29.76,1009.39,72.53,18.922,72.8347,14.0,False,NORMAL
AWS-003,2026-08-11T07:45:00Z,21.81,833.84,58.59,32.219,76.3234,1457.0,False,NORMAL
AWS-004,2026-08-11T07:45:00Z,33.12,979.11,45.84,26.9124,70.9022,225.0,False,NORMAL
AWS-001,2026-08-11T08:00:00Z,29.21,983.21,63.05,28.6139,77.209,216.0,False,NORMAL
AWS-002,2026-08-11T08:00:00Z,30.35,1009.56,70.45,18.922,72.8347,14.0,False,NORMAL
AWS-003,2026-08-11T08:00:00Z,23.67,833.74,58.38,32.219,76.3234,1457.0,False,NORMAL
AWS-004,2026-08-11T08:00:00Z,33.01,979.02,45.57,26.9124,70.9022,225.0,False,NORMAL
AWS-001,2026-08-11T08:15:00Z,30.36,983.08,62.08,28.6139,77.209,216.0,False,NORMAL
AWS-002,2026-08-11T08:15:00Z,30.86,1009.45,70.25,18.922,72.8347,14.0,False,NORMAL
AWS-003,2026-08-11T08:15:00Z,23.33,834.22,57.08,32.219,76.3234,1457.0,False,NORMAL
AWS-004,2026-08-11T08:15:00Z,34.34,979.05,44.33,26.9124,70.9022,225.0,False,NORMAL
AWS-001,2026-08-11T08:30:00Z,30.11,983.32,60.89,28.6139,77.209,216.0,False,NORMAL
AWS-002,2026-08-11T08:30:00Z,30.9,1009.7,67.59,18.922,72.8347,14.0,False,NORMAL
AWS-003,2026-08-11T08:30:00Z,24.31,834.59,54.61,32.219,76.3234,1457.0,False,NORMAL
AWS-004,2026-08-11T08:30:00Z,32.87,979.4,42.51,26.9124,70.9022,225.0,False,NORMAL
AWS-001,2026-08-11T08:45:00Z,30.77,983.26,58.39,28.6139,77.209,216.0,False,NORMAL
AWS-002,2026-08-11T08:45:00Z,31.67,1009.67,67.2,18.922,72.8347,14.0,False,NORMAL
AWS-003,2026-08-11T08:45:00Z,22.85,834.51,53.62,32.219,76.3234,1457.0,False,NORMAL
AWS-004,2026-08-11T08:45:00Z,34.24,979.48,40.92,26.9124,70.9022,225.0,False,NORMAL
AWS-001,2026-08-11T09:00:00Z,30.7,983.64,58.33,28.6139,77.209,216.0,False,NORMAL
AWS-002,2026-08-11T09:00:00Z,32.02,1009.67,66.82,18.922,72.8347,14.0,False,NORMAL
AWS-003,2026-08-11T09:00:00Z,24.71,834.55,54.3,32.219,76.3234,1457.0,False,NORMAL
AWS-004,2026-08-11T09:00:00Z,34.24,979.4,40.42,26.9124,70.9022,225.0,False,NORMAL
AWS-001,2026-08-11T09:15:00Z,31.41,983.69,56.94,28.6139,77.209,216.0,False,NORMAL
AWS-002,2026-08-11T09:15:00Z,32.7,1009.97,65.04,18.922,72.8347,14.0,False,NORMAL
AWS-003,2026-08-11T09:15:00Z,24.64,834.8,52.27,32.219,76.3234,1457.0,False,NORMAL
AWS-004,2026-08-11T09:15:00Z,35.23,979.28,38.27,26.9124,70.9022,225.0,False,NORMAL
AWS-001,2026-08-11T09:30:00Z,31.66,983.63,56.46,28.6139,77.209,216.0,False,NORMAL
AWS-002,2026-08-11T09:30:00Z,32.51,1009.71,63.04,18.922,72.8347,14.0,False,NORMAL
AWS-003,2026-08-11T09:30:00Z,25.89,834.31,51.41,32.219,76.3234,1457.0,False,NORMAL
AWS-004,2026-08-11T09:30:00Z,35.56,979.74,38.18,26.9124,70.9022,225.0,False,NORMAL
AWS-001,2026-08-11T09:45:00Z,31.88,983.68,54.44,28.6139,77.209,216.0,False,NORMAL
AWS-002,2026-08-11T09:45:00Z,33.39,1010.2,61.81,18.922,72.8347,14.0,False,NORMAL
AWS-003,2026-08-11T09:45:00Z,25.51,834.55,49.35,32.219,76.3234,1457.0,False,NORMAL
AWS-004,2026-08-11T09:45:00Z,35.75,979.59,35.82,26.9124,70.9022,225.0,False,NORMAL
AWS-001,2026-08-11T10:00:00Z,31.8,983.66,53.44,28.6139,77.209,216.0,False,NORMAL
AWS-002,2026-08-11T10:00:00Z,33.83,1010.4,61.52,18.922,72.8347,14.0,False,NORMAL
AWS-003,2026-08-11T10:00:00Z,26.24,834.43,48.4,32.219,76.3234,1457.0,False,NORMAL
AWS-004,2026-08-11T10:00:00Z,36.44,979.67,34.98,26.9124,70.9022,225.0,False,NORMAL
AWS-001,2026-08-11T10:15:00Z,33.15,983.68,51.77,28.6139,77.209,216.0,False,NORMAL
AWS-002,2026-08-11T10:15:00Z,33.54,1009.87,59.0,18.922,72.8347,14.0,False,NORMAL
AWS-003,2026-08-11T10:15:00Z,25.51,834.83,47.04,32.219,76.3234,1457.0,False,NORMAL
AWS-004,2026-08-11T10:15:00Z,36.83,979.56,33.82,26.9124,70.9022,225.0,False,NORMAL
AWS-001,2026-08-11T10:30:00Z,32.9,983.57,50.55,28.6139,77.209,216.0,False,NORMAL
AWS-002,2026-08-11T10:30:00Z,34.7,1010.17,60.36,18.922,72.8347,14.0,False,NORMAL
AWS-003,2026-08-11T10:30:00Z,25.7,834.63,48.05,32.219,76.3234,1457.0,False,NORMAL
AWS-004,2026-08-11T10:30:00Z,36.95,979.5,33.0,26.9124,70.9022,225.0,False,NORMAL
AWS-001,2026-08-11T10:45:00Z,33.65,983.54,50.71,28.6139,77.209,216.0,False,NORMAL
AWS-002,2026-08-11T10:45:00Z,33.91,1010.16,58.49,18.922,72.8347,14.0,False,NORMAL
AWS-003,2026-08-11T10:45:00Z,26.82,834.55,44.83,32.219,76.3234,1457.0,False,NORMAL
AWS-004,2026-08-11T10:45:00Z,36.84,979.4,31.92,26.9124,70.9022,225.0,False,NORMAL
AWS-001,2026-08-11T11:00:00Z,33.86,983.31,49.02,28.6139,77.209,216.0,False,NORMAL
AWS-002,2026-08-11T11:00:00Z,34.55,1009.87,56.7,18.922,72.8347,14.0,False,NORMAL
AWS-003,2026-08-11T11:00:00Z,26.73,834.31,44.79,32.219,76.3234,1457.0,False,NORMAL
AWS-004,2026-08-11T11:00:00Z,37.4,979.11,31.71,26.9124,70.9022,225.0,False,NORMAL
AWS-001,2026-08-11T11:15:00Z,34.04,983.27,48.55,28.6139,77.209,216.0,False,NORMAL
AWS-002,2026-08-11T11:15:00Z,34.53,1009.86,55.93,18.922,72.8347,14.0,False,NORMAL
AWS-003,2026-08-11T11:15:00Z,27.42,834.32,42.68,32.219,76.3234,1457.0,False,NORMAL
AWS-004,2026-08-11T11:15:00Z,37.66,979.33,30.52,26.9124,70.9022,225.0,False,NORMAL
AWS-001,2026-08-11T11:30:00Z,33.96,983.1,47.02,28.6139,77.209,216.0,False,NORMAL
AWS-002,2026-08-11T11:30:00Z,35.27,1009.72,56.01,18.922,72.8347,14.0,False,NORMAL
AWS-003,2026-08-11T11:30:00Z,27.33,834.0,40.83,32.219,76.3234,1457.0,False,NORMAL
AWS-004,2026-08-11T11:30:00Z,38.01,978.82,28.43,26.9124,70.9022,225.0,False,NORMAL
AWS-001,2026-08-11T11:45:00Z,34.07,983.44,45.97,28.6139,77.209,216.0,False,NORMAL
AWS-002,2026-08-11T11:45:00Z,35.49,1009.43,54.16,18.922,72.8347,14.0,False,NORMAL
AWS-003,2026-08-11T11:45:00Z,28.39,834.14,41.06,32.219,76.3234,1457.0,False,NORMAL
AWS-004,2026-08-11T11:45:00Z,38.04,979.13,28.24,26.9124,70.9022,225.0,False,NORMAL
AWS-001,2026-08-11T12:00:00Z,34.49,982.99,45.51,28.6139,77.209,216.0,False,NORMAL
AWS-002,2026-08-11T12:00:00Z,36.3,1009.49,53.85,18.922,72.8347,14.0,False,NORMAL
AWS-003,2026-08-11T12:00:00Z,29.25,834.2,40.66,32.219,76.3234,1457.0,False,NORMAL
AWS-004,2026-08-11T12:00:00Z,38.71,979.12,28.07,26.9124,70.9022,225.0,False,NORMAL
AWS-001,2026-08-11T12:15:00Z,34.4,982.7,45.51,28.6139,77.209,216.0,False,NORMAL
AWS-002,2026-08-11T12:15:00Z,36.05,1009.46,53.05,18.922,72.8347,14.0,False,NORMAL
AWS-003,2026-08-11T12:15:00Z,28.33,833.75,40.56,32.219,76.3234,1457.0,False,NORMAL
AWS-004,2026-08-11T12:15:00Z,38.45,978.79,27.17,26.9124,70.9022,225.0,False,NORMAL
AWS-001,2026-08-11T12:30:00Z,35.28,982.75,44.25,28.6139,77.209,216.0,False,NORMAL
AWS-002,2026-08-11T12:30:00Z,36.58,1009.02,51.41,18.922,72.8347,14.0,False,NORMAL
AWS-003,2026-08-11T12:30:00Z,28.89,833.95,39.15,32.219,76.3234,1457.0,False,NORMAL
AWS-004,2026-08-11T12:30:00Z,38.68,978.68,26.77,26.9124,70.9022,225.0,False,NORMAL
AWS-001,2026-08-11T12:45:00Z,34.72,982.55,44.89,28.6139,77.209,216.0,False,NORMAL
AWS-002,2026-08-11T12:45:00Z,35.8,1008.76,52.22,18.922,72.8347,14.0,False,NORMAL
AWS-003,2026-08-11T12:45:00Z,28.69,833.84,38.08,32.219,76.3234,1457.0,False,NORMAL
AWS-004,2026-08-11T12:45:00Z,38.67,978.79,26.02,26.9124,70.9022,225.0,False,NORMAL
AWS-001,2026-08-11T13:00:00Z,35.18,982.28,43.59,28.6139,77.209,216.0,False,NORMAL
AWS-002,2026-08-11T13:00:00Z,36.37,1008.74,51.54,18.922,72.8347,14.0,False,NORMAL
AWS-003,2026-08-11T13:00:00Z,29.18,833.53,38.41,32.219,76.3234,1457.0,False,NORMAL
AWS-004,2026-08-11T13:00:00Z,38.86,978.32,25.31,26.9124,70.9022,225.0,False,NORMAL
AWS-001,2026-08-11T13:15:00Z,34.66,982.32,43.89,28.6139,77.209,216.0,False,NORMAL
AWS-002,2026-08-11T13:15:00Z,36.71,1008.3,52.31,18.922,72.8347,14.0,False,NORMAL
AWS-003,2026-08-11T13:15:00Z,28.97,833.79,39.89,32.219,76.3234,1457.0,False,NORMAL
AWS-004,2026-08-11T13:15:00Z,39.3,978.16,25.06,26.9124,70.9022,225.0,False,NORMAL
AWS-001,2026-08-11T13:30:00Z,35.17,982.13,43.65,28.6139,77.209,216.0,False,NORMAL
AWS-002,2026-08-11T13:30:00Z,36.35,1008.67,52.12,18.922,72.8347,14.0,False,NORMAL
AWS-003,2026-08-11T13:30:00Z,28.46,833.43,38.28,32.219,76.3234,1457.0,False,NORMAL
AWS-004,2026-08-11T13:30:00Z,39.34,978.09,24.76,26.9124,70.9022,225.0,False,NORMAL
AWS-001,2026-08-11T13:45:00Z,35.19,982.0,43.19,28.6139,77.209,216.0,False,NORMAL
AWS-002,2026-08-11T13:45:00Z,35.66,1008.25,50.74,18.922,72.8347,14.0,False,NORMAL
AWS-003,2026-08-11T13:45:00Z,28.4,833.1,39.12,32.219,76.3234,1457.0,False,NORMAL
AWS-004,2026-08-11T13:45:00Z,39.04,978.31,25.01,26.9124,70.9022,225.0,False,NORMAL
AWS-001,2026-08-11T14:00:00Z,35.26,981.78,43.13,28.6139,77.209,216.0,False,NORMAL
AWS-002,2026-08-11T14:00:00Z,36.91,1008.24,50.82,18.922,72.8347,14.0,False,NORMAL
AWS-003,2026-08-11T14:00:00Z,28.23,832.76,36.52,32.219,76.3234,1457.0,False,NORMAL
AWS-004,2026-08-11T14:00:00Z,39.18,977.82,24.41,26.9124,70.9022,225.0,False,NORMAL
AWS-001,2026-08-11T14:15:00Z,34.98,981.75,43.5,28.6139,77.209,216.0,False,NORMAL
AWS-002,2026-08-11T14:15:00Z,36.02,1008.38,51.2,18.922,72.8347,14.0,False,NORMAL
AWS-003,2026-08-11T14:15:00Z,29.02,832.88,37.52,32.219,76.3234,1457.0,False,NORMAL
AWS-004,2026-08-11T14:15:00Z,38.88,977.5,25.84,26.9124,70.9022,225.0,False,NORMAL
AWS-001,2026-08-11T14:30:00Z,35.02,981.64,43.35,28.6139,77.209,216.0,False,NORMAL
AWS-002,2026-08-11T14:30:00Z,36.34,1007.96,52.34,18.922,72.8347,14.0,False,NORMAL
AWS-003,2026-08-11T14:30:00Z,29.13,832.88,38.95,32.219,76.3234,1457.0,False,NORMAL
AWS-004,2026-08-11T14:30:00Z,38.92,977.71,25.56,26.9124,70.9022,225.0,False,NORMAL
AWS-001,2026-08-11T14:45:00Z,34.91,981.66,43.1,28.6139,77.209,216.0,False,NORMAL
AWS-002,2026-08-11T14:45:00Z,36.54,1007.77,51.23,18.922,72.8347,14.0,False,NORMAL
AWS-003,2026-08-11T14:45:00Z,28.85,832.87,38.82,32.219,76.3234,1457.0,False,NORMAL
AWS-004,2026-08-11T14:45:00Z,38.48,977.5,25.86,26.9124,70.9022,225.0,False,NORMAL
AWS-001,2026-08-11T15:00:00Z,35.18,981.43,44.56,28.6139,77.209,216.0,False,NORMAL
AWS-002,2026-08-11T15:00:00Z,36.72,1007.81,52.27,18.922,72.8347,14.0,False,NORMAL
AWS-003,2026-08-11T15:00:00Z,27.89,832.57,39.45,32.219,76.3234,1457.0,False,NORMAL
AWS-004,2026-08-11T15:00:00Z,38.69,977.57,24.54,26.9124,70.9022,225.0,False,NORMAL
AWS-001,2026-08-11T15:15:00Z,34.41,981.58,44.41,28.6139,77.209,216.0,False,NORMAL
AWS-002,2026-08-11T15:15:00Z,35.67,1007.46,52.53,18.922,72.8347,14.0,False,NORMAL
AWS-003,2026-08-11T15:15:00Z,28.21,832.73,39.54,32.219,76.3234,1457.0,False,NORMAL
AWS-004,2026-08-11T15:15:00Z,39.36,977.08,26.41,26.9124,70.9022,225.0,False,NORMAL
AWS-001,2026-08-11T15:30:00Z,34.32,981.27,44.88,28.6139,77.209,216.0,False,NORMAL
AWS-002,2026-08-11T15:30:00Z,35.04,1007.78,51.91,18.922,72.8347,14.0,False,NORMAL
AWS-003,2026-08-11T15:30:00Z,28.19,832.68,39.85,32.219,76.3234,1457.0,False,NORMAL
AWS-004,2026-08-11T15:30:00Z,39.25,977.61,26.79,26.9124,70.9022,225.0,False,NORMAL
AWS-001,2026-08-11T15:45:00Z,34.44,981.41,45.91,28.6139,77.209,216.0,False,NORMAL
AWS-002,2026-08-11T15:45:00Z,36.37,1007.84,53.66,18.922,72.8347,14.0,False,NORMAL
AWS-003,2026-08-11T15:45:00Z,28.65,832.61,41.54,32.219,76.3234,1457.0,False,NORMAL
AWS-004,2026-08-11T15:45:00Z,38.48,977.26,27.35,26.9124,70.9022,225.0,False,NORMAL
AWS-001,2026-08-11T16:00:00Z,34.5,981.3,46.5,28.6139,77.209,216.0,False,NORMAL
AWS-002,2026-08-11T16:00:00Z,35.78,1007.11,53.61,18.922,72.8347,14.0,False,NORMAL
AWS-003,2026-08-11T16:00:00Z,27.35,832.67,42.03,32.219,76.3234,1457.0,False,NORMAL
AWS-004,2026-08-11T16:00:00Z,38.0,977.01,28.41,26.9124,70.9022,225.0,False,NORMAL
AWS-001,2026-08-11T16:15:00Z,34.01,981.26,46.0,28.6139,77.209,216.0,False,NORMAL
AWS-002,2026-08-11T16:15:00Z,35.01,1007.45,54.57,18.922,72.8347,14.0,False,NORMAL
AWS-003,2026-08-11T16:15:00Z,27.84,832.74,42.03,32.219,76.3234,1457.0,False,NORMAL
AWS-004,2026-08-11T16:15:00Z,38.31,977.16,28.55,26.9124,70.9022,225.0,False,NORMAL
AWS-001,2026-08-11T16:30:00Z,33.96,981.09,47.6,28.6139,77.209,216.0,False,NORMAL
AWS-002,2026-08-11T16:30:00Z,35.78,1007.76,55.8,18.922,72.8347,14.0,False,NORMAL
AWS-003,2026-08-11T16:30:00Z,26.99,832.58,42.43,32.219,76.3234,1457.0,False,NORMAL
AWS-004,2026-08-11T16:30:00Z,37.64,977.31,29.28,26.9124,70.9022,225.0,False,NORMAL
AWS-001,2026-08-11T16:45:00Z,33.42,981.45,47.7,28.6139,77.209,216.0,False,NORMAL
AWS-002,2026-08-11T16:45:00Z,35.38,1007.57,54.94,18.922,72.8347,14.0,False,NORMAL
AWS-003,2026-08-11T16:45:00Z,27.59,833.01,43.77,32.219,76.3234,1457.0,False,NORMAL
AWS-004,2026-08-11T16:45:00Z,37.98,977.35,30.0,26.9124,70.9022,225.0,False,NORMAL
AWS-001,2026-08-11T17:00:00Z,33.02,981.66,48.94,28.6139,77.209,216.0,False,NORMAL
AWS-002,2026-08-11T17:00:00Z,35.13,1007.56,58.02,18.922,72.8347,14.0,False,NORMAL
AWS-003,2026-08-11T17:00:00Z,26.46,832.93,44.63,32.219,76.3234,1457.0,False,NORMAL
AWS-004,2026-08-11T17:00:00Z,37.26,977.34,31.0,26.9124,70.9022,225.0,False,NORMAL
AWS-001,2026-08-11T17:15:00Z,33.79,981.52,50.57,28.6139,77.209,216.0,False,NORMAL
AWS-002,2026-08-11T17:15:00Z,34.59,1007.96,57.93,18.922,72.8347,14.0,False,NORMAL
AWS-003,2026-08-11T17:15:00Z,26.47,832.88,45.39,32.219,76.3234,1457.0,False,NORMAL
AWS-004,2026-08-11T17:15:00Z,37.27,977.5,31.6,26.9124,70.9022,225.0,False,NORMAL
AWS-001,2026-08-11T17:30:00Z,32.67,981.62,50.19,28.6139,77.209,216.0,False,NORMAL
AWS-002,2026-08-11T17:30:00Z,33.85,1007.88,58.7,18.922,72.8347,14.0,False,NORMAL
AWS-003,2026-08-11T17:30:00Z,26.75,832.75,44.5,32.219,76.3234,1457.0,False,NORMAL
AWS-004,2026-08-11T17:30:00Z,36.57,977.58,33.99,26.9124,70.9022,225.0,False,NORMAL
AWS-001,2026-08-11T17:45:00Z,32.04,981.68,52.19,28.6139,77.209,216.0,False,NORMAL
AWS-002,2026-08-11T17:45:00Z,33.65,1008.23,60.43,18.922,72.8347,14.0,False,NORMAL
AWS-003,2026-08-11T17:45:00Z,27.06,833.18,46.46,32.219,76.3234,1457.0,False,NORMAL
AWS-004,2026-08-11T17:45:00Z,36.06,977.66,36.22,26.9124,70.9022,225.0,False,NORMAL
AWS-001,2026-08-11T18:00:00Z,32.47,981.56,54.33,28.6139,77.209,216.0,False,NORMAL
AWS-002,2026-08-11T18:00:00Z,33.63,1008.23,60.83,18.922,72.8347,14.0,False,NORMAL
AWS-003,2026-08-11T18:00:00Z,25.67,833.09,48.85,32.219,76.3234,1457.0,False,NORMAL
AWS-004,2026-08-11T18:00:00Z,35.84,977.86,35.35,26.9124,70.9022,225.0,False,NORMAL
AWS-001,2026-08-11T18:15:00Z,31.54,981.95,54.41,28.6139,77.209,216.0,False,NORMAL
AWS-002,2026-08-11T18:15:00Z,32.83,1008.29,62.49,18.922,72.8347,14.0,False,NORMAL
AWS-003,2026-08-11T18:15:00Z,25.73,833.34,49.98,32.219,76.3234,1457.0,False,NORMAL
AWS-004,2026-08-11T18:15:00Z,36.41,978.01,36.9,26.9124,70.9022,225.0,False,NORMAL
AWS-001,2026-08-11T18:30:00Z,30.75,982.03,55.21,28.6139,77.209,216.0,False,NORMAL
AWS-002,2026-08-11T18:30:00Z,32.23,1008.54,64.16,18.922,72.8347,14.0,False,NORMAL
AWS-003,2026-08-11T18:30:00Z,25.24,833.77,50.67,32.219,76.3234,1457.0,False,NORMAL
AWS-004,2026-08-11T18:30:00Z,34.92,978.28,38.33,26.9124,70.9022,225.0,False,NORMAL
AWS-001,2026-08-11T18:45:00Z,31.31,982.25,57.29,28.6139,77.209,216.0,False,NORMAL
AWS-002,2026-08-11T18:45:00Z,32.79,1008.56,64.96,18.922,72.8347,14.0,False,NORMAL
AWS-003,2026-08-11T18:45:00Z,22.74,833.64,51.53,32.219,76.3234,1457.0,False,NORMAL
AWS-004,2026-08-11T18:45:00Z,35.17,978.1,37.78,26.9124,70.9022,225.0,False,NORMAL
AWS-001,2026-08-11T19:00:00Z,30.66,982.46,58.79,28.6139,77.209,216.0,False,NORMAL
AWS-002,2026-08-11T19:00:00Z,31.95,1008.77,67.32,18.922,72.8347,14.0,False,NORMAL
AWS-003,2026-08-11T19:00:00Z,24.45,833.57,51.8,32.219,76.3234,1457.0,False,NORMAL
AWS-004,2026-08-11T19:00:00Z,35.44,978.61,40.0,26.9124,70.9022,225.0,False,NORMAL
AWS-001,2026-08-11T19:15:00Z,30.06,982.66,59.2,28.6139,77.209,216.0,False,NORMAL
AWS-002,2026-08-11T19:15:00Z,31.05,1008.93,66.96,18.922,72.8347,14.0,False,NORMAL
AWS-003,2026-08-11T19:15:00Z,24.25,833.84,53.52,32.219,76.3234,1457.0,False,NORMAL
AWS-004,2026-08-11T19:15:00Z,34.44,978.41,42.04,26.9124,70.9022,225.0,False,NORMAL
AWS-001,2026-08-11T19:30:00Z,29.42,982.67,60.67,28.6139,77.209,216.0,False,NORMAL
AWS-002,2026-08-11T19:30:00Z,31.34,1009.02,68.83,18.922,72.8347,14.0,False,NORMAL
AWS-003,2026-08-11T19:30:00Z,23.65,834.04,54.71,32.219,76.3234,1457.0,False,NORMAL
AWS-004,2026-08-11T19:30:00Z,33.79,978.56,42.9,26.9124,70.9022,225.0,False,NORMAL
AWS-001,2026-08-11T19:45:00Z,29.67,982.85,61.97,28.6139,77.209,216.0,False,NORMAL
AWS-002,2026-08-11T19:45:00Z,30.6,1009.19,69.86,18.922,72.8347,14.0,False,NORMAL
AWS-003,2026-08-11T19:45:00Z,23.88,834.12,57.77,32.219,76.3234,1457.0,False,NORMAL
AWS-004,2026-08-11T19:45:00Z,33.08,978.81,44.49,26.9124,70.9022,225.0,False,NORMAL
AWS-001,2026-08-11T20:00:00Z,28.39,982.94,63.43,28.6139,77.209,216.0,False,NORMAL
AWS-002,2026-08-11T20:00:00Z,30.69,1009.36,71.64,18.922,72.8347,14.0,False,NORMAL
AWS-003,2026-08-11T20:00:00Z,23.33,833.97,58.2,32.219,76.3234,1457.0,False,NORMAL
AWS-004,2026-08-11T20:00:00Z,32.91,979.06,44.73,26.9124,70.9022,225.0,False,NORMAL
AWS-001,2026-08-11T20:15:00Z,28.37,983.15,64.43,28.6139,77.209,216.0,False,NORMAL
AWS-002,2026-08-11T20:15:00Z,29.92,1009.69,73.6,18.922,72.8347,14.0,False,NORMAL
AWS-003,2026-08-11T20:15:00Z,22.03,834.2,59.39,32.219,76.3234,1457.0,False,NORMAL
AWS-004,2026-08-11T20:15:00Z,33.07,979.09,47.25,26.9124,70.9022,225.0,False,NORMAL
AWS-001,2026-08-11T20:30:00Z,27.73,983.28,65.58,28.6139,77.209,216.0,False,NORMAL
AWS-002,2026-08-11T20:30:00Z,29.56,1009.9,73.76,18.922,72.8347,14.0,False,NORMAL
AWS-003,2026-08-11T20:30:00Z,21.74,833.97,61.49,32.219,76.3234,1457.0,False,NORMAL
AWS-004,2026-08-11T20:30:00Z,32.17,979.27,48.31,26.9124,70.9022,225.0,False,NORMAL
AWS-001,2026-08-11T20:45:00Z,28.02,983.38,67.49,28.6139,77.209,216.0,False,NORMAL
AWS-002,2026-08-11T20:45:00Z,29.09,1009.91,74.33,18.922,72.8347,14.0,False,NORMAL
AWS-003,2026-08-11T20:45:00Z,22.4,834.63,62.31,32.219,76.3234,1457.0,False,NORMAL
AWS-004,2026-08-11T20:45:00Z,32.03,979.35,48.63,26.9124,70.9022,225.0,False,NORMAL
AWS-001,2026-08-11T21:00:00Z,27.54,983.44,66.94,28.6139,77.209,216.0,False,NORMAL
AWS-002,2026-08-11T21:00:00Z,28.82,1010.02,75.65,18.922,72.8347,14.0,False,NORMAL
AWS-003,2026-08-11T21:00:00Z,20.52,834.77,63.66,32.219,76.3234,1457.0,False,NORMAL
AWS-004,2026-08-11T21:00:00Z,30.89,979.58,50.14,26.9124,70.9022,225.0,False,NORMAL
AWS-001,2026-08-11T21:15:00Z,27.43,983.47,69.73,28.6139,77.209,216.0,False,NORMAL
AWS-002,2026-08-11T21:15:00Z,27.82,1010.08,77.2,18.922,72.8347,14.0,False,NORMAL
AWS-003,2026-08-11T21:15:00Z,20.54,834.49,64.39,32.219,76.3234,1457.0,False,NORMAL
AWS-004,2026-08-11T21:15:00Z,30.54,979.81,52.1,26.9124,70.9022,225.0,False,NORMAL
AWS-001,2026-08-11T21:30:00Z,26.7,983.74,70.63,28.6139,77.209,216.0,False,NORMAL
AWS-002,2026-08-11T21:30:00Z,28.04,1009.85,79.31,18.922,72.8347,14.0,False,NORMAL
AWS-003,2026-08-11T21:30:00Z,19.62,834.53,65.3,32.219,76.3234,1457.0,False,NORMAL
AWS-004,2026-08-11T21:30:00Z,31.33,979.36,53.7,26.9124,70.9022,225.0,False,NORMAL
AWS-001,2026-08-11T21:45:00Z,26.18,983.81,72.74,28.6139,77.209,216.0,False,NORMAL
AWS-002,2026-08-11T21:45:00Z,27.87,1010.21,79.82,18.922,72.8347,14.0,False,NORMAL
AWS-003,2026-08-11T21:45:00Z,19.4,834.56,68.29,32.219,76.3234,1457.0,False,NORMAL
AWS-004,2026-08-11T21:45:00Z,31.12,979.61,55.06,26.9124,70.9022,225.0,False,NORMAL
AWS-001,2026-08-11T22:00:00Z,26.44,983.59,73.74,28.6139,77.209,216.0,False,NORMAL
AWS-002,2026-08-11T22:00:00Z,27.39,1009.92,81.72,18.922,72.8347,14.0,False,NORMAL
AWS-003,2026-08-11T22:00:00Z,19.58,834.56,68.88,32.219,76.3234,1457.0,False,NORMAL
AWS-004,2026-08-11T22:00:00Z,30.19,979.57,56.93,26.9124,70.9022,225.0,False,NORMAL
AWS-001,2026-08-11T22:15:00Z,26.12,983.93,74.96,28.6139,77.209,216.0,False,NORMAL
AWS-002,2026-08-11T22:15:00Z,27.2,1010.28,82.36,18.922,72.8347,14.0,False,NORMAL
AWS-003,2026-08-11T22:15:00Z,18.88,834.45,69.05,32.219,76.3234,1457.0,False,NORMAL
AWS-004,2026-08-11T22:15:00Z,29.47,979.67,56.16,26.9124,70.9022,225.0,False,NORMAL
AWS-001,2026-08-11T22:30:00Z,25.26,983.61,75.85,28.6139,77.209,216.0,False,NORMAL
AWS-002,2026-08-11T22:30:00Z,26.85,1009.88,84.66,18.922,72.8347,14.0,False,NORMAL
AWS-003,2026-08-11T22:30:00Z,18.77,834.56,71.66,32.219,76.3234,1457.0,False,NORMAL
AWS-004,2026-08-11T22:30:00Z,29.32,979.59,57.38,26.9124,70.9022,225.0,False,NORMAL
AWS-001,2026-08-11T22:45:00Z,25.29,983.6,77.67,28.6139,77.209,216.0,False,NORMAL
AWS-002,2026-08-11T22:45:00Z,26.09,1009.86,84.09,18.922,72.8347,14.0,False,NORMAL
AWS-003,2026-08-11T22:45:00Z,18.86,834.58,71.65,32.219,76.3234,1457.0,False,NORMAL
AWS-004,2026-08-11T22:45:00Z,29.46,979.48,59.03,26.9124,70.9022,225.0,False,NORMAL
AWS-001,2026-08-11T23:00:00Z,24.57,983.54,77.58,28.6139,77.209,216.0,False,NORMAL
AWS-002,2026-08-11T23:00:00Z,25.58,1009.79,86.28,18.922,72.8347,14.0,False,NORMAL
AWS-003,2026-08-11T23:00:00Z,17.58,834.86,72.98,32.219,76.3234,1457.0,False,NORMAL
AWS-004,2026-08-11T23:00:00Z,28.65,979.52,60.04,26.9124,70.9022,225.0,False,NORMAL
AWS-001,2026-08-11T23:15:00Z,24.71,983.42,78.94,28.6139,77.209,216.0,False,NORMAL
AWS-002,2026-08-11T23:15:00Z,25.76,1009.6,86.43,18.922,72.8347,14.0,False,NORMAL
AWS-003,2026-08-11T23:15:00Z,18.3,834.42,73.75,32.219,76.3234,1457.0,False,NORMAL
AWS-004,2026-08-11T23:15:00Z,28.55,979.32,61.1,26.9124,70.9022,225.0,False,NORMAL
AWS-001,2026-08-11T23:30:00Z,24.12,983.01,78.55,28.6139,77.209,216.0,False,NORMAL
AWS-002,2026-08-11T23:30:00Z,25.67,1010.0,86.14,18.922,72.8347,14.0,False,NORMAL
AWS-003,2026-08-11T23:30:00Z,17.82,834.6,75.48,32.219,76.3234,1457.0,False,NORMAL
AWS-004,2026-08-11T23:30:00Z,27.65,979.04,61.34,26.9124,70.9022,225.0,False,NORMAL
AWS-001,2026-08-11T23:45:00Z,23.98,983.15,80.08,28.6139,77.209,216.0,False,NORMAL
AWS-002,2026-08-11T23:45:00Z,26.24,1009.74,88.17,18.922,72.8347,14.0,False,NORMAL
AWS-003,2026-08-11T23:45:00Z,16.77,834.12,75.17,32.219,76.3234,1457.0,False,NORMAL
AWS-004,2026-08-11T23:45:00Z,28.4,979.36,62.77,26.9124,70.9022,225.0,False,NORMAL
AWS-001,2026-08-12T00:00:00Z,24.32,983.01,80.57,28.6139,77.209,216.0,False,NORMAL
AWS-002,2026-08-12T00:00:00Z,25.15,1009.57,88.88,18.922,72.8347,14.0,False,NORMAL
AWS-003,2026-08-12T00:00:00Z,17.34,834.22,75.88,32.219,76.3234,1457.0,False,NORMAL
AWS-004,2026-08-12T00:00:00Z,28.47,979.2,62.0,26.9124,70.9022,225.0,False,NORMAL
AWS-001,2026-08-12T00:15:00Z,23.45,982.98,81.2,28.6139,77.209,216.0,False,NORMAL
AWS-002,2026-08-12T00:15:00Z,24.56,1009.21,88.21,18.922,72.8347,14.0,False,NORMAL
AWS-003,2026-08-12T00:15:00Z,17.96,834.05,76.76,32.219,76.3234,1457.0,False,NORMAL
AWS-004,2026-08-12T00:15:00Z,27.43,978.88,63.17,26.9124,70.9022,225.0,False,NORMAL
AWS-001,2026-08-12T00:30:00Z,23.27,983.04,81.6,28.6139,77.209,216.0,False,NORMAL
AWS-002,2026-08-12T00:30:00Z,24.2,1009.23,89.54,18.922,72.8347,14.0,False,NORMAL
AWS-003,2026-08-12T00:30:00Z,16.88,833.6,76.23,32.219,76.3234,1457.0,False,NORMAL
AWS-004,2026-08-12T00:30:00Z,27.63,978.71,64.14,26.9124,70.9022,225.0,False,NORMAL
AWS-001,2026-08-12T00:45:00Z,23.43,982.6,82.51,28.6139,77.209,216.0,False,NORMAL
AWS-002,2026-08-12T00:45:00Z,24.46,1008.9,89.84,18.922,72.8347,14.0,False,NORMAL
AWS-003,2026-08-12T00:45:00Z,17.49,833.89,76.59,32.219,76.3234,1457.0,False,NORMAL
AWS-004,2026-08-12T00:45:00Z,26.85,978.6,64.24,26.9124,70.9022,225.0,False,NORMAL
AWS-001,2026-08-12T01:00:00Z,23.53,982.46,82.28,28.6139,77.209,216.0,False,NORMAL
AWS-002,2026-08-12T01:00:00Z,24.6,1009.07,90.35,18.922,72.8347,14.0,False,NORMAL
AWS-003,2026-08-12T01:00:00Z,16.89,833.46,76.24,32.219,76.3234,1457.0,False,NORMAL
AWS-004,2026-08-12T01:00:00Z,27.68,978.47,63.92,26.9124,70.9022,225.0,False,NORMAL
AWS-001,2026-08-12T01:15:00Z,23.34,982.3,83.6,28.6139,77.209,216.0,False,NORMAL
AWS-002,2026-08-12T01:15:00Z,24.58,1008.9,91.42,18.922,72.8347,14.0,False,NORMAL
AWS-003,2026-08-12T01:15:00Z,17.36,833.72,77.58,32.219,76.3234,1457.0,False,NORMAL
AWS-004,2026-08-12T01:15:00Z,27.61,978.47,64.59,26.9124,70.9022,225.0,False,NORMAL
AWS-001,2026-08-12T01:30:00Z,23.09,981.99,83.45,28.6139,77.209,216.0,False,NORMAL
AWS-002,2026-08-12T01:30:00Z,24.6,1008.63,90.72,18.922,72.8347,14.0,False,NORMAL
AWS-003,2026-08-12T01:30:00Z,17.1,833.37,78.09,32.219,76.3234,1457.0,False,NORMAL
AWS-004,2026-08-12T01:30:00Z,27.5,978.12,65.51,26.9124,70.9022,225.0,False,NORMAL
AWS-001,2026-08-12T01:45:00Z,23.35,981.96,82.69,28.6139,77.209,216.0,False,NORMAL
AWS-002,2026-08-12T01:45:00Z,24.68,1008.3,91.39,18.922,72.8347,14.0,False,NORMAL
AWS-003,2026-08-12T01:45:00Z,17.03,832.91,77.86,32.219,76.3234,1457.0,False,NORMAL
AWS-004,2026-08-12T01:45:00Z,27.17,978.06,66.55,26.9124,70.9022,225.0,False,NORMAL
AWS-001,2026-08-12T02:00:00Z,23.16,981.85,83.7,28.6139,77.209,216.0,False,NORMAL
AWS-002,2026-08-12T02:00:00Z,24.34,1008.33,91.02,18.922,72.8347,14.0,False,NORMAL
AWS-003,2026-08-12T02:00:00Z,16.43,833.15,77.96,32.219,76.3234,1457.0,False,NORMAL
AWS-004,2026-08-12T02:00:00Z,27.69,977.62,65.07,26.9124,70.9022,225.0,False,NORMAL
AWS-001,2026-08-12T02:15:00Z,22.79,981.69,83.39,28.6139,77.209,216.0,False,NORMAL
AWS-002,2026-08-12T02:15:00Z,24.2,1008.35,91.49,18.922,72.8347,14.0,False,NORMAL
AWS-003,2026-08-12T02:15:00Z,17.23,832.81,77.75,32.219,76.3234,1457.0,False,NORMAL
AWS-004,2026-08-12T02:15:00Z,26.74,977.81,65.37,26.9124,70.9022,225.0,False,NORMAL
AWS-001,2026-08-12T02:30:00Z,23.38,981.56,82.69,28.6139,77.209,216.0,False,NORMAL
AWS-002,2026-08-12T02:30:00Z,24.25,1007.84,91.13,18.922,72.8347,14.0,False,NORMAL
AWS-003,2026-08-12T02:30:00Z,16.36,832.85,79.25,32.219,76.3234,1457.0,False,NORMAL
AWS-004,2026-08-12T02:30:00Z,27.49,977.53,64.86,26.9124,70.9022,225.0,False,NORMAL
AWS-001,2026-08-12T02:45:00Z,23.49,981.56,83.0,28.6139,77.209,216.0,False,NORMAL
AWS-002,2026-08-12T02:45:00Z,24.7,1008.05,90.72,18.922,72.8347,14.0,False,NORMAL
AWS-003,2026-08-12T02:45:00Z,16.57,832.65,78.53,32.219,76.3234,1457.0,False,NORMAL
AWS-004,2026-08-12T02:45:00Z,27.14,977.08,64.43,26.9124,70.9022,225.0,False,NORMAL
AWS-001,2026-08-12T03:00:00Z,23.23,981.32,82.72,28.6139,77.209,216.0,False,NORMAL
AWS-002,2026-08-12T03:00:00Z,23.81,1007.9,89.89,18.922,72.8347,14.0,False,NORMAL
AWS-003,2026-08-12T03:00:00Z,16.37,833.17,77.23,32.219,76.3234,1457.0,False,NORMAL
AWS-004,2026-08-12T03:00:00Z,27.5,977.14,65.35,26.9124,70.9022,225.0,False,NORMAL
AWS-001,2026-08-12T03:15:00Z,23.15,981.34,82.77,28.6139,77.209,216.0,False,NORMAL
AWS-002,2026-08-12T03:15:00Z,24.68,1007.33,89.99,18.922,72.8347,14.0,False,NORMAL
AWS-003,2026-08-12T03:15:00Z,16.95,832.6,77.4,32.219,76.3234,1457.0,False,NORMAL
AWS-004,2026-08-12T03:15:00Z,27.54,977.2,63.99,26.9124,70.9022,225.0,False,NORMAL
AWS-001,2026-08-12T03:30:00Z,23.38,981.42,81.99,28.6139,77.209,216.0,False,NORMAL
AWS-002,2026-08-12T03:30:00Z,25.11,1007.5,89.04,18.922,72.8347,14.0,False,NORMAL
AWS-003,2026-08-12T03:30:00Z,16.89,832.71,77.15,32.219,76.3234,1457.0,False,NORMAL
AWS-004,2026-08-12T03:30:00Z,27.28,977.3,64.48,26.9124,70.9022,225.0,False,NORMAL
AWS-001,2026-08-12T03:45:00Z,23.97,981.26,81.58,28.6139,77.209,216.0,False,NORMAL
AWS-002,2026-08-12T03:45:00Z,25.39,1007.44,89.47,18.922,72.8347,14.0,False,NORMAL
AWS-003,2026-08-12T03:45:00Z,17.44,832.6,77.22,32.219,76.3234,1457.0,False,NORMAL
AWS-004,2026-08-12T03:45:00Z,27.61,977.12,62.59,26.9124,70.9022,225.0,False,NORMAL
AWS-001,2026-08-12T04:00:00Z,23.36,981.18,80.69,28.6139,77.209,216.0,False,NORMAL
AWS-002,2026-08-12T04:00:00Z,25.11,1007.58,88.33,18.922,72.8347,14.0,False,NORMAL
AWS-003,2026-08-12T04:00:00Z,17.29,832.92,75.94,32.219,76.3234,1457.0,False,NORMAL
AWS-004,2026-08-12T04:00:00Z,28.13,977.04,61.92,26.9124,70.9022,225.0,False,NORMAL
AWS-001,2026-08-12T04:15:00Z,24.03,981.41,79.75,28.6139,77.209,216.0,False,NORMAL
AWS-002,2026-08-12T04:15:00Z,24.5,1007.59,87.64,18.922,72.8347,14.0,False,NORMAL
AWS-003,2026-08-12T04:15:00Z,17.55,832.58,74.73,32.219,76.3234,1457.0,False,NORMAL
AWS-004,2026-08-12T04:15:00Z,27.8,977.35,62.56,26.9124,70.9022,225.0,False,NORMAL
AWS-001,2026-08-12T04:30:00Z,23.74,981.25,79.23,28.6139,77.209,216.0,False,NORMAL
AWS-002,2026-08-12T04:30:00Z,25.89,1007.49,88.04,18.922,72.8347,14.0,False,NORMAL
AWS-003,2026-08-12T04:30:00Z,17.58,832.58,73.85,32.219,76.3234,1457.0,False,NORMAL
AWS-004,2026-08-12T04:30:00Z,28.75,977.46,61.56,26.9124,70.9022,225.0,False,NORMAL
AWS-001,2026-08-12T04:45:00Z,24.57,981.34,78.06,28.6139,77.209,216.0,False,NORMAL
AWS-002,2026-08-12T04:45:00Z,25.58,1007.83,86.3,18.922,72.8347,14.0,False,NORMAL
AWS-003,2026-08-12T04:45:00Z,17.85,832.54,73.15,32.219,76.3234,1457.0,False,NORMAL
AWS-004,2026-08-12T04:45:00Z,28.55,977.58,60.98,26.9124,70.9022,225.0,False,NORMAL
AWS-001,2026-08-12T05:00:00Z,24.78,981.41,77.69,28.6139,77.209,216.0,False,NORMAL
AWS-002,2026-08-12T05:00:00Z,26.05,1007.74,86.26,18.922,72.8347,14.0,False,NORMAL
AWS-003,2026-08-12T05:00:00Z,19.17,833.21,73.1,32.219,76.3234,1457.0,False,NORMAL
AWS-004,2026-08-12T05:00:00Z,28.72,977.26,59.02,26.9124,70.9022,225.0,False,NORMAL
AWS-001,2026-08-12T05:15:00Z,25.06,981.57,76.66,28.6139,77.209,216.0,False,NORMAL
AWS-002,2026-08-12T05:15:00Z,26.24,1007.81,84.24,18.922,72.8347,14.0,False,NORMAL
AWS-003,2026-08-12T05:15:00Z,19.44,832.83,72.27,32.219,76.3234,1457.0,False,NORMAL
AWS-004,2026-08-12T05:15:00Z,29.45,977.56,59.45,26.9124,70.9022,225.0,False,NORMAL
AWS-001,2026-08-12T05:30:00Z,25.59,981.64,75.31,28.6139,77.209,216.0,False,NORMAL
AWS-002,2026-08-12T05:30:00Z,26.41,1008.45,84.61,18.922,72.8347,14.0,False,NORMAL
AWS-003,2026-08-12T05:30:00Z,18.85,832.8,70.34,32.219,76.3234,1457.0,False,NORMAL
AWS-004,2026-08-12T05:30:00Z,29.84,977.92,57.27,26.9124,70.9022,225.0,False,NORMAL
AWS-001,2026-08-12T05:45:00Z,25.65,981.67,74.82,28.6139,77.209,216.0,False,NORMAL
AWS-002,2026-08-12T05:45:00Z,26.99,1008.2,82.93,18.922,72.8347,14.0,False,NORMAL
AWS-003,2026-08-12T05:45:00Z,18.31,832.84,68.9,32.219,76.3234,1457.0,False,NORMAL
AWS-004,2026-08-12T05:45:00Z,29.76,977.7,55.95,26.9124,70.9022,225.0,False,NORMAL
AWS-001,2026-08-12T06:00:00Z,25.89,981.98,73.13,28.6139,77.209,216.0,False,NORMAL
AWS-002,2026-08-12T06:00:00Z,26.87,1008.2,82.27,18.922,72.8347,14.0,False,NORMAL
AWS-003,2026-08-12T06:00:00Z,19.29,832.96,68.39,32.219,76.3234,1457.0,False,NORMAL
AWS-004,2026-08-12T06:00:00Z,30.0,977.96,55.34,26.9124,70.9022,225.0,False,NORMAL
AWS-001,2026-08-12T06:15:00Z,26.16,982.09,72.32,28.6139,77.209,216.0,False,NORMAL
AWS-002,2026-08-12T06:15:00Z,27.7,1008.61,79.58,18.922,72.8347,14.0,False,NORMAL
AWS-003,2026-08-12T06:15:00Z,20.09,833.1,66.76,32.219,76.3234,1457.0,False,NORMAL
AWS-004,2026-08-12T06:15:00Z,30.97,977.76,54.46,26.9124,70.9022,225.0,False,NORMAL
AWS-001,2026-08-12T06:30:00Z,26.03,982.26,70.29,28.6139,77.209,216.0,False,NORMAL
AWS-002,2026-08-12T06:30:00Z,27.85,1008.39,78.36,18.922,72.8347,14.0,False,NORMAL
AWS-003,2026-08-12T06:30:00Z,20.23,833.38,65.24,32.219,76.3234,1457.0,False,NORMAL
AWS-004,2026-08-12T06:30:00Z,30.53,977.87,53.02,26.9124,70.9022,225.0,False,NORMAL
AWS-001,2026-08-12T06:45:00Z,27.19,982.43,69.28,28.6139,77.209,216.0,False,NORMAL
AWS-002,2026-08-12T06:45:00Z,28.55,1008.54,77.03,18.922,72.8347,14.0,False,NORMAL
AWS-003,2026-08-12T06:45:00Z,20.97,833.77,64.35,32.219,76.3234,1457.0,False,NORMAL
AWS-004,2026-08-12T06:45:00Z,31.46,978.17,52.04,26.9124,70.9022,225.0,False,NORMAL
AWS-001,2026-08-12T07:00:00Z,27.42,982.35,68.14,28.6139,77.209,216.0,False,NORMAL
AWS-002,2026-08-12T07:00:00Z,29.02,1008.78,76.29,18.922,72.8347,14.0,False,NORMAL
AWS-003,2026-08-12T07:00:00Z,21.39,833.64,62.3,32.219,76.3234,1457.0,False,NORMAL
AWS-004,2026-08-12T07:00:00Z,31.88,978.4,49.58,26.9124,70.9022,225.0,False,NORMAL
AWS-001,2026-08-12T07:15:00Z,27.76,982.69,67.55,28.6139,77.209,216.0,False,NORMAL
AWS-002,2026-08-12T07:15:00Z,28.82,1008.88,74.98,18.922,72.8347,14.0,False,NORMAL
AWS-003,2026-08-12T07:15:00Z,20.72,834.04,61.57,32.219,76.3234,1457.0,False,NORMAL
AWS-004,2026-08-12T07:15:00Z,31.86,978.51,49.49,26.9124,70.9022,225.0,False,NORMAL
AWS-001,2026-08-12T07:30:00Z,28.49,983.01,66.68,28.6139,77.209,216.0,False,NORMAL
AWS-002,2026-08-12T07:30:00Z,29.29,1009.33,74.43,18.922,72.8347,14.0,False,NORMAL
AWS-003,2026-08-12T07:30:00Z,21.24,833.78,61.57,32.219,76.3234,1457.0,False,NORMAL
AWS-004,2026-08-12T07:30:00Z,31.94,978.8,48.16,26.9124,70.9022,225.0,False,NORMAL
AWS-001,2026-08-12T07:45:00Z,28.6,982.93,64.55,28.6139,77.209,216.0,False,NORMAL
AWS-002,2026-08-12T07:45:00Z,30.19,1009.14,72.19,18.922,72.8347,14.0,False,NORMAL
AWS-003,2026-08-12T07:45:00Z,22.22,834.08,59.91,32.219,76.3234,1457.0,False,NORMAL
AWS-004,2026-08-12T07:45:00Z,32.4,978.99,46.52,26.9124,70.9022,225.0,False,NORMAL
AWS-001,2026-08-12T08:00:00Z,28.83,983.07,63.37,28.6139,77.209,216.0,False,NORMAL
AWS-002,2026-08-12T08:00:00Z,31.25,1009.29,72.18,18.922,72.8347,14.0,False,NORMAL
AWS-003,2026-08-12T08:00:00Z,22.61,834.14,58.22,32.219,76.3234,1457.0,False,NORMAL
AWS-004,2026-08-12T08:00:00Z,33.22,979.06,44.83,26.9124,70.9022,225.0,False,NORMAL
AWS-001,2026-08-12T08:15:00Z,29.38,982.97,62.44,28.6139,77.209,216.0,False,NORMAL
AWS-002,2026-08-12T08:15:00Z,30.13,1009.54,70.69,18.922,72.8347,14.0,False,NORMAL
AWS-003,2026-08-12T08:15:00Z,23.4,834.02,56.05,32.219,76.3234,1457.0,False,NORMAL
AWS-004,2026-08-12T08:15:00Z,33.34,979.5,44.86,26.9124,70.9022,225.0,False,NORMAL
AWS-001,2026-08-12T08:30:00Z,30.01,983.34,61.23,28.6139,77.209,216.0,False,NORMAL
AWS-002,2026-08-12T08:30:00Z,31.37,1009.51,69.11,18.922,72.8347,14.0,False,NORMAL
AWS-003,2026-08-12T08:30:00Z,23.46,834.45,55.73,32.219,76.3234,1457.0,False,NORMAL
AWS-004,2026-08-12T08:30:00Z,33.89,979.12,42.67,26.9124,70.9022,225.0,False,NORMAL
AWS-001,2026-08-12T08:45:00Z,30.01,983.44,60.35,28.6139,77.209,216.0,False,NORMAL
AWS-002,2026-08-12T08:45:00Z,31.44,1009.52,67.19,18.922,72.8347,14.0,False,NORMAL
AWS-003,2026-08-12T08:45:00Z,22.98,834.69,54.22,32.219,76.3234,1457.0,False,NORMAL
AWS-004,2026-08-12T08:45:00Z,33.9,979.36,42.58,26.9124,70.9022,225.0,False,NORMAL
AWS-001,2026-08-12T09:00:00Z,30.53,983.38,57.74,28.6139,77.209,216.0,False,NORMAL
AWS-002,2026-08-12T09:00:00Z,31.32,1009.98,66.49,18.922,72.8347,14.0,False,NORMAL
AWS-003,2026-08-12T09:00:00Z,24.37,834.64,53.74,32.219,76.3234,1457.0,False,NORMAL
AWS-004,2026-08-12T09:00:00Z,34.54,979.44,39.73,26.9124,70.9022,225.0,False,NORMAL
AWS-001,2026-08-12T09:15:00Z,31.0,983.68,56.38,28.6139,77.209,216.0,False,NORMAL
AWS-002,2026-08-12T09:15:00Z,32.2,1009.84,65.96,18.922,72.8347,14.0,False,NORMAL
AWS-003,2026-08-12T09:15:00Z,23.38,834.87,52.75,32.219,76.3234,1457.0,False,NORMAL
AWS-004,2026-08-12T09:15:00Z,34.54,979.16,39.63,26.9124,70.9022,225.0,False,NORMAL
AWS-001,2026-08-12T09:30:00Z,31.14,983.5,54.98,28.6139,77.209,216.0,False,NORMAL
AWS-002,2026-08-12T09:30:00Z,31.82,1010.05,63.84,18.922,72.8347,14.0,False,NORMAL
AWS-003,2026-08-12T09:30:00Z,24.63,834.53,51.86,32.219,76.3234,1457.0,False,NORMAL
AWS-004,2026-08-12T09:30:00Z,35.11,979.36,39.11,26.9124,70.9022,225.0,False,NORMAL
AWS-001,2026-08-12T09:45:00Z,32.12,983.79,53.86,28.6139,77.209,216.0,False,NORMAL
AWS-002,2026-08-12T09:45:00Z,32.89,1009.56,62.62,18.922,72.8347,14.0,False,NORMAL
AWS-003,2026-08-12T09:45:00Z,25.47,834.88,49.65,32.219,76.3234,1457.0,False,NORMAL
AWS-004,2026-08-12T09:45:00Z,36.15,979.3,37.23,26.9124,70.9022,225.0,False,NORMAL
AWS-001,2026-08-12T10:00:00Z,32.33,983.89,53.78,28.6139,77.209,216.0,False,NORMAL
AWS-002,2026-08-12T10:00:00Z,33.05,1009.98,61.96,18.922,72.8347,14.0,False,NORMAL
AWS-003,2026-08-12T10:00:00Z,25.24,834.76,48.39,32.219,76.3234,1457.0,False,NORMAL
AWS-004,2026-08-12T10:00:00Z,36.52,979.5,36.24,26.9124,70.9022,225.0,False,NORMAL
AWS-001,2026-08-12T10:15:00Z,32.46,983.79,52.62,28.6139,77.209,216.0,False,NORMAL
AWS-002,2026-08-12T10:15:00Z,33.75,1009.86,60.82,18.922,72.8347,14.0,False,NORMAL
AWS-003,2026-08-12T10:15:00Z,26.06,834.64,47.53,32.219,76.3234,1457.0,False,NORMAL
AWS-004,2026-08-12T10:15:00Z,36.87,979.45,35.32,26.9124,70.9022,225.0,False,NORMAL
AWS-001,2026-08-12T10:30:00Z,32.19,983.64,51.41,28.6139,77.209,216.0,False,NORMAL
AWS-002,2026-08-12T10:30:00Z,33.68,1009.86,58.61,18.922,72.8347,14.0,False,NORMAL
AWS-003,2026-08-12T10:30:00Z,25.5,834.55,46.71,32.219,76.3234,1457.0,False,NORMAL
AWS-004,2026-08-12T10:30:00Z,36.87,979.45,32.22,26.9124,70.9022,225.0,False,NORMAL
AWS-001,2026-08-12T10:45:00Z,33.15,983.63,50.51,28.6139,77.209,216.0,False,NORMAL
AWS-002,2026-08-12T10:45:00Z,33.58,1009.6,58.92,18.922,72.8347,14.0,False,NORMAL
AWS-003,2026-08-12T10:45:00Z,25.77,834.76,46.26,32.219,76.3234,1457.0,False,NORMAL
AWS-004,2026-08-12T10:45:00Z,37.09,979.77,32.24,26.9124,70.9022,225.0,False,NORMAL
AWS-001,2026-08-12T11:00:00Z,33.6,983.63,49.72,28.6139,77.209,216.0,False,NORMAL
AWS-002,2026-08-12T11:00:00Z,34.83,1009.79,56.96,18.922,72.8347,14.0,False,NORMAL
AWS-003,2026-08-12T11:00:00Z,26.26,834.55,44.99,32.219,76.3234,1457.0,False,NORMAL
AWS-004,2026-08-12T11:00:00Z,36.68,979.37,31.73,26.9124,70.9022,225.0,False,NORMAL
AWS-001,2026-08-12T11:15:00Z,33.69,983.35,48.92,28.6139,77.209,216.0,False,NORMAL
AWS-002,2026-08-12T11:15:00Z,35.0,1009.85,55.67,18.922,72.8347,14.0,False,NORMAL
AWS-003,2026-08-12T11:15:00Z,27.02,834.2,45.11,32.219,76.3234,1457.0,False,NORMAL
AWS-004,2026-08-12T11:15:00Z,37.33,979.1,30.54,26.9124,70.9022,225.0,False,NORMAL
AWS-001,2026-08-12T11:30:00Z,33.88,983.28,47.49,28.6139,77.209,216.0,False,NORMAL
AWS-002,2026-08-12T11:30:00Z,34.87,1009.78,55.93,18.922,72.8347,14.0,False,NORMAL
AWS-003,2026-08-12T11:30:00Z,27.71,834.79,43.4,32.219,76.3234,1457.0,False,NORMAL
AWS-004,2026-08-12T11:30:00Z,37.83,979.09,29.18,26.9124,70.9022,225.0,False,NORMAL
AWS-001,2026-08-12T11:45:00Z,34.12,983.18,46.29,28.6139,77.209,216.0,False,NORMAL
AWS-002,2026-08-12T11:45:00Z,35.69,1009.56,55.65,18.922,72.8347,14.0,False,NORMAL
AWS-003,2026-08-12T11:45:00Z,26.55,834.27,41.39,32.219,76.3234,1457.0,False,NORMAL
AWS-004,2026-08-12T11:45:00Z,38.26,979.34,28.63,26.9124,70.9022,225.0,False,NORMAL
AWS-001,2026-08-12T12:00:00Z,34.25,982.94,46.12,28.6139,77.209,216.0,False,NORMAL
AWS-002,2026-08-12T12:00:00Z,35.92,1009.39,53.05,18.922,72.8347,14.0,False,NORMAL
AWS-003,2026-08-12T12:00:00Z,27.32,834.18,39.32,32.219,76.3234,1457.0,False,NORMAL
AWS-004,2026-08-12T12:00:00Z,38.98,979.14,28.35,26.9124,70.9022,225.0,False,NORMAL
AWS-001,2026-08-12T12:15:00Z,34.32,982.88,45.84,28.6139,77.209,216.0,False,NORMAL
AWS-002,2026-08-12T12:15:00Z,35.97,1009.36,53.48,18.922,72.8347,14.0,False,NORMAL
AWS-003,2026-08-12T12:15:00Z,27.57,833.78,42.23,32.219,76.3234,1457.0,False,NORMAL
AWS-004,2026-08-12T12:15:00Z,38.55,978.67,28.53,26.9124,70.9022,225.0,False,NORMAL
AWS-001,2026-08-12T12:30:00Z,34.12,982.76,44.98,28.6139,77.209,216.0,False,NORMAL
AWS-002,2026-08-12T12:30:00Z,36.41,1009.06,52.19,18.922,72.8347,14.0,False,NORMAL
AWS-003,2026-08-12T12:30:00Z,28.15,833.77,39.06,32.219,76.3234,1457.0,False,NORMAL
AWS-004,2026-08-12T12:30:00Z,38.55,978.67,26.49,26.9124,70.9022,225.0,False,NORMAL
AWS-001,2026-08-12T12:45:00Z,34.89,982.56,44.27,28.6139,77.209,216.0,False,NORMAL
AWS-002,2026-08-12T12:45:00Z,35.65,1009.05,52.18,18.922,72.8347,14.0,False,NORMAL
AWS-003,2026-08-12T12:45:00Z,28.37,833.27,39.9,32.219,76.3234,1457.0,False,NORMAL
AWS-004,2026-08-12T12:45:00Z,38.94,978.39,25.94,26.9124,70.9022,225.0,False,NORMAL
AWS-001,2026-08-12T13:00:00Z,34.69,982.34,44.3,28.6139,77.209,216.0,False,NORMAL
AWS-002,2026-08-12T13:00:00Z,36.43,1008.79,52.17,18.922,72.8347,14.0,False,NORMAL
AWS-003,2026-08-12T13:00:00Z,28.47,833.7,38.49,32.219,76.3234,1457.0,False,NORMAL
AWS-004,2026-08-12T13:00:00Z,38.44,978.26,27.16,26.9124,70.9022,225.0,False,NORMAL
AWS-001,2026-08-12T13:15:00Z,35.06,982.26,44.45,28.6139,77.209,216.0,False,NORMAL
AWS-002,2026-08-12T13:15:00Z,36.24,1008.74,52.51,18.922,72.8347,14.0,False,NORMAL
AWS-003,2026-08-12T13:15:00Z,28.34,833.32,39.04,32.219,76.3234,1457.0,False,NORMAL
AWS-004,2026-08-12T13:15:00Z,38.38,978.31,25.53,26.9124,70.9022,225.0,False,NORMAL
AWS-001,2026-08-12T13:30:00Z,34.83,982.38,43.92,28.6139,77.209,216.0,False,NORMAL
AWS-002,2026-08-12T13:30:00Z,35.99,1008.47,51.24,18.922,72.8347,14.0,False,NORMAL
AWS-003,2026-08-12T13:30:00Z,28.47,833.43,38.42,32.219,76.3234,1457.0,False,NORMAL
AWS-004,2026-08-12T13:30:00Z,39.67,978.15,25.71,26.9124,70.9022,225.0,False,NORMAL
AWS-001,2026-08-12T13:45:00Z,35.03,981.84,43.29,28.6139,77.209,216.0,False,NORMAL
AWS-002,2026-08-12T13:45:00Z,35.73,1008.23,52.55,18.922,72.8347,14.0,False,NORMAL
AWS-003,2026-08-12T13:45:00Z,28.76,833.36,38.23,32.219,76.3234,1457.0,False,NORMAL
AWS-004,2026-08-12T13:45:00Z,39.02,978.22,25.4,26.9124,70.9022,225.0,False,NORMAL
AWS-001,2026-08-12T14:00:00Z,34.89,982.03,43.65,28.6139,77.209,216.0,False,NORMAL
AWS-002,2026-08-12T14:00:00Z,36.36,1008.26,52.82,18.922,72.8347,14.0,False,NORMAL
AWS-003,2026-08-12T14:00:00Z,27.21,833.02,38.71,32.219,76.3234,1457.0,False,NORMAL
AWS-004,2026-08-12T14:00:00Z,39.57,977.74,26.03,26.9124,70.9022,225.0,False,NORMAL
AWS-001,2026-08-12T14:15:00Z,35.22,981.72,43.37,28.6139,77.209,216.0,False,NORMAL
AWS-002,2026-08-12T14:15:00Z,35.52,1008.15,51.35,18.922,72.8347,14.0,False,NORMAL
AWS-003,2026-08-12T14:15:00Z,28.39,832.88,39.02,32.219,76.3234,1457.0,False,NORMAL
AWS-004,2026-08-12T14:15:00Z,39.08,977.91,25.46,26.9124,70.9022,225.0,False,NORMAL
AWS-001,2026-08-12T14:30:00Z,35.05,981.63,43.91,28.6139,77.209,216.0,False,NORMAL
AWS-002,2026-08-12T14:30:00Z,35.95,1007.84,51.98,18.922,72.8347,14.0,False,NORMAL
AWS-003,2026-08-12T14:30:00Z,29.28,832.81,39.78,32.219,76.3234,1457.0,False,NORMAL
AWS-004,2026-08-12T14:30:00Z,38.23,977.78,24.72,26.9124,70.9022,225.0,False,NORMAL
AWS-001,2026-08-12T14:45:00Z,34.99,981.65,44.58,28.6139,77.209,216.0,False,NORMAL
AWS-002,2026-08-12T14:45:00Z,35.73,1007.96,52.1,18.922,72.8347,14.0,False,NORMAL
AWS-003,2026-08-12T14:45:00Z,28.67,833.05,39.48,32.219,76.3234,1457.0,False,NORMAL
AWS-004,2026-08-12T14:45:00Z,38.26,977.36,26.87,26.9124,70.9022,225.0,False,NORMAL
AWS-001,2026-08-12T15:00:00Z,34.64,981.34,43.82,28.6139,77.209,216.0,False,NORMAL
AWS-002,2026-08-12T15:00:00Z,35.87,1007.89,51.15,18.922,72.8347,14.0,False,NORMAL
AWS-003,2026-08-12T15:00:00Z,28.2,832.73,37.84,32.219,76.3234,1457.0,False,NORMAL
AWS-004,2026-08-12T15:00:00Z,38.45,977.51,27.33,26.9124,70.9022,225.0,False,NORMAL
AWS-001,2026-08-12T15:15:00Z,34.96,981.32,44.48,28.6139,77.209,216.0,False,NORMAL
AWS-002,2026-08-12T15:15:00Z,35.16,1007.73,52.01,18.922,72.8347,14.0,False,NORMAL
AWS-003,2026-08-12T15:15:00Z,27.83,833.15,39.65,32.219,76.3234,1457.0,False,NORMAL
AWS-004,2026-08-12T15:15:00Z,38.89,977.46,26.08,26.9124,70.9022,225.0,False,NORMAL
AWS-001,2026-08-12T15:30:00Z,34.62,981.65,44.02,28.6139,77.209,216.0,False,NORMAL
AWS-002,2026-08-12T15:30:00Z,34.88,1007.51,53.14,18.922,72.8347,14.0,False,NORMAL
AWS-003,2026-08-12T15:30:00Z,27.53,832.89,39.26,32.219,76.3234,1457.0,False,NORMAL
AWS-004,2026-08-12T15:30:00Z,38.09,977.4,25.64,26.9124,70.9022,225.0,False,NORMAL
AWS-001,2026-08-12T15:45:00Z,34.35,981.24,45.73,28.6139,77.209,216.0,False,NORMAL
AWS-002,2026-08-12T15:45:00Z,34.78,1007.71,53.82,18.922,72.8347,14.0,False,NORMAL
AWS-003,2026-08-12T15:45:00Z,28.22,832.88,42.16,32.219,76.3234,1457.0,False,NORMAL
AWS-004,2026-08-12T15:45:00Z,38.86,977.47,26.33,26.9124,70.9022,225.0,False,NORMAL
AWS-001,2026-08-12T16:00:00Z,34.26,981.09,46.12,28.6139,77.209,216.0,False,NORMAL
AWS-002,2026-08-12T16:00:00Z,34.85,1007.32,54.91,18.922,72.8347,14.0,False,NORMAL
AWS-003,2026-08-12T16:00:00Z,28.53,832.55,41.75,32.219,76.3234,1457.0,False,NORMAL
AWS-004,2026-08-12T16:00:00Z,38.37,977.12,29.72,26.9124,70.9022,225.0,False,NORMAL
AWS-001,2026-08-12T16:15:00Z,33.36,981.42,47.36,28.6139,77.209,216.0,False,NORMAL
AWS-002,2026-08-12T16:15:00Z,35.13,1007.81,55.06,18.922,72.8347,14.0,False,NORMAL
AWS-003,2026-08-12T16:15:00Z,27.6,832.7,40.6,32.219,76.3234,1457.0,False,NORMAL
AWS-004,2026-08-12T16:15:00Z,38.83,977.16,28.67,26.9124,70.9022,225.0,False,NORMAL
AWS-001,2026-08-12T16:30:00Z,33.0,981.31,47.17,28.6139,77.209,216.0,False,NORMAL
AWS-002,2026-08-12T16:30:00Z,34.79,1007.57,55.13,18.922,72.8347,14.0,False,NORMAL
AWS-003,2026-08-12T16:30:00Z,27.53,832.55,42.08,32.219,76.3234,1457.0,False,NORMAL
AWS-004,2026-08-12T16:30:00Z,37.66,977.29,30.77,26.9124,70.9022,225.0,False,NORMAL
AWS-001,2026-08-12T16:45:00Z,33.18,981.28,48.35,28.6139,77.209,216.0,False,NORMAL
AWS-002,2026-08-12T16:45:00Z,35.01,1007.59,57.69,18.922,72.8347,14.0,False,NORMAL
AWS-003,2026-08-12T16:45:00Z,26.34,832.89,43.25,32.219,76.3234,1457.0,False,NORMAL
AWS-004,2026-08-12T16:45:00Z,37.22,977.43,28.88,26.9124,70.9022,225.0,False,NORMAL
AWS-001,2026-08-12T17:00:00Z,33.15,981.49,49.86,28.6139,77.209,216.0,False,NORMAL
AWS-002,2026-08-12T17:00:00Z,34.27,1008.14,56.52,18.922,72.8347,14.0,False,NORMAL
AWS-003,2026-08-12T17:00:00Z,27.18,832.8,45.41,32.219,76.3234,1457.0,False,NORMAL
AWS-004,2026-08-12T17:00:00Z,37.1,977.35,32.37,26.9124,70.9022,225.0,False,NORMAL
AWS-001,2026-08-12T17:15:00Z,32.8,981.58,50.29,28.6139,77.209,216.0,False,NORMAL
AWS-002,2026-08-12T17:15:00Z,34.59,1007.56,57.71,18.922,72.8347,14.0,False,NORMAL
AWS-003,2026-08-12T17:15:00Z,25.63,832.54,44.91,32.219,76.3234,1457.0,False,NORMAL
AWS-004,2026-08-12T17:15:00Z,36.38,977.59,32.32,26.9124,70.9022,225.0,False,NORMAL
AWS-001,2026-08-12T17:30:00Z,32.59,981.46,50.94,28.6139,77.209,216.0,False,NORMAL
AWS-002,2026-08-12T17:30:00Z,34.14,1007.82,59.51,18.922,72.8347,14.0,False,NORMAL
AWS-003,2026-08-12T17:30:00Z,26.63,833.08,46.76,32.219,76.3234,1457.0,False,NORMAL
AWS-004,2026-08-12T17:30:00Z,36.5,977.64,32.93,26.9124,70.9022,225.0,False,NORMAL
AWS-001,2026-08-12T17:45:00Z,32.81,981.5,51.49,28.6139,77.209,216.0,False,NORMAL
AWS-002,2026-08-12T17:45:00Z,33.8,1008.23,60.63,18.922,72.8347,14.0,False,NORMAL
AWS-003,2026-08-12T17:45:00Z,26.76,833.11,48.02,32.219,76.3234,1457.0,False,NORMAL
AWS-004,2026-08-12T17:45:00Z,36.05,977.86,34.38,26.9124,70.9022,225.0,False,NORMAL
AWS-001,2026-08-12T18:00:00Z,32.03,981.61,53.12,28.6139,77.209,216.0,False,NORMAL
AWS-002,2026-08-12T18:00:00Z,33.41,1008.19,61.74,18.922,72.8347,14.0,False,NORMAL
AWS-003,2026-08-12T18:00:00Z,25.73,833.23,48.7,32.219,76.3234,1457.0,False,NORMAL
AWS-004,2026-08-12T18:00:00Z,36.16,977.56,36.02,26.9124,70.9022,225.0,False,NORMAL
AWS-001,2026-08-12T18:15:00Z,31.38,981.96,55.51,28.6139,77.209,216.0,False,NORMAL
AWS-002,2026-08-12T18:15:00Z,33.15,1008.07,63.02,18.922,72.8347,14.0,False,NORMAL
AWS-003,2026-08-12T18:15:00Z,25.65,833.29,50.73,32.219,76.3234,1457.0,False,NORMAL
AWS-004,2026-08-12T18:15:00Z,36.43,978.04,37.44,26.9124,70.9022,225.0,False,NORMAL
AWS-001,2026-08-12T18:30:00Z,31.27,982.08,55.85,28.6139,77.209,216.0,False,NORMAL
AWS-002,2026-08-12T18:30:00Z,32.15,1008.42,63.99,18.922,72.8347,14.0,False,NORMAL
AWS-003,2026-08-12T18:30:00Z,24.78,833.39,51.36,32.219,76.3234,1457.0,False,NORMAL
AWS-004,2026-08-12T18:30:00Z,35.01,978.09,37.55,26.9124,70.9022,225.0,False,NORMAL
AWS-001,2026-08-12T18:45:00Z,30.46,982.36,57.28,28.6139,77.209,216.0,False,NORMAL
AWS-002,2026-08-12T18:45:00Z,31.97,1008.66,65.12,18.922,72.8347,14.0,False,NORMAL
AWS-003,2026-08-12T18:45:00Z,25.11,833.52,52.61,32.219,76.3234,1457.0,False,NORMAL
AWS-004,2026-08-12T18:45:00Z,34.65,978.13,39.31,26.9124,70.9022,225.0,False,NORMAL
AWS-001,2026-08-12T19:00:00Z,30.46,982.41,58.71,28.6139,77.209,216.0,False,NORMAL
AWS-002,2026-08-12T19:00:00Z,31.95,1008.87,66.39,18.922,72.8347,14.0,False,NORMAL
AWS-003,2026-08-12T19:00:00Z,24.41,833.33,53.4,32.219,76.3234,1457.0,False,NORMAL
AWS-004,2026-08-12T19:00:00Z,34.5,978.36,40.13,26.9124,70.9022,225.0,False,NORMAL
AWS-001,2026-08-12T19:15:00Z,30.29,982.72,59.98,28.6139,77.209,216.0,False,NORMAL
AWS-002,2026-08-12T19:15:00Z,30.88,1008.98,67.9,18.922,72.8347,14.0,False,NORMAL
AWS-003,2026-08-12T19:15:00Z,23.07,833.5,54.96,32.219,76.3234,1457.0,False,NORMAL
AWS-004,2026-08-12T19:15:00Z,33.74,978.23,40.84,26.9124,70.9022,225.0,False,NORMAL
AWS-001,2026-08-12T19:30:00Z,29.96,982.66,61.87,28.6139,77.209,216.0,False,NORMAL
AWS-002,2026-08-12T19:30:00Z,31.31,1009.31,68.99,18.922,72.8347,14.0,False,NORMAL
AWS-003,2026-08-12T19:30:00Z,22.61,833.56,56.46,32.219,76.3234,1457.0,False,NORMAL
AWS-004,2026-08-12T19:30:00Z,33.92,978.56,43.17,26.9124,70.9022,225.0,False,NORMAL
AWS-001,2026-08-12T19:45:00Z,29.23,982.97,62.33,28.6139,77.209,216.0,False,NORMAL
AWS-002,2026-08-12T19:45:00Z,30.44,1009.09,70.87,18.922,72.8347,14.0,False,NORMAL
AWS-003,2026-08-12T19:45:00Z,22.77,834.14,56.19,32.219,76.3234,1457.0,False,NORMAL
AWS-004,2026-08-12T19:45:00Z,33.03,978.89,44.69,26.9124,70.9022,225.0,False,NORMAL
AWS-001,2026-08-12T20:00:00Z,28.77,983.14,63.79,28.6139,77.209,216.0,False,NORMAL
AWS-002,2026-08-12T20:00:00Z,29.95,1009.27,71.24,18.922,72.8347,14.0,False,NORMAL
AWS-003,2026-08-12T20:00:00Z,21.98,834.29,58.97,32.219,76.3234,1457.0,False,NORMAL
AWS-004,2026-08-12T20:00:00Z,32.47,979.04,46.28,26.9124,70.9022,225.0,False,NORMAL
AWS-001,2026-08-12T20:15:00Z,28.0,983.18,64.66,28.6139,77.209,216.0,False,NORMAL
AWS-002,2026-08-12T20:15:00Z,29.68,1009.67,73.62,18.922,72.8347,14.0,False,NORMAL
AWS-003,2026-08-12T20:15:00Z,22.14,833.89,59.35,32.219,76.3234,1457.0,False,NORMAL
AWS-004,2026-08-12T20:15:00Z,32.97,979.17,46.56,26.9124,70.9022,225.0,False,NORMAL
AWS-001,2026-08-12T20:30:00Z,27.57,983.37,66.19,28.6139,77.209,216.0,False,NORMAL
AWS-002,2026-08-12T20:30:00Z,29.62,1009.7,73.66,18.922,72.8347,14.0,False,NORMAL
AWS-003,2026-08-12T20:30:00Z,21.65,834.35,59.54,32.219,76.3234,1457.0,False,NORMAL
AWS-004,2026-08-12T20:30:00Z,31.83,979.27,48.27,26.9124,70.9022,225.0,False,NORMAL
AWS-001,2026-08-12T20:45:00Z,27.11,983.37,68.27,28.6139,77.209,216.0,False,NORMAL
AWS-002,2026-08-12T20:45:00Z,29.0,1009.69,75.02,18.922,72.8347,14.0,False,NORMAL
AWS-003,2026-08-12T20:45:00Z,21.84,834.59,62.7,32.219,76.3234,1457.0,False,NORMAL
AWS-004,2026-08-12T20:45:00Z,31.94,979.59,49.59,26.9124,70.9022,225.0,False,NORMAL
AWS-001,2026-08-12T21:00:00Z,27.16,983.61,68.13,28.6139,77.209,216.0,False,NORMAL
AWS-002,2026-08-12T21:00:00Z,27.83,1009.52,76.81,18.922,72.8347,14.0,False,NORMAL
AWS-003,2026-08-12T21:00:00Z,19.34,834.91,63.86,32.219,76.3234,1457.0,False,NORMAL
AWS-004,2026-08-12T21:00:00Z,32.68,979.61,50.05,26.9124,70.9022,225.0,False,NORMAL
AWS-001,2026-08-12T21:15:00Z,26.83,983.66,70.81,28.6139,77.209,216.0,False,NORMAL
AWS-002,2026-08-12T21:15:00Z,29.18,1010.14,78.08,18.922,72.8347,14.0,False,NORMAL
AWS-003,2026-08-12T21:15:00Z,21.56,834.56,65.77,32.219,76.3234,1457.0,False,NORMAL
AWS-004,2026-08-12T21:15:00Z,31.26,979.59,51.82,26.9124,70.9022,225.0,False,NORMAL
AWS-001,2026-08-12T21:30:00Z,26.95,983.58,71.17,28.6139,77.209,216.0,False,NORMAL
AWS-002,2026-08-12T21:30:00Z,27.12,1010.09,79.12,18.922,72.8347,14.0,False,NORMAL
AWS-003,2026-08-12T21:30:00Z,20.32,834.47,65.61,32.219,76.3234,1457.0,False,NORMAL
AWS-004,2026-08-12T21:30:00Z,30.99,979.45,53.76,26.9124,70.9022,225.0,False,NORMAL
AWS-001,2026-08-12T21:45:00Z,26.13,983.73,73.31,28.6139,77.209,216.0,False,NORMAL
AWS-002,2026-08-12T21:45:00Z,28.16,1009.96,80.81,18.922,72.8347,14.0,False,NORMAL
AWS-003,2026-08-12T21:45:00Z,19.54,834.51,67.32,32.219,76.3234,1457.0,False,NORMAL
AWS-004,2026-08-12T21:45:00Z,30.17,979.43,54.5,26.9124,70.9022,225.0,False,NORMAL
AWS-001,2026-08-12T22:00:00Z,25.87,983.73,73.63,28.6139,77.209,216.0,False,NORMAL
AWS-002,2026-08-12T22:00:00Z,27.83,1009.89,80.86,18.922,72.8347,14.0,False,NORMAL
AWS-003,2026-08-12T22:00:00Z,19.15,834.5,69.21,32.219,76.3234,1457.0,False,NORMAL
AWS-004,2026-08-12T22:00:00Z,29.98,979.5,56.27,26.9124,70.9022,225.0,False,NORMAL
AWS-001,2026-08-12T22:15:00Z,24.76,983.28,74.78,28.6139,77.209,216.0,False,NORMAL
AWS-002,2026-08-12T22:15:00Z,26.6,1010.0,82.43,18.922,72.8347,14.0,False,NORMAL
AWS-003,2026-08-12T22:15:00Z,19.67,834.83,70.97,32.219,76.3234,1457.0,False,NORMAL
AWS-004,2026-08-12T22:15:00Z,29.49,979.22,56.65,26.9124,70.9022,225.0,False,NORMAL
AWS-001,2026-08-12T22:30:00Z,25.02,983.68,75.54,28.6139,77.209,216.0,False,NORMAL
AWS-002,2026-08-12T22:30:00Z,26.26,1010.43,83.8,18.922,72.8347,14.0,False,NORMAL
AWS-003,2026-08-12T22:30:00Z,18.76,834.58,70.98,32.219,76.3234,1457.0,False,NORMAL
AWS-004,2026-08-12T22:30:00Z,29.35,979.38,58.42,26.9124,70.9022,225.0,False,NORMAL
AWS-001,2026-08-12T22:45:00Z,24.73,983.51,77.32,28.6139,77.209,216.0,False,NORMAL
AWS-002,2026-08-12T22:45:00Z,26.77,1010.23,84.31,18.922,72.8347,14.0,False,NORMAL
AWS-003,2026-08-12T22:45:00Z,18.98,834.31,72.66,32.219,76.3234,1457.0,False,NORMAL
AWS-004,2026-08-12T22:45:00Z,29.51,979.54,58.7,26.9124,70.9022,225.0,False,NORMAL
AWS-001,2026-08-12T23:00:00Z,24.47,983.28,77.21,28.6139,77.209,216.0,False,NORMAL
AWS-002,2026-08-12T23:00:00Z,26.15,1009.66,85.7,18.922,72.8347,14.0,False,NORMAL
AWS-003,2026-08-12T23:00:00Z,17.21,834.31,72.96,32.219,76.3234,1457.0,False,NORMAL
AWS-004,2026-08-12T23:00:00Z,28.92,979.49,60.61,26.9124,70.9022,225.0,False,NORMAL
AWS-001,2026-08-12T23:15:00Z,24.52,983.32,78.79,28.6139,77.209,216.0,False,NORMAL
AWS-002,2026-08-12T23:15:00Z,25.59,1009.63,86.73,18.922,72.8347,14.0,False,NORMAL
AWS-003,2026-08-12T23:15:00Z,17.17,834.33,73.84,32.219,76.3234,1457.0,False,NORMAL
AWS-004,2026-08-12T23:15:00Z,29.24,979.33,60.58,26.9124,70.9022,225.0,False,NORMAL
AWS-001,2026-08-12T23:30:00Z,23.79,983.42,79.81,28.6139,77.209,216.0,False,NORMAL
AWS-002,2026-08-12T23:30:00Z,25.4,1009.64,87.37,18.922,72.8347,14.0,False,NORMAL
AWS-003,2026-08-12T23:30:00Z,17.77,834.52,74.43,32.219,76.3234,1457.0,False,NORMAL
AWS-004,2026-08-12T23:30:00Z,28.4,979.05,61.93,26.9124,70.9022,225.0,False,NORMAL
AWS-001,2026-08-12T23:45:00Z,24.5,983.3,80.6,28.6139,77.209,216.0,False,NORMAL
AWS-002,2026-08-12T23:45:00Z,25.74,1009.69,89.3,18.922,72.8347,14.0,False,NORMAL
AWS-003,2026-08-12T23:45:00Z,18.34,834.43,74.97,32.219,76.3234,1457.0,False,NORMAL
AWS-004,2026-08-12T23:45:00Z,27.81,979.17,60.38,26.9124,70.9022,225.0,False,NORMAL
AWS-001,2026-08-13T00:00:00Z,24.0,983.02,79.97,28.6139,77.209,216.0,False,NORMAL
AWS-002,2026-08-13T00:00:00Z,24.67,1009.66,89.15,18.922,72.8347,14.0,False,NORMAL
AWS-003,2026-08-13T00:00:00Z,17.03,833.93,76.21,32.219,76.3234,1457.0,False,NORMAL
AWS-004,2026-08-13T00:00:00Z,27.19,979.08,62.9,26.9124,70.9022,225.0,False,NORMAL
AWS-001,2026-08-13T00:15:00Z,23.8,982.99,81.44,28.6139,77.209,216.0,False,NORMAL
AWS-002,2026-08-13T00:15:00Z,24.96,1009.36,88.72,18.922,72.8347,14.0,False,NORMAL
AWS-003,2026-08-13T00:15:00Z,17.36,834.2,76.94,32.219,76.3234,1457.0,False,NORMAL
AWS-004,2026-08-13T00:15:00Z,27.59,978.87,63.06,26.9124,70.9022,225.0,False,NORMAL
AWS-001,2026-08-13T00:30:00Z,22.83,982.82,82.52,28.6139,77.209,216.0,False,NORMAL
AWS-002,2026-08-13T00:30:00Z,24.06,1009.27,91.05,18.922,72.8347,14.0,False,NORMAL
AWS-003,2026-08-13T00:30:00Z,16.52,833.99,77.79,32.219,76.3234,1457.0,False,NORMAL
AWS-004,2026-08-13T00:30:00Z,26.87,978.52,63.46,26.9124,70.9022,225.0,False,NORMAL
AWS-001,2026-08-13T00:45:00Z,23.3,982.43,81.61,28.6139,77.209,216.0,False,NORMAL
AWS-002,2026-08-13T00:45:00Z,24.02,1008.89,91.39,18.922,72.8347,14.0,False,NORMAL
AWS-003,2026-08-13T00:45:00Z,16.4,833.65,76.65,32.219,76.3234,1457.0,False,NORMAL
AWS-004,2026-08-13T00:45:00Z,27.42,978.64,64.12,26.9124,70.9022,225.0,False,NORMAL
AWS-001,2026-08-13T01:00:00Z,23.2,982.36,83.51,28.6139,77.209,216.0,False,NORMAL
AWS-002,2026-08-13T01:00:00Z,23.72,1008.64,91.05,18.922,72.8347,14.0,False,NORMAL
AWS-003,2026-08-13T01:00:00Z,16.09,833.7,77.77,32.219,76.3234,1457.0,False,NORMAL
AWS-004,2026-08-13T01:00:00Z,26.54,978.12,64.96,26.9124,70.9022,225.0,False,NORMAL
AWS-001,2026-08-13T01:15:00Z,22.74,982.62,83.63,28.6139,77.209,216.0,False,NORMAL
AWS-002,2026-08-13T01:15:00Z,24.49,1008.64,91.1,18.922,72.8347,14.0,False,NORMAL
AWS-003,2026-08-13T01:15:00Z,16.9,833.74,79.65,32.219,76.3234,1457.0,False,NORMAL
AWS-004,2026-08-13T01:15:00Z,26.62,978.16,64.76,26.9124,70.9022,225.0,False,NORMAL
AWS-001,2026-08-13T01:30:00Z,23.3,982.06,84.19,28.6139,77.209,216.0,False,NORMAL
AWS-002,2026-08-13T01:30:00Z,24.61,1008.69,91.25,18.922,72.8347,14.0,False,NORMAL
AWS-003,2026-08-13T01:30:00Z,16.36,833.53,78.57,32.219,76.3234,1457.0,False,NORMAL
AWS-004,2026-08-13T01:30:00Z,26.5,978.38,65.34,26.9124,70.9022,225.0,False,NORMAL
AWS-001,2026-08-13T01:45:00Z,23.14,981.96,83.22,28.6139,77.209,216.0,False,NORMAL
AWS-002,2026-08-13T01:45:00Z,24.17,1008.5,91.25,18.922,72.8347,14.0,False,NORMAL
AWS-003,2026-08-13T01:45:00Z,16.0,833.54,78.55,32.219,76.3234,1457.0,False,NORMAL
AWS-004,2026-08-13T01:45:00Z,27.84,978.04,64.65,26.9124,70.9022,225.0,False,NORMAL
AWS-001,2026-08-13T02:00:00Z,22.87,981.85,83.65,28.6139,77.209,216.0,False,NORMAL
AWS-002,2026-08-13T02:00:00Z,24.32,1008.07,91.71,18.922,72.8347,14.0,False,NORMAL
AWS-003,2026-08-13T02:00:00Z,17.21,833.08,77.92,32.219,76.3234,1457.0,False,NORMAL
AWS-004,2026-08-13T02:00:00Z,27.05,977.83,64.81,26.9124,70.9022,225.0,False,NORMAL
AWS-001,2026-08-13T02:15:00Z,22.86,981.83,83.12,28.6139,77.209,216.0,False,NORMAL
AWS-002,2026-08-13T02:15:00Z,24.93,1008.06,92.02,18.922,72.8347,14.0,False,NORMAL
AWS-003,2026-08-13T02:15:00Z,16.48,832.85,78.66,32.219,76.3234,1457.0,False,NORMAL
AWS-004,2026-08-13T02:15:00Z,27.22,977.71,65.05,26.9124,70.9022,225.0,False,NORMAL
AWS-001,2026-08-13T02:30:00Z,23.38,981.84,82.91,28.6139,77.209,216.0,False,NORMAL
AWS-002,2026-08-13T02:30:00Z,23.8,1008.03,91.06,18.922,72.8347,14.0,False,NORMAL
AWS-003,2026-08-13T02:30:00Z,16.39,832.85,78.51,32.219,76.3234,1457.0,False,NORMAL
AWS-004,2026-08-13T02:30:00Z,26.37,977.69,66.09,26.9124,70.9022,225.0,False,NORMAL
AWS-001,2026-08-13T02:45:00Z,22.72,981.71,83.45,28.6139,77.209,216.0,False,NORMAL
AWS-002,2026-08-13T02:45:00Z,24.58,1007.96,91.71,18.922,72.8347,14.0,False,NORMAL
AWS-003,2026-08-13T02:45:00Z,15.67,832.87,78.35,32.219,76.3234,1457.0,False,NORMAL
AWS-004,2026-08-13T02:45:00Z,26.7,977.85,64.85,26.9124,70.9022,225.0,False,NORMAL
AWS-001,2026-08-13T03:00:00Z,23.06,981.31,83.04,28.6139,77.209,216.0,False,NORMAL
AWS-002,2026-08-13T03:00:00Z,24.08,1007.86,90.91,18.922,72.8347,14.0,False,NORMAL
AWS-003,2026-08-13T03:00:00Z,16.57,832.78,77.9,32.219,76.3234,1457.0,False,NORMAL
AWS-004,2026-08-13T03:00:00Z,26.32,977.52,65.24,26.9124,70.9022,225.0,False,NORMAL
AWS-001,2026-08-13T03:15:00Z,22.56,981.03,82.82,28.6139,77.209,216.0,False,NORMAL
AWS-002,2026-08-13T03:15:00Z,24.82,1007.47,89.53,18.922,72.8347,14.0,False,NORMAL
AWS-003,2026-08-13T03:15:00Z,17.27,832.53,79.1,32.219,76.3234,1457.0,False,NORMAL
AWS-004,2026-08-13T03:15:00Z,26.79,977.44,65.05,26.9124,70.9022,225.0,False,NORMAL
AWS-001,2026-08-13T03:30:00Z,23.22,981.07,81.33,28.6139,77.209,216.0,False,NORMAL
AWS-002,2026-08-13T03:30:00Z,24.27,1007.72,89.41,18.922,72.8347,14.0,False,NORMAL
AWS-003,2026-08-13T03:30:00Z,17.07,832.7,77.83,32.219,76.3234,1457.0,False,NORMAL
AWS-004,2026-08-13T03:30:00Z,27.51,977.33,65.2,26.9124,70.9022,225.0,False,NORMAL
AWS-001,2026-08-13T03:45:00Z,23.28,981.12,82.4,28.6139,77.209,216.0,False,NORMAL
AWS-002,2026-08-13T03:45:00Z,24.55,1007.64,90.47,18.922,72.8347,14.0,False,NORMAL
AWS-003,2026-08-13T03:45:00Z,16.98,832.84,75.23,32.219,76.3234,1457.0,False,NORMAL
AWS-004,2026-08-13T03:45:00Z,27.56,977.1,62.78,26.9124,70.9022,225.0,False,NORMAL
AWS-001,2026-08-13T04:00:00Z,23.56,981.39,81.42,28.6139,77.209,216.0,False,NORMAL
AWS-002,2026-08-13T04:00:00Z,24.91,1007.4,88.06,18.922,72.8347,14.0,False,NORMAL
AWS-003,2026-08-13T04:00:00Z,16.8,832.88,76.57,32.219,76.3234,1457.0,False,NORMAL
AWS-004,2026-08-13T04:00:00Z,27.3,977.57,63.05,26.9124,70.9022,225.0,False,NORMAL
AWS-001,2026-08-13T04:15:00Z,23.76,981.33,79.96,28.6139,77.209,216.0,False,NORMAL
AWS-002,2026-08-13T04:15:00Z,25.31,1007.84,88.95,18.922,72.8347,14.0,False,NORMAL
AWS-003,2026-08-13T04:15:00Z,16.32,832.95,75.24,32.219,76.3234,1457.0,False,NORMAL
AWS-004,2026-08-13T04:15:00Z,27.95,977.24,62.21,26.9124,70.9022,225.0,False,NORMAL
AWS-001,2026-08-13T04:30:00Z,24.39,981.38,78.76,28.6139,77.209,216.0,False,NORMAL
AWS-002,2026-08-13T04:30:00Z,25.1,1007.57,88.11,18.922,72.8347,14.0,False,NORMAL
AWS-003,2026-08-13T04:30:00Z,17.45,832.81,75.67,32.219,76.3234,1457.0,False,NORMAL
AWS-004,2026-08-13T04:30:00Z,28.03,977.31,62.52,26.9124,70.9022,225.0,False,NORMAL
AWS-001,2026-08-13T04:45:00Z,24.2,981.47,79.06,28.6139,77.209,216.0,False,NORMAL
AWS-002,2026-08-13T04:45:00Z,25.88,1007.6,87.18,18.922,72.8347,14.0,False,NORMAL
AWS-003,2026-08-13T04:45:00Z,17.9,832.77,72.95,32.219,76.3234,1457.0,False,NORMAL
AWS-004,2026-08-13T04:45:00Z,28.21,977.43,59.73,26.9124,70.9022,225.0,False,NORMAL
AWS-001,2026-08-13T05:00:00Z,24.34,981.44,77.57,28.6139,77.209,216.0,False,NORMAL
AWS-002,2026-08-13T05:00:00Z,25.46,1007.48,86.55,18.922,72.8347,14.0,False,NORMAL
AWS-003,2026-08-13T05:00:00Z,17.76,832.4,71.72,32.219,76.3234,1457.0,False,NORMAL
AWS-004,2026-08-13T05:00:00Z,28.33,977.39,59.83,26.9124,70.9022,225.0,False,NORMAL
AWS-001,2026-08-13T05:15:00Z,24.97,981.52,76.52,28.6139,77.209,216.0,False,NORMAL
AWS-002,2026-08-13T05:15:00Z,25.53,1007.94,85.92,18.922,72.8347,14.0,False,NORMAL
AWS-003,2026-08-13T05:15:00Z,18.57,832.86,74.14,32.219,76.3234,1457.0,False,NORMAL
AWS-004,2026-08-13T05:15:00Z,28.24,977.2,58.04,26.9124,70.9022,225.0,False,NORMAL
AWS-001,2026-08-13T05:30:00Z,25.16,981.59,76.31,28.6139,77.209,216.0,False,NORMAL
AWS-002,2026-08-13T05:30:00Z,26.72,1007.92,84.0,18.922,72.8347,14.0,False,NORMAL
AWS-003,2026-08-13T05:30:00Z,17.93,832.79,69.06,32.219,76.3234,1457.0,False,NORMAL
AWS-004,2026-08-13T05:30:00Z,29.45,977.57,58.11,26.9124,70.9022,225.0,False,NORMAL
AWS-001,2026-08-13T05:45:00Z,25.83,981.65,73.91,28.6139,77.209,216.0,False,NORMAL
AWS-002,2026-08-13T05:45:00Z,27.19,1008.13,82.4,18.922,72.8347,14.0,False,NORMAL
AWS-003,2026-08-13T05:45:00Z,19.37,832.91,69.06,32.219,76.3234,1457.0,False,NORMAL
AWS-004,2026-08-13T05:45:00Z,29.92,977.98,57.6,26.9124,70.9022,225.0,False,NORMAL
AWS-001,2026-08-13T06:00:00Z,25.96,981.88,73.57,28.6139,77.209,216.0,False,NORMAL
AWS-002,2026-08-13T06:00:00Z,27.0,1008.0,81.57,18.922,72.8347,14.0,False,NORMAL
AWS-003,2026-08-13T06:00:00Z,19.33,833.29,68.26,32.219,76.3234,1457.0,False,NORMAL
AWS-004,2026-08-13T06:00:00Z,30.17,977.53,55.48,26.9124,70.9022,225.0,False,NORMAL
AWS-001,2026-08-13T06:15:00Z,26.86,981.91,72.75,28.6139,77.209,216.0,False,NORMAL
AWS-002,2026-08-13T06:15:00Z,27.16,1008.24,80.51,18.922,72.8347,14.0,False,NORMAL
AWS-003,2026-08-13T06:15:00Z,18.94,833.14,67.98,32.219,76.3234,1457.0,False,NORMAL
AWS-004,2026-08-13T06:15:00Z,30.53,977.88,54.72,26.9124,70.9022,225.0,False,NORMAL
AWS-001,2026-08-13T06:30:00Z,26.15,982.27,70.79,28.6139,77.209,216.0,False,NORMAL
AWS-002,2026-08-13T06:30:00Z,27.82,1008.26,79.47,18.922,72.8347,14.0,False,NORMAL
AWS-003,2026-08-13T06:30:00Z,20.12,833.65,66.15,32.219,76.3234,1457.0,False,NORMAL
AWS-004,2026-08-13T06:30:00Z,30.94,978.18,53.1,26.9124,70.9022,225.0,False,NORMAL
AWS-001,2026-08-13T06:45:00Z,26.74,982.29,69.47,28.6139,77.209,216.0,False,NORMAL
AWS-002,2026-08-13T06:45:00Z,27.59,1008.5,79.04,18.922,72.8347,14.0,False,NORMAL
AWS-003,2026-08-13T06:45:00Z,20.5,833.47,64.98,32.219,76.3234,1457.0,False,NORMAL
AWS-004,2026-08-13T06:45:00Z,31.29,978.06,52.53,26.9124,70.9022,225.0,False,NORMAL
AWS-001,2026-08-13T07:00:00Z,27.31,982.35,69.72,28.6139,77.209,216.0,False,NORMAL
AWS-002,2026-08-13T07:00:00Z,28.09,1008.93,76.29,18.922,72.8347,14.0,False,NORMAL
AWS-003,2026-08-13T07:00:00Z,19.81,833.7,63.06,32.219,76.3234,1457.0,False,NORMAL
AWS-004,2026-08-13T07:00:00Z,30.88,978.23,51.66,26.9124,70.9022,225.0,False,NORMAL
AWS-001,2026-08-13T07:15:00Z,27.3,982.58,67.93,28.6139,77.209,216.0,False,NORMAL
AWS-002,2026-08-13T07:15:00Z,29.01,1008.79,75.79,18.922,72.8347,14.0,False,NORMAL
AWS-003,2026-08-13T07:15:00Z,20.89,833.7,63.87,32.219,76.3234,1457.0,False,NORMAL
AWS-004,2026-08-13T07:15:00Z,31.11,978.31,49.78,26.9124,70.9022,225.0,False,NORMAL
AWS-001,2026-08-13T07:30:00Z,27.88,982.77,66.42,28.6139,77.209,216.0,False,NORMAL
AWS-002,2026-08-13T07:30:00Z,29.63,1009.01,73.48,18.922,72.8347,14.0,False,NORMAL
AWS-003,2026-08-13T07:30:00Z,21.41,834.04,61.46,32.219,76.3234,1457.0,False,NORMAL
AWS-004,2026-08-13T07:30:00Z,31.71,978.7,47.88,26.9124,70.9022,225.0,False,NORMAL
AWS-001,2026-08-13T07:45:00Z,28.59,982.86,65.1,28.6139,77.209,216.0,False,NORMAL
AWS-002,2026-08-13T07:45:00Z,30.38,1009.52,74.02,18.922,72.8347,14.0,False,NORMAL
AWS-003,2026-08-13T07:45:00Z,21.43,833.89,60.72,32.219,76.3234,1457.0,False,NORMAL
AWS-004,2026-08-13T07:45:00Z,32.21,978.9,46.74,26.9124,70.9022,225.0,False,NORMAL
AWS-001,2026-08-13T08:00:00Z,28.97,982.97,63.78,28.6139,77.209,216.0,False,NORMAL
AWS-002,2026-08-13T08:00:00Z,30.24,1009.63,72.42,18.922,72.8347,14.0,False,NORMAL
AWS-003,2026-08-13T08:00:00Z,23.43,834.32,57.72,32.219,76.3234,1457.0,False,NORMAL
AWS-004,2026-08-13T08:00:00Z,33.07,979.16,45.38,26.9124,70.9022,225.0,False,NORMAL
AWS-001,2026-08-13T08:15:00Z,29.42,983.19,62.53,28.6139,77.209,216.0,False,NORMAL
AWS-002,2026-08-13T08:15:00Z,30.38,1009.35,71.42,18.922,72.8347,14.0,False,NORMAL
AWS-003,2026-08-13T08:15:00Z,21.61,833.92,57.53,32.219,76.3234,1457.0,False,NORMAL
AWS-004,2026-08-13T08:15:00Z,32.97,979.26,44.21,26.9124,70.9022,225.0,False,NORMAL
AWS-001,2026-08-13T08:30:00Z,29.92,983.28,61.23,28.6139,77.209,216.0,False,NORMAL
AWS-002,2026-08-13T08:30:00Z,30.61,1009.49,68.58,18.922,72.8347,14.0,False,NORMAL
AWS-003,2026-08-13T08:30:00Z,23.31,834.2,56.38,32.219,76.3234,1457.0,False,NORMAL
AWS-004,2026-08-13T08:30:00Z,34.22,979.27,42.29,26.9124,70.9022,225.0,False,NORMAL
AWS-001,2026-08-13T08:45:00Z,30.18,983.12,59.29,28.6139,77.209,216.0,False,NORMAL
AWS-002,2026-08-13T08:45:00Z,31.39,1009.97,67.9,18.922,72.8347,14.0,False,NORMAL
AWS-003,2026-08-13T08:45:00Z,22.72,834.56,54.71,32.219,76.3234,1457.0,False,NORMAL
AWS-004,2026-08-13T08:45:00Z,34.25,979.39,42.58,26.9124,70.9022,225.0,False,NORMAL
AWS-001,2026-08-13T09:00:00Z,30.0,983.29,58.31,28.6139,77.209,216.0,False,NORMAL
AWS-002,2026-08-13T09:00:00Z,31.68,1009.6,67.01,18.922,72.8347,14.0,False,NORMAL
AWS-003,2026-08-13T09:00:00Z,23.24,834.68,53.93,32.219,76.3234,1457.0,False,NORMAL
AWS-004,2026-08-13T09:00:00Z,35.05,979.23,40.85,26.9124,70.9022,225.0,False,NORMAL
AWS-001,2026-08-13T09:15:00Z,30.36,983.47,56.69,28.6139,77.209,216.0,False,NORMAL
AWS-002,2026-08-13T09:15:00Z,32.14,1009.93,65.07,18.922,72.8347,14.0,False,NORMAL
AWS-003,2026-08-13T09:15:00Z,24.23,834.71,52.54,32.219,76.3234,1457.0,False,NORMAL
AWS-004,2026-08-13T09:15:00Z,34.78,979.5,39.34,26.9124,70.9022,225.0,False,NORMAL
AWS-001,2026-08-13T09:30:00Z,31.13,983.46,55.95,28.6139,77.209,216.0,False,NORMAL
AWS-002,2026-08-13T09:30:00Z,32.12,1010.07,64.2,18.922,72.8347,14.0,False,NORMAL
AWS-003,2026-08-13T09:30:00Z,24.65,834.77,51.41,32.219,76.3234,1457.0,False,NORMAL
AWS-004,2026-08-13T09:30:00Z,35.43,979.32,37.91,26.9124,70.9022,225.0,False,NORMAL
AWS-001,2026-08-13T09:45:00Z,32.05,983.41,54.3,28.6139,77.209,216.0,False,NORMAL
AWS-002,2026-08-13T09:45:00Z,32.91,1010.02,62.63,18.922,72.8347,14.0,False,NORMAL
AWS-003,2026-08-13T09:45:00Z,24.48,834.94,50.06,32.219,76.3234,1457.0,False,NORMAL
AWS-004,2026-08-13T09:45:00Z,35.05,979.47,38.26,26.9124,70.9022,225.0,False,NORMAL
AWS-001,2026-08-13T10:00:00Z,31.55,983.44,53.6,28.6139,77.209,216.0,False,NORMAL
AWS-002,2026-08-13T10:00:00Z,33.55,1010.15,61.36,18.922,72.8347,14.0,False,NORMAL
AWS-003,2026-08-13T10:00:00Z,25.64,834.69,50.21,32.219,76.3234,1457.0,False,NORMAL
AWS-004,2026-08-13T10:00:00Z,36.29,979.79,35.94,26.9124,70.9022,225.0,False,NORMAL
AWS-001,2026-08-13T10:15:00Z,31.94,983.66,52.64,28.6139,77.209,216.0,False,NORMAL
AWS-002,2026-08-13T10:15:00Z,32.9,1010.11,61.35,18.922,72.8347,14.0,False,NORMAL
AWS-003,2026-08-13T10:15:00Z,24.96,834.9,47.52,32.219,76.3234,1457.0,False,NORMAL
AWS-004,2026-08-13T10:15:00Z,35.83,979.7,34.76,26.9124,70.9022,225.0,False,NORMAL
AWS-001,2026-08-13T10:30:00Z,31.76,983.44,51.81,28.6139,77.209,216.0,False,NORMAL
AWS-002,2026-08-13T10:30:00Z,34.28,1010.05,59.36,18.922,72.8347,14.0,False,NORMAL
AWS-003,2026-08-13T10:30:00Z,25.87,834.28,45.53,32.219,76.3234,1457.0,False,NORMAL
AWS-004,2026-08-13T10:30:00Z,36.62,979.78,34.43,26.9124,70.9022,225.0,False,NORMAL
AWS-001,2026-08-13T10:45:00Z,32.96,983.62,51.27,28.6139,77.209,216.0,False,NORMAL
AWS-002,2026-08-13T10:45:00Z,33.53,1009.79,57.92,18.922,72.8347,14.0,False,NORMAL
AWS-003,2026-08-13T10:45:00Z,25.43,834.56,45.71,32.219,76.3234,1457.0,False,NORMAL
AWS-004,2026-08-13T10:45:00Z,36.97,979.74,32.51,26.9124,70.9022,225.0,False,NORMAL
AWS-001,2026-08-13T11:00:00Z,33.07,983.45,49.93,28.6139,77.209,216.0,False,NORMAL
AWS-002,2026-08-13T11:00:00Z,34.69,1009.9,58.23,18.922,72.8347,14.0,False,NORMAL
AWS-003,2026-08-13T11:00:00Z,26.14,834.49,44.81,32.219,76.3234,1457.0,False,NORMAL
AWS-004,2026-08-13T11:00:00Z,36.79,979.2,31.08,26.9124,70.9022,225.0,False,NORMAL
AWS-001,2026-08-13T11:15:00Z,33.21,983.52,48.64,28.6139,77.209,216.0,False,NORMAL
AWS-002,2026-08-13T11:15:00Z,34.33,1009.77,57.35,18.922,72.8347,14.0,False,NORMAL
AWS-003,2026-08-13T11:15:00Z,26.99,834.33,45.59,32.219,76.3234,1457.0,False,NORMAL
AWS-004,2026-08-13T11:15:00Z,37.41,979.42,30.95,26.9124,70.9022,225.0,False,NORMAL
AWS-001,2026-08-13T11:30:00Z,33.68,983.61,48.62,28.6139,77.209,216.0,False,NORMAL
AWS-002,2026-08-13T11:30:00Z,34.84,1009.61,56.44,18.922,72.8347,14.0,False,NORMAL
AWS-003,2026-08-13T11:30:00Z,26.77,834.53,42.8,32.219,76.3234,1457.0,False,NORMAL
AWS-004,2026-08-13T11:30:00Z,37.46,979.43,30.73,26.9124,70.9022,225.0,False,NORMAL
AWS-001,2026-08-13T11:45:00Z,34.01,983.32,47.75,28.6139,77.209,216.0,False,NORMAL
AWS-002,2026-08-13T11:45:00Z,35.1,1009.48,55.09,18.922,72.8347,14.0,False,NORMAL
AWS-003,2026-08-13T11:45:00Z,27.45,834.33,42.17,32.219,76.3234,1457.0,False,NORMAL
AWS-004,2026-08-13T11:45:00Z,37.71,979.09,29.08,26.9124,70.9022,225.0,False,NORMAL
AWS-001,2026-08-13T12:00:00Z,34.12,982.91,46.23,28.6139,77.209,216.0,False,NORMAL
AWS-002,2026-08-13T12:00:00Z,35.33,1009.36,55.04,18.922,72.8347,14.0,False,NORMAL
AWS-003,2026-08-13T12:00:00Z,28.77,834.27,40.11,32.219,76.3234,1457.0,False,NORMAL
AWS-004,2026-08-13T12:00:00Z,37.73,978.74,27.69,26.9124,70.9022,225.0,False,NORMAL
AWS-001,2026-08-13T12:15:00Z,33.84,982.77,46.88,28.6139,77.209,216.0,False,NORMAL
AWS-002,2026-08-13T12:15:00Z,35.89,1009.25,53.78,18.922,72.8347,14.0,False,NORMAL
AWS-003,2026-08-13T12:15:00Z,27.77,833.86,40.37,32.219,76.3234,1457.0,False,NORMAL
AWS-004,2026-08-13T12:15:00Z,38.25,978.83,28.01,26.9124,70.9022,225.0,False,NORMAL
AWS-001,2026-08-13T12:30:00Z,34.43,982.76,45.26,28.6139,77.209,216.0,False,NORMAL
AWS-002,2026-08-13T12:30:00Z,35.4,1009.06,53.69,18.922,72.8347,14.0,False,NORMAL
AWS-003,2026-08-13T12:30:00Z,28.67,834.1,39.56,32.219,76.3234,1457.0,False,NORMAL
AWS-004,2026-08-13T12:30:00Z,38.33,978.69,27.42,26.9124,70.9022,225.0,False,NORMAL
AWS-001,2026-08-13T12:45:00Z,34.38,982.56,44.97,28.6139,77.209,216.0,False,NORMAL
AWS-002,2026-08-13T12:45:00Z,35.81,1009.1,52.47,18.922,72.8347,14.0,False,NORMAL
AWS-003,2026-08-13T12:45:00Z,28.48,834.13,39.87,32.219,76.3234,1457.0,False,NORMAL
AWS-004,2026-08-13T12:45:00Z,38.48,978.45,27.05,26.9124,70.9022,225.0,False,NORMAL
AWS-001,2026-08-13T13:00:00Z,33.52,982.44,44.13,28.6139,77.209,216.0,False,NORMAL
AWS-002,2026-08-13T13:00:00Z,35.98,1008.7,52.18,18.922,72.8347,14.0,False,NORMAL
AWS-003,2026-08-13T13:00:00Z,27.45,833.64,39.32,32.219,76.3234,1457.0,False,NORMAL
AWS-004,2026-08-13T13:00:00Z,38.35,978.73,26.54,26.9124,70.9022,225.0,False,NORMAL
AWS-001,2026-08-13T13:15:00Z,34.28,982.32,44.28,28.6139,77.209,216.0,False,NORMAL
AWS-002,2026-08-13T13:15:00Z,36.24,1008.63,51.96,18.922,72.8347,14.0,False,NORMAL
AWS-003,2026-08-13T13:15:00Z,26.86,833.63,38.87,32.219,76.3234,1457.0,False,NORMAL
AWS-004,2026-08-13T13:15:00Z,38.85,977.95,26.74,26.9124,70.9022,225.0,False,NORMAL
AWS-001,2026-08-13T13:30:00Z,34.82,982.0,45.04,28.6139,77.209,216.0,False,NORMAL
AWS-002,2026-08-13T13:30:00Z,36.53,1008.65,51.93,18.922,72.8347,14.0,False,NORMAL
AWS-003,2026-08-13T13:30:00Z,28.54,833.58,38.43,32.219,76.3234,1457.0,False,NORMAL
AWS-004,2026-08-13T13:30:00Z,39.06,978.03,25.14,26.9124,70.9022,225.0,False,NORMAL
AWS-001,2026-08-13T13:45:00Z,34.58,981.89,44.49,28.6139,77.209,216.0,False,NORMAL
AWS-002,2026-08-13T13:45:00Z,36.15,1008.37,51.1,18.922,72.8347,14.0,False,NORMAL
AWS-003,2026-08-13T13:45:00Z,27.32,832.99,37.97,32.219,76.3234,1457.0,False,NORMAL
AWS-004,2026-08-13T13:45:00Z,38.4,977.87,26.12,26.9124,70.9022,225.0,False,NORMAL
AWS-001,2026-08-13T14:00:00Z,34.86,981.75,43.26,28.6139,77.209,216.0,False,NORMAL
AWS-002,2026-08-13T14:00:00Z,35.49,1008.13,52.43,18.922,72.8347,14.0,False,NORMAL
AWS-003,2026-08-13T14:00:00Z,27.73,832.89,39.53,32.219,76.3234,1457.0,False,NORMAL
AWS-004,2026-08-13T14:00:00Z,40.11,977.75,25.25,26.9124,70.9022,225.0,False,NORMAL
AWS-001,2026-08-13T14:15:00Z,34.18,981.82,44.0,28.6139,77.209,216.0,False,NORMAL
AWS-002,2026-08-13T14:15:00Z,35.96,1008.38,51.94,18.922,72.8347,14.0,False,NORMAL
AWS-003,2026-08-13T14:15:00Z,27.65,832.96,38.36,32.219,76.3234,1457.0,False,NORMAL
AWS-004,2026-08-13T14:15:00Z,38.71,977.93,26.08,26.9124,70.9022,225.0,False,NORMAL
AWS-001,2026-08-13T14:30:00Z,34.75,981.45,44.2,28.6139,77.209,216.0,False,NORMAL
AWS-002,2026-08-13T14:30:00Z,35.4,1007.97,51.98,18.922,72.8347,14.0,False,NORMAL
AWS-003,2026-08-13T14:30:00Z,28.6,832.9,39.53,32.219,76.3234,1457.0,False,NORMAL
AWS-004,2026-08-13T14:30:00Z,38.42,977.43,26.58,26.9124,70.9022,225.0,False,NORMAL
AWS-001,2026-08-13T14:45:00Z,35.0,981.67,43.74,28.6139,77.209,216.0,False,NORMAL
AWS-002,2026-08-13T14:45:00Z,36.52,1007.96,51.76,18.922,72.8347,14.0,False,NORMAL
AWS-003,2026-08-13T14:45:00Z,29.48,832.79,38.74,32.219,76.3234,1457.0,False,NORMAL
AWS-004,2026-08-13T14:45:00Z,38.91,977.54,26.34,26.9124,70.9022,225.0,False,NORMAL
AWS-001,2026-08-13T15:00:00Z,34.27,981.57,44.72,28.6139,77.209,216.0,False,NORMAL
AWS-002,2026-08-13T15:00:00Z,36.13,1007.73,53.25,18.922,72.8347,14.0,False,NORMAL
AWS-003,2026-08-13T15:00:00Z,28.08,832.73,39.55,32.219,76.3234,1457.0,False,NORMAL
AWS-004,2026-08-13T15:00:00Z,39.01,977.21,26.23,26.9124,70.9022,225.0,False,NORMAL
AWS-001,2026-08-13T15:15:00Z,34.29,981.4,45.45,28.6139,77.209,216.0,False,NORMAL
AWS-002,2026-08-13T15:15:00Z,36.18,1007.96,52.48,18.922,72.8347,14.0,False,NORMAL
AWS-003,2026-08-13T15:15:00Z,28.54,832.52,39.83,32.219,76.3234,1457.0,False,NORMAL
AWS-004,2026-08-13T15:15:00Z,38.99,977.32,27.54,26.9124,70.9022,225.0,False,NORMAL
AWS-001,2026-08-13T15:30:00Z,34.15,981.29,45.4,28.6139,77.209,216.0,False,NORMAL
AWS-002,2026-08-13T15:30:00Z,35.58,1007.63,52.39,18.922,72.8347,14.0,False,NORMAL
AWS-003,2026-08-13T15:30:00Z,27.86,832.46,39.11,32.219,76.3234,1457.0,False,NORMAL
AWS-004,2026-08-13T15:30:00Z,38.54,977.46,28.16,26.9124,70.9022,225.0,False,NORMAL
AWS-001,2026-08-13T15:45:00Z,33.66,981.24,45.33,28.6139,77.209,216.0,False,NORMAL
AWS-002,2026-08-13T15:45:00Z,35.96,1007.34,53.6,18.922,72.8347,14.0,False,NORMAL
AWS-003,2026-08-13T15:45:00Z,27.15,832.66,39.87,32.219,76.3234,1457.0,False,NORMAL
AWS-004,2026-08-13T15:45:00Z,37.51,977.23,27.8,26.9124,70.9022,225.0,False,NORMAL
AWS-001,2026-08-13T16:00:00Z,34.45,981.22,46.72,28.6139,77.209,216.0,False,NORMAL
AWS-002,2026-08-13T16:00:00Z,34.49,1007.88,55.03,18.922,72.8347,14.0,False,NORMAL
AWS-003,2026-08-13T16:00:00Z,27.4,832.52,42.41,32.219,76.3234,1457.0,False,NORMAL
AWS-004,2026-08-13T16:00:00Z,37.36,977.33,27.92,26.9124,70.9022,225.0,False,NORMAL
AWS-001,2026-08-13T16:15:00Z,33.57,981.2,47.17,28.6139,77.209,216.0,False,NORMAL
AWS-002,2026-08-13T16:15:00Z,34.95,1007.63,55.59,18.922,72.8347,14.0,False,NORMAL
AWS-003,2026-08-13T16:15:00Z,27.09,832.34,44.36,32.219,76.3234,1457.0,False,NORMAL
AWS-004,2026-08-13T16:15:00Z,38.1,977.46,29.43,26.9124,70.9022,225.0,False,NORMAL
AWS-001,2026-08-13T16:30:00Z,33.95,981.1,48.37,28.6139,77.209,216.0,False,NORMAL
AWS-002,2026-08-13T16:30:00Z,34.77,1007.61,56.3,18.922,72.8347,14.0,False,NORMAL
AWS-003,2026-08-13T16:30:00Z,26.67,833.04,42.7,32.219,76.3234,1457.0,False,NORMAL
AWS-004,2026-08-13T16:30:00Z,37.66,977.39,29.89,26.9124,70.9022,225.0,False,NORMAL
AWS-001,2026-08-13T16:45:00Z,33.31,981.29,49.21,28.6139,77.209,216.0,False,NORMAL
AWS-002,2026-08-13T16:45:00Z,34.66,1007.53,57.06,18.922,72.8347,14.0,False,NORMAL
AWS-003,2026-08-13T16:45:00Z,25.8,832.63,43.28,32.219,76.3234,1457.0,False,NORMAL
AWS-004,2026-08-13T16:45:00Z,37.51,977.49,31.71,26.9124,70.9022,225.0,False,NORMAL
AWS-001,2026-08-13T17:00:00Z,32.88,981.58,50.46,28.6139,77.209,216.0,False,NORMAL
AWS-002,2026-08-13T17:00:00Z,33.57,1007.86,57.88,18.922,72.8347,14.0,False,NORMAL
AWS-003,2026-08-13T17:00:00Z,26.8,832.62,45.12,32.219,76.3234,1457.0,False,NORMAL
AWS-004,2026-08-13T17:00:00Z,36.87,977.15,31.21,26.9124,70.9022,225.0,False,NORMAL
AWS-001,2026-08-13T17:15:00Z,32.76,981.68,50.43,28.6139,77.209,216.0,False,NORMAL
AWS-002,2026-08-13T17:15:00Z,33.88,1007.49,59.43,18.922,72.8347,14.0,False,NORMAL
AWS-003,2026-08-13T17:15:00Z,26.01,832.44,45.53,32.219,76.3234,1457.0,False,NORMAL
AWS-004,2026-08-13T17:15:00Z,36.86,977.57,32.43,26.9124,70.9022,225.0,False,NORMAL
AWS-001,2026-08-13T17:30:00Z,32.28,981.6,50.75,28.6139,77.209,216.0,False,NORMAL
AWS-002,2026-08-13T17:30:00Z,32.37,1007.98,59.43,18.922,72.8347,14.0,False,NORMAL
AWS-003,2026-08-13T17:30:00Z,26.36,833.08,46.44,32.219,76.3234,1457.0,False,NORMAL
AWS-004,2026-08-13T17:30:00Z,36.4,977.79,33.99,26.9124,70.9022,225.0,False,NORMAL
AWS-001,2026-08-13T17:45:00Z,32.18,981.54,52.29,28.6139,77.209,216.0,False,NORMAL
AWS-002,2026-08-13T17:45:00Z,33.05,1007.88,59.29,18.922,72.8347,14.0,False,NORMAL
AWS-003,2026-08-13T17:45:00Z,24.99,833.13,47.45,32.219,76.3234,1457.0,False,NORMAL
AWS-004,2026-08-13T17:45:00Z,36.07,977.65,34.41,26.9124,70.9022,225.0,False,NORMAL
AWS-001,2026-08-13T18:00:00Z,31.41,981.85,53.31,28.6139,77.209,216.0,False,NORMAL
AWS-002,2026-08-13T18:00:00Z,32.96,1008.17,61.84,18.922,72.8347,14.0,False,NORMAL
AWS-003,2026-08-13T18:00:00Z,24.69,833.05,48.84,32.219,76.3234,1457.0,False,NORMAL
AWS-004,2026-08-13T18:00:00Z,36.13,977.94,36.31,26.9124,70.9022,225.0,False,NORMAL
AWS-001,2026-08-13T18:15:00Z,31.6,982.1,55.4,28.6139,77.209,216.0,False,NORMAL
AWS-002,2026-08-13T18:15:00Z,31.95,1008.57,62.09,18.922,72.8347,14.0,False,NORMAL
AWS-003,2026-08-13T18:15:00Z,23.89,833.73,49.5,32.219,76.3234,1457.0,False,NORMAL
AWS-004,2026-08-13T18:15:00Z,34.98,977.7,37.19,26.9124,70.9022,225.0,False,NORMAL
AWS-001,2026-08-13T18:30:00Z,30.7,981.89,55.99,28.6139,77.209,216.0,False,NORMAL
AWS-002,2026-08-13T18:30:00Z,32.3,1008.71,64.83,18.922,72.8347,14.0,False,NORMAL
AWS-003,2026-08-13T18:30:00Z,24.31,833.25,50.76,32.219,76.3234,1457.0,False,NORMAL
AWS-004,2026-08-13T18:30:00Z,34.73,978.14,37.09,26.9124,70.9022,225.0,False,NORMAL
AWS-001,2026-08-13T18:45:00Z,30.98,982.4,57.61,28.6139,77.209,216.0,False,NORMAL
AWS-002,2026-08-13T18:45:00Z,32.06,1008.93,66.07,18.922,72.8347,14.0,False,NORMAL
AWS-003,2026-08-13T18:45:00Z,24.62,833.48,52.32,32.219,76.3234,1457.0,False,NORMAL
AWS-004,2026-08-13T18:45:00Z,34.51,978.27,39.49,26.9124,70.9022,225.0,False,NORMAL
AWS-001,2026-08-13T19:00:00Z,30.0,982.5,57.92,28.6139,77.209,216.0,False,NORMAL
AWS-002,2026-08-13T19:00:00Z,31.57,1008.83,66.46,18.922,72.8347,14.0,False,NORMAL
AWS-003,2026-08-13T19:00:00Z,24.26,833.59,54.92,32.219,76.3234,1457.0,False,NORMAL
AWS-004,2026-08-13T19:00:00Z,34.05,978.49,40.5,26.9124,70.9022,225.0,False,NORMAL
AWS-001,2026-08-13T19:15:00Z,29.67,982.5,60.22,28.6139,77.209,216.0,False,NORMAL
AWS-002,2026-08-13T19:15:00Z,30.22,1008.85,67.93,18.922,72.8347,14.0,False,NORMAL
AWS-003,2026-08-13T19:15:00Z,24.74,833.65,56.27,32.219,76.3234,1457.0,False,NORMAL
AWS-004,2026-08-13T19:15:00Z,33.86,978.86,40.58,26.9124,70.9022,225.0,False,NORMAL
AWS-001,2026-08-13T19:30:00Z,29.33,982.65,61.18,28.6139,77.209,216.0,False,NORMAL
AWS-002,2026-08-13T19:30:00Z,30.15,1009.22,69.04,18.922,72.8347,14.0,False,NORMAL
AWS-003,2026-08-13T19:30:00Z,23.09,834.44,56.8,32.219,76.3234,1457.0,False,NORMAL
AWS-004,2026-08-13T19:30:00Z,33.77,978.72,43.9,26.9124,70.9022,225.0,False,NORMAL
AWS-001,2026-08-13T19:45:00Z,29.36,982.82,62.64,28.6139,77.209,216.0,False,NORMAL
AWS-002,2026-08-13T19:45:00Z,29.52,1009.0,71.33,18.922,72.8347,14.0,False,NORMAL
AWS-003,2026-08-13T19:45:00Z,22.76,834.15,58.85,32.219,76.3234,1457.0,False,NORMAL
AWS-004,2026-08-13T19:45:00Z,33.05,978.7,44.63,26.9124,70.9022,225.0,False,NORMAL
AWS-001,2026-08-13T20:00:00Z,28.38,982.92,63.96,28.6139,77.209,216.0,False,NORMAL
AWS-002,2026-08-13T20:00:00Z,29.52,1009.46,72.11,18.922,72.8347,14.0,False,NORMAL
AWS-003,2026-08-13T20:00:00Z,22.53,834.18,57.95,32.219,76.3234,1457.0,False,NORMAL
AWS-004,2026-08-13T20:00:00Z,31.82,979.05,46.22,26.9124,70.9022,225.0,False,NORMAL
AWS-001,2026-08-13T20:15:00Z,28.33,983.09,64.67,28.6139,77.209,216.0,False,NORMAL
AWS-002,2026-08-13T20:15:00Z,29.15,1009.79,73.62,18.922,72.8347,14.0,False,NORMAL
AWS-003,2026-08-13T20:15:00Z,21.63,833.92,61.03,32.219,76.3234,1457.0,False,NORMAL
AWS-004,2026-08-13T20:15:00Z,32.64,978.8,46.93,26.9124,70.9022,225.0,False,NORMAL
AWS-001,2026-08-13T20:30:00Z,28.7,983.39,67.14,28.6139,77.209,216.0,False,NORMAL
AWS-002,2026-08-13T20:30:00Z,28.43,1009.69,74.85,18.922,72.8347,14.0,False,NORMAL
AWS-003,2026-08-13T20:30:00Z,20.9,834.2,62.83,32.219,76.3234,1457.0,False,NORMAL
AWS-004,2026-08-13T20:30:00Z,32.03,979.05,49.12,26.9124,70.9022,225.0,False,NORMAL
AWS-001,2026-08-13T20:45:00Z,27.3,983.49,67.17,28.6139,77.209,216.0,False,NORMAL
AWS-002,2026-08-13T20:45:00Z,28.86,1009.71,77.02,18.922,72.8347,14.0,False,NORMAL
AWS-003,2026-08-13T20:45:00Z,20.6,834.04,63.87,32.219,76.3234,1457.0,False,NORMAL
AWS-004,2026-08-13T20:45:00Z,30.78,979.31,51.16,26.9124,70.9022,225.0,False,NORMAL
AWS-001,2026-08-13T21:00:00Z,27.06,983.4,68.62,28.6139,77.209,216.0,False,NORMAL
AWS-002,2026-08-13T21:00:00Z,29.3,1009.77,77.24,18.922,72.8347,14.0,False,NORMAL
AWS-003,2026-08-13T21:00:00Z,20.14,834.75,63.03,32.219,76.3234,1457.0,False,NORMAL
AWS-004,2026-08-13T21:00:00Z,30.34,979.34,52.01,26.9124,70.9022,225.0,False,NORMAL
AWS-001,2026-08-13T21:15:00Z,26.51,983.48,69.98,28.6139,77.209,216.0,False,NORMAL
AWS-002,2026-08-13T21:15:00Z,28.67,1010.03,78.18,18.922,72.8347,14.0,False,NORMAL
AWS-003,2026-08-13T21:15:00Z,19.74,834.06,66.17,32.219,76.3234,1457.0,False,NORMAL
AWS-004,2026-08-13T21:15:00Z,30.3,979.39,52.65,26.9124,70.9022,225.0,False,NORMAL
AWS-001,2026-08-13T21:30:00Z,25.76,983.74,70.85,28.6139,77.209,216.0,False,NORMAL
AWS-002,2026-08-13T21:30:00Z,28.1,1009.83,80.24,18.922,72.8347,14.0,False,NORMAL
AWS-003,2026-08-13T21:30:00Z,20.03,834.56,66.39,32.219,76.3234,1457.0,False,NORMAL
AWS-004,2026-08-13T21:30:00Z,30.58,979.87,53.01,26.9124,70.9022,225.0,False,NORMAL
AWS-001,2026-08-13T21:45:00Z,25.87,983.61,72.75,28.6139,77.209,216.0,False,NORMAL
AWS-002,2026-08-13T21:45:00Z,27.0,1010.01,81.28,18.922,72.8347,14.0,False,NORMAL
AWS-003,2026-08-13T21:45:00Z,19.37,834.53,67.12,32.219,76.3234,1457.0,False,NORMAL
AWS-004,2026-08-13T21:45:00Z,29.59,979.89,55.61,26.9124,70.9022,225.0,False,NORMAL
AWS-001,2026-08-13T22:00:00Z,24.87,983.71,74.65,28.6139,77.209,216.0,False,NORMAL
AWS-002,2026-08-13T22:00:00Z,26.33,1010.13,82.41,18.922,72.8347,14.0,False,NORMAL
AWS-003,2026-08-13T22:00:00Z,19.19,834.63,68.22,32.219,76.3234,1457.0,False,NORMAL
AWS-004,2026-08-13T22:00:00Z,30.21,979.73,55.58,26.9124,70.9022,225.0,False,NORMAL
AWS-001,2026-08-13T22:15:00Z,25.73,983.53,75.08,28.6139,77.209,216.0,False,NORMAL
AWS-002,2026-08-13T22:15:00Z,26.9,1010.19,83.2,18.922,72.8347,14.0,False,NORMAL
AWS-003,2026-08-13T22:15:00Z,18.89,834.45,71.77,32.219,76.3234,1457.0,False,NORMAL
AWS-004,2026-08-13T22:15:00Z,29.23,979.69,57.49,26.9124,70.9022,225.0,False,NORMAL
AWS-001,2026-08-13T22:30:00Z,24.73,983.55,76.13,28.6139,77.209,216.0,False,NORMAL
AWS-002,2026-08-13T22:30:00Z,25.93,1009.78,84.26,18.922,72.8347,14.0,False,NORMAL
AWS-003,2026-08-13T22:30:00Z,18.3,834.45,71.14,32.219,76.3234,1457.0,False,NORMAL
AWS-004,2026-08-13T22:30:00Z,28.51,979.46,57.97,26.9124,70.9022,225.0,False,NORMAL
AWS-001,2026-08-13T22:45:00Z,24.52,983.38,76.81,28.6139,77.209,216.0,False,NORMAL
AWS-002,2026-08-13T22:45:00Z,25.4,1009.78,84.61,18.922,72.8347,14.0,False,NORMAL
AWS-003,2026-08-13T22:45:00Z,17.85,834.39,72.33,32.219,76.3234,1457.0,False,NORMAL
AWS-004,2026-08-13T22:45:00Z,28.21,979.2,59.51,26.9124,70.9022,225.0,False,NORMAL
AWS-001,2026-08-13T23:00:00Z,24.44,983.59,77.84,28.6139,77.209,216.0,False,NORMAL
AWS-002,2026-08-13T23:00:00Z,25.71,1009.91,86.44,18.922,72.8347,14.0,False,NORMAL
AWS-003,2026-08-13T23:00:00Z,18.22,834.73,73.46,32.219,76.3234,1457.0,False,NORMAL
AWS-004,2026-08-13T23:00:00Z,27.98,979.3,61.24,26.9124,70.9022,225.0,False,NORMAL
AWS-001,2026-08-13T23:15:00Z,24.23,983.43,78.81,28.6139,77.209,216.0,False,NORMAL
AWS-002,2026-08-13T23:15:00Z,25.17,1009.73,86.79,18.922,72.8347,14.0,False,NORMAL
AWS-003,2026-08-13T23:15:00Z,17.47,834.13,72.48,32.219,76.3234,1457.0,False,NORMAL
AWS-004,2026-08-13T23:15:00Z,27.89,979.32,60.56,26.9124,70.9022,225.0,False,NORMAL
AWS-001,2026-08-13T23:30:00Z,23.97,983.35,80.16,28.6139,77.209,216.0,False,NORMAL
AWS-002,2026-08-13T23:30:00Z,25.71,1009.68,87.9,18.922,72.8347,14.0,False,NORMAL
AWS-003,2026-08-13T23:30:00Z,17.24,834.32,73.89,32.219,76.3234,1457.0,False,NORMAL
AWS-004,2026-08-13T23:30:00Z,28.29,979.23,62.53,26.9124,70.9022,225.0,False,NORMAL
AWS-001,2026-08-13T23:45:00Z,23.36,983.08,80.68,28.6139,77.209,216.0,False,NORMAL
AWS-002,2026-08-13T23:45:00Z,24.83,1009.69,88.59,18.922,72.8347,14.0,False,NORMAL
AWS-003,2026-08-13T23:45:00Z,17.42,834.58,75.55,32.219,76.3234,1457.0,False,NORMAL
AWS-004,2026-08-13T23:45:00Z,27.9,979.03,62.13,26.9124,70.9022,225.0,False,NORMAL
AWS-001,2026-08-14T00:00:00Z,23.3,982.81,81.85,28.6139,77.209,216.0,False,NORMAL
AWS-002,2026-08-14T00:00:00Z,24.32,1009.46,89.86,18.922,72.8347,14.0,False,NORMAL
AWS-003,2026-08-14T00:00:00Z,16.69,834.17,76.71,32.219,76.3234,1457.0,False,NORMAL
AWS-004,2026-08-14T00:00:00Z,26.96,978.69,63.86,26.9124,70.9022,225.0,False,NORMAL
AWS-001,2026-08-14T00:15:00Z,22.98,982.62,82.04,28.6139,77.209,216.0,False,NORMAL
AWS-002,2026-08-14T00:15:00Z,24.07,1009.53,89.34,18.922,72.8347,14.0,False,NORMAL
AWS-003,2026-08-14T00:15:00Z,15.78,834.56,76.8,32.219,76.3234,1457.0,False,NORMAL
AWS-004,2026-08-14T00:15:00Z,26.89,978.68,64.14,26.9124,70.9022,225.0,False,NORMAL
AWS-001,2026-08-14T00:30:00Z,22.84,982.74,82.82,28.6139,77.209,216.0,False,NORMAL
AWS-002,2026-08-14T00:30:00Z,24.31,1009.15,90.25,18.922,72.8347,14.0,False,NORMAL
AWS-003,2026-08-14T00:30:00Z,16.19,833.95,76.09,32.219,76.3234,1457.0,False,NORMAL
AWS-004,2026-08-14T00:30:00Z,26.6,978.89,64.91,26.9124,70.9022,225.0,False,NORMAL
AWS-001,2026-08-14T00:45:00Z,22.82,982.46,82.38,28.6139,77.209,216.0,False,NORMAL
AWS-002,2026-08-14T00:45:00Z,23.92,1009.17,90.86,18.922,72.8347,14.0,False,NORMAL
AWS-003,2026-08-14T00:45:00Z,15.49,833.9,77.71,32.219,76.3234,1457.0,False,NORMAL
AWS-004,2026-08-14T00:45:00Z,26.75,978.47,64.89,26.9124,70.9022,225.0,False,NORMAL
AWS-001,2026-08-14T01:00:00Z,22.75,982.47,82.72,28.6139,77.209,216.0,False,NORMAL
AWS-002,2026-08-14T01:00:00Z,23.9,1008.6,91.22,18.922,72.8347,14.0,False,NORMAL
AWS-003,2026-08-14T01:00:00Z,16.36,833.45,78.47,32.219,76.3234,1457.0,False,NORMAL
AWS-004,2026-08-14T01:00:00Z,27.61,978.35,65.46,26.9124,70.9022,225.0,False,NORMAL
AWS-001,2026-08-14T01:15:00Z,22.16,982.07,82.67,28.6139,77.209,216.0,False,NORMAL
AWS-002,2026-08-14T01:15:00Z,23.87,1008.63,91.13,18.922,72.8347,14.0,False,NORMAL
AWS-003,2026-08-14T01:15:00Z,16.38,833.66,78.62,32.219,76.3234,1457.0,False,NORMAL
AWS-004,2026-08-14T01:15:00Z,26.81,978.3,66.02,26.9124,70.9022,225.0,False,NORMAL
AWS-001,2026-08-14T01:30:00Z,22.73,982.0,84.09,28.6139,77.209,216.0,False,NORMAL
AWS-002,2026-08-14T01:30:00Z,24.02,1008.3,91.5,18.922,72.8347,14.0,False,NORMAL
AWS-003,2026-08-14T01:30:00Z,16.62,833.53,79.01,32.219,76.3234,1457.0,False,NORMAL
AWS-004,2026-08-14T01:30:00Z,26.94,978.01,66.37,26.9124,70.9022,225.0,False,NORMAL
AWS-001,2026-08-14T01:45:00Z,22.66,982.06,84.13,28.6139,77.209,216.0,False,NORMAL
AWS-002,2026-08-14T01:45:00Z,23.46,1008.44,91.78,18.922,72.8347,14.0,False,NORMAL
AWS-003,2026-08-14T01:45:00Z,16.52,833.38,79.48,32.219,76.3234,1457.0,False,NORMAL
AWS-004,2026-08-14T01:45:00Z,27.0,977.97,65.0,26.9124,70.9022,225.0,False,NORMAL
AWS-001,2026-08-14T02:00:00Z,22.59,981.97,84.84,28.6139,77.209,216.0,False,NORMAL
AWS-002,2026-08-14T02:00:00Z,24.35,1007.83,92.53,18.922,72.8347,14.0,False,NORMAL
AWS-003,2026-08-14T02:00:00Z,15.99,833.15,80.26,32.219,76.3234,1457.0,False,NORMAL
AWS-004,2026-08-14T02:00:00Z,26.63,977.68,65.71,26.9124,70.9022,225.0,False,NORMAL
AWS-001,2026-08-14T02:15:00Z,22.78,981.9,84.69,28.6139,77.209,216.0,False,NORMAL
AWS-002,2026-08-14T02:15:00Z,24.0,1008.12,92.89,18.922,72.8347,14.0,False,NORMAL
AWS-003,2026-08-14T02:15:00Z,15.66,833.32,79.57,32.219,76.3234,1457.0,False,NORMAL
AWS-004,2026-08-14T02:15:00Z,26.22,977.7,66.37,26.9124,70.9022,225.0,False,NORMAL
AWS-001,2026-08-14T02:30:00Z,23.14,981.87,83.75,28.6139,77.209,216.0,False,NORMAL
AWS-002,2026-08-14T02:30:00Z,23.59,1007.52,92.75,18.922,72.8347,14.0,False,NORMAL
AWS-003,2026-08-14T02:30:00Z,16.75,833.01,78.48,32.219,76.3234,1457.0,False,NORMAL
AWS-004,2026-08-14T02:30:00Z,27.01,977.64,66.34,26.9124,70.9022,225.0,False,NORMAL
AWS-001,2026-08-14T02:45:00Z,23.23,981.64,84.54,28.6139,77.209,216.0,False,NORMAL
AWS-002,2026-08-14T02:45:00Z,24.35,1007.82,93.41,18.922,72.8347,14.0,False,NORMAL
AWS-003,2026-08-14T02:45:00Z,15.59,832.79,78.48,32.219,76.3234,1457.0,False,NORMAL
AWS-004,2026-08-14T02:45:00Z,26.47,977.47,64.98,26.9124,70.9022,225.0,False,NORMAL
AWS-001,2026-08-14T03:00:00Z,22.09,981.51,82.98,28.6139,77.209,216.0,False,NORMAL
AWS-002,2026-08-14T03:00:00Z,24.03,1007.75,92.0,18.922,72.8347,14.0,False,NORMAL
AWS-003,2026-08-14T03:00:00Z,16.6,832.31,78.84,32.219,76.3234,1457.0,False,NORMAL
AWS-004,2026-08-14T03:00:00Z,26.58,977.05,65.95,26.9124,70.9022,225.0,False,NORMAL
AWS-001,2026-08-14T03:15:00Z,23.02,981.78,83.56,28.6139,77.209,216.0,False,NORMAL
AWS-002,2026-08-14T03:15:00Z,24.25,1007.83,90.63,18.922,72.8347,14.0,False,NORMAL
AWS-003,2026-08-14T03:15:00Z,16.67,832.74,76.97,32.219,76.3234,1457.0,False,NORMAL
AWS-004,2026-08-14T03:15:00Z,26.31,977.37,64.83,26.9124,70.9022,225.0,False,NORMAL
AWS-001,2026-08-14T03:30:00Z,22.98,981.53,82.24,28.6139,77.209,216.0,False,NORMAL
AWS-002,2026-08-14T03:30:00Z,24.22,1007.43,90.51,18.922,72.8347,14.0,False,NORMAL
AWS-003,2026-08-14T03:30:00Z,16.26,832.57,78.71,32.219,76.3234,1457.0,False,NORMAL
AWS-004,2026-08-14T03:30:00Z,26.68,977.39,65.02,26.9124,70.9022,225.0,False,NORMAL
AWS-001,2026-08-14T03:45:00Z,23.17,981.29,82.74,28.6139,77.209,216.0,False,NORMAL
AWS-002,2026-08-14T03:45:00Z,24.76,1007.4,90.25,18.922,72.8347,14.0,False,NORMAL
AWS-003,2026-08-14T03:45:00Z,15.93,832.99,77.07,32.219,76.3234,1457.0,False,NORMAL
AWS-004,2026-08-14T03:45:00Z,27.02,977.55,65.53,26.9124,70.9022,225.0,False,NORMAL
AWS-001,2026-08-14T04:00:00Z,23.18,981.37,81.55,28.6139,77.209,216.0,False,NORMAL
AWS-002,2026-08-14T04:00:00Z,25.15,1007.53,90.14,18.922,72.8347,14.0,False,NORMAL
AWS-003,2026-08-14T04:00:00Z,17.03,832.43,76.32,32.219,76.3234,1457.0,False,NORMAL
AWS-004,2026-08-14T04:00:00Z,27.36,977.02,62.53,26.9124,70.9022,225.0,False,NORMAL
AWS-001,2026-08-14T04:15:00Z,23.74,981.34,81.16,28.6139,77.209,216.0,False,NORMAL
AWS-002,2026-08-14T04:15:00Z,24.52,1007.54,88.97,18.922,72.8347,14.0,False,NORMAL
AWS-003,2026-08-14T04:15:00Z,17.19,832.6,75.22,32.219,76.3234,1457.0,False,NORMAL
AWS-004,2026-08-14T04:15:00Z,27.58,977.19,61.09,26.9124,70.9022,225.0,False,NORMAL
AWS-001,2026-08-14T04:30:00Z,23.75,981.17,79.58,28.6139,77.209,216.0,False,NORMAL
AWS-002,2026-08-14T04:30:00Z,25.21,1007.55,88.3,18.922,72.8347,14.0,False,NORMAL
AWS-003,2026-08-14T04:30:00Z,17.25,832.87,74.66,32.219,76.3234,1457.0,False,NORMAL
AWS-004,2026-08-14T04:30:00Z,27.61,977.24,61.52,26.9124,70.9022,225.0,False,NORMAL
AWS-001,2026-08-14T04:45:00Z,23.94,981.5,78.9,28.6139,77.209,216.0,False,NORMAL
AWS-002,2026-08-14T04:45:00Z,26.05,1007.83,87.03,18.922,72.8347,14.0,False,NORMAL
AWS-003,2026-08-14T04:45:00Z,17.09,832.51,75.24,32.219,76.3234,1457.0,False,NORMAL
AWS-004,2026-08-14T04:45:00Z,27.79,977.54,61.22,26.9124,70.9022,225.0,False,NORMAL
AWS-001,2026-08-14T05:00:00Z,24.8,981.36,77.35,28.6139,77.209,216.0,False,NORMAL
AWS-002,2026-08-14T05:00:00Z,25.53,1007.51,86.4,18.922,72.8347,14.0,False,NORMAL
AWS-003,2026-08-14T05:00:00Z,17.24,832.85,73.74,32.219,76.3234,1457.0,False,NORMAL
AWS-004,2026-08-14T05:00:00Z,28.03,977.28,60.13,26.9124,70.9022,225.0,False,NORMAL
AWS-001,2026-08-14T05:15:00Z,25.1,981.62,77.34,28.6139,77.209,216.0,False,NORMAL
AWS-002,2026-08-14T05:15:00Z,25.04,1007.69,85.76,18.922,72.8347,14.0,False,NORMAL
AWS-003,2026-08-14T05:15:00Z,18.15,833.1,71.05,32.219,76.3234,1457.0,False,NORMAL
AWS-004,2026-08-14T05:15:00Z,28.32,977.31,59.3,26.9124,70.9022,225.0,False,NORMAL
AWS-001,2026-08-14T05:30:00Z,24.93,981.61,76.0,28.6139,77.209,216.0,False,NORMAL
AWS-002,2026-08-14T05:30:00Z,26.46,1008.02,84.31,18.922,72.8347,14.0,False,NORMAL
AWS-003,2026-08-14T05:30:00Z,17.31,832.81,70.13,32.219,76.3234,1457.0,False,NORMAL
AWS-004,2026-08-14T05:30:00Z,28.85,977.44,57.13,26.9124,70.9022,225.0,False,NORMAL
AWS-001,2026-08-14T05:45:00Z,24.74,981.6,74.58,28.6139,77.209,216.0,False,NORMAL
AWS-002,2026-08-14T05:45:00Z,25.82,1008.28,83.2,18.922,72.8347,14.0,False,NORMAL
AWS-003,2026-08-14T05:45:00Z,18.55,832.75,70.24,32.219,76.3234,1457.0,False,NORMAL
AWS-004,2026-08-14T05:45:00Z,29.57,977.56,58.55,26.9124,70.9022,225.0,False,NORMAL
AWS-001,2026-08-14T06:00:00Z,25.58,982.12,74.89,28.6139,77.209,216.0,False,NORMAL
AWS-002,2026-08-14T06:00:00Z,26.73,1008.19,81.4,18.922,72.8347,14.0,False,NORMAL
AWS-003,2026-08-14T06:00:00Z,19.21,833.34,69.02,32.219,76.3234,1457.0,False,NORMAL
AWS-004,2026-08-14T06:00:00Z,29.64,977.69,56.46,26.9124,70.9022,225.0,False,NORMAL
AWS-001,2026-08-14T06:15:00Z,25.57,982.2,74.0,28.6139,77.209,216.0,False,NORMAL
AWS-002,2026-08-14T06:15:00Z,26.39,1008.42,81.01,18.922,72.8347,14.0,False,NORMAL
AWS-003,2026-08-14T06:15:00Z,19.82,833.75,69.09,32.219,76.3234,1457.0,False,NORMAL
AWS-004,2026-08-14T06:15:00Z,30.01,977.78,55.22,26.9124,70.9022,225.0,False,NORMAL
AWS-001,2026-08-14T06:30:00Z,26.4,981.83,71.35,28.6139,77.209,216.0,False,NORMAL
AWS-002,2026-08-14T06:30:00Z,28.06,1008.76,81.05,18.922,72.8347,14.0,False,NORMAL
AWS-003,2026-08-14T06:30:00Z,19.0,833.7,67.72,32.219,76.3234,1457.0,False,NORMAL
AWS-004,2026-08-14T06:30:00Z,29.93,978.3,54.95,26.9124,70.9022,225.0,False,NORMAL
AWS-001,2026-08-14T06:45:00Z,27.27,982.29,69.99,28.6139,77.209,216.0,False,NORMAL
AWS-002,2026-08-14T06:45:00Z,27.81,1008.9,78.82,18.922,72.8347,14.0,False,NORMAL
AWS-003,2026-08-14T06:45:00Z,20.17,833.74,65.79,32.219,76.3234,1457.0,False,NORMAL
AWS-004,2026-08-14T06:45:00Z,30.71,978.04,53.19,26.9124,70.9022,225.0,False,NORMAL
AWS-001,2026-08-14T07:00:00Z,26.99,982.45,69.83,28.6139,77.209,216.0,False,NORMAL
AWS-002,2026-08-14T07:00:00Z,28.38,1008.81,75.97,18.922,72.8347,14.0,False,NORMAL
AWS-003,2026-08-14T07:00:00Z,21.19,833.26,64.72,32.219,76.3234,1457.0,False,NORMAL
AWS-004,2026-08-14T07:00:00Z,30.96,978.18,51.25,26.9124,70.9022,225.0,False,NORMAL
AWS-001,2026-08-14T07:15:00Z,27.46,982.6,67.91,28.6139,77.209,216.0,False,NORMAL
AWS-002,2026-08-14T07:15:00Z,28.35,1009.12,76.3,18.922,72.8347,14.0,False,NORMAL
AWS-003,2026-08-14T07:15:00Z,20.86,833.8,64.41,32.219,76.3234,1457.0,False,NORMAL
AWS-004,2026-08-14T07:15:00Z,31.14,978.5,51.58,26.9124,70.9022,225.0,False,NORMAL
AWS-001,2026-08-14T07:30:00Z,27.78,982.72,67.01,28.6139,77.209,216.0,False,NORMAL
AWS-002,2026-08-14T07:30:00Z,29.05,1009.3,74.83,18.922,72.8347,14.0,False,NORMAL
AWS-003,2026-08-14T07:30:00Z,21.69,833.89,59.35,32.219,76.3234,1457.0,False,NORMAL
AWS-004,2026-08-14T07:30:00Z,32.09,979.04,48.64,26.9124,70.9022,225.0,False,NORMAL
AWS-001,2026-08-14T07:45:00Z,28.3,982.87,65.63,28.6139,77.209,216.0,False,NORMAL
AWS-002,2026-08-14T07:45:00Z,29.23,1009.3,73.34,18.922,72.8347,14.0,False,NORMAL
AWS-003,2026-08-14T07:45:00Z,20.83,834.08,60.19,32.219,76.3234,1457.0,False,NORMAL
AWS-004,2026-08-14T07:45:00Z,31.78,978.92,47.52,26.9124,70.9022,225.0,False,NORMAL
AWS-001,2026-08-14T08:00:00Z,28.41,983.03,63.81,28.6139,77.209,216.0,False,NORMAL
AWS-002,2026-08-14T08:00:00Z,30.58,1009.32,71.74,18.922,72.8347,14.0,False,NORMAL
AWS-003,2026-08-14T08:00:00Z,22.62,834.27,58.03,32.219,76.3234,1457.0,False,NORMAL
AWS-004,2026-08-14T08:00:00Z,31.96,979.05,45.39,26.9124,70.9022,225.0,False,NORMAL
AWS-001,2026-08-14T08:15:00Z,29.25,983.33,63.58,28.6139,77.209,216.0,False,NORMAL
AWS-002,2026-08-14T08:15:00Z,29.77,1009.62,71.54,18.922,72.8347,14.0,False,NORMAL
AWS-003,2026-08-14T08:15:00Z,22.59,834.28,57.96,32.219,76.3234,1457.0,False,NORMAL
AWS-004,2026-08-14T08:15:00Z,32.15,978.82,44.85,26.9124,70.9022,225.0,False,NORMAL
AWS-001,2026-08-14T08:30:00Z,29.4,983.31,62.14,28.6139,77.209,216.0,False,NORMAL
AWS-002,2026-08-14T08:30:00Z,31.51,1009.53,69.96,18.922,72.8347,14.0,False,NORMAL
AWS-003,2026-08-14T08:30:00Z,23.31,834.2,56.96,32.219,76.3234,1457.0,False,NORMAL
AWS-004,2026-08-14T08:30:00Z,33.32,979.2,44.05,26.9124,70.9022,225.0,False,NORMAL
AWS-001,2026-08-14T08:45:00Z,29.82,983.53,59.98,28.6139,77.209,216.0,False,NORMAL
AWS-002,2026-08-14T08:45:00Z,31.01,1009.72,68.52,18.922,72.8347,14.0,False,NORMAL
AWS-003,2026-08-14T08:45:00Z,23.99,834.26,55.72,32.219,76.3234,1457.0,False,NORMAL
AWS-004,2026-08-14T08:45:00Z,33.92,979.48,41.54,26.9124,70.9022,225.0,False,NORMAL
AWS-001,2026-08-14T09:00:00Z,29.9,983.31,58.43,28.6139,77.209,216.0,False,NORMAL
AWS-002,2026-08-14T09:00:00Z,31.62,1009.8,66.78,18.922,72.8347,14.0,False,NORMAL
AWS-003,2026-08-14T09:00:00Z,24.31,834.51,53.86,32.219,76.3234,1457.0,False,NORMAL
AWS-004,2026-08-14T09:00:00Z,33.63,979.37,41.03,26.9124,70.9022,225.0,False,NORMAL
AWS-001,2026-08-14T09:15:00Z,30.41,983.47,57.06,28.6139,77.209,216.0,False,NORMAL
AWS-002,2026-08-14T09:15:00Z,31.74,1009.75,65.67,18.922,72.8347,14.0,False,NORMAL
AWS-003,2026-08-14T09:15:00Z,24.22,834.58,53.11,32.219,76.3234,1457.0,False,NORMAL
AWS-004,2026-08-14T09:15:00Z,34.19,979.4,38.73,26.9124,70.9022,225.0,False,NORMAL
AWS-001,2026-08-14T09:30:00Z,30.13,983.62,56.23,28.6139,77.209,216.0,False,NORMAL
AWS-002,2026-08-14T09:30:00Z,32.25,1009.86,63.7,18.922,72.8347,14.0,False,NORMAL
AWS-003,2026-08-14T09:30:00Z,24.83,834.3,52.67,32.219,76.3234,1457.0,False,NORMAL
AWS-004,2026-08-14T09:30:00Z,34.95,979.45,38.0,26.9124,70.9022,225.0,False,NORMAL
AWS-001,2026-08-14T09:45:00Z,30.82,983.51,55.01,28.6139,77.209,216.0,False,NORMAL
AWS-002,2026-08-14T09:45:00Z,32.4,1010.19,64.59,18.922,72.8347,14.0,False,NORMAL
AWS-003,2026-08-14T09:45:00Z,24.03,834.66,50.4,32.219,76.3234,1457.0,False,NORMAL
AWS-004,2026-08-14T09:45:00Z,35.32,979.4,37.98,26.9124,70.9022,225.0,False,NORMAL
AWS-001,2026-08-14T10:00:00Z,31.93,983.73,54.47,28.6139,77.209,216.0,False,NORMAL
AWS-002,2026-08-14T10:00:00Z,33.23,1009.8,61.58,18.922,72.8347,14.0,False,NORMAL
AWS-003,2026-08-14T10:00:00Z,24.21,834.63,49.51,32.219,76.3234,1457.0,False,NORMAL
AWS-004,2026-08-14T10:00:00Z,34.84,979.68,36.13,26.9124,70.9022,225.0,False,NORMAL
AWS-001,2026-08-14T10:15:00Z,31.89,983.57,53.6,28.6139,77.209,216.0,False,NORMAL
AWS-002,2026-08-14T10:15:00Z,32.74,1009.71,60.41,18.922,72.8347,14.0,False,NORMAL
AWS-003,2026-08-14T10:15:00Z,25.69,835.0,48.06,32.219,76.3234,1457.0,False,NORMAL
AWS-004,2026-08-14T10:15:00Z,35.48,979.83,34.99,26.9124,70.9022,225.0,False,NORMAL
AWS-001,2026-08-14T10:30:00Z,32.26,983.62,51.96,28.6139,77.209,216.0,False,NORMAL
AWS-002,2026-08-14T10:30:00Z,32.69,1009.92,60.71,18.922,72.8347,14.0,False,NORMAL
AWS-003,2026-08-14T10:30:00Z,24.54,834.66,46.03,32.219,76.3234,1457.0,False,NORMAL
AWS-004,2026-08-14T10:30:00Z,36.37,979.44,35.01,26.9124,70.9022,225.0,False,NORMAL
AWS-001,2026-08-14T10:45:00Z,32.63,983.35,51.54,28.6139,77.209,216.0,False,NORMAL
AWS-002,2026-08-14T10:45:00Z,33.37,1010.11,59.03,18.922,72.8347,14.0,False,NORMAL
AWS-003,2026-08-14T10:45:00Z,25.22,834.47,46.88,32.219,76.3234,1457.0,False,NORMAL
AWS-004,2026-08-14T10:45:00Z,36.18,979.38,33.92,26.9124,70.9022,225.0,False,NORMAL
AWS-001,2026-08-14T11:00:00Z,32.63,983.15,50.47,28.6139,77.209,216.0,False,NORMAL
AWS-002,2026-08-14T11:00:00Z,33.03,1009.9,57.0,18.922,72.8347,14.0,False,NORMAL
AWS-003,2026-08-14T11:00:00Z,26.14,834.46,46.21,32.219,76.3234,1457.0,False,NORMAL
AWS-004,2026-08-14T11:00:00Z,36.8,979.41,31.76,26.9124,70.9022,225.0,False,NORMAL
AWS-001,2026-08-14T11:15:00Z,32.9,983.31,49.28,28.6139,77.209,216.0,False,NORMAL
AWS-002,2026-08-14T11:15:00Z,34.02,1009.98,57.26,18.922,72.8347,14.0,False,NORMAL
AWS-003,2026-08-14T11:15:00Z,26.29,834.63,45.36,32.219,76.3234,1457.0,False,NORMAL
AWS-004,2026-08-14T11:15:00Z,37.12,979.64,29.96,26.9124,70.9022,225.0,False,NORMAL
AWS-001,2026-08-14T11:30:00Z,33.0,983.25,49.0,28.6139,77.209,216.0,False,NORMAL
AWS-002,2026-08-14T11:30:00Z,34.67,1009.76,56.09,18.922,72.8347,14.0,False,NORMAL
AWS-003,2026-08-14T11:30:00Z,26.55,834.42,43.41,32.219,76.3234,1457.0,False,NORMAL
AWS-004,2026-08-14T11:30:00Z,37.91,979.37,31.11,26.9124,70.9022,225.0,False,NORMAL
AWS-001,2026-08-14T11:45:00Z,33.81,983.17,46.7,28.6139,77.209,216.0,False,NORMAL
AWS-002,2026-08-14T11:45:00Z,34.44,1009.61,54.87,18.922,72.8347,14.0,False,NORMAL
AWS-003,2026-08-14T11:45:00Z,26.99,834.4,43.13,32.219,76.3234,1457.0,False,NORMAL
AWS-004,2026-08-14T11:45:00Z,38.11,979.34,29.47,26.9124,70.9022,225.0,False,NORMAL
AWS-001,2026-08-14T12:00:00Z,33.62,983.11,46.68,28.6139,77.209,216.0,False,NORMAL
AWS-002,2026-08-14T12:00:00Z,34.75,1009.68,55.08,18.922,72.8347,14.0,False,NORMAL
AWS-003,2026-08-14T12:00:00Z,27.28,834.1,42.68,32.219,76.3234,1457.0,False,NORMAL
AWS-004,2026-08-14T12:00:00Z,38.23,979.23,29.03,26.9124,70.9022,225.0,False,NORMAL
AWS-001,2026-08-14T12:15:00Z,33.78,982.79,46.35,28.6139,77.209,216.0,False,NORMAL
AWS-002,2026-08-14T12:15:00Z,35.77,1009.36,54.3,18.922,72.8347,14.0,False,NORMAL
AWS-003,2026-08-14T12:15:00Z,27.83,833.72,42.37,32.219,76.3234,1457.0,False,NORMAL
AWS-004,2026-08-14T12:15:00Z,37.72,978.83,27.79,26.9124,70.9022,225.0,False,NORMAL
AWS-001,2026-08-14T12:30:00Z,34.09,982.77,45.52,28.6139,77.209,216.0,False,NORMAL
AWS-002,2026-08-14T12:30:00Z,35.32,1009.31,52.85,18.922,72.8347,14.0,False,NORMAL
AWS-003,2026-08-14T12:30:00Z,28.46,833.84,41.91,32.219,76.3234,1457.0,False,NORMAL
AWS-004,2026-08-14T12:30:00Z,38.22,978.87,27.96,26.9124,70.9022,225.0,False,NORMAL
AWS-001,2026-08-14T12:45:00Z,34.26,982.59,44.54,28.6139,77.209,216.0,False,NORMAL
AWS-002,2026-08-14T12:45:00Z,35.84,1009.05,53.88,18.922,72.8347,14.0,False,NORMAL
AWS-003,2026-08-14T12:45:00Z,28.27,834.25,39.6,32.219,76.3234,1457.0,False,NORMAL
AWS-004,2026-08-14T12:45:00Z,37.6,978.76,27.27,26.9124,70.9022,225.0,False,NORMAL
AWS-001,2026-08-14T13:00:00Z,34.67,982.58,45.19,28.6139,77.209,216.0,False,NORMAL
AWS-002,2026-08-14T13:00:00Z,35.5,1008.83,52.44,18.922,72.8347,14.0,False,NORMAL
AWS-003,2026-08-14T13:00:00Z,27.3,833.68,40.64,32.219,76.3234,1457.0,False,NORMAL
AWS-004,2026-08-14T13:00:00Z,38.26,978.47,26.94,26.9124,70.9022,225.0,False,NORMAL
AWS-001,2026-08-14T13:15:00Z,34.7,982.17,44.6,28.6139,77.209,216.0,False,NORMAL
AWS-002,2026-08-14T13:15:00Z,35.69,1008.55,52.03,18.922,72.8347,14.0,False,NORMAL
AWS-003,2026-08-14T13:15:00Z,27.71,833.38,38.96,32.219,76.3234,1457.0,False,NORMAL
AWS-004,2026-08-14T13:15:00Z,38.19,978.06,27.23,26.9124,70.9022,225.0,False,NORMAL
AWS-001,2026-08-14T13:30:00Z,34.47,981.96,44.92,28.6139,77.209,216.0,False,NORMAL
AWS-002,2026-08-14T13:30:00Z,35.7,1008.44,52.77,18.922,72.8347,14.0,False,NORMAL
AWS-003,2026-08-14T13:30:00Z,28.43,833.41,40.03,32.219,76.3234,1457.0,False,NORMAL
AWS-004,2026-08-14T13:30:00Z,38.17,978.29,25.92,26.9124,70.9022,225.0,False,NORMAL
AWS-001,2026-08-14T13:45:00Z,34.15,982.14,44.27,28.6139,77.209,216.0,False,NORMAL
AWS-002,2026-08-14T13:45:00Z,35.89,1008.44,52.08,18.922,72.8347,14.0,False,NORMAL
AWS-003,2026-08-14T13:45:00Z,29.08,833.08,39.06,32.219,76.3234,1457.0,False,NORMAL
AWS-004,2026-08-14T13:45:00Z,38.39,977.92,25.33,26.9124,70.9022,225.0,False,NORMAL
AWS-001,2026-08-14T14:00:00Z,34.66,981.92,44.67,28.6139,77.209,216.0,False,NORMAL
AWS-002,2026-08-14T14:00:00Z,36.06,1008.3,52.12,18.922,72.8347,14.0,False,NORMAL
AWS-003,2026-08-14T14:00:00Z,27.93,832.99,39.16,32.219,76.3234,1457.0,False,NORMAL
AWS-004,2026-08-14T14:00:00Z,38.22,977.93,26.77,26.9124,70.9022,225.0,False,NORMAL
AWS-001,2026-08-14T14:15:00Z,34.61,981.98,44.33,28.6139,77.209,216.0,False,NORMAL
AWS-002,2026-08-14T14:15:00Z,35.7,1008.13,52.95,18.922,72.8347,14.0,False,NORMAL
AWS-003,2026-08-14T14:15:00Z,27.54,833.14,39.45,32.219,76.3234,1457.0,False,NORMAL
AWS-004,2026-08-14T14:15:00Z,38.42,977.76,26.92,26.9124,70.9022,225.0,False,NORMAL
AWS-001,2026-08-14T14:30:00Z,34.03,981.73,44.64,28.6139,77.209,216.0,False,NORMAL
AWS-002,2026-08-14T14:30:00Z,35.73,1008.09,53.42,18.922,72.8347,14.0,False,NORMAL
AWS-003,2026-08-14T14:30:00Z,28.03,833.15,39.12,32.219,76.3234,1457.0,False,NORMAL
AWS-004,2026-08-14T14:30:00Z,38.13,977.76,26.38,26.9124,70.9022,225.0,False,NORMAL
AWS-001,2026-08-14T14:45:00Z,34.27,981.3,45.04,28.6139,77.209,216.0,False,NORMAL
AWS-002,2026-08-14T14:45:00Z,34.59,1007.82,52.39,18.922,72.8347,14.0,False,NORMAL
AWS-003,2026-08-14T14:45:00Z,28.36,832.67,39.89,32.219,76.3234,1457.0,False,NORMAL
AWS-004,2026-08-14T14:45:00Z,38.37,977.16,26.09,26.9124,70.9022,225.0,False,NORMAL
AWS-001,2026-08-14T15:00:00Z,34.64,981.43,44.87,28.6139,77.209,216.0,False,NORMAL
AWS-002,2026-08-14T15:00:00Z,34.9,1007.7,53.42,18.922,72.8347,14.0,False,NORMAL
AWS-003,2026-08-14T15:00:00Z,28.27,832.83,40.23,32.219,76.3234,1457.0,False,NORMAL
AWS-004,2026-08-14T15:00:00Z,38.43,977.25,26.87,26.9124,70.9022,225.0,False,NORMAL
AWS-001,2026-08-14T15:15:00Z,34.08,981.38,45.91,28.6139,77.209,216.0,False,NORMAL
AWS-002,2026-08-14T15:15:00Z,35.57,1007.7,53.69,18.922,72.8347,14.0,False,NORMAL
AWS-003,2026-08-14T15:15:00Z,27.62,832.93,40.47,32.219,76.3234,1457.0,False,NORMAL
AWS-004,2026-08-14T15:15:00Z,37.92,977.04,27.4,26.9124,70.9022,225.0,False,NORMAL
AWS-001,2026-08-14T15:30:00Z,33.81,981.24,45.23,28.6139,77.209,216.0,False,NORMAL
AWS-002,2026-08-14T15:30:00Z,35.02,1007.94,53.66,18.922,72.8347,14.0,False,NORMAL
AWS-003,2026-08-14T15:30:00Z,26.46,832.77,40.54,32.219,76.3234,1457.0,False,NORMAL
AWS-004,2026-08-14T15:30:00Z,38.92,977.24,28.68,26.9124,70.9022,225.0,False,NORMAL
AWS-001,2026-08-14T15:45:00Z,33.25,981.21,46.6,28.6139,77.209,216.0,False,NORMAL
AWS-002,2026-08-14T15:45:00Z,35.02,1007.68,55.07,18.922,72.8347,14.0,False,NORMAL
AWS-003,2026-08-14T15:45:00Z,27.55,833.04,40.27,32.219,76.3234,1457.0,False,NORMAL
AWS-004,2026-08-14T15:45:00Z,37.88,977.39,28.34,26.9124,70.9022,225.0,False,NORMAL
AWS-001,2026-08-14T16:00:00Z,33.56,981.1,47.28,28.6139,77.209,216.0,False,NORMAL
AWS-002,2026-08-14T16:00:00Z,35.21,1007.44,55.17,18.922,72.8347,14.0,False,NORMAL
AWS-003,2026-08-14T16:00:00Z,26.55,832.56,43.03,32.219,76.3234,1457.0,False,NORMAL
AWS-004,2026-08-14T16:00:00Z,36.91,977.12,28.96,26.9124,70.9022,225.0,False,NORMAL
AWS-001,2026-08-14T16:15:00Z,33.29,981.23,47.55,28.6139,77.209,216.0,False,NORMAL
AWS-002,2026-08-14T16:15:00Z,34.27,1007.37,55.29,18.922,72.8347,14.0,False,NORMAL
AWS-003,2026-08-14T16:15:00Z,26.35,832.9,42.58,32.219,76.3234,1457.0,False,NORMAL
AWS-004,2026-08-14T16:15:00Z,37.64,977.63,29.77,26.9124,70.9022,225.0,False,NORMAL
AWS-001,2026-08-14T16:30:00Z,33.45,981.42,48.85,28.6139,77.209,216.0,False,NORMAL
AWS-002,2026-08-14T16:30:00Z,34.75,1007.78,57.36,18.922,72.8347,14.0,False,NORMAL
AWS-003,2026-08-14T16:30:00Z,25.38,832.4,44.27,32.219,76.3234,1457.0,False,NORMAL
AWS-004,2026-08-14T16:30:00Z,37.0,977.18,30.92,26.9124,70.9022,225.0,False,NORMAL
AWS-001,2026-08-14T16:45:00Z,32.94,981.41,50.21,28.6139,77.209,216.0,False,NORMAL
AWS-002,2026-08-14T16:45:00Z,34.73,1007.77,57.59,18.922,72.8347,14.0,False,NORMAL
AWS-003,2026-08-14T16:45:00Z,26.35,832.52,44.38,32.219,76.3234,1457.0,False,NORMAL
AWS-004,2026-08-14T16:45:00Z,37.63,977.25,30.29,26.9124,70.9022,225.0,False,NORMAL
AWS-001,2026-08-14T17:00:00Z,32.57,981.47,49.77,28.6139,77.209,216.0,False,NORMAL
AWS-002,2026-08-14T17:00:00Z,33.68,1008.0,58.34,18.922,72.8347,14.0,False,NORMAL
AWS-003,2026-08-14T17:00:00Z,25.91,832.47,45.65,32.219,76.3234,1457.0,False,NORMAL
AWS-004,2026-08-14T17:00:00Z,35.97,977.72,31.43,26.9124,70.9022,225.0,False,NORMAL
AWS-001,2026-08-14T17:15:00Z,32.45,981.64,51.65,28.6139,77.209,216.0,False,NORMAL
AWS-002,2026-08-14T17:15:00Z,33.03,1007.66,59.34,18.922,72.8347,14.0,False,NORMAL
AWS-003,2026-08-14T17:15:00Z,26.01,832.74,46.38,32.219,76.3234,1457.0,False,NORMAL
AWS-004,2026-08-14T17:15:00Z,35.62,977.65,32.46,26.9124,70.9022,225.0,False,NORMAL
AWS-001,2026-08-14T17:30:00Z,32.13,981.55,52.34,28.6139,77.209,216.0,False,NORMAL
AWS-002,2026-08-14T17:30:00Z,32.77,1007.79,59.46,18.922,72.8347,14.0,False,NORMAL
AWS-003,2026-08-14T17:30:00Z,24.61,832.7,46.7,32.219,76.3234,1457.0,False,NORMAL
AWS-004,2026-08-14T17:30:00Z,35.71,977.31,34.68,26.9124,70.9022,225.0,False,NORMAL
AWS-001,2026-08-14T17:45:00Z,31.75,981.63,53.14,28.6139,77.209,216.0,False,NORMAL
AWS-002,2026-08-14T17:45:00Z,32.68,1008.33,60.31,18.922,72.8347,14.0,False,NORMAL
AWS-003,2026-08-14T17:45:00Z,25.69,832.9,48.53,32.219,76.3234,1457.0,False,NORMAL
AWS-004,2026-08-14T17:45:00Z,35.9,977.69,35.36,26.9124,70.9022,225.0,False,NORMAL
AWS-001,2026-08-14T18:00:00Z,31.8,981.69,55.07,28.6139,77.209,216.0,False,NORMAL
AWS-002,2026-08-14T18:00:00Z,32.53,1008.24,62.58,18.922,72.8347,14.0,False,NORMAL
AWS-003,2026-08-14T18:00:00Z,24.4,833.09,48.74,32.219,76.3234,1457.0,False,NORMAL
AWS-004,2026-08-14T18:00:00Z,35.45,978.01,37.55,26.9124,70.9022,225.0,False,NORMAL
AWS-001,2026-08-14T18:15:00Z,31.67,981.97,55.84,28.6139,77.209,216.0,False,NORMAL
AWS-002,2026-08-14T18:15:00Z,32.42,1008.27,63.18,18.922,72.8347,14.0,False,NORMAL
AWS-003,2026-08-14T18:15:00Z,24.84,833.41,51.09,32.219,76.3234,1457.0,False,NORMAL
AWS-004,2026-08-14T18:15:00Z,34.72,977.91,37.21,26.9124,70.9022,225.0,False,NORMAL
AWS-001,2026-08-14T18:30:00Z,30.46,982.19,57.41,28.6139,77.209,216.0,False,NORMAL
AWS-002,2026-08-14T18:30:00Z,31.36,1008.64,65.95,18.922,72.8347,14.0,False,NORMAL
AWS-003,2026-08-14T18:30:00Z,25.31,833.59,51.08,32.219,76.3234,1457.0,False,NORMAL
AWS-004,2026-08-14T18:30:00Z,35.31,978.15,38.74,26.9124,70.9022,225.0,False,NORMAL
AWS-001,2026-08-14T18:45:00Z,30.78,982.1,58.69,28.6139,77.209,216.0,False,NORMAL
AWS-002,2026-08-14T18:45:00Z,31.61,1008.81,65.75,18.922,72.8347,14.0,False,NORMAL
AWS-003,2026-08-14T18:45:00Z,23.45,833.42,52.71,32.219,76.3234,1457.0,False,NORMAL
AWS-004,2026-08-14T18:45:00Z,34.37,978.62,39.7,26.9124,70.9022,225.0,False,NORMAL
AWS-001,2026-08-14T19:00:00Z,30.08,982.31,58.98,28.6139,77.209,216.0,False,NORMAL
AWS-002,2026-08-14T19:00:00Z,30.45,1009.0,67.08,18.922,72.8347,14.0,False,NORMAL
AWS-003,2026-08-14T19:00:00Z,24.12,834.09,54.15,32.219,76.3234,1457.0,False,NORMAL
AWS-004,2026-08-14T19:00:00Z,34.24,978.07,41.27,26.9124,70.9022,225.0,False,NORMAL
AWS-001,2026-08-14T19:15:00Z,29.37,982.67,60.24,28.6139,77.209,216.0,False,NORMAL
AWS-002,2026-08-14T19:15:00Z,30.93,1009.05,68.67,18.922,72.8347,14.0,False,NORMAL
AWS-003,2026-08-14T19:15:00Z,22.99,833.82,56.0,32.219,76.3234,1457.0,False,NORMAL
AWS-004,2026-08-14T19:15:00Z,34.04,978.63,42.62,26.9124,70.9022,225.0,False,NORMAL
AWS-001,2026-08-14T19:30:00Z,29.29,982.73,61.32,28.6139,77.209,216.0,False,NORMAL
AWS-002,2026-08-14T19:30:00Z,30.69,1009.43,69.95,18.922,72.8347,14.0,False,NORMAL
AWS-003,2026-08-14T19:30:00Z,22.01,833.75,56.56,32.219,76.3234,1457.0,False,NORMAL
AWS-004,2026-08-14T19:30:00Z,32.91,978.63,44.41,26.9124,70.9022,225.0,False,NORMAL
AWS-001,2026-08-14T19:45:00Z,28.55,982.91,62.95,28.6139,77.209,216.0,False,NORMAL
AWS-002,2026-08-14T19:45:00Z,29.55,1009.3,70.93,18.922,72.8347,14.0,False,NORMAL
AWS-003,2026-08-14T19:45:00Z,22.14,834.02,59.22,32.219,76.3234,1457.0,False,NORMAL
AWS-004,2026-08-14T19:45:00Z,33.63,978.74,45.57,26.9124,70.9022,225.0,False,NORMAL
AWS-001,2026-08-14T20:00:00Z,28.18,983.11,64.08,28.6139,77.209,216.0,False,NORMAL
AWS-002,2026-08-14T20:00:00Z,29.96,1009.44,72.75,18.922,72.8347,14.0,False,NORMAL
AWS-003,2026-08-14T20:00:00Z,21.93,834.38,59.52,32.219,76.3234,1457.0,False,NORMAL
AWS-004,2026-08-14T20:00:00Z,32.08,979.19,46.06,26.9124,70.9022,225.0,False,NORMAL
AWS-001,2026-08-14T20:15:00Z,28.0,983.19,66.04,28.6139,77.209,216.0,False,NORMAL
AWS-002,2026-08-14T20:15:00Z,29.09,1009.54,74.4,18.922,72.8347,14.0,False,NORMAL
AWS-003,2026-08-14T20:15:00Z,21.04,834.21,60.84,32.219,76.3234,1457.0,False,NORMAL
AWS-004,2026-08-14T20:15:00Z,32.54,979.09,47.3,26.9124,70.9022,225.0,False,NORMAL
AWS-001,2026-08-14T20:30:00Z,27.2,983.47,66.82,28.6139,77.209,216.0,False,NORMAL
AWS-002,2026-08-14T20:30:00Z,28.62,1009.61,75.54,18.922,72.8347,14.0,False,NORMAL
AWS-003,2026-08-14T20:30:00Z,22.6,834.42,62.43,32.219,76.3234,1457.0,False,NORMAL
AWS-004,2026-08-14T20:30:00Z,32.16,979.37,49.47,26.9124,70.9022,225.0,False,NORMAL
AWS-001,2026-08-14T20:45:00Z,27.33,983.2,68.56,28.6139,77.209,216.0,False,NORMAL
AWS-002,2026-08-14T20:45:00Z,28.56,1009.92,75.88,18.922,72.8347,14.0,False,NORMAL
AWS-003,2026-08-14T20:45:00Z,20.77,834.2,64.26,32.219,76.3234,1457.0,False,NORMAL
AWS-004,2026-08-14T20:45:00Z,32.05,979.34,50.05,26.9124,70.9022,225.0,False,NORMAL
AWS-001,2026-08-14T21:00:00Z,27.08,983.19,69.47,28.6139,77.209,216.0,False,NORMAL
AWS-002,2026-08-14T21:00:00Z,27.61,1009.87,77.73,18.922,72.8347,14.0,False,NORMAL
AWS-003,2026-08-14T21:00:00Z,20.18,834.28,63.3,32.219,76.3234,1457.0,False,NORMAL
AWS-004,2026-08-14T21:00:00Z,30.68,979.33,52.12,26.9124,70.9022,225.0,False,NORMAL
AWS-001,2026-08-14T21:15:00Z,26.71,983.38,70.47,28.6139,77.209,216.0,False,NORMAL
AWS-002,2026-08-14T21:15:00Z,27.41,1009.83,79.85,18.922,72.8347,14.0,False,NORMAL
AWS-003,2026-08-14T21:15:00Z,20.37,834.53,66.09,32.219,76.3234,1457.0,False,NORMAL
AWS-004,2026-08-14T21:15:00Z,30.76,979.35,53.57,26.9124,70.9022,225.0,False,NORMAL
AWS-001,2026-08-14T21:30:00Z,25.97,983.47,72.0,28.6139,77.209,216.0,False,NORMAL
AWS-002,2026-08-14T21:30:00Z,27.42,1010.07,79.89,18.922,72.8347,14.0,False,NORMAL
AWS-003,2026-08-14T21:30:00Z,20.31,834.73,67.83,32.219,76.3234,1457.0,False,NORMAL
AWS-004,2026-08-14T21:30:00Z,29.82,979.44,54.98,26.9124,70.9022,225.0,False,NORMAL
AWS-001,2026-08-14T21:45:00Z,25.43,983.82,72.93,28.6139,77.209,216.0,False,NORMAL
AWS-002,2026-08-14T21:45:00Z,27.28,1010.12,81.29,18.922,72.8347,14.0,False,NORMAL
AWS-003,2026-08-14T21:45:00Z,19.4,834.95,68.74,32.219,76.3234,1457.0,False,NORMAL
AWS-004,2026-08-14T21:45:00Z,29.98,979.75,55.15,26.9124,70.9022,225.0,False,NORMAL
AWS-001,2026-08-14T22:00:00Z,24.96,983.6,74.21,28.6139,77.209,216.0,False,NORMAL
AWS-002,2026-08-14T22:00:00Z,26.49,1009.67,81.61,18.922,72.8347,14.0,False,NORMAL
AWS-003,2026-08-14T22:00:00Z,18.75,835.02,70.59,32.219,76.3234,1457.0,False,NORMAL
AWS-004,2026-08-14T22:00:00Z,29.3,979.64,56.42,26.9124,70.9022,225.0,False,NORMAL
AWS-001,2026-08-14T22:15:00Z,24.53,983.71,75.01,28.6139,77.209,216.0,False,NORMAL
AWS-002,2026-08-14T22:15:00Z,26.96,1010.32,83.25,18.922,72.8347,14.0,False,NORMAL
AWS-003,2026-08-14T22:15:00Z,17.92,834.89,70.73,32.219,76.3234,1457.0,False,NORMAL
AWS-004,2026-08-14T22:15:00Z,29.03,979.62,56.39,26.9124,70.9022,225.0,False,NORMAL
AWS-001,2026-08-14T22:30:00Z,24.77,983.66,75.55,28.6139,77.209,216.0,False,NORMAL
AWS-002,2026-08-14T22:30:00Z,25.84,1009.93,85.83,18.922,72.8347,14.0,False,NORMAL
AWS-003,2026-08-14T22:30:00Z,17.81,834.99,71.0,32.219,76.3234,1457.0,False,NORMAL
AWS-004,2026-08-14T22:30:00Z,28.59,979.52,59.6,26.9124,70.9022,225.0,False,NORMAL
AWS-001,2026-08-14T22:45:00Z,24.1,983.59,77.69,28.6139,77.209,216.0,False,NORMAL
AWS-002,2026-08-14T22:45:00Z,26.04,1009.89,86.1,18.922,72.8347,14.0,False,NORMAL
AWS-003,2026-08-14T22:45:00Z,18.08,834.56,71.8,32.219,76.3234,1457.0,False,NORMAL
AWS-004,2026-08-14T22:45:00Z,28.19,979.58,60.03,26.9124,70.9022,225.0,False,NORMAL
AWS-001,2026-08-14T23:00:00Z,23.8,983.64,78.3,28.6139,77.209,216.0,False,NORMAL
AWS-002,2026-08-14T23:00:00Z,25.54,1009.99,86.18,18.922,72.8347,14.0,False,NORMAL
AWS-003,2026-08-14T23:00:00Z,17.09,834.47,74.87,32.219,76.3234,1457.0,False,NORMAL
AWS-004,2026-08-14T23:00:00Z,27.35,979.53,60.59,26.9124,70.9022,225.0,False,NORMAL
AWS-001,2026-08-14T23:15:00Z,23.46,983.3,79.5,28.6139,77.209,216.0,False,NORMAL
AWS-002,2026-08-14T23:15:00Z,25.09,1009.75,87.23,18.922,72.8347,14.0,False,NORMAL
AWS-003,2026-08-14T23:15:00Z,17.05,834.23,74.23,32.219,76.3234,1457.0,False,NORMAL
AWS-004,2026-08-14T23:15:00Z,27.56,979.47,61.86,26.9124,70.9022,225.0,False,NORMAL
AWS-001,2026-08-14T23:30:00Z,23.34,983.2,80.39,28.6139,77.209,216.0,False,NORMAL
AWS-002,2026-08-14T23:30:00Z,25.34,1009.97,88.33,18.922,72.8347,14.0,False,NORMAL
AWS-003,2026-08-14T23:30:00Z,17.41,834.47,75.63,32.219,76.3234,1457.0,False,NORMAL
AWS-004,2026-08-14T23:30:00Z,27.5,979.29,62.31,26.9124,70.9022,225.0,False,NORMAL
AWS-001,2026-08-14T23:45:00Z,23.73,983.05,80.47,28.6139,77.209,216.0,False,NORMAL
AWS-002,2026-08-14T23:45:00Z,24.43,1009.53,87.97,18.922,72.8347,14.0,False,NORMAL
AWS-003,2026-08-14T23:45:00Z,16.53,834.53,75.49,32.219,76.3234,1457.0,False,NORMAL
AWS-004,2026-08-14T23:45:00Z,27.5,979.12,62.87,26.9124,70.9022,225.0,False,NORMAL
AWS-001,2026-08-15T00:00:00Z,23.05,982.92,81.74,28.6139,77.209,216.0,False,NORMAL
AWS-002,2026-08-15T00:00:00Z,24.55,1009.48,90.5,18.922,72.8347,14.0,False,NORMAL
AWS-003,2026-08-15T00:00:00Z,16.88,834.35,76.4,32.219,76.3234,1457.0,False,NORMAL
AWS-004,2026-08-15T00:00:00Z,27.13,979.1,64.3,26.9124,70.9022,225.0,False,NORMAL
AWS-001,2026-08-15T00:15:00Z,22.66,982.8,82.81,28.6139,77.209,216.0,False,NORMAL
AWS-002,2026-08-15T00:15:00Z,23.91,1009.3,89.74,18.922,72.8347,14.0,False,NORMAL
AWS-003,2026-08-15T00:15:00Z,16.74,833.99,77.73,32.219,76.3234,1457.0,False,NORMAL
AWS-004,2026-08-15T00:15:00Z,27.26,978.65,64.34,26.9124,70.9022,225.0,False,NORMAL
AWS-001,2026-08-15T00:30:00Z,22.6,982.8,83.14,28.6139,77.209,216.0,False,NORMAL
AWS-002,2026-08-15T00:30:00Z,23.84,1008.98,90.27,18.922,72.8347,14.0,False,NORMAL
AWS-003,2026-08-15T00:30:00Z,15.26,833.58,78.11,32.219,76.3234,1457.0,False,NORMAL
AWS-004,2026-08-15T00:30:00Z,26.48,978.59,65.57,26.9124,70.9022,225.0,False,NORMAL
AWS-001,2026-08-15T00:45:00Z,22.31,982.56,83.31,28.6139,77.209,216.0,False,NORMAL
AWS-002,2026-08-15T00:45:00Z,23.6,1008.89,91.4,18.922,72.8347,14.0,False,NORMAL
AWS-003,2026-08-15T00:45:00Z,16.2,833.81,77.94,32.219,76.3234,1457.0,False,NORMAL
AWS-004,2026-08-15T00:45:00Z,26.71,978.55,64.93,26.9124,70.9022,225.0,False,NORMAL
AWS-001,2026-08-15T01:00:00Z,22.56,982.31,84.23,28.6139,77.209,216.0,False,NORMAL
AWS-002,2026-08-15T01:00:00Z,24.49,1008.65,91.12,18.922,72.8347,14.0,False,NORMAL
AWS-003,2026-08-15T01:00:00Z,16.84,833.3,79.73,32.219,76.3234,1457.0,False,NORMAL
AWS-004,2026-08-15T01:00:00Z,26.03,978.3,66.49,26.9124,70.9022,225.0,False,NORMAL
AWS-001,2026-08-15T01:15:00Z,22.51,982.23,84.39,28.6139,77.209,216.0,False,NORMAL
AWS-002,2026-08-15T01:15:00Z,23.69,1008.82,91.56,18.922,72.8347,14.0,False,NORMAL
AWS-003,2026-08-15T01:15:00Z,16.21,833.45,78.89,32.219,76.3234,1457.0,False,NORMAL
AWS-004,2026-08-15T01:15:00Z,26.24,978.27,66.19,26.9124,70.9022,225.0,False,NORMAL
AWS-001,2026-08-15T01:30:00Z,22.35,982.2,83.73,28.6139,77.209,216.0,False,NORMAL
AWS-002,2026-08-15T01:30:00Z,23.83,1008.58,93.17,18.922,72.8347,14.0,False,NORMAL
AWS-003,2026-08-15T01:30:00Z,16.07,833.19,79.46,32.219,76.3234,1457.0,False,NORMAL
AWS-004,2026-08-15T01:30:00Z,26.67,978.08,66.03,26.9124,70.9022,225.0,False,NORMAL
AWS-001,2026-08-15T01:45:00Z,22.52,981.75,84.67,28.6139,77.209,216.0,False,NORMAL
AWS-002,2026-08-15T01:45:00Z,23.69,1008.34,92.88,18.922,72.8347,14.0,False,NORMAL
AWS-003,2026-08-15T01:45:00Z,16.35,833.37,79.38,32.219,76.3234,1457.0,False,NORMAL
AWS-004,2026-08-15T01:45:00Z,26.31,978.18,66.01,26.9124,70.9022,225.0,False,NORMAL
AWS-001,2026-08-15T02:00:00Z,22.13,981.78,84.18,28.6139,77.209,216.0,False,NORMAL
AWS-002,2026-08-15T02:00:00Z,23.81,1008.56,93.22,18.922,72.8347,14.0,False,NORMAL
AWS-003,2026-08-15T02:00:00Z,15.38,833.28,79.88,32.219,76.3234,1457.0,False,NORMAL
AWS-004,2026-08-15T02:00:00Z,26.19,977.74,67.03,26.9124,70.9022,225.0,False,NORMAL
AWS-001,2026-08-15T02:15:00Z,22.21,981.71,84.87,28.6139,77.209,216.0,False,NORMAL
AWS-002,2026-08-15T02:15:00Z,23.62,1008.05,92.14,18.922,72.8347,14.0,False,NORMAL
AWS-003,2026-08-15T02:15:00Z,15.8,833.14,79.56,32.219,76.3234,1457.0,False,NORMAL
AWS-004,2026-08-15T02:15:00Z,25.84,977.42,65.6,26.9124,70.9022,225.0,False,NORMAL
AWS-001,2026-08-15T02:30:00Z,22.25,981.34,83.98,28.6139,77.209,216.0,False,NORMAL
AWS-002,2026-08-15T02:30:00Z,24.09,1008.0,92.72,18.922,72.8347,14.0,False,NORMAL
AWS-003,2026-08-15T02:30:00Z,16.17,833.27,78.51,32.219,76.3234,1457.0,False,NORMAL
AWS-004,2026-08-15T02:30:00Z,26.24,977.33,66.87,26.9124,70.9022,225.0,False,NORMAL
AWS-001,2026-08-15T02:45:00Z,22.74,981.53,83.95,28.6139,77.209,216.0,False,NORMAL
AWS-002,2026-08-15T02:45:00Z,23.68,1007.99,92.53,18.922,72.8347,14.0,False,NORMAL
AWS-003,2026-08-15T02:45:00Z,15.56,832.92,76.98,32.219,76.3234,1457.0,False,NORMAL
AWS-004,2026-08-15T02:45:00Z,26.62,977.32,66.25,26.9124,70.9022,225.0,False,NORMAL
AWS-001,2026-08-15T03:00:00Z,22.24,981.54,83.91,28.6139,77.209,216.0,False,NORMAL
AWS-002,2026-08-15T03:00:00Z,23.18,1007.69,91.72,18.922,72.8347,14.0,False,NORMAL
AWS-003,2026-08-15T03:00:00Z,15.95,833.13,78.98,32.219,76.3234,1457.0,False,NORMAL
AWS-004,2026-08-15T03:00:00Z,26.31,977.34,66.64,26.9124,70.9022,225.0,False,NORMAL
AWS-001,2026-08-15T03:15:00Z,23.04,981.46,83.8,28.6139,77.209,216.0,False,NORMAL
AWS-002,2026-08-15T03:15:00Z,23.71,1007.82,91.29,18.922,72.8347,14.0,False,NORMAL
AWS-003,2026-08-15T03:15:00Z,16.36,832.67,77.76,32.219,76.3234,1457.0,False,NORMAL
AWS-004,2026-08-15T03:15:00Z,26.82,977.32,65.24,26.9124,70.9022,225.0,False,NORMAL
AWS-001,2026-08-15T03:30:00Z,23.25,981.4,83.49,28.6139,77.209,216.0,False,NORMAL
AWS-002,2026-08-15T03:30:00Z,23.75,1007.68,91.19,18.922,72.8347,14.0,False,NORMAL
AWS-003,2026-08-15T03:30:00Z,16.15,832.68,77.88,32.219,76.3234,1457.0,False,NORMAL
AWS-004,2026-08-15T03:30:00Z,26.51,977.18,65.1,26.9124,70.9022,225.0,False,NORMAL
AWS-001,2026-08-15T03:45:00Z,22.91,981.29,82.96,28.6139,77.209,216.0,False,NORMAL
AWS-002,2026-08-15T03:45:00Z,24.53,1007.86,90.87,18.922,72.8347,14.0,False,NORMAL
AWS-003,2026-08-15T03:45:00Z,16.43,833.13,77.25,32.219,76.3234,1457.0,False,NORMAL
AWS-004,2026-08-15T03:45:00Z,27.23,977.08,64.72,26.9124,70.9022,225.0,False,NORMAL
AWS-001,2026-08-15T04:00:00Z,22.94,981.23,81.9,28.6139,77.209,216.0,False,NORMAL
AWS-002,2026-08-15T04:00:00Z,23.62,1007.68,89.71,18.922,72.8347,14.0,False,NORMAL
AWS-003,2026-08-15T04:00:00Z,16.42,832.66,75.88,32.219,76.3234,1457.0,False,NORMAL
AWS-004,2026-08-15T04:00:00Z,27.05,977.38,63.12,26.9124,70.9022,225.0,False,NORMAL
AWS-001,2026-08-15T04:15:00Z,23.15,981.39,81.27,28.6139,77.209,216.0,False,NORMAL
AWS-002,2026-08-15T04:15:00Z,24.19,1007.41,88.1,18.922,72.8347,14.0,False,NORMAL
AWS-003,2026-08-15T04:15:00Z,17.61,832.67,77.58,32.219,76.3234,1457.0,False,NORMAL
AWS-004,2026-08-15T04:15:00Z,27.07,977.28,62.45,26.9124,70.9022,225.0,False,NORMAL
AWS-001,2026-08-15T04:30:00Z,22.92,981.35,80.42,28.6139,77.209,216.0,False,NORMAL
AWS-002,2026-08-15T04:30:00Z,24.9,1007.94,88.97,18.922,72.8347,14.0,False,NORMAL
AWS-003,2026-08-15T04:30:00Z,16.06,832.67,74.87,32.219,76.3234,1457.0,False,NORMAL
AWS-004,2026-08-15T04:30:00Z,27.49,977.06,62.79,26.9124,70.9022,225.0,False,NORMAL
AWS-001,2026-08-15T04:45:00Z,23.9,981.38,80.35,28.6139,77.209,216.0,False,NORMAL
AWS-002,2026-08-15T04:45:00Z,24.88,1007.52,86.86,18.922,72.8347,14.0,False,NORMAL
AWS-003,2026-08-15T04:45:00Z,17.51,832.98,74.1,32.219,76.3234,1457.0,False,NORMAL
AWS-004,2026-08-15T04:45:00Z,28.11,977.36,60.95,26.9124,70.9022,225.0,False,NORMAL
AWS-001,2026-08-15T05:00:00Z,24.21,981.45,78.36,28.6139,77.209,216.0,False,NORMAL
AWS-002,2026-08-15T05:00:00Z,25.29,1007.6,86.44,18.922,72.8347,14.0,False,NORMAL
AWS-003,2026-08-15T05:00:00Z,17.69,832.76,73.46,32.219,76.3234,1457.0,False,NORMAL
AWS-004,2026-08-15T05:00:00Z,27.98,977.4,60.73,26.9124,70.9022,225.0,False,NORMAL
AWS-001,2026-08-15T05:15:00Z,24.29,981.45,77.63,28.6139,77.209,216.0,False,NORMAL
AWS-002,2026-08-15T05:15:00Z,26.04,1007.73,85.89,18.922,72.8347,14.0,False,NORMAL
AWS-003,2026-08-15T05:15:00Z,17.96,832.77,73.82,32.219,76.3234,1457.0,False,NORMAL
AWS-004,2026-08-15T05:15:00Z,29.23,977.3,59.68,26.9124,70.9022,225.0,False,NORMAL
AWS-001,2026-08-15T05:30:00Z,24.5,981.74,76.79,28.6139,77.209,216.0,False,NORMAL
AWS-002,2026-08-15T05:30:00Z,25.91,1007.7,83.61,18.922,72.8347,14.0,False,NORMAL
AWS-003,2026-08-15T05:30:00Z,18.62,833.02,72.0,32.219,76.3234,1457.0,False,NORMAL
AWS-004,2026-08-15T05:30:00Z,27.91,977.7,58.32,26.9124,70.9022,225.0,False,NORMAL
AWS-001,2026-08-15T05:45:00Z,25.14,981.75,75.98,28.6139,77.209,216.0,False,NORMAL
AWS-002,2026-08-15T05:45:00Z,26.4,1007.83,83.84,18.922,72.8347,14.0,False,NORMAL
AWS-003,2026-08-15T05:45:00Z,17.95,833.12,70.86,32.219,76.3234,1457.0,False,NORMAL
AWS-004,2026-08-15T05:45:00Z,29.04,977.97,56.97,26.9124,70.9022,225.0,False,NORMAL
AWS-001,2026-08-15T06:00:00Z,25.24,981.9,74.91,28.6139,77.209,216.0,False,NORMAL
AWS-002,2026-08-15T06:00:00Z,26.35,1008.37,82.43,18.922,72.8347,14.0,False,NORMAL
AWS-003,2026-08-15T06:00:00Z,18.67,832.75,69.58,32.219,76.3234,1457.0,False,NORMAL
AWS-004,2026-08-15T06:00:00Z,29.1,977.81,57.34,26.9124,70.9022,225.0,False,NORMAL
AWS-001,2026-08-15T06:15:00Z,25.84,982.16,73.95,28.6139,77.209,216.0,False,NORMAL
AWS-002,2026-08-15T06:15:00Z,26.83,1008.45,81.12,18.922,72.8347,14.0,False,NORMAL
AWS-003,2026-08-15T06:15:00Z,18.62,833.34,68.54,32.219,76.3234,1457.0,False,NORMAL
AWS-004,2026-08-15T06:15:00Z,28.75,978.05,55.95,26.9124,70.9022,225.0,False,NORMAL
AWS-001,2026-08-15T06:30:00Z,26.43,982.14,72.18,28.6139,77.209,216.0,False,NORMAL
AWS-002,2026-08-15T06:30:00Z,26.85,1008.82,80.54,18.922,72.8347,14.0,False,NORMAL
AWS-003,2026-08-15T06:30:00Z,19.63,833.47,66.88,32.219,76.3234,1457.0,False,NORMAL
AWS-004,2026-08-15T06:30:00Z,30.2,977.89,54.12,26.9124,70.9022,225.0,False,NORMAL
AWS-001,2026-08-15T06:45:00Z,26.44,982.35,70.57,28.6139,77.209,216.0,False,NORMAL
AWS-002,2026-08-15T06:45:00Z,27.66,1008.93,78.95,18.922,72.8347,14.0,False,NORMAL
AWS-003,2026-08-15T06:45:00Z,19.33,833.39,66.41,32.219,76.3234,1457.0,False,NORMAL
AWS-004,2026-08-15T06:45:00Z,30.53,978.32,54.22,26.9124,70.9022,225.0,False,NORMAL
AWS-001,2026-08-15T07:00:00Z,26.68,982.67,69.59,28.6139,77.209,216.0,False,NORMAL
AWS-002,2026-08-15T07:00:00Z,27.78,1008.66,77.57,18.922,72.8347,14.0,False,NORMAL
AWS-003,2026-08-15T07:00:00Z,19.9,833.88,64.89,32.219,76.3234,1457.0,False,NORMAL
AWS-004,2026-08-15T07:00:00Z,30.28,978.68,51.62,26.9124,70.9022,225.0,False,NORMAL
AWS-001,2026-08-15T07:15:00Z,27.0,982.77,67.56,28.6139,77.209,216.0,False,NORMAL
AWS-002,2026-08-15T07:15:00Z,28.12,1009.18,76.25,18.922,72.8347,14.0,False,NORMAL
AWS-003,2026-08-15T07:15:00Z,20.86,833.87,63.58,32.219,76.3234,1457.0,False,NORMAL
AWS-004,2026-08-15T07:15:00Z,30.36,978.6,51.41,26.9124,70.9022,225.0,False,NORMAL
AWS-001,2026-08-15T07:30:00Z,27.66,982.93,67.18,28.6139,77.209,216.0,False,NORMAL
AWS-002,2026-08-15T07:30:00Z,28.45,1008.93,74.82,18.922,72.8347,14.0,False,NORMAL
AWS-003,2026-08-15T07:30:00Z,20.18,833.84,60.88,32.219,76.3234,1457.0,False,NORMAL
AWS-004,2026-08-15T07:30:00Z,31.62,978.79,49.04,26.9124,70.9022,225.0,False,NORMAL
AWS-001,2026-08-15T07:45:00Z,27.74,982.85,66.48,28.6139,77.209,216.0,False,NORMAL
AWS-002,2026-08-15T07:45:00Z,29.08,1009.44,73.71,18.922,72.8347,14.0,False,NORMAL
AWS-003,2026-08-15T07:45:00Z,20.86,834.08,59.12,32.219,76.3234,1457.0,False,NORMAL
AWS-004,2026-08-15T07:45:00Z,31.74,978.86,48.18,26.9124,70.9022,225.0,False,NORMAL
AWS-001,2026-08-15T08:00:00Z,28.37,982.98,65.03,28.6139,77.209,216.0,False,NORMAL
AWS-002,2026-08-15T08:00:00Z,29.22,1009.6,72.14,18.922,72.8347,14.0,False,NORMAL
AWS-003,2026-08-15T08:00:00Z,22.37,833.91,60.55,32.219,76.3234,1457.0,False,NORMAL
AWS-004,2026-08-15T08:00:00Z,32.01,979.05,46.5,26.9124,70.9022,225.0,False,NORMAL
AWS-001,2026-08-15T08:15:00Z,28.71,983.05,63.12,28.6139,77.209,216.0,False,NORMAL
AWS-002,2026-08-15T08:15:00Z,29.17,1009.66,72.22,18.922,72.8347,14.0,False,NORMAL
AWS-003,2026-08-15T08:15:00Z,22.63,834.12,58.62,32.219,76.3234,1457.0,False,NORMAL
AWS-004,2026-08-15T08:15:00Z,33.15,979.17,44.89,26.9124,70.9022,225.0,False,NORMAL
AWS-001,2026-08-15T08:30:00Z,28.92,983.3,63.07,28.6139,77.209,216.0,False,NORMAL
AWS-002,2026-08-15T08:30:00Z,30.02,1009.74,69.07,18.922,72.8347,14.0,False,NORMAL
AWS-003,2026-08-15T08:30:00Z,22.56,834.49,57.36,32.219,76.3234,1457.0,False,NORMAL
AWS-004,2026-08-15T08:30:00Z,33.49,979.18,43.74,26.9124,70.9022,225.0,False,NORMAL
AWS-001,2026-08-15T08:45:00Z,29.42,983.37,60.82,28.6139,77.209,216.0,False,NORMAL
AWS-002,2026-08-15T08:45:00Z,30.55,1009.65,69.1,18.922,72.8347,14.0,False,NORMAL
AWS-003,2026-08-15T08:45:00Z,23.68,834.31,55.61,32.219,76.3234,1457.0,False,NORMAL
AWS-004,2026-08-15T08:45:00Z,33.82,979.26,43.08,26.9124,70.9022,225.0,False,NORMAL
AWS-001,2026-08-15T09:00:00Z,29.46,983.67,59.62,28.6139,77.209,216.0,False,NORMAL
AWS-002,2026-08-15T09:00:00Z,31.27,1010.01,67.62,18.922,72.8347,14.0,False,NORMAL
AWS-003,2026-08-15T09:00:00Z,23.73,834.3,55.1,32.219,76.3234,1457.0,False,NORMAL
AWS-004,2026-08-15T09:00:00Z,34.38,979.64,41.26,26.9124,70.9022,225.0,False,NORMAL
AWS-001,2026-08-15T09:15:00Z,30.86,983.41,58.93,28.6139,77.209,216.0,False,NORMAL
AWS-002,2026-08-15T09:15:00Z,31.42,1010.07,67.82,18.922,72.8347,14.0,False,NORMAL
AWS-003,2026-08-15T09:15:00Z,24.02,834.62,52.47,32.219,76.3234,1457.0,False,NORMAL
AWS-004,2026-08-15T09:15:00Z,34.63,979.36,39.66,26.9124,70.9022,225.0,False,NORMAL
AWS-001,2026-08-15T09:30:00Z,30.57,983.74,56.36,28.6139,77.209,216.0,False,NORMAL
AWS-002,2026-08-15T09:30:00Z,31.7,1009.97,63.89,18.922,72.8347,14.0,False,NORMAL
AWS-003,2026-08-15T09:30:00Z,23.68,834.53,51.83,32.219,76.3234,1457.0,False,NORMAL
AWS-004,2026-08-15T09:30:00Z,34.36,979.69,39.0,26.9124,70.9022,225.0,False,NORMAL
AWS-001,2026-08-15T09:45:00Z,30.75,983.61,55.83,28.6139,77.209,216.0,False,NORMAL
AWS-002,2026-08-15T09:45:00Z,32.54,1009.91,62.93,18.922,72.8347,14.0,False,NORMAL
AWS-003,2026-08-15T09:45:00Z,25.41,834.62,51.1,32.219,76.3234,1457.0,False,NORMAL
AWS-004,2026-08-15T09:45:00Z,34.43,979.64,38.4,26.9124,70.9022,225.0,False,NORMAL
AWS-001,2026-08-15T10:00:00Z,31.09,983.72,55.18,28.6139,77.209,216.0,False,NORMAL
AWS-002,2026-08-15T10:00:00Z,32.38,1009.99,62.4,18.922,72.8347,14.0,False,NORMAL
AWS-003,2026-08-15T10:00:00Z,24.91,834.47,49.99,32.219,76.3234,1457.0,False,NORMAL
AWS-004,2026-08-15T10:00:00Z,34.84,979.55,36.2,26.9124,70.9022,225.0,False,NORMAL
AWS-001,2026-08-15T10:15:00Z,31.31,983.58,54.04,28.6139,77.209,216.0,False,NORMAL
AWS-002,2026-08-15T10:15:00Z,32.53,1010.1,61.81,18.922,72.8347,14.0,False,NORMAL
AWS-003,2026-08-15T10:15:00Z,24.23,834.8,48.63,32.219,76.3234,1457.0,False,NORMAL
AWS-004,2026-08-15T10:15:00Z,35.26,979.59,35.2,26.9124,70.9022,225.0,False,NORMAL
AWS-001,2026-08-15T10:30:00Z,31.53,983.26,52.69,28.6139,77.209,216.0,False,NORMAL
AWS-002,2026-08-15T10:30:00Z,33.85,1009.65,59.48,18.922,72.8347,14.0,False,NORMAL
AWS-003,2026-08-15T10:30:00Z,25.29,834.51,48.34,32.219,76.3234,1457.0,False,NORMAL
AWS-004,2026-08-15T10:30:00Z,36.19,979.58,34.02,26.9124,70.9022,225.0,False,NORMAL
AWS-001,2026-08-15T10:45:00Z,32.32,983.44,51.69,28.6139,77.209,216.0,False,NORMAL
AWS-002,2026-08-15T10:45:00Z,33.39,1009.82,59.58,18.922,72.8347,14.0,False,NORMAL
AWS-003,2026-08-15T10:45:00Z,25.09,834.47,46.31,32.219,76.3234,1457.0,False,NORMAL
AWS-004,2026-08-15T10:45:00Z,36.76,979.47,33.59,26.9124,70.9022,225.0,False,NORMAL
AWS-001,2026-08-15T11:00:00Z,33.15,983.36,49.98,28.6139,77.209,216.0,False,NORMAL
AWS-002,2026-08-15T11:00:00Z,33.19,1009.77,58.86,18.922,72.8347,14.0,False,NORMAL
AWS-003,2026-08-15T11:00:00Z,25.6,834.32,46.09,32.219,76.3234,1457.0,False,NORMAL
AWS-004,2026-08-15T11:00:00Z,36.21,979.43,32.31,26.9124,70.9022,225.0,False,NORMAL
AWS-001,2026-08-15T11:15:00Z,32.63,983.21,50.27,28.6139,77.209,216.0,False,NORMAL
AWS-002,2026-08-15T11:15:00Z,33.87,1009.97,57.98,18.922,72.8347,14.0,False,NORMAL
AWS-003,2026-08-15T11:15:00Z,25.43,834.53,45.06,32.219,76.3234,1457.0,False,NORMAL
AWS-004,2026-08-15T11:15:00Z,36.75,979.34,30.92,26.9124,70.9022,225.0,False,NORMAL
AWS-001,2026-08-15T11:30:00Z,32.83,982.98,48.93,28.6139,77.209,216.0,False,NORMAL
AWS-002,2026-08-15T11:30:00Z,34.53,1009.71,56.61,18.922,72.8347,14.0,False,NORMAL
AWS-003,2026-08-15T11:30:00Z,26.49,834.58,43.74,32.219,76.3234,1457.0,False,NORMAL
AWS-004,2026-08-15T11:30:00Z,36.71,979.09,30.97,26.9124,70.9022,225.0,False,NORMAL
AWS-001,2026-08-15T11:45:00Z,32.91,983.0,48.32,28.6139,77.209,216.0,False,NORMAL
AWS-002,2026-08-15T11:45:00Z,34.12,1009.35,57.1,18.922,72.8347,14.0,False,NORMAL
AWS-003,2026-08-15T11:45:00Z,26.48,834.39,42.1,32.219,76.3234,1457.0,False,NORMAL
AWS-004,2026-08-15T11:45:00Z,37.19,978.97,29.68,26.9124,70.9022,225.0,False,NORMAL
AWS-001,2026-08-15T12:00:00Z,32.8,982.93,47.08,28.6139,77.209,216.0,False,NORMAL
AWS-002,2026-08-15T12:00:00Z,34.34,1009.59,55.45,18.922,72.8347,14.0,False,NORMAL
AWS-003,2026-08-15T12:00:00Z,26.99,833.9,42.74,32.219,76.3234,1457.0,False,NORMAL
AWS-004,2026-08-15T12:00:00Z,37.21,979.01,30.53,26.9124,70.9022,225.0,False,NORMAL
AWS-001,2026-08-15T12:15:00Z,33.48,982.86,46.13,28.6139,77.209,216.0,False,NORMAL
AWS-002,2026-08-15T12:15:00Z,34.33,1009.57,55.41,18.922,72.8347,14.0,False,NORMAL
AWS-003,2026-08-15T12:15:00Z,27.58,834.34,40.72,32.219,76.3234,1457.0,False,NORMAL
AWS-004,2026-08-15T12:15:00Z,37.98,978.62,28.37,26.9124,70.9022,225.0,False,NORMAL
AWS-001,2026-08-15T12:30:00Z,33.56,982.57,45.73,28.6139,77.209,216.0,False,NORMAL
AWS-002,2026-08-15T12:30:00Z,35.04,1009.29,53.6,18.922,72.8347,14.0,False,NORMAL
AWS-003,2026-08-15T12:30:00Z,26.86,833.91,40.38,32.219,76.3234,1457.0,False,NORMAL
AWS-004,2026-08-15T12:30:00Z,37.61,979.02,29.14,26.9124,70.9022,225.0,False,NORMAL
AWS-001,2026-08-15T12:45:00Z,34.0,982.65,45.29,28.6139,77.209,216.0,False,NORMAL
AWS-002,2026-08-15T12:45:00Z,35.55,1009.08,53.76,18.922,72.8347,14.0,False,NORMAL
AWS-003,2026-08-15T12:45:00Z,27.06,833.89,41.27,32.219,76.3234,1457.0,False,NORMAL
AWS-004,2026-08-15T12:45:00Z,38.21,978.56,27.71,26.9124,70.9022,225.0,False,NORMAL
AWS-001,2026-08-15T13:00:00Z,33.78,982.35,45.46,28.6139,77.209,216.0,False,NORMAL
AWS-002,2026-08-15T13:00:00Z,35.07,1008.78,53.12,18.922,72.8347,14.0,False,NORMAL
AWS-003,2026-08-15T13:00:00Z,27.44,833.75,40.93,32.219,76.3234,1457.0,False,NORMAL
AWS-004,2026-08-15T13:00:00Z,37.85,978.33,27.36,26.9124,70.9022,225.0,False,NORMAL
AWS-001,2026-08-15T13:15:00Z,33.36,982.41,45.58,28.6139,77.209,216.0,False,NORMAL
AWS-002,2026-08-15T13:15:00Z,34.83,1008.52,53.95,18.922,72.8347,14.0,False,NORMAL
AWS-003,2026-08-15T13:15:00Z,27.76,833.24,41.95,32.219,76.3234,1457.0,False,NORMAL
AWS-004,2026-08-15T13:15:00Z,38.24,978.0,27.49,26.9124,70.9022,225.0,False,NORMAL
AWS-001,2026-08-15T13:30:00Z,34.43,982.24,44.64,28.6139,77.209,216.0,False,NORMAL
AWS-002,2026-08-15T13:30:00Z,35.87,1008.29,53.34,18.922,72.8347,14.0,False,NORMAL
AWS-003,2026-08-15T13:30:00Z,27.34,833.52,40.07,32.219,76.3234,1457.0,False,NORMAL
AWS-004,2026-08-15T13:30:00Z,37.91,978.0,27.73,26.9124,70.9022,225.0,False,NORMAL
AWS-001,2026-08-15T13:45:00Z,34.53,981.91,45.57,28.6139,77.209,216.0,False,NORMAL
AWS-002,2026-08-15T13:45:00Z,35.13,1008.45,53.48,18.922,72.8347,14.0,False,NORMAL
AWS-003,2026-08-15T13:45:00Z,27.38,833.26,40.41,32.219,76.3234,1457.0,False,NORMAL
AWS-004,2026-08-15T13:45:00Z,38.33,978.03,25.55,26.9124,70.9022,225.0,False,NORMAL
AWS-001,2026-08-15T14:00:00Z,34.44,982.03,44.94,28.6139,77.209,216.0,False,NORMAL
AWS-002,2026-08-15T14:00:00Z,35.09,1008.08,53.4,18.922,72.8347,14.0,False,NORMAL
AWS-003,2026-08-15T14:00:00Z,27.72,833.01,41.33,32.219,76.3234,1457.0,False,NORMAL
AWS-004,2026-08-15T14:00:00Z,38.32,977.78,26.4,26.9124,70.9022,225.0,False,NORMAL
AWS-001,2026-08-15T14:15:00Z,34.31,981.93,45.32,28.6139,77.209,216.0,False,NORMAL
AWS-002,2026-08-15T14:15:00Z,35.27,1007.83,52.39,18.922,72.8347,14.0,False,NORMAL
AWS-003,2026-08-15T14:15:00Z,27.18,832.72,38.71,32.219,76.3234,1457.0,False,NORMAL
AWS-004,2026-08-15T14:15:00Z,38.04,977.72,28.04,26.9124,70.9022,225.0,False,NORMAL
AWS-001,2026-08-15T14:30:00Z,34.06,981.59,44.11,28.6139,77.209,216.0,False,NORMAL
AWS-002,2026-08-15T14:30:00Z,34.96,1008.01,52.73,18.922,72.8347,14.0,False,NORMAL
AWS-003,2026-08-15T14:30:00Z,26.63,832.82,39.11,32.219,76.3234,1457.0,False,NORMAL
AWS-004,2026-08-15T14:30:00Z,38.18,977.51,26.51,26.9124,70.9022,225.0,False,NORMAL
AWS-001,2026-08-15T14:45:00Z,34.07,981.57,45.66,28.6139,77.209,216.0,False,NORMAL
AWS-002,2026-08-15T14:45:00Z,35.46,1007.86,53.88,18.922,72.8347,14.0,False,NORMAL
AWS-003,2026-08-15T14:45:00Z,28.05,832.95,40.05,32.219,76.3234,1457.0,False,NORMAL
AWS-004,2026-08-15T14:45:00Z,38.34,977.43,28.03,26.9124,70.9022,225.0,False,NORMAL
AWS-001,2026-08-15T15:00:00Z,34.06,981.59,46.33,28.6139,77.209,216.0,False,NORMAL
AWS-002,2026-08-15T15:00:00Z,35.0,1007.85,54.32,18.922,72.8347,14.0,False,NORMAL
AWS-003,2026-08-15T15:00:00Z,27.48,832.71,39.94,32.219,76.3234,1457.0,False,NORMAL
AWS-004,2026-08-15T15:00:00Z,38.37,977.85,26.26,26.9124,70.9022,225.0,False,NORMAL
AWS-001,2026-08-15T15:15:00Z,33.84,981.37,46.28,28.6139,77.209,216.0,False,NORMAL
AWS-002,2026-08-15T15:15:00Z,34.76,1007.62,53.79,18.922,72.8347,14.0,False,NORMAL
AWS-003,2026-08-15T15:15:00Z,28.31,832.65,40.18,32.219,76.3234,1457.0,False,NORMAL
AWS-004,2026-08-15T15:15:00Z,37.92,977.41,27.77,26.9124,70.9022,225.0,False,NORMAL
AWS-001,2026-08-15T15:30:00Z,33.97,981.23,46.02,28.6139,77.209,216.0,False,NORMAL
AWS-002,2026-08-15T15:30:00Z,34.84,1007.4,53.68,18.922,72.8347,14.0,False,NORMAL
AWS-003,2026-08-15T15:30:00Z,27.82,832.88,42.42,32.219,76.3234,1457.0,False,NORMAL
AWS-004,2026-08-15T15:30:00Z,37.58,977.43,28.85,26.9124,70.9022,225.0,False,NORMAL
AWS-001,2026-08-15T15:45:00Z,33.4,981.51,46.06,28.6139,77.209,216.0,False,NORMAL
AWS-002,2026-08-15T15:45:00Z,34.29,1007.6,55.69,18.922,72.8347,14.0,False,NORMAL
AWS-003,2026-08-15T15:45:00Z,27.78,832.69,42.3,32.219,76.3234,1457.0,False,NORMAL
AWS-004,2026-08-15T15:45:00Z,37.84,977.12,29.17,26.9124,70.9022,225.0,False,NORMAL
AWS-001,2026-08-15T16:00:00Z,32.9,981.24,47.47,28.6139,77.209,216.0,False,NORMAL
AWS-002,2026-08-15T16:00:00Z,34.17,1007.66,55.27,18.922,72.8347,14.0,False,NORMAL
AWS-003,2026-08-15T16:00:00Z,26.74,832.75,41.52,32.219,76.3234,1457.0,False,NORMAL
AWS-004,2026-08-15T16:00:00Z,37.57,977.4,29.56,26.9124,70.9022,225.0,False,NORMAL
AWS-001,2026-08-15T16:15:00Z,33.24,981.35,47.53,28.6139,77.209,216.0,False,NORMAL
AWS-002,2026-08-15T16:15:00Z,33.91,1007.76,56.72,18.922,72.8347,14.0,False,NORMAL
AWS-003,2026-08-15T16:15:00Z,26.2,832.34,44.27,32.219,76.3234,1457.0,False,NORMAL
AWS-004,2026-08-15T16:15:00Z,37.03,977.19,29.8,26.9124,70.9022,225.0,False,NORMAL
AWS-001,2026-08-15T16:30:00Z,32.49,981.36,48.92,28.6139,77.209,216.0,False,NORMAL
AWS-002,2026-08-15T16:30:00Z,33.78,1007.49,57.61,18.922,72.8347,14.0,False,NORMAL
AWS-003,2026-08-15T16:30:00Z,25.68,832.56,43.59,32.219,76.3234,1457.0,False,NORMAL
AWS-004,2026-08-15T16:30:00Z,36.93,977.31,31.84,26.9124,70.9022,225.0,False,NORMAL
AWS-001,2026-08-15T16:45:00Z,32.9,981.54,49.42,28.6139,77.209,216.0,False,NORMAL
AWS-002,2026-08-15T16:45:00Z,33.76,1007.55,58.11,18.922,72.8347,14.0,False,NORMAL
AWS-003,2026-08-15T16:45:00Z,26.65,832.61,45.09,32.219,76.3234,1457.0,False,NORMAL
AWS-004,2026-08-15T16:45:00Z,36.11,977.1,32.98,26.9124,70.9022,225.0,False,NORMAL
AWS-001,2026-08-15T17:00:00Z,32.07,981.38,51.12,28.6139,77.209,216.0,False,NORMAL
AWS-002,2026-08-15T17:00:00Z,33.75,1007.74,59.4,18.922,72.8347,14.0,False,NORMAL
AWS-003,2026-08-15T17:00:00Z,25.89,832.72,45.9,32.219,76.3234,1457.0,False,NORMAL
AWS-004,2026-08-15T17:00:00Z,36.2,977.44,33.16,26.9124,70.9022,225.0,False,NORMAL
AWS-001,2026-08-15T17:15:00Z,31.89,981.27,52.01,28.6139,77.209,216.0,False,NORMAL
AWS-002,2026-08-15T17:15:00Z,32.61,1007.76,60.17,18.922,72.8347,14.0,False,NORMAL
AWS-003,2026-08-15T17:15:00Z,25.57,833.25,47.74,32.219,76.3234,1457.0,False,NORMAL
AWS-004,2026-08-15T17:15:00Z,36.0,977.6,33.15,26.9124,70.9022,225.0,False,NORMAL
AWS-001,2026-08-15T17:30:00Z,32.15,981.37,52.52,28.6139,77.209,216.0,False,NORMAL
AWS-002,2026-08-15T17:30:00Z,33.21,1008.26,61.57,18.922,72.8347,14.0,False,NORMAL
AWS-003,2026-08-15T17:30:00Z,25.4,832.43,46.43,32.219,76.3234,1457.0,False,NORMAL
AWS-004,2026-08-15T17:30:00Z,35.16,977.53,34.35,26.9124,70.9022,225.0,False,NORMAL
AWS-001,2026-08-15T17:45:00Z,31.56,981.89,53.66,28.6139,77.209,216.0,False,NORMAL
AWS-002,2026-08-15T17:45:00Z,32.06,1007.94,62.12,18.922,72.8347,14.0,False,NORMAL
AWS-003,2026-08-15T17:45:00Z,25.4,832.63,48.15,32.219,76.3234,1457.0,False,NORMAL
AWS-004,2026-08-15T17:45:00Z,35.45,977.84,35.38,26.9124,70.9022,225.0,False,NORMAL
AWS-001,2026-08-15T18:00:00Z,30.94,981.72,54.97,28.6139,77.209,216.0,False,NORMAL
AWS-002,2026-08-15T18:00:00Z,31.75,1008.41,62.52,18.922,72.8347,14.0,False,NORMAL
AWS-003,2026-08-15T18:00:00Z,24.45,833.12,50.4,32.219,76.3234,1457.0,False,NORMAL
AWS-004,2026-08-15T18:00:00Z,34.89,978.04,35.75,26.9124,70.9022,225.0,False,NORMAL
AWS-001,2026-08-15T18:15:00Z,30.94,982.05,56.45,28.6139,77.209,216.0,False,NORMAL
AWS-002,2026-08-15T18:15:00Z,30.98,1008.3,63.22,18.922,72.8347,14.0,False,NORMAL
AWS-003,2026-08-15T18:15:00Z,24.06,833.42,51.34,32.219,76.3234,1457.0,False,NORMAL
AWS-004,2026-08-15T18:15:00Z,34.83,978.08,39.01,26.9124,70.9022,225.0,False,NORMAL
AWS-001,2026-08-15T18:30:00Z,30.17,982.05,57.68,28.6139,77.209,216.0,False,NORMAL
AWS-002,2026-08-15T18:30:00Z,32.57,1008.69,64.85,18.922,72.8347,14.0,False,NORMAL
AWS-003,2026-08-15T18:30:00Z,24.04,833.59,52.57,32.219,76.3234,1457.0,False,NORMAL
AWS-004,2026-08-15T18:30:00Z,34.52,978.22,39.58,26.9124,70.9022,225.0,False,NORMAL
AWS-001,2026-08-15T18:45:00Z,29.9,982.21,58.86,28.6139,77.209,216.0,False,NORMAL
AWS-002,2026-08-15T18:45:00Z,31.32,1008.57,66.45,18.922,72.8347,14.0,False,NORMAL
AWS-003,2026-08-15T18:45:00Z,22.33,833.51,53.82,32.219,76.3234,1457.0,False,NORMAL
AWS-004,2026-08-15T18:45:00Z,33.4,978.32,39.97,26.9124,70.9022,225.0,False,NORMAL
AWS-001,2026-08-15T19:00:00Z,29.42,982.51,59.28,28.6139,77.209,216.0,False,NORMAL
AWS-002,2026-08-15T19:00:00Z,30.81,1008.75,67.76,18.922,72.8347,14.0,False,NORMAL
AWS-003,2026-08-15T19:00:00Z,23.53,833.97,55.35,32.219,76.3234,1457.0,False,NORMAL
AWS-004,2026-08-15T19:00:00Z,33.2,978.46,42.42,26.9124,70.9022,225.0,False,NORMAL
AWS-001,2026-08-15T19:15:00Z,29.05,982.55,60.88,28.6139,77.209,216.0,False,NORMAL
AWS-002,2026-08-15T19:15:00Z,30.96,1009.07,69.61,18.922,72.8347,14.0,False,NORMAL
AWS-003,2026-08-15T19:15:00Z,21.86,833.65,56.48,32.219,76.3234,1457.0,False,NORMAL
AWS-004,2026-08-15T19:15:00Z,33.26,978.64,42.98,26.9124,70.9022,225.0,False,NORMAL
AWS-001,2026-08-15T19:30:00Z,29.07,982.87,62.17,28.6139,77.209,216.0,False,NORMAL
AWS-002,2026-08-15T19:30:00Z,30.27,1008.95,71.27,18.922,72.8347,14.0,False,NORMAL
AWS-003,2026-08-15T19:30:00Z,23.19,834.09,56.64,32.219,76.3234,1457.0,False,NORMAL
AWS-004,2026-08-15T19:30:00Z,32.76,978.56,43.63,26.9124,70.9022,225.0,False,NORMAL
AWS-001,2026-08-15T19:45:00Z,28.36,983.29,63.44,28.6139,77.209,216.0,False,NORMAL
AWS-002,2026-08-15T19:45:00Z,29.76,1009.12,72.44,18.922,72.8347,14.0,False,NORMAL
AWS-003,2026-08-15T19:45:00Z,21.65,833.96,57.5,32.219,76.3234,1457.0,False,NORMAL
AWS-004,2026-08-15T19:45:00Z,31.99,978.5,46.52,26.9124,70.9022,225.0,False,NORMAL
AWS-001,2026-08-15T20:00:00Z,28.41,983.3,65.23,28.6139,77.209,216.0,False,NORMAL
AWS-002,2026-08-15T20:00:00Z,29.13,1009.41,74.03,18.922,72.8347,14.0,False,NORMAL
AWS-003,2026-08-15T20:00:00Z,21.81,833.98,58.92,32.219,76.3234,1457.0,False,NORMAL
AWS-004,2026-08-15T20:00:00Z,32.69,979.18,46.44,26.9124,70.9022,225.0,False,NORMAL
AWS-001,2026-08-15T20:15:00Z,27.61,983.15,65.7,28.6139,77.209,216.0,False,NORMAL
AWS-002,2026-08-15T20:15:00Z,28.37,1009.69,73.73,18.922,72.8347,14.0,False,NORMAL
AWS-003,2026-08-15T20:15:00Z,20.4,834.23,60.9,32.219,76.3234,1457.0,False,NORMAL
AWS-004,2026-08-15T20:15:00Z,31.56,979.14,49.36,26.9124,70.9022,225.0,False,NORMAL
AWS-001,2026-08-15T20:30:00Z,27.18,983.3,67.27,28.6139,77.209,216.0,False,NORMAL
AWS-002,2026-08-15T20:30:00Z,28.47,1010.07,75.9,18.922,72.8347,14.0,False,NORMAL
AWS-003,2026-08-15T20:30:00Z,21.2,834.13,61.79,32.219,76.3234,1457.0,False,NORMAL
AWS-004,2026-08-15T20:30:00Z,31.92,979.13,50.42,26.9124,70.9022,225.0,False,NORMAL
AWS-001,2026-08-15T20:45:00Z,26.83,983.22,68.34,28.6139,77.209,216.0,False,NORMAL
AWS-002,2026-08-15T20:45:00Z,28.45,1009.67,77.02,18.922,72.8347,14.0,False,NORMAL
AWS-003,2026-08-15T20:45:00Z,20.48,834.79,64.44,32.219,76.3234,1457.0,False,NORMAL
AWS-004,2026-08-15T20:45:00Z,30.88,979.38,51.09,26.9124,70.9022,225.0,False,NORMAL
AWS-001,2026-08-15T21:00:00Z,26.58,983.48,70.12,28.6139,77.209,216.0,False,NORMAL
AWS-002,2026-08-15T21:00:00Z,27.32,1009.9,77.5,18.922,72.8347,14.0,False,NORMAL
AWS-003,2026-08-15T21:00:00Z,19.38,834.63,64.84,32.219,76.3234,1457.0,False,NORMAL
AWS-004,2026-08-15T21:00:00Z,30.1,979.63,52.23,26.9124,70.9022,225.0,False,NORMAL
AWS-001,2026-08-15T21:15:00Z,26.19,983.57,71.77,28.6139,77.209,216.0,False,NORMAL
AWS-002,2026-08-15T21:15:00Z,27.05,1009.59,78.82,18.922,72.8347,14.0,False,NORMAL
AWS-003,2026-08-15T21:15:00Z,18.78,834.6,67.0,32.219,76.3234,1457.0,False,NORMAL
AWS-004,2026-08-15T21:15:00Z,30.53,979.56,53.89,26.9124,70.9022,225.0,False,NORMAL
AWS-001,2026-08-15T21:30:00Z,25.89,983.58,71.94,28.6139,77.209,216.0,False,NORMAL
AWS-002,2026-08-15T21:30:00Z,26.43,1009.85,80.71,18.922,72.8347,14.0,False,NORMAL
AWS-003,2026-08-15T21:30:00Z,19.81,834.04,67.74,32.219,76.3234,1457.0,False,NORMAL
AWS-004,2026-08-15T21:30:00Z,29.83,979.46,53.93,26.9124,70.9022,225.0,False,NORMAL
AWS-001,2026-08-15T21:45:00Z,25.39,983.55,73.81,28.6139,77.209,216.0,False,NORMAL
AWS-002,2026-08-15T21:45:00Z,26.09,1010.14,81.13,18.922,72.8347,14.0,False,NORMAL
AWS-003,2026-08-15T21:45:00Z,18.65,834.73,67.77,32.219,76.3234,1457.0,False,NORMAL
AWS-004,2026-08-15T21:45:00Z,29.72,979.55,55.05,26.9124,70.9022,225.0,False,NORMAL
AWS-001,2026-08-15T22:00:00Z,25.11,983.6,75.48,28.6139,77.209,216.0,False,NORMAL
AWS-002,2026-08-15T22:00:00Z,25.89,1010.12,82.52,18.922,72.8347,14.0,False,NORMAL
AWS-003,2026-08-15T22:00:00Z,18.89,834.68,68.45,32.219,76.3234,1457.0,False,NORMAL
AWS-004,2026-08-15T22:00:00Z,29.16,979.51,56.55,26.9124,70.9022,225.0,False,NORMAL
AWS-001,2026-08-15T22:15:00Z,24.83,983.7,75.53,28.6139,77.209,216.0,False,NORMAL
AWS-002,2026-08-15T22:15:00Z,25.91,1009.77,83.15,18.922,72.8347,14.0,False,NORMAL
AWS-003,2026-08-15T22:15:00Z,18.41,834.44,71.68,32.219,76.3234,1457.0,False,NORMAL
AWS-004,2026-08-15T22:15:00Z,28.36,979.69,58.84,26.9124,70.9022,225.0,False,NORMAL
AWS-001,2026-08-15T22:30:00Z,23.99,983.52,77.37,28.6139,77.209,216.0,False,NORMAL
AWS-002,2026-08-15T22:30:00Z,25.61,1010.0,85.75,18.922,72.8347,14.0,False,NORMAL
AWS-003,2026-08-15T22:30:00Z,17.68,834.69,72.05,32.219,76.3234,1457.0,False,NORMAL
AWS-004,2026-08-15T22:30:00Z,28.33,979.34,59.5,26.9124,70.9022,225.0,False,NORMAL
AWS-001,2026-08-15T22:45:00Z,23.83,983.65,78.34,28.6139,77.209,216.0,False,NORMAL
AWS-002,2026-08-15T22:45:00Z,25.38,1010.19,86.22,18.922,72.8347,14.0,False,NORMAL
AWS-003,2026-08-15T22:45:00Z,17.55,834.59,72.51,32.219,76.3234,1457.0,False,NORMAL
AWS-004,2026-08-15T22:45:00Z,27.78,979.41,60.32,26.9124,70.9022,225.0,False,NORMAL
AWS-001,2026-08-15T23:00:00Z,23.33,983.46,79.22,28.6139,77.209,216.0,False,NORMAL
AWS-002,2026-08-15T23:00:00Z,24.51,1009.79,86.8,18.922,72.8347,14.0,False,NORMAL
AWS-003,2026-08-15T23:00:00Z,17.04,834.69,73.34,32.219,76.3234,1457.0,False,NORMAL
AWS-004,2026-08-15T23:00:00Z,28.3,979.31,61.55,26.9124,70.9022,225.0,False,NORMAL
AWS-001,2026-08-15T23:15:00Z,23.32,983.25,80.32,28.6139,77.209,216.0,False,NORMAL
AWS-002,2026-08-15T23:15:00Z,24.07,1009.59,87.83,18.922,72.8347,14.0,False,NORMAL
AWS-003,2026-08-15T23:15:00Z,17.44,834.37,73.4,32.219,76.3234,1457.0,False,NORMAL
AWS-004,2026-08-15T23:15:00Z,27.52,979.24,62.66,26.9124,70.9022,225.0,False,NORMAL
AWS-001,2026-08-15T23:30:00Z,23.55,983.18,81.47,28.6139,77.209,216.0,False,NORMAL
AWS-002,2026-08-15T23:30:00Z,25.28,1009.41,89.07,18.922,72.8347,14.0,False,NORMAL
AWS-003,2026-08-15T23:30:00Z,16.43,834.44,76.79,32.219,76.3234,1457.0,False,NORMAL
AWS-004,2026-08-15T23:30:00Z,27.23,979.24,62.06,26.9124,70.9022,225.0,False,NORMAL
AWS-001,2026-08-15T23:45:00Z,22.9,983.18,81.61,28.6139,77.209,216.0,False,NORMAL
AWS-002,2026-08-15T23:45:00Z,24.57,1009.46,89.19,18.922,72.8347,14.0,False,NORMAL
AWS-003,2026-08-15T23:45:00Z,16.73,834.35,76.87,32.219,76.3234,1457.0,False,NORMAL
AWS-004,2026-08-15T23:45:00Z,26.96,979.04,63.84,26.9124,70.9022,225.0,False,NORMAL
AWS-001,2026-08-16T00:00:00Z,31.16,977.78,61.95,28.6139,77.209,216.0,False,GENUINE_WEATHER_EVENT
AWS-002,2026-08-16T00:00:00Z,32.38,1004.44,70.18,18.922,72.8347,14.0,False,GENUINE_WEATHER_EVENT
AWS-003,2026-08-16T00:00:00Z,16.25,834.36,77.55,32.219,76.3234,1457.0,False,NORMAL
AWS-004,2026-08-16T00:00:00Z,26.97,979.12,65.16,26.9124,70.9022,225.0,False,NORMAL
AWS-001,2026-08-16T00:15:00Z,30.98,977.9,63.57,28.6139,77.209,216.0,False,GENUINE_WEATHER_EVENT
AWS-002,2026-08-16T00:15:00Z,32.91,1004.38,70.64,18.922,72.8347,14.0,False,GENUINE_WEATHER_EVENT
AWS-003,2026-08-16T00:15:00Z,16.57,833.84,79.49,32.219,76.3234,1457.0,False,NORMAL
AWS-004,2026-08-16T00:15:00Z,25.89,978.99,65.43,26.9124,70.9022,225.0,False,NORMAL
AWS-001,2026-08-16T00:30:00Z,30.72,977.97,62.93,28.6139,77.209,216.0,False,GENUINE_WEATHER_EVENT
AWS-002,2026-08-16T00:30:00Z,32.75,1004.25,71.34,18.922,72.8347,14.0,False,GENUINE_WEATHER_EVENT
AWS-003,2026-08-16T00:30:00Z,15.86,833.86,79.15,32.219,76.3234,1457.0,False,NORMAL
AWS-004,2026-08-16T00:30:00Z,26.46,978.79,66.56,26.9124,70.9022,225.0,False,NORMAL
AWS-001,2026-08-16T00:45:00Z,30.43,977.52,63.26,28.6139,77.209,216.0,False,GENUINE_WEATHER_EVENT
AWS-002,2026-08-16T00:45:00Z,32.33,1003.87,72.5,18.922,72.8347,14.0,False,GENUINE_WEATHER_EVENT
AWS-003,2026-08-16T00:45:00Z,16.05,833.91,79.12,32.219,76.3234,1457.0,False,NORMAL
AWS-004,2026-08-16T00:45:00Z,26.25,978.25,66.68,26.9124,70.9022,225.0,False,NORMAL
AWS-001,2026-08-16T01:00:00Z,30.67,977.33,64.21,28.6139,77.209,216.0,False,GENUINE_WEATHER_EVENT
AWS-002,2026-08-16T01:00:00Z,32.19,1003.84,72.48,18.922,72.8347,14.0,False,GENUINE_WEATHER_EVENT
AWS-003,2026-08-16T01:00:00Z,15.97,833.79,80.47,32.219,76.3234,1457.0,False,NORMAL
AWS-004,2026-08-16T01:00:00Z,26.12,978.75,66.67,26.9124,70.9022,225.0,False,NORMAL
AWS-001,2026-08-16T01:15:00Z,30.67,977.46,65.17,28.6139,77.209,216.0,False,GENUINE_WEATHER_EVENT
AWS-002,2026-08-16T01:15:00Z,31.96,1003.61,72.35,18.922,72.8347,14.0,False,GENUINE_WEATHER_EVENT
AWS-003,2026-08-16T01:15:00Z,15.48,833.48,79.1,32.219,76.3234,1457.0,False,NORMAL
AWS-004,2026-08-16T01:15:00Z,26.89,978.1,66.29,26.9124,70.9022,225.0,False,NORMAL
AWS-001,2026-08-16T01:30:00Z,30.65,977.28,64.58,28.6139,77.209,216.0,False,GENUINE_WEATHER_EVENT
AWS-002,2026-08-16T01:30:00Z,31.85,1003.61,73.19,18.922,72.8347,14.0,False,GENUINE_WEATHER_EVENT
AWS-003,2026-08-16T01:30:00Z,15.71,833.53,80.03,32.219,76.3234,1457.0,False,NORMAL
AWS-004,2026-08-16T01:30:00Z,26.64,978.27,66.61,26.9124,70.9022,225.0,False,NORMAL
AWS-001,2026-08-16T01:45:00Z,30.88,976.96,64.85,28.6139,77.209,216.0,False,GENUINE_WEATHER_EVENT
AWS-002,2026-08-16T01:45:00Z,31.8,1003.52,73.21,18.922,72.8347,14.0,False,GENUINE_WEATHER_EVENT
AWS-003,2026-08-16T01:45:00Z,15.88,833.02,78.82,32.219,76.3234,1457.0,False,NORMAL
AWS-004,2026-08-16T01:45:00Z,26.22,978.36,66.92,26.9124,70.9022,225.0,False,NORMAL
AWS-001,2026-08-16T02:00:00Z,30.42,976.71,64.89,28.6139,77.209,216.0,False,GENUINE_WEATHER_EVENT
AWS-002,2026-08-16T02:00:00Z,31.9,1003.23,72.76,18.922,72.8347,14.0,False,GENUINE_WEATHER_EVENT
AWS-003,2026-08-16T02:00:00Z,15.42,833.0,78.95,32.219,76.3234,1457.0,False,NORMAL
AWS-004,2026-08-16T02:00:00Z,26.45,977.77,67.73,26.9124,70.9022,225.0,False,NORMAL
AWS-001,2026-08-16T02:15:00Z,30.66,976.64,65.65,28.6139,77.209,216.0,False,GENUINE_WEATHER_EVENT
AWS-002,2026-08-16T02:15:00Z,31.2,1003.42,73.38,18.922,72.8347,14.0,False,GENUINE_WEATHER_EVENT
AWS-003,2026-08-16T02:15:00Z,14.89,833.2,79.99,32.219,76.3234,1457.0,False,NORMAL
AWS-004,2026-08-16T02:15:00Z,26.21,977.78,66.85,26.9124,70.9022,225.0,False,NORMAL
AWS-001,2026-08-16T02:30:00Z,30.73,976.52,64.73,28.6139,77.209,216.0,False,GENUINE_WEATHER_EVENT
AWS-002,2026-08-16T02:30:00Z,31.7,1003.09,72.26,18.922,72.8347,14.0,False,GENUINE_WEATHER_EVENT
AWS-003,2026-08-16T02:30:00Z,16.57,833.13,79.91,32.219,76.3234,1457.0,False,NORMAL
AWS-004,2026-08-16T02:30:00Z,26.66,977.44,67.12,26.9124,70.9022,225.0,False,NORMAL
AWS-001,2026-08-16T02:45:00Z,30.56,976.49,64.28,28.6139,77.209,216.0,False,GENUINE_WEATHER_EVENT
AWS-002,2026-08-16T02:45:00Z,32.23,1002.87,72.75,18.922,72.8347,14.0,False,GENUINE_WEATHER_EVENT
AWS-003,2026-08-16T02:45:00Z,15.9,832.75,79.31,32.219,76.3234,1457.0,False,NORMAL
AWS-004,2026-08-16T02:45:00Z,26.2,977.19,65.69,26.9124,70.9022,225.0,False,NORMAL
AWS-001,2026-08-16T03:00:00Z,31.06,976.42,64.75,28.6139,77.209,216.0,False,GENUINE_WEATHER_EVENT
AWS-002,2026-08-16T03:00:00Z,32.28,1002.81,73.26,18.922,72.8347,14.0,False,GENUINE_WEATHER_EVENT
AWS-003,2026-08-16T03:00:00Z,16.42,832.73,79.97,32.219,76.3234,1457.0,False,NORMAL
AWS-004,2026-08-16T03:00:00Z,26.09,977.33,65.97,26.9124,70.9022,225.0,False,NORMAL
AWS-001,2026-08-16T03:15:00Z,30.1,976.5,63.37,28.6139,77.209,216.0,False,GENUINE_WEATHER_EVENT
AWS-002,2026-08-16T03:15:00Z,32.04,1002.81,71.22,18.922,72.8347,14.0,False,GENUINE_WEATHER_EVENT
AWS-003,2026-08-16T03:15:00Z,16.22,832.36,81.13,32.219,76.3234,1457.0,False,NORMAL
AWS-004,2026-08-16T03:15:00Z,26.69,977.2,65.27,26.9124,70.9022,225.0,False,NORMAL
AWS-001,2026-08-16T03:30:00Z,31.04,976.51,63.88,28.6139,77.209,216.0,False,GENUINE_WEATHER_EVENT
AWS-002,2026-08-16T03:30:00Z,31.6,1002.52,71.25,18.922,72.8347,14.0,False,GENUINE_WEATHER_EVENT
AWS-003,2026-08-16T03:30:00Z,15.22,832.76,79.14,32.219,76.3234,1457.0,False,NORMAL
AWS-004,2026-08-16T03:30:00Z,26.8,977.35,65.35,26.9124,70.9022,225.0,False,NORMAL
AWS-001,2026-08-16T03:45:00Z,31.16,976.13,63.25,28.6139,77.209,216.0,False,GENUINE_WEATHER_EVENT
AWS-002,2026-08-16T03:45:00Z,32.37,1002.64,70.38,18.922,72.8347,14.0,False,GENUINE_WEATHER_EVENT
AWS-003,2026-08-16T03:45:00Z,16.35,832.74,76.68,32.219,76.3234,1457.0,False,NORMAL
AWS-004,2026-08-16T03:45:00Z,26.71,977.04,64.33,26.9124,70.9022,225.0,False,NORMAL
AWS-001,2026-08-16T04:00:00Z,31.21,976.37,62.91,28.6139,77.209,216.0,False,GENUINE_WEATHER_EVENT
AWS-002,2026-08-16T04:00:00Z,32.6,1002.73,69.38,18.922,72.8347,14.0,False,GENUINE_WEATHER_EVENT
AWS-003,2026-08-16T04:00:00Z,15.07,832.74,78.06,32.219,76.3234,1457.0,False,NORMAL
AWS-004,2026-08-16T04:00:00Z,25.91,977.22,64.22,26.9124,70.9022,225.0,False,NORMAL
AWS-001,2026-08-16T04:15:00Z,31.93,976.06,61.5,28.6139,77.209,216.0,False,GENUINE_WEATHER_EVENT
AWS-002,2026-08-16T04:15:00Z,32.5,1002.76,70.7,18.922,72.8347,14.0,False,GENUINE_WEATHER_EVENT
AWS-003,2026-08-16T04:15:00Z,17.33,832.64,77.65,32.219,76.3234,1457.0,False,NORMAL
AWS-004,2026-08-16T04:15:00Z,27.19,977.36,63.52,26.9124,70.9022,225.0,False,NORMAL
AWS-001,2026-08-16T04:30:00Z,31.33,976.53,61.59,28.6139,77.209,216.0,False,GENUINE_WEATHER_EVENT
AWS-002,2026-08-16T04:30:00Z,33.35,1003.04,68.01,18.922,72.8347,14.0,False,GENUINE_WEATHER_EVENT
AWS-003,2026-08-16T04:30:00Z,16.76,832.83,75.81,32.219,76.3234,1457.0,False,NORMAL
AWS-004,2026-08-16T04:30:00Z,27.23,977.29,63.35,26.9124,70.9022,225.0,False,NORMAL
AWS-001,2026-08-16T04:45:00Z,32.19,976.18,60.47,28.6139,77.209,216.0,False,GENUINE_WEATHER_EVENT
AWS-002,2026-08-16T04:45:00Z,33.69,1002.59,68.15,18.922,72.8347,14.0,False,GENUINE_WEATHER_EVENT
AWS-003,2026-08-16T04:45:00Z,16.52,832.49,74.14,32.219,76.3234,1457.0,False,NORMAL
AWS-004,2026-08-16T04:45:00Z,27.4,977.1,62.59,26.9124,70.9022,225.0,False,NORMAL
AWS-001,2026-08-16T05:00:00Z,32.51,976.59,59.66,28.6139,77.209,216.0,False,GENUINE_WEATHER_EVENT
AWS-002,2026-08-16T05:00:00Z,33.45,1002.9,66.84,18.922,72.8347,14.0,False,GENUINE_WEATHER_EVENT
AWS-003,2026-08-16T05:00:00Z,16.82,832.82,74.55,32.219,76.3234,1457.0,False,NORMAL
AWS-004,2026-08-16T05:00:00Z,27.76,977.31,60.54,26.9124,70.9022,225.0,False,NORMAL
AWS-001,2026-08-16T05:15:00Z,32.14,976.53,58.68,28.6139,77.209,216.0,False,GENUINE_WEATHER_EVENT
AWS-002,2026-08-16T05:15:00Z,33.62,1003.1,66.15,18.922,72.8347,14.0,False,GENUINE_WEATHER_EVENT
AWS-003,2026-08-16T05:15:00Z,17.63,832.96,74.01,32.219,76.3234,1457.0,False,NORMAL
AWS-004,2026-08-16T05:15:00Z,27.71,977.52,61.19,26.9124,70.9022,225.0,False,NORMAL
AWS-001,2026-08-16T05:30:00Z,32.35,976.85,57.27,28.6139,77.209,216.0,False,GENUINE_WEATHER_EVENT
AWS-002,2026-08-16T05:30:00Z,33.33,1003.08,66.32,18.922,72.8347,14.0,False,GENUINE_WEATHER_EVENT
AWS-003,2026-08-16T05:30:00Z,17.8,832.74,71.53,32.219,76.3234,1457.0,False,NORMAL
AWS-004,2026-08-16T05:30:00Z,28.69,977.48,59.62,26.9124,70.9022,225.0,False,NORMAL
AWS-001,2026-08-16T05:45:00Z,33.15,976.84,56.8,28.6139,77.209,216.0,False,GENUINE_WEATHER_EVENT
AWS-002,2026-08-16T05:45:00Z,34.98,1002.88,64.61,18.922,72.8347,14.0,False,GENUINE_WEATHER_EVENT
AWS-003,2026-08-16T05:45:00Z,18.27,833.32,69.58,32.219,76.3234,1457.0,False,NORMAL
AWS-004,2026-08-16T05:45:00Z,28.75,977.7,58.59,26.9124,70.9022,225.0,False,NORMAL
AWS-001,2026-08-16T06:00:00Z,33.47,976.91,55.46,28.6139,77.209,216.0,False,GENUINE_WEATHER_EVENT
AWS-002,2026-08-16T06:00:00Z,34.01,1003.21,62.89,18.922,72.8347,14.0,False,GENUINE_WEATHER_EVENT
AWS-003,2026-08-16T06:00:00Z,18.82,833.12,71.18,32.219,76.3234,1457.0,False,NORMAL
AWS-004,2026-08-16T06:00:00Z,28.87,977.93,57.73,26.9124,70.9022,225.0,False,NORMAL
AWS-001,2026-08-16T06:15:00Z,33.78,976.87,53.48,28.6139,77.209,216.0,False,GENUINE_WEATHER_EVENT
AWS-002,2026-08-16T06:15:00Z,35.09,1003.44,62.4,18.922,72.8347,14.0,False,GENUINE_WEATHER_EVENT
AWS-003,2026-08-16T06:15:00Z,18.99,833.16,68.4,32.219,76.3234,1457.0,False,NORMAL
AWS-004,2026-08-16T06:15:00Z,29.79,977.74,56.64,26.9124,70.9022,225.0,False,NORMAL
AWS-001,2026-08-16T06:30:00Z,34.23,977.12,52.54,28.6139,77.209,216.0,False,GENUINE_WEATHER_EVENT
AWS-002,2026-08-16T06:30:00Z,34.77,1003.53,61.14,18.922,72.8347,14.0,False,GENUINE_WEATHER_EVENT
AWS-003,2026-08-16T06:30:00Z,19.06,833.14,68.47,32.219,76.3234,1457.0,False,NORMAL
AWS-004,2026-08-16T06:30:00Z,30.5,978.22,55.3,26.9124,70.9022,225.0,False,NORMAL
AWS-001,2026-08-16T06:45:00Z,34.51,977.47,51.77,28.6139,77.209,216.0,False,GENUINE_WEATHER_EVENT
AWS-002,2026-08-16T06:45:00Z,36.03,1003.73,59.09,18.922,72.8347,14.0,False,GENUINE_WEATHER_EVENT
AWS-003,2026-08-16T06:45:00Z,18.56,833.65,65.87,32.219,76.3234,1457.0,False,NORMAL
AWS-004,2026-08-16T06:45:00Z,29.76,978.28,54.52,26.9124,70.9022,225.0,False,NORMAL
AWS-001,2026-08-16T07:00:00Z,35.26,977.25,49.93,28.6139,77.209,216.0,False,GENUINE_WEATHER_EVENT
AWS-002,2026-08-16T07:00:00Z,36.12,1003.77,56.96,18.922,72.8347,14.0,False,GENUINE_WEATHER_EVENT
AWS-003,2026-08-16T07:00:00Z,19.94,833.4,66.05,32.219,76.3234,1457.0,False,NORMAL
AWS-004,2026-08-16T07:00:00Z,29.59,978.33,50.71,26.9124,70.9022,225.0,False,NORMAL
AWS-001,2026-08-16T07:15:00Z,35.1,977.54,49.13,28.6139,77.209,216.0,False,GENUINE_WEATHER_EVENT
AWS-002,2026-08-16T07:15:00Z,36.26,1003.95,57.24,18.922,72.8347,14.0,False,GENUINE_WEATHER_EVENT
AWS-003,2026-08-16T07:15:00Z,20.6,833.94,63.55,32.219,76.3234,1457.0,False,NORMAL
AWS-004,2026-08-16T07:15:00Z,30.0,978.75,50.79,26.9124,70.9022,225.0,False,NORMAL
AWS-001,2026-08-16T07:30:00Z,35.5,977.81,47.47,28.6139,77.209,216.0,False,GENUINE_WEATHER_EVENT
AWS-002,2026-08-16T07:30:00Z,36.55,1004.38,56.19,18.922,72.8347,14.0,False,GENUINE_WEATHER_EVENT
AWS-003,2026-08-16T07:30:00Z,19.92,833.93,60.96,32.219,76.3234,1457.0,False,NORMAL
AWS-004,2026-08-16T07:30:00Z,31.91,978.76,49.19,26.9124,70.9022,225.0,False,NORMAL
AWS-001,2026-08-16T07:45:00Z,35.83,977.95,46.43,28.6139,77.209,216.0,False,GENUINE_WEATHER_EVENT
AWS-002,2026-08-16T07:45:00Z,36.58,1004.36,54.83,18.922,72.8347,14.0,False,GENUINE_WEATHER_EVENT
AWS-003,2026-08-16T07:45:00Z,20.31,834.25,62.42,32.219,76.3234,1457.0,False,NORMAL
AWS-004,2026-08-16T07:45:00Z,31.01,978.76,48.76,26.9124,70.9022,225.0,False,NORMAL
AWS-001,2026-08-16T08:00:00Z,36.85,977.98,44.61,28.6139,77.209,216.0,False,GENUINE_WEATHER_EVENT
AWS-002,2026-08-16T08:00:00Z,37.36,1004.15,53.63,18.922,72.8347,14.0,False,GENUINE_WEATHER_EVENT
AWS-003,2026-08-16T08:00:00Z,20.9,834.32,61.42,32.219,76.3234,1457.0,False,NORMAL
AWS-004,2026-08-16T08:00:00Z,31.89,978.91,46.04,26.9124,70.9022,225.0,False,NORMAL
AWS-001,2026-08-16T08:15:00Z,36.75,978.29,44.09,28.6139,77.209,216.0,False,GENUINE_WEATHER_EVENT
AWS-002,2026-08-16T08:15:00Z,38.25,1004.76,52.19,18.922,72.8347,14.0,False,GENUINE_WEATHER_EVENT
AWS-003,2026-08-16T08:15:00Z,21.92,834.39,58.09,32.219,76.3234,1457.0,False,NORMAL
AWS-004,2026-08-16T08:15:00Z,32.06,979.25,45.29,26.9124,70.9022,225.0,False,NORMAL
AWS-001,2026-08-16T08:30:00Z,37.0,978.31,42.41,28.6139,77.209,216.0,False,GENUINE_WEATHER_EVENT
AWS-002,2026-08-16T08:30:00Z,38.0,1004.54,49.9,18.922,72.8347,14.0,False,GENUINE_WEATHER_EVENT
AWS-003,2026-08-16T08:30:00Z,21.92,834.81,57.39,32.219,76.3234,1457.0,False,NORMAL
AWS-004,2026-08-16T08:30:00Z,32.76,978.96,44.12,26.9124,70.9022,225.0,False,NORMAL
AWS-001,2026-08-16T08:45:00Z,37.97,978.31,41.07,28.6139,77.209,216.0,False,GENUINE_WEATHER_EVENT
AWS-002,2026-08-16T08:45:00Z,38.84,1004.63,49.39,18.922,72.8347,14.0,False,GENUINE_WEATHER_EVENT
AWS-003,2026-08-16T08:45:00Z,23.26,834.46,57.39,32.219,76.3234,1457.0,False,NORMAL
AWS-004,2026-08-16T08:45:00Z,33.82,979.34,43.52,26.9124,70.9022,225.0,False,NORMAL
AWS-001,2026-08-16T09:00:00Z,38.29,978.49,39.87,28.6139,77.209,216.0,False,GENUINE_WEATHER_EVENT
AWS-002,2026-08-16T09:00:00Z,39.34,1004.73,48.11,18.922,72.8347,14.0,False,GENUINE_WEATHER_EVENT
AWS-003,2026-08-16T09:00:00Z,22.54,834.8,55.26,32.219,76.3234,1457.0,False,NORMAL
AWS-004,2026-08-16T09:00:00Z,33.28,979.35,41.08,26.9124,70.9022,225.0,False,NORMAL
AWS-001,2026-08-16T09:15:00Z,38.79,978.47,39.84,28.6139,77.209,216.0,False,GENUINE_WEATHER_EVENT
AWS-002,2026-08-16T09:15:00Z,38.83,1005.23,46.3,18.922,72.8347,14.0,False,GENUINE_WEATHER_EVENT
AWS-003,2026-08-16T09:15:00Z,23.12,834.39,52.31,32.219,76.3234,1457.0,False,NORMAL
AWS-004,2026-08-16T09:15:00Z,33.97,979.17,41.55,26.9124,70.9022,225.0,False,NORMAL
AWS-001,2026-08-16T09:30:00Z,38.69,978.51,38.93,28.6139,77.209,216.0,False,GENUINE_WEATHER_EVENT
AWS-002,2026-08-16T09:30:00Z,39.87,1004.97,45.7,18.922,72.8347,14.0,False,GENUINE_WEATHER_EVENT
AWS-003,2026-08-16T09:30:00Z,23.86,834.67,54.25,32.219,76.3234,1457.0,False,NORMAL
AWS-004,2026-08-16T09:30:00Z,34.31,979.18,38.89,26.9124,70.9022,225.0,False,NORMAL
AWS-001,2026-08-16T09:45:00Z,39.32,978.56,35.68,28.6139,77.209,216.0,False,GENUINE_WEATHER_EVENT
AWS-002,2026-08-16T09:45:00Z,40.65,1005.07,44.65,18.922,72.8347,14.0,False,GENUINE_WEATHER_EVENT
AWS-003,2026-08-16T09:45:00Z,24.04,834.63,51.64,32.219,76.3234,1457.0,False,NORMAL
AWS-004,2026-08-16T09:45:00Z,34.33,979.72,38.78,26.9124,70.9022,225.0,False,NORMAL
AWS-001,2026-08-16T10:00:00Z,39.18,978.41,35.8,28.6139,77.209,216.0,False,GENUINE_WEATHER_EVENT
AWS-002,2026-08-16T10:00:00Z,40.13,1004.92,42.53,18.922,72.8347,14.0,False,GENUINE_WEATHER_EVENT
AWS-003,2026-08-16T10:00:00Z,24.62,834.58,47.59,32.219,76.3234,1457.0,False,NORMAL
AWS-004,2026-08-16T10:00:00Z,34.51,979.38,36.39,26.9124,70.9022,225.0,False,NORMAL
AWS-001,2026-08-16T10:15:00Z,39.23,978.56,34.03,28.6139,77.209,216.0,False,GENUINE_WEATHER_EVENT
AWS-002,2026-08-16T10:15:00Z,40.1,1004.77,42.06,18.922,72.8347,14.0,False,GENUINE_WEATHER_EVENT
AWS-003,2026-08-16T10:15:00Z,24.87,834.93,48.3,32.219,76.3234,1457.0,False,NORMAL
AWS-004,2026-08-16T10:15:00Z,35.44,979.61,37.09,26.9124,70.9022,225.0,False,NORMAL
AWS-001,2026-08-16T10:30:00Z,40.2,978.7,33.08,28.6139,77.209,216.0,False,GENUINE_WEATHER_EVENT
AWS-002,2026-08-16T10:30:00Z,41.17,1005.23,40.53,18.922,72.8347,14.0,False,GENUINE_WEATHER_EVENT
AWS-003,2026-08-16T10:30:00Z,25.28,834.58,48.74,32.219,76.3234,1457.0,False,NORMAL
AWS-004,2026-08-16T10:30:00Z,35.66,979.76,35.82,26.9124,70.9022,225.0,False,NORMAL
AWS-001,2026-08-16T10:45:00Z,39.9,978.28,32.07,28.6139,77.209,216.0,False,GENUINE_WEATHER_EVENT
AWS-002,2026-08-16T10:45:00Z,41.17,1004.9,39.49,18.922,72.8347,14.0,False,GENUINE_WEATHER_EVENT
AWS-003,2026-08-16T10:45:00Z,24.62,834.86,46.68,32.219,76.3234,1457.0,False,NORMAL
AWS-004,2026-08-16T10:45:00Z,36.35,979.72,33.98,26.9124,70.9022,225.0,False,NORMAL
AWS-001,2026-08-16T11:00:00Z,40.32,978.48,30.95,28.6139,77.209,216.0,False,GENUINE_WEATHER_EVENT
AWS-002,2026-08-16T11:00:00Z,41.75,1005.01,39.72,18.922,72.8347,14.0,False,GENUINE_WEATHER_EVENT
AWS-003,2026-08-16T11:00:00Z,25.34,834.32,47.33,32.219,76.3234,1457.0,False,NORMAL
AWS-004,2026-08-16T11:00:00Z,35.72,979.51,33.98,26.9124,70.9022,225.0,False,NORMAL
AWS-001,2026-08-16T11:15:00Z,40.65,978.24,29.52,28.6139,77.209,216.0,False,GENUINE_WEATHER_EVENT
AWS-002,2026-08-16T11:15:00Z,41.57,1004.81,37.97,18.922,72.8347,14.0,False,GENUINE_WEATHER_EVENT
AWS-003,2026-08-16T11:15:00Z,25.07,834.52,44.42,32.219,76.3234,1457.0,False,NORMAL
AWS-004,2026-08-16T11:15:00Z,36.03,979.27,32.52,26.9124,70.9022,225.0,False,NORMAL
AWS-001,2026-08-16T11:30:00Z,41.31,978.25,29.72,28.6139,77.209,216.0,False,GENUINE_WEATHER_EVENT
AWS-002,2026-08-16T11:30:00Z,42.41,1004.56,37.58,18.922,72.8347,14.0,False,GENUINE_WEATHER_EVENT
AWS-003,2026-08-16T11:30:00Z,25.33,834.54,44.79,32.219,76.3234,1457.0,False,NORMAL
AWS-004,2026-08-16T11:30:00Z,36.67,979.06,31.81,26.9124,70.9022,225.0,False,NORMAL
AWS-001,2026-08-16T11:45:00Z,41.25,978.35,29.05,28.6139,77.209,216.0,False,GENUINE_WEATHER_EVENT
AWS-002,2026-08-16T11:45:00Z,42.38,1004.61,37.27,18.922,72.8347,14.0,False,GENUINE_WEATHER_EVENT
AWS-003,2026-08-16T11:45:00Z,26.44,834.23,43.86,32.219,76.3234,1457.0,False,NORMAL
AWS-004,2026-08-16T11:45:00Z,37.43,979.22,29.38,26.9124,70.9022,225.0,False,NORMAL
AWS-001,2026-08-16T12:00:00Z,41.39,977.96,27.97,28.6139,77.209,216.0,False,GENUINE_WEATHER_EVENT
AWS-002,2026-08-16T12:00:00Z,42.87,1004.32,35.53,18.922,72.8347,14.0,False,GENUINE_WEATHER_EVENT
AWS-003,2026-08-16T12:00:00Z,26.78,834.32,42.67,32.219,76.3234,1457.0,False,NORMAL
AWS-004,2026-08-16T12:00:00Z,37.27,978.95,29.04,26.9124,70.9022,225.0,False,NORMAL
AWS-001,2026-08-16T12:15:00Z,41.27,978.05,27.51,28.6139,77.209,216.0,False,GENUINE_WEATHER_EVENT
AWS-002,2026-08-16T12:15:00Z,43.11,1004.45,36.36,18.922,72.8347,14.0,False,GENUINE_WEATHER_EVENT
AWS-003,2026-08-16T12:15:00Z,27.5,834.09,42.97,32.219,76.3234,1457.0,False,NORMAL
AWS-004,2026-08-16T12:15:00Z,37.38,978.99,28.77,26.9124,70.9022,225.0,False,NORMAL
AWS-001,2026-08-16T12:30:00Z,42.01,977.82,26.84,28.6139,77.209,216.0,False,GENUINE_WEATHER_EVENT
AWS-002,2026-08-16T12:30:00Z,43.28,1003.9,34.73,18.922,72.8347,14.0,False,GENUINE_WEATHER_EVENT
AWS-003,2026-08-16T12:30:00Z,25.79,833.96,41.14,32.219,76.3234,1457.0,False,NORMAL
AWS-004,2026-08-16T12:30:00Z,37.39,978.88,28.32,26.9124,70.9022,225.0,False,NORMAL
AWS-001,2026-08-16T12:45:00Z,41.88,977.74,25.61,28.6139,77.209,216.0,False,GENUINE_WEATHER_EVENT
AWS-002,2026-08-16T12:45:00Z,42.84,1003.94,33.97,18.922,72.8347,14.0,False,GENUINE_WEATHER_EVENT
AWS-003,2026-08-16T12:45:00Z,27.2,833.74,40.53,32.219,76.3234,1457.0,False,NORMAL
AWS-004,2026-08-16T12:45:00Z,36.93,978.5,28.81,26.9124,70.9022,225.0,False,NORMAL
AWS-001,2026-08-16T13:00:00Z,41.92,977.41,26.09,28.6139,77.209,216.0,False,GENUINE_WEATHER_EVENT
AWS-002,2026-08-16T13:00:00Z,42.79,1003.76,33.7,18.922,72.8347,14.0,False,GENUINE_WEATHER_EVENT
AWS-003,2026-08-16T13:00:00Z,27.95,833.9,41.31,32.219,76.3234,1457.0,False,NORMAL
AWS-004,2026-08-16T13:00:00Z,37.15,978.57,28.36,26.9124,70.9022,225.0,False,NORMAL
AWS-001,2026-08-16T13:15:00Z,41.97,977.41,25.85,28.6139,77.209,216.0,False,GENUINE_WEATHER_EVENT
AWS-002,2026-08-16T13:15:00Z,43.1,1003.45,33.5,18.922,72.8347,14.0,False,GENUINE_WEATHER_EVENT
AWS-003,2026-08-16T13:15:00Z,27.24,833.14,39.96,32.219,76.3234,1457.0,False,NORMAL
AWS-004,2026-08-16T13:15:00Z,37.93,978.34,27.76,26.9124,70.9022,225.0,False,NORMAL
AWS-001,2026-08-16T13:30:00Z,42.29,977.25,25.32,28.6139,77.209,216.0,False,GENUINE_WEATHER_EVENT
AWS-002,2026-08-16T13:30:00Z,43.61,1003.59,32.66,18.922,72.8347,14.0,False,GENUINE_WEATHER_EVENT
AWS-003,2026-08-16T13:30:00Z,27.35,833.21,40.07,32.219,76.3234,1457.0,False,NORMAL
AWS-004,2026-08-16T13:30:00Z,38.13,978.02,28.05,26.9124,70.9022,225.0,False,NORMAL
AWS-001,2026-08-16T13:45:00Z,42.43,977.12,24.73,28.6139,77.209,216.0,False,GENUINE_WEATHER_EVENT
AWS-002,2026-08-16T13:45:00Z,43.35,1003.43,32.87,18.922,72.8347,14.0,False,GENUINE_WEATHER_EVENT
AWS-003,2026-08-16T13:45:00Z,27.33,833.14,39.09,32.219,76.3234,1457.0,False,NORMAL
AWS-004,2026-08-16T13:45:00Z,37.38,977.85,27.64,26.9124,70.9022,225.0,False,NORMAL
AWS-001,2026-08-16T14:00:00Z,41.94,977.0,24.61,28.6139,77.209,216.0,False,GENUINE_WEATHER_EVENT
AWS-002,2026-08-16T14:00:00Z,43.86,1003.37,32.84,18.922,72.8347,14.0,False,GENUINE_WEATHER_EVENT
AWS-003,2026-08-16T14:00:00Z,27.58,833.01,40.75,32.219,76.3234,1457.0,False,NORMAL
AWS-004,2026-08-16T14:00:00Z,37.36,977.75,26.66,26.9124,70.9022,225.0,False,NORMAL
AWS-001,2026-08-16T14:15:00Z,42.68,976.74,25.47,28.6139,77.209,216.0,False,GENUINE_WEATHER_EVENT
AWS-002,2026-08-16T14:15:00Z,43.2,1003.12,32.86,18.922,72.8347,14.0,False,GENUINE_WEATHER_EVENT
AWS-003,2026-08-16T14:15:00Z,26.77,833.27,41.06,32.219,76.3234,1457.0,False,NORMAL
AWS-004,2026-08-16T14:15:00Z,38.75,977.83,27.41,26.9124,70.9022,225.0,False,NORMAL
AWS-001,2026-08-16T14:30:00Z,42.1,976.59,24.98,28.6139,77.209,216.0,False,GENUINE_WEATHER_EVENT
AWS-002,2026-08-16T14:30:00Z,42.71,1003.11,33.38,18.922,72.8347,14.0,False,GENUINE_WEATHER_EVENT
AWS-003,2026-08-16T14:30:00Z,27.18,832.64,39.84,32.219,76.3234,1457.0,False,NORMAL
AWS-004,2026-08-16T14:30:00Z,37.8,977.63,26.49,26.9124,70.9022,225.0,False,NORMAL
AWS-001,2026-08-16T14:45:00Z,42.4,976.42,26.21,28.6139,77.209,216.0,False,GENUINE_WEATHER_EVENT
AWS-002,2026-08-16T14:45:00Z,42.77,1002.68,32.32,18.922,72.8347,14.0,False,GENUINE_WEATHER_EVENT
AWS-003,2026-08-16T14:45:00Z,26.58,832.82,42.64,32.219,76.3234,1457.0,False,NORMAL
AWS-004,2026-08-16T14:45:00Z,37.98,977.3,28.26,26.9124,70.9022,225.0,False,NORMAL
AWS-001,2026-08-16T15:00:00Z,41.93,976.45,25.23,28.6139,77.209,216.0,False,GENUINE_WEATHER_EVENT
AWS-002,2026-08-16T15:00:00Z,42.51,1002.71,33.73,18.922,72.8347,14.0,False,GENUINE_WEATHER_EVENT
AWS-003,2026-08-16T15:00:00Z,27.25,832.4,42.72,32.219,76.3234,1457.0,False,NORMAL
AWS-004,2026-08-16T15:00:00Z,37.83,977.27,28.15,26.9124,70.9022,225.0,False,NORMAL
AWS-001,2026-08-16T15:15:00Z,42.17,976.19,26.43,28.6139,77.209,216.0,False,GENUINE_WEATHER_EVENT
AWS-002,2026-08-16T15:15:00Z,42.94,1002.99,34.54,18.922,72.8347,14.0,False,GENUINE_WEATHER_EVENT
AWS-003,2026-08-16T15:15:00Z,26.92,833.03,39.96,32.219,76.3234,1457.0,False,NORMAL
AWS-004,2026-08-16T15:15:00Z,37.77,977.06,28.57,26.9124,70.9022,225.0,False,NORMAL
AWS-001,2026-08-16T15:30:00Z,41.53,976.44,27.17,28.6139,77.209,216.0,False,GENUINE_WEATHER_EVENT
AWS-002,2026-08-16T15:30:00Z,43.62,1002.62,35.32,18.922,72.8347,14.0,False,GENUINE_WEATHER_EVENT
AWS-003,2026-08-16T15:30:00Z,27.25,832.75,41.91,32.219,76.3234,1457.0,False,NORMAL
AWS-004,2026-08-16T15:30:00Z,37.43,977.09,29.1,26.9124,70.9022,225.0,False,NORMAL
AWS-001,2026-08-16T15:45:00Z,41.8,976.26,27.81,28.6139,77.209,216.0,False,GENUINE_WEATHER_EVENT
AWS-002,2026-08-16T15:45:00Z,42.95,1002.67,35.12,18.922,72.8347,14.0,False,GENUINE_WEATHER_EVENT
AWS-003,2026-08-16T15:45:00Z,26.57,832.18,42.46,32.219,76.3234,1457.0,False,NORMAL
AWS-004,2026-08-16T15:45:00Z,37.65,977.13,30.11,26.9124,70.9022,225.0,False,NORMAL
AWS-001,2026-08-16T16:00:00Z,41.63,976.35,28.58,28.6139,77.209,216.0,False,GENUINE_WEATHER_EVENT
AWS-002,2026-08-16T16:00:00Z,42.36,1002.54,37.04,18.922,72.8347,14.0,False,GENUINE_WEATHER_EVENT
AWS-003,2026-08-16T16:00:00Z,26.2,832.28,42.87,32.219,76.3234,1457.0,False,NORMAL
AWS-004,2026-08-16T16:00:00Z,36.31,977.38,29.86,26.9124,70.9022,225.0,False,NORMAL
AWS-001,2026-08-16T16:15:00Z,41.85,976.52,28.08,28.6139,77.209,216.0,False,GENUINE_WEATHER_EVENT
AWS-002,2026-08-16T16:15:00Z,42.67,1002.74,35.75,18.922,72.8347,14.0,False,GENUINE_WEATHER_EVENT
AWS-003,2026-08-16T16:15:00Z,26.86,832.71,42.37,32.219,76.3234,1457.0,False,NORMAL
AWS-004,2026-08-16T16:15:00Z,36.72,977.24,29.96,26.9124,70.9022,225.0,False,NORMAL
AWS-001,2026-08-16T16:30:00Z,41.3,976.35,30.26,28.6139,77.209,216.0,False,GENUINE_WEATHER_EVENT
AWS-002,2026-08-16T16:30:00Z,42.49,1002.77,38.28,18.922,72.8347,14.0,False,GENUINE_WEATHER_EVENT
AWS-003,2026-08-16T16:30:00Z,25.92,832.52,44.27,32.219,76.3234,1457.0,False,NORMAL
AWS-004,2026-08-16T16:30:00Z,37.06,976.94,32.19,26.9124,70.9022,225.0,False,NORMAL
AWS-001,2026-08-16T16:45:00Z,40.3,976.36,30.6,28.6139,77.209,216.0,False,GENUINE_WEATHER_EVENT
AWS-002,2026-08-16T16:45:00Z,41.5,1002.68,39.46,18.922,72.8347,14.0,False,GENUINE_WEATHER_EVENT
AWS-003,2026-08-16T16:45:00Z,26.1,832.71,45.07,32.219,76.3234,1457.0,False,NORMAL
AWS-004,2026-08-16T16:45:00Z,35.81,977.35,32.29,26.9124,70.9022,225.0,False,NORMAL
AWS-001,2026-08-16T17:00:00Z,39.66,976.5,31.14,28.6139,77.209,216.0,False,GENUINE_WEATHER_EVENT
AWS-002,2026-08-16T17:00:00Z,41.19,1003.09,38.85,18.922,72.8347,14.0,False,GENUINE_WEATHER_EVENT
AWS-003,2026-08-16T17:00:00Z,25.89,833.02,44.06,32.219,76.3234,1457.0,False,NORMAL
AWS-004,2026-08-16T17:00:00Z,35.82,977.45,33.27,26.9124,70.9022,225.0,False,NORMAL
AWS-001,2026-08-16T17:15:00Z,40.46,976.55,31.89,28.6139,77.209,216.0,False,GENUINE_WEATHER_EVENT
AWS-002,2026-08-16T17:15:00Z,41.51,1003.23,41.2,18.922,72.8347,14.0,False,GENUINE_WEATHER_EVENT
AWS-003,2026-08-16T17:15:00Z,26.11,832.83,46.37,32.219,76.3234,1457.0,False,NORMAL
AWS-004,2026-08-16T17:15:00Z,35.43,977.59,33.91,26.9124,70.9022,225.0,False,NORMAL
AWS-001,2026-08-16T17:30:00Z,39.84,976.55,32.66,28.6139,77.209,216.0,False,GENUINE_WEATHER_EVENT
AWS-002,2026-08-16T17:30:00Z,41.74,1003.23,42.05,18.922,72.8347,14.0,False,GENUINE_WEATHER_EVENT
AWS-003,2026-08-16T17:30:00Z,24.65,833.33,48.53,32.219,76.3234,1457.0,False,NORMAL
AWS-004,2026-08-16T17:30:00Z,35.74,977.56,34.59,26.9124,70.9022,225.0,False,NORMAL
AWS-001,2026-08-16T17:45:00Z,39.43,976.79,33.44,28.6139,77.209,216.0,False,GENUINE_WEATHER_EVENT
AWS-002,2026-08-16T17:45:00Z,41.19,1002.92,43.06,18.922,72.8347,14.0,False,GENUINE_WEATHER_EVENT
AWS-003,2026-08-16T17:45:00Z,25.16,833.37,50.32,32.219,76.3234,1457.0,False,NORMAL
AWS-004,2026-08-16T17:45:00Z,35.52,977.33,35.54,26.9124,70.9022,225.0,False,NORMAL
AWS-001,2026-08-16T18:00:00Z,39.51,976.88,35.4,28.6139,77.209,216.0,False,GENUINE_WEATHER_EVENT
AWS-002,2026-08-16T18:00:00Z,39.92,1003.12,43.23,18.922,72.8347,14.0,False,GENUINE_WEATHER_EVENT
AWS-003,2026-08-16T18:00:00Z,24.24,832.95,50.12,32.219,76.3234,1457.0,False,NORMAL
AWS-004,2026-08-16T18:00:00Z,34.79,977.64,38.26,26.9124,70.9022,225.0,False,NORMAL
AWS-001,2026-08-16T18:15:00Z,38.69,977.02,36.26,28.6139,77.209,216.0,False,GENUINE_WEATHER_EVENT
AWS-002,2026-08-16T18:15:00Z,40.11,1003.24,44.45,18.922,72.8347,14.0,False,GENUINE_WEATHER_EVENT
AWS-003,2026-08-16T18:15:00Z,23.66,832.91,52.28,32.219,76.3234,1457.0,False,NORMAL
AWS-004,2026-08-16T18:15:00Z,34.15,977.86,38.9,26.9124,70.9022,225.0,False,NORMAL
AWS-001,2026-08-16T18:30:00Z,38.86,977.04,37.33,28.6139,77.209,216.0,False,GENUINE_WEATHER_EVENT
AWS-002,2026-08-16T18:30:00Z,40.15,1003.41,45.71,18.922,72.8347,14.0,False,GENUINE_WEATHER_EVENT
AWS-003,2026-08-16T18:30:00Z,23.04,833.46,51.27,32.219,76.3234,1457.0,False,NORMAL
AWS-004,2026-08-16T18:30:00Z,33.74,977.85,39.5,26.9124,70.9022,225.0,False,NORMAL
AWS-001,2026-08-16T18:45:00Z,38.37,977.36,38.44,28.6139,77.209,216.0,False,GENUINE_WEATHER_EVENT
AWS-002,2026-08-16T18:45:00Z,38.89,1003.93,47.93,18.922,72.8347,14.0,False,GENUINE_WEATHER_EVENT
AWS-003,2026-08-16T18:45:00Z,23.83,833.59,54.74,32.219,76.3234,1457.0,False,NORMAL
AWS-004,2026-08-16T18:45:00Z,34.34,978.3,40.22,26.9124,70.9022,225.0,False,NORMAL
AWS-001,2026-08-16T19:00:00Z,37.71,977.37,39.68,28.6139,77.209,216.0,False,GENUINE_WEATHER_EVENT
AWS-002,2026-08-16T19:00:00Z,38.39,1003.89,47.8,18.922,72.8347,14.0,False,GENUINE_WEATHER_EVENT
AWS-003,2026-08-16T19:00:00Z,23.17,833.74,55.08,32.219,76.3234,1457.0,False,NORMAL
AWS-004,2026-08-16T19:00:00Z,33.57,978.17,41.44,26.9124,70.9022,225.0,False,NORMAL
AWS-001,2026-08-16T19:15:00Z,37.44,977.81,41.81,28.6139,77.209,216.0,False,GENUINE_WEATHER_EVENT
AWS-002,2026-08-16T19:15:00Z,38.76,1004.05,49.01,18.922,72.8347,14.0,False,GENUINE_WEATHER_EVENT
AWS-003,2026-08-16T19:15:00Z,22.1,833.79,56.52,32.219,76.3234,1457.0,False,NORMAL
AWS-004,2026-08-16T19:15:00Z,33.3,978.62,43.18,26.9124,70.9022,225.0,False,NORMAL
AWS-001,2026-08-16T19:30:00Z,36.79,977.75,43.63,28.6139,77.209,216.0,False,GENUINE_WEATHER_EVENT
AWS-002,2026-08-16T19:30:00Z,38.61,1004.12,51.2,18.922,72.8347,14.0,False,GENUINE_WEATHER_EVENT
AWS-003,2026-08-16T19:30:00Z,22.0,834.07,57.72,32.219,76.3234,1457.0,False,NORMAL
AWS-004,2026-08-16T19:30:00Z,32.67,978.5,45.14,26.9124,70.9022,225.0,False,NORMAL
AWS-001,2026-08-16T19:45:00Z,37.2,978.11,44.28,28.6139,77.209,216.0,False,GENUINE_WEATHER_EVENT
AWS-002,2026-08-16T19:45:00Z,37.7,1004.46,51.97,18.922,72.8347,14.0,False,GENUINE_WEATHER_EVENT
AWS-003,2026-08-16T19:45:00Z,21.06,834.19,58.11,32.219,76.3234,1457.0,False,NORMAL
AWS-004,2026-08-16T19:45:00Z,31.87,979.02,47.33,26.9124,70.9022,225.0,False,NORMAL
AWS-001,2026-08-16T20:00:00Z,35.93,978.12,45.57,28.6139,77.209,216.0,False,GENUINE_WEATHER_EVENT
AWS-002,2026-08-16T20:00:00Z,36.92,1004.56,53.1,18.922,72.8347,14.0,False,GENUINE_WEATHER_EVENT
AWS-003,2026-08-16T20:00:00Z,21.66,833.89,59.36,32.219,76.3234,1457.0,False,NORMAL
AWS-004,2026-08-16T20:00:00Z,31.68,978.63,47.36,26.9124,70.9022,225.0,False,NORMAL
AWS-001,2026-08-16T20:15:00Z,36.48,978.16,46.84,28.6139,77.209,216.0,False,GENUINE_WEATHER_EVENT
AWS-002,2026-08-16T20:15:00Z,36.21,1004.57,54.64,18.922,72.8347,14.0,False,GENUINE_WEATHER_EVENT
AWS-003,2026-08-16T20:15:00Z,21.76,834.36,61.53,32.219,76.3234,1457.0,False,NORMAL
AWS-004,2026-08-16T20:15:00Z,30.81,979.02,49.03,26.9124,70.9022,225.0,False,NORMAL
AWS-001,2026-08-16T20:30:00Z,35.8,978.44,48.41,28.6139,77.209,216.0,False,GENUINE_WEATHER_EVENT
AWS-002,2026-08-16T20:30:00Z,36.45,1004.63,56.76,18.922,72.8347,14.0,False,GENUINE_WEATHER_EVENT
AWS-003,2026-08-16T20:30:00Z,20.59,834.4,63.11,32.219,76.3234,1457.0,False,NORMAL
AWS-004,2026-08-16T20:30:00Z,31.78,979.21,49.58,26.9124,70.9022,225.0,False,NORMAL
AWS-001,2026-08-16T20:45:00Z,34.73,978.31,49.83,28.6139,77.209,216.0,False,GENUINE_WEATHER_EVENT
AWS-002,2026-08-16T20:45:00Z,36.18,1004.87,56.98,18.922,72.8347,14.0,False,GENUINE_WEATHER_EVENT
AWS-003,2026-08-16T20:45:00Z,19.93,834.81,64.57,32.219,76.3234,1457.0,False,NORMAL
AWS-004,2026-08-16T20:45:00Z,30.04,979.24,51.15,26.9124,70.9022,225.0,False,NORMAL
AWS-001,2026-08-16T21:00:00Z,34.6,978.52,50.32,28.6139,77.209,216.0,False,GENUINE_WEATHER_EVENT
AWS-002,2026-08-16T21:00:00Z,35.38,1004.66,58.52,18.922,72.8347,14.0,False,GENUINE_WEATHER_EVENT
AWS-003,2026-08-16T21:00:00Z,19.04,834.34,66.34,32.219,76.3234,1457.0,False,NORMAL
AWS-004,2026-08-16T21:00:00Z,29.85,979.6,53.54,26.9124,70.9022,225.0,False,NORMAL
AWS-001,2026-08-16T21:15:00Z,34.09,978.28,51.06,28.6139,77.209,216.0,False,GENUINE_WEATHER_EVENT
AWS-002,2026-08-16T21:15:00Z,35.72,1004.82,59.24,18.922,72.8347,14.0,False,GENUINE_WEATHER_EVENT
AWS-003,2026-08-16T21:15:00Z,19.84,834.47,67.1,32.219,76.3234,1457.0,False,NORMAL
AWS-004,2026-08-16T21:15:00Z,29.94,979.26,54.03,26.9124,70.9022,225.0,False,NORMAL
AWS-001,2026-08-16T21:30:00Z,34.08,978.81,54.02,28.6139,77.209,216.0,False,GENUINE_WEATHER_EVENT
AWS-002,2026-08-16T21:30:00Z,34.77,1005.1,60.82,18.922,72.8347,14.0,False,GENUINE_WEATHER_EVENT
AWS-003,2026-08-16T21:30:00Z,18.51,834.69,68.9,32.219,76.3234,1457.0,False,NORMAL
AWS-004,2026-08-16T21:30:00Z,29.17,979.65,54.47,26.9124,70.9022,225.0,False,NORMAL
AWS-001,2026-08-16T21:45:00Z,33.39,978.41,54.52,28.6139,77.209,216.0,False,GENUINE_WEATHER_EVENT
AWS-002,2026-08-16T21:45:00Z,34.86,1005.02,62.8,18.922,72.8347,14.0,False,GENUINE_WEATHER_EVENT
AWS-003,2026-08-16T21:45:00Z,18.91,834.46,68.73,32.219,76.3234,1457.0,False,NORMAL
AWS-004,2026-08-16T21:45:00Z,29.4,979.89,57.6,26.9124,70.9022,225.0,False,NORMAL
AWS-001,2026-08-16T22:00:00Z,33.19,978.63,55.74,28.6139,77.209,216.0,False,GENUINE_WEATHER_EVENT
AWS-002,2026-08-16T22:00:00Z,35.04,1005.08,64.05,18.922,72.8347,14.0,False,GENUINE_WEATHER_EVENT
AWS-003,2026-08-16T22:00:00Z,18.34,834.61,70.15,32.219,76.3234,1457.0,False,NORMAL
AWS-004,2026-08-16T22:00:00Z,28.71,979.61,56.56,26.9124,70.9022,225.0,False,NORMAL
AWS-001,2026-08-16T22:15:00Z,33.09,978.79,56.42,28.6139,77.209,216.0,False,GENUINE_WEATHER_EVENT
AWS-002,2026-08-16T22:15:00Z,34.4,1004.9,64.48,18.922,72.8347,14.0,False,GENUINE_WEATHER_EVENT
AWS-003,2026-08-16T22:15:00Z,18.38,834.79,70.22,32.219,76.3234,1457.0,False,NORMAL
AWS-004,2026-08-16T22:15:00Z,28.77,979.88,57.69,26.9124,70.9022,225.0,False,NORMAL
AWS-001,2026-08-16T22:30:00Z,32.4,978.5,57.93,28.6139,77.209,216.0,False,GENUINE_WEATHER_EVENT
AWS-002,2026-08-16T22:30:00Z,33.56,1005.01,65.41,18.922,72.8347,14.0,False,GENUINE_WEATHER_EVENT
AWS-003,2026-08-16T22:30:00Z,17.36,834.7,72.55,32.219,76.3234,1457.0,False,NORMAL
AWS-004,2026-08-16T22:30:00Z,27.91,979.85,59.15,26.9124,70.9022,225.0,False,NORMAL
AWS-001,2026-08-16T22:45:00Z,32.31,978.47,58.86,28.6139,77.209,216.0,False,GENUINE_WEATHER_EVENT
AWS-002,2026-08-16T22:45:00Z,34.17,1005.08,66.05,18.922,72.8347,14.0,False,GENUINE_WEATHER_EVENT
AWS-003,2026-08-16T22:45:00Z,17.51,834.55,73.39,32.219,76.3234,1457.0,False,NORMAL
AWS-004,2026-08-16T22:45:00Z,26.66,979.37,61.2,26.9124,70.9022,225.0,False,NORMAL
AWS-001,2026-08-16T23:00:00Z,31.66,978.43,60.41,28.6139,77.209,216.0,False,GENUINE_WEATHER_EVENT
AWS-002,2026-08-16T23:00:00Z,33.38,1005.14,66.78,18.922,72.8347,14.0,False,GENUINE_WEATHER_EVENT
AWS-003,2026-08-16T23:00:00Z,17.33,834.54,74.81,32.219,76.3234,1457.0,False,NORMAL
AWS-004,2026-08-16T23:00:00Z,27.63,979.5,61.66,26.9124,70.9022,225.0,False,NORMAL
AWS-001,2026-08-16T23:15:00Z,31.23,978.41,60.39,28.6139,77.209,216.0,False,GENUINE_WEATHER_EVENT
AWS-002,2026-08-16T23:15:00Z,33.06,1004.74,69.08,18.922,72.8347,14.0,False,GENUINE_WEATHER_EVENT
AWS-003,2026-08-16T23:15:00Z,16.51,834.53,75.56,32.219,76.3234,1457.0,False,NORMAL
AWS-004,2026-08-16T23:15:00Z,26.83,979.35,62.37,26.9124,70.9022,225.0,False,NORMAL
AWS-001,2026-08-16T23:30:00Z,31.37,978.19,60.84,28.6139,77.209,216.0,False,GENUINE_WEATHER_EVENT
AWS-002,2026-08-16T23:30:00Z,32.71,1004.59,69.3,18.922,72.8347,14.0,False,GENUINE_WEATHER_EVENT
AWS-003,2026-08-16T23:30:00Z,17.59,834.25,75.81,32.219,76.3234,1457.0,False,NORMAL
AWS-004,2026-08-16T23:30:00Z,26.16,979.16,62.8,26.9124,70.9022,225.0,False,NORMAL
AWS-001,2026-08-16T23:45:00Z,30.98,978.27,62.75,28.6139,77.209,216.0,False,GENUINE_WEATHER_EVENT
AWS-002,2026-08-16T23:45:00Z,31.86,1004.45,69.34,18.922,72.8347,14.0,False,GENUINE_WEATHER_EVENT
AWS-003,2026-08-16T23:45:00Z,16.37,834.57,77.36,32.219,76.3234,1457.0,False,NORMAL
AWS-004,2026-08-16T23:45:00Z,26.35,979.22,63.39,26.9124,70.9022,225.0,False,NORMAL
AWS-001,2026-08-17T00:00:00Z,22.76,983.03,82.92,28.6139,77.209,216.0,False,NORMAL
AWS-002,2026-08-17T00:00:00Z,23.78,1009.65,90.41,18.922,72.8347,14.0,False,NORMAL
AWS-003,2026-08-17T00:00:00Z,15.88,834.32,78.31,32.219,76.3234,1457.0,False,NORMAL
AWS-004,2026-08-17T00:00:00Z,26.12,979.27,65.69,26.9124,70.9022,225.0,False,NORMAL
AWS-001,2026-08-17T00:15:00Z,22.45,983.07,84.29,28.6139,77.209,216.0,False,NORMAL
AWS-002,2026-08-17T00:15:00Z,23.54,1009.1,91.71,18.922,72.8347,14.0,False,NORMAL
AWS-003,2026-08-17T00:15:00Z,15.93,833.96,77.69,32.219,76.3234,1457.0,False,NORMAL
AWS-004,2026-08-17T00:15:00Z,26.51,978.78,65.12,26.9124,70.9022,225.0,False,NORMAL
AWS-001,2026-08-17T00:30:00Z,22.59,982.84,84.11,28.6139,77.209,216.0,False,NORMAL
AWS-002,2026-08-17T00:30:00Z,23.34,1009.26,91.89,18.922,72.8347,14.0,False,NORMAL
AWS-003,2026-08-17T00:30:00Z,16.06,833.8,78.7,32.219,76.3234,1457.0,False,NORMAL
AWS-004,2026-08-17T00:30:00Z,25.8,978.6,66.89,26.9124,70.9022,225.0,False,NORMAL
AWS-001,2026-08-17T00:45:00Z,22.05,982.72,83.93,28.6139,77.209,216.0,False,NORMAL
AWS-002,2026-08-17T00:45:00Z,22.83,1009.14,92.84,18.922,72.8347,14.0,False,NORMAL
AWS-003,2026-08-17T00:45:00Z,15.83,833.77,80.09,32.219,76.3234,1457.0,False,NORMAL
AWS-004,2026-08-17T00:45:00Z,25.84,978.52,66.24,26.9124,70.9022,225.0,False,NORMAL
AWS-001,2026-08-17T01:00:00Z,22.17,982.45,85.01,28.6139,77.209,216.0,False,NORMAL
AWS-002,2026-08-17T01:00:00Z,22.61,1008.81,92.09,18.922,72.8347,14.0,False,NORMAL
AWS-003,2026-08-17T01:00:00Z,16.23,833.57,78.48,32.219,76.3234,1457.0,False,NORMAL
AWS-004,2026-08-17T01:00:00Z,26.74,978.49,65.9,26.9124,70.9022,225.0,False,NORMAL
AWS-001,2026-08-17T01:15:00Z,21.85,982.26,85.36,28.6139,77.209,216.0,False,NORMAL
AWS-002,2026-08-17T01:15:00Z,22.65,1008.6,94.15,18.922,72.8347,14.0,False,NORMAL
AWS-003,2026-08-17T01:15:00Z,15.33,833.48,80.17,32.219,76.3234,1457.0,False,NORMAL
AWS-004,2026-08-17T01:15:00Z,25.55,978.41,67.69,26.9124,70.9022,225.0,False,NORMAL
AWS-001,2026-08-17T01:30:00Z,21.92,982.13,84.31,28.6139,77.209,216.0,False,NORMAL
AWS-002,2026-08-17T01:30:00Z,22.15,1008.44,93.41,18.922,72.8347,14.0,False,NORMAL
AWS-003,2026-08-17T01:30:00Z,15.57,833.78,80.14,32.219,76.3234,1457.0,False,NORMAL
AWS-004,2026-08-17T01:30:00Z,25.77,977.92,66.83,26.9124,70.9022,225.0,False,NORMAL
AWS-001,2026-08-17T01:45:00Z,21.66,982.07,85.95,28.6139,77.209,216.0,False,NORMAL
AWS-002,2026-08-17T01:45:00Z,23.12,1008.32,92.35,18.922,72.8347,14.0,False,NORMAL
AWS-003,2026-08-17T01:45:00Z,14.85,833.11,80.2,32.219,76.3234,1457.0,False,NORMAL
AWS-004,2026-08-17T01:45:00Z,25.73,978.05,67.41,26.9124,70.9022,225.0,False,NORMAL
AWS-001,2026-08-17T02:00:00Z,21.64,981.88,85.33,28.6139,77.209,216.0,False,NORMAL
AWS-002,2026-08-17T02:00:00Z,23.17,1008.54,93.82,18.922,72.8347,14.0,False,NORMAL
AWS-003,2026-08-17T02:00:00Z,14.54,832.99,79.81,32.219,76.3234,1457.0,False,NORMAL
AWS-004,2026-08-17T02:00:00Z,25.6,977.82,67.62,26.9124,70.9022,225.0,False,NORMAL
AWS-001,2026-08-17T02:15:00Z,22.05,981.66,85.32,28.6139,77.209,216.0,False,NORMAL
AWS-002,2026-08-17T02:15:00Z,22.1,1008.14,93.96,18.922,72.8347,14.0,False,NORMAL
AWS-003,2026-08-17T02:15:00Z,15.42,833.31,81.19,32.219,76.3234,1457.0,False,NORMAL
AWS-004,2026-08-17T02:15:00Z,25.19,977.81,68.75,26.9124,70.9022,225.0,False,NORMAL
AWS-001,2026-08-17T02:30:00Z,21.68,981.71,85.33,28.6139,77.209,216.0,False,NORMAL
AWS-002,2026-08-17T02:30:00Z,22.41,1007.92,93.07,18.922,72.8347,14.0,False,NORMAL
AWS-003,2026-08-17T02:30:00Z,16.12,833.11,79.39,32.219,76.3234,1457.0,False,NORMAL
AWS-004,2026-08-17T02:30:00Z,25.75,977.35,66.66,26.9124,70.9022,225.0,False,NORMAL
AWS-001,2026-08-17T02:45:00Z,22.22,981.85,85.04,28.6139,77.209,216.0,False,NORMAL
AWS-002,2026-08-17T02:45:00Z,23.08,1007.88,93.99,18.922,72.8347,14.0,False,NORMAL
AWS-003,2026-08-17T02:45:00Z,15.3,833.07,79.98,32.219,76.3234,1457.0,False,NORMAL
AWS-004,2026-08-17T02:45:00Z,25.76,977.37,67.78,26.9124,70.9022,225.0,False,NORMAL
AWS-001,2026-08-17T03:00:00Z,22.03,981.63,84.89,28.6139,77.209,216.0,False,NORMAL
AWS-002,2026-08-17T03:00:00Z,23.22,1007.9,93.29,18.922,72.8347,14.0,False,NORMAL
AWS-003,2026-08-17T03:00:00Z,15.88,832.71,79.99,32.219,76.3234,1457.0,False,NORMAL
AWS-004,2026-08-17T03:00:00Z,26.61,977.71,67.16,26.9124,70.9022,225.0,False,NORMAL
AWS-001,2026-08-17T03:15:00Z,22.13,981.24,84.24,28.6139,77.209,216.0,False,NORMAL
AWS-002,2026-08-17T03:15:00Z,23.01,1007.94,93.46,18.922,72.8347,14.0,False,NORMAL
AWS-003,2026-08-17T03:15:00Z,15.96,832.7,79.13,32.219,76.3234,1457.0,False,NORMAL
AWS-004,2026-08-17T03:15:00Z,25.39,977.46,66.82,26.9124,70.9022,225.0,False,NORMAL
AWS-001,2026-08-17T03:30:00Z,22.37,981.42,84.34,28.6139,77.209,216.0,False,NORMAL
AWS-002,2026-08-17T03:30:00Z,23.34,1007.6,92.17,18.922,72.8347,14.0,False,NORMAL
AWS-003,2026-08-17T03:30:00Z,15.8,832.51,79.3,32.219,76.3234,1457.0,False,NORMAL
AWS-004,2026-08-17T03:30:00Z,26.0,977.16,66.04,26.9124,70.9022,225.0,False,NORMAL
AWS-001,2026-08-17T03:45:00Z,22.2,981.24,83.62,28.6139,77.209,216.0,False,NORMAL
AWS-002,2026-08-17T03:45:00Z,23.28,1007.24,91.49,18.922,72.8347,14.0,False,NORMAL
AWS-003,2026-08-17T03:45:00Z,15.56,832.61,77.76,32.219,76.3234,1457.0,False,NORMAL
AWS-004,2026-08-17T03:45:00Z,26.24,977.33,65.53,26.9124,70.9022,225.0,False,NORMAL
AWS-001,2026-08-17T04:00:00Z,22.64,981.33,82.62,28.6139,77.209,216.0,False,NORMAL
AWS-002,2026-08-17T04:00:00Z,23.61,1007.71,91.33,18.922,72.8347,14.0,False,NORMAL
AWS-003,2026-08-17T04:00:00Z,15.96,832.6,77.04,32.219,76.3234,1457.0,False,NORMAL
AWS-004,2026-08-17T04:00:00Z,26.38,977.29,64.78,26.9124,70.9022,225.0,False,NORMAL
AWS-001,2026-08-17T04:15:00Z,22.43,981.25,82.59,28.6139,77.209,216.0,False,NORMAL
AWS-002,2026-08-17T04:15:00Z,24.58,1007.62,91.49,18.922,72.8347,14.0,False,NORMAL
AWS-003,2026-08-17T04:15:00Z,16.09,832.46,77.32,32.219,76.3234,1457.0,False,NORMAL
AWS-004,2026-08-17T04:15:00Z,26.54,977.43,64.48,26.9124,70.9022,225.0,False,NORMAL
AWS-001,2026-08-17T04:30:00Z,22.65,981.39,81.63,28.6139,77.209,216.0,False,NORMAL
AWS-002,2026-08-17T04:30:00Z,23.75,1007.83,88.88,18.922,72.8347,14.0,False,NORMAL
AWS-003,2026-08-17T04:30:00Z,16.46,833.02,75.62,32.219,76.3234,1457.0,False,NORMAL
AWS-004,2026-08-17T04:30:00Z,26.22,977.28,63.77,26.9124,70.9022,225.0,False,NORMAL
AWS-001,2026-08-17T04:45:00Z,23.39,981.33,81.09,28.6139,77.209,216.0,False,NORMAL
AWS-002,2026-08-17T04:45:00Z,24.05,1007.62,88.88,18.922,72.8347,14.0,False,NORMAL
AWS-003,2026-08-17T04:45:00Z,16.68,832.76,76.15,32.219,76.3234,1457.0,False,NORMAL
AWS-004,2026-08-17T04:45:00Z,27.33,977.27,62.42,26.9124,70.9022,225.0,False,NORMAL
AWS-001,2026-08-17T05:00:00Z,23.14,981.43,79.34,28.6139,77.209,216.0,False,NORMAL
AWS-002,2026-08-17T05:00:00Z,23.89,1008.03,88.13,18.922,72.8347,14.0,False,NORMAL
AWS-003,2026-08-17T05:00:00Z,16.34,832.92,74.82,32.219,76.3234,1457.0,False,NORMAL
AWS-004,2026-08-17T05:00:00Z,27.47,977.48,61.2,26.9124,70.9022,225.0,False,NORMAL
AWS-001,2026-08-17T05:15:00Z,23.29,981.58,78.14,28.6139,77.209,216.0,False,NORMAL
AWS-002,2026-08-17T05:15:00Z,24.95,1008.01,87.56,18.922,72.8347,14.0,False,NORMAL
AWS-003,2026-08-17T05:15:00Z,17.37,832.95,72.88,32.219,76.3234,1457.0,False,NORMAL
AWS-004,2026-08-17T05:15:00Z,28.43,977.54,60.69,26.9124,70.9022,225.0,False,NORMAL
AWS-001,2026-08-17T05:30:00Z,23.4,981.55,77.82,28.6139,77.209,216.0,False,NORMAL
AWS-002,2026-08-17T05:30:00Z,24.16,1007.86,84.72,18.922,72.8347,14.0,False,NORMAL
AWS-003,2026-08-17T05:30:00Z,17.94,832.95,72.19,32.219,76.3234,1457.0,False,NORMAL
AWS-004,2026-08-17T05:30:00Z,27.47,977.61,60.43,26.9124,70.9022,225.0,False,NORMAL
AWS-001,2026-08-17T05:45:00Z,24.08,981.82,76.16,28.6139,77.209,216.0,False,NORMAL
AWS-002,2026-08-17T05:45:00Z,25.86,1008.41,84.7,18.922,72.8347,14.0,False,NORMAL
AWS-003,2026-08-17T05:45:00Z,17.71,833.3,72.36,32.219,76.3234,1457.0,False,NORMAL
AWS-004,2026-08-17T05:45:00Z,28.64,977.63,59.08,26.9124,70.9022,225.0,False,NORMAL
AWS-001,2026-08-17T06:00:00Z,24.46,981.86,75.64,28.6139,77.209,216.0,False,NORMAL
AWS-002,2026-08-17T06:00:00Z,26.4,1008.23,83.7,18.922,72.8347,14.0,False,NORMAL
AWS-003,2026-08-17T06:00:00Z,18.4,832.85,71.72,32.219,76.3234,1457.0,False,NORMAL
AWS-004,2026-08-17T06:00:00Z,28.45,977.91,56.67,26.9124,70.9022,225.0,False,NORMAL
AWS-001,2026-08-17T06:15:00Z,24.78,982.1,75.46,28.6139,77.209,216.0,False,NORMAL
AWS-002,2026-08-17T06:15:00Z,25.54,1008.97,82.92,18.922,72.8347,14.0,False,NORMAL
AWS-003,2026-08-17T06:15:00Z,17.69,832.96,68.16,32.219,76.3234,1457.0,False,NORMAL
AWS-004,2026-08-17T06:15:00Z,29.68,977.71,56.03,26.9124,70.9022,225.0,False,NORMAL
AWS-001,2026-08-17T06:30:00Z,25.39,982.43,73.35,28.6139,77.209,216.0,False,NORMAL
AWS-002,2026-08-17T06:30:00Z,26.47,1008.4,81.78,18.922,72.8347,14.0,False,NORMAL
AWS-003,2026-08-17T06:30:00Z,18.45,833.87,68.88,32.219,76.3234,1457.0,False,NORMAL
AWS-004,2026-08-17T06:30:00Z,29.01,977.65,55.06,26.9124,70.9022,225.0,False,NORMAL
AWS-001,2026-08-17T06:45:00Z,25.45,982.24,72.05,28.6139,77.209,216.0,False,NORMAL
AWS-002,2026-08-17T06:45:00Z,27.15,1008.83,79.91,18.922,72.8347,14.0,False,NORMAL
AWS-003,2026-08-17T06:45:00Z,18.54,833.58,66.02,32.219,76.3234,1457.0,False,NORMAL
AWS-004,2026-08-17T06:45:00Z,29.69,978.39,55.55,26.9124,70.9022,225.0,False,NORMAL
AWS-001,2026-08-17T07:00:00Z,25.81,982.46,71.16,28.6139,77.209,216.0,False,NORMAL
AWS-002,2026-08-17T07:00:00Z,26.89,1008.54,79.2,18.922,72.8347,14.0,False,NORMAL
AWS-003,2026-08-17T07:00:00Z,19.36,834.03,65.81,32.219,76.3234,1457.0,False,NORMAL
AWS-004,2026-08-17T07:00:00Z,30.29,978.44,53.05,26.9124,70.9022,225.0,False,NORMAL
AWS-001,2026-08-17T07:15:00Z,25.89,982.59,69.87,28.6139,77.209,216.0,False,NORMAL
AWS-002,2026-08-17T07:15:00Z,27.5,1008.87,76.69,18.922,72.8347,14.0,False,NORMAL
AWS-003,2026-08-17T07:15:00Z,20.65,833.71,63.46,32.219,76.3234,1457.0,False,NORMAL
AWS-004,2026-08-17T07:15:00Z,29.8,978.54,51.52,26.9124,70.9022,225.0,False,NORMAL
AWS-001,2026-08-17T07:30:00Z,26.58,982.67,68.93,28.6139,77.209,216.0,False,NORMAL
AWS-002,2026-08-17T07:30:00Z,27.74,1009.24,75.36,18.922,72.8347,14.0,False,NORMAL
AWS-003,2026-08-17T07:30:00Z,20.47,833.93,63.16,32.219,76.3234,1457.0,False,NORMAL
AWS-004,2026-08-17T07:30:00Z,31.25,978.39,50.18,26.9124,70.9022,225.0,False,NORMAL
AWS-001,2026-08-17T07:45:00Z,27.12,982.78,67.52,28.6139,77.209,216.0,False,NORMAL
AWS-002,2026-08-17T07:45:00Z,28.43,1009.36,74.23,18.922,72.8347,14.0,False,NORMAL
AWS-003,2026-08-17T07:45:00Z,20.82,833.9,61.91,32.219,76.3234,1457.0,False,NORMAL
AWS-004,2026-08-17T07:45:00Z,31.2,978.91,48.15,26.9124,70.9022,225.0,False,NORMAL
AWS-001,2026-08-17T08:00:00Z,27.2,982.86,65.37,28.6139,77.209,216.0,False,NORMAL
AWS-002,2026-08-17T08:00:00Z,28.29,1009.35,73.74,18.922,72.8347,14.0,False,NORMAL
AWS-003,2026-08-17T08:00:00Z,21.37,833.82,60.96,32.219,76.3234,1457.0,False,NORMAL
AWS-004,2026-08-17T08:00:00Z,32.1,979.18,48.06,26.9124,70.9022,225.0,False,NORMAL
AWS-001,2026-08-17T08:15:00Z,27.65,983.13,64.36,28.6139,77.209,216.0,False,NORMAL
AWS-002,2026-08-17T08:15:00Z,29.51,1009.49,72.26,18.922,72.8347,14.0,False,NORMAL
AWS-003,2026-08-17T08:15:00Z,21.79,834.27,58.46,32.219,76.3234,1457.0,False,NORMAL
AWS-004,2026-08-17T08:15:00Z,31.62,979.13,46.62,26.9124,70.9022,225.0,False,NORMAL
AWS-001,2026-08-17T08:30:00Z,28.11,983.37,62.61,28.6139,77.209,216.0,False,NORMAL
AWS-002,2026-08-17T08:30:00Z,29.39,1009.5,70.5,18.922,72.8347,14.0,False,NORMAL
AWS-003,2026-08-17T08:30:00Z,22.45,834.61,57.8,32.219,76.3234,1457.0,False,NORMAL
AWS-004,2026-08-17T08:30:00Z,32.19,979.13,44.69,26.9124,70.9022,225.0,False,NORMAL
AWS-001,2026-08-17T08:45:00Z,28.61,983.25,61.94,28.6139,77.209,216.0,False,NORMAL
AWS-002,2026-08-17T08:45:00Z,30.37,1009.54,69.68,18.922,72.8347,14.0,False,NORMAL
AWS-003,2026-08-17T08:45:00Z,22.54,834.56,57.15,32.219,76.3234,1457.0,False,NORMAL
AWS-004,2026-08-17T08:45:00Z,32.12,979.47,43.6,26.9124,70.9022,225.0,False,NORMAL
AWS-001,2026-08-17T09:00:00Z,29.12,983.38,59.45,28.6139,77.209,216.0,False,NORMAL
AWS-002,2026-08-17T09:00:00Z,29.88,1009.91,67.92,18.922,72.8347,14.0,False,NORMAL
AWS-003,2026-08-17T09:00:00Z,22.72,834.73,56.38,32.219,76.3234,1457.0,False,NORMAL
AWS-004,2026-08-17T09:00:00Z,32.79,979.51,43.63,26.9124,70.9022,225.0,False,NORMAL
AWS-001,2026-08-17T09:15:00Z,29.33,983.51,58.85,28.6139,77.209,216.0,False,NORMAL
AWS-002,2026-08-17T09:15:00Z,30.74,1009.8,67.5,18.922,72.8347,14.0,False,NORMAL
AWS-003,2026-08-17T09:15:00Z,23.36,834.47,54.48,32.219,76.3234,1457.0,False,NORMAL
AWS-004,2026-08-17T09:15:00Z,33.34,979.62,41.59,26.9124,70.9022,225.0,False,NORMAL
AWS-001,2026-08-17T09:30:00Z,30.2,983.58,58.2,28.6139,77.209,216.0,False,NORMAL
AWS-002,2026-08-17T09:30:00Z,31.2,1010.12,65.73,18.922,72.8347,14.0,False,NORMAL
AWS-003,2026-08-17T09:30:00Z,23.46,834.37,53.98,32.219,76.3234,1457.0,False,NORMAL
AWS-004,2026-08-17T09:30:00Z,33.98,979.5,40.11,26.9124,70.9022,225.0,False,NORMAL
AWS-001,2026-08-17T09:45:00Z,30.51,983.5,57.21,28.6139,77.209,216.0,False,NORMAL
AWS-002,2026-08-17T09:45:00Z,31.84,1010.12,64.37,18.922,72.8347,14.0,False,NORMAL
AWS-003,2026-08-17T09:45:00Z,23.61,835.03,52.22,32.219,76.3234,1457.0,False,NORMAL
AWS-004,2026-08-17T09:45:00Z,33.7,979.14,37.92,26.9124,70.9022,225.0,False,NORMAL
AWS-001,2026-08-17T10:00:00Z,30.92,983.73,55.08,28.6139,77.209,216.0,False,NORMAL
AWS-002,2026-08-17T10:00:00Z,31.03,1010.4,63.33,18.922,72.8347,14.0,False,NORMAL
AWS-003,2026-08-17T10:00:00Z,24.23,834.49,51.09,32.219,76.3234,1457.0,False,NORMAL
AWS-004,2026-08-17T10:00:00Z,34.62,979.56,37.07,26.9124,70.9022,225.0,False,NORMAL
AWS-001,2026-08-17T10:15:00Z,30.53,983.57,54.18,28.6139,77.209,216.0,False,NORMAL
AWS-002,2026-08-17T10:15:00Z,31.82,1009.94,62.62,18.922,72.8347,14.0,False,NORMAL
AWS-003,2026-08-17T10:15:00Z,24.31,834.77,49.6,32.219,76.3234,1457.0,False,NORMAL
AWS-004,2026-08-17T10:15:00Z,34.76,979.55,36.51,26.9124,70.9022,225.0,False,NORMAL
AWS-001,2026-08-17T10:30:00Z,31.46,983.74,53.52,28.6139,77.209,216.0,False,NORMAL
AWS-002,2026-08-17T10:30:00Z,32.3,1009.97,61.47,18.922,72.8347,14.0,False,NORMAL
AWS-003,2026-08-17T10:30:00Z,24.35,834.85,48.52,32.219,76.3234,1457.0,False,NORMAL
AWS-004,2026-08-17T10:30:00Z,34.95,979.95,35.82,26.9124,70.9022,225.0,False,NORMAL
AWS-001,2026-08-17T10:45:00Z,31.35,983.33,51.99,28.6139,77.209,216.0,False,NORMAL
AWS-002,2026-08-17T10:45:00Z,32.87,1010.2,60.56,18.922,72.8347,14.0,False,NORMAL
AWS-003,2026-08-17T10:45:00Z,24.78,834.59,47.19,32.219,76.3234,1457.0,False,NORMAL
AWS-004,2026-08-17T10:45:00Z,36.41,979.43,33.7,26.9124,70.9022,225.0,False,NORMAL
AWS-001,2026-08-17T11:00:00Z,31.78,983.44,51.56,28.6139,77.209,216.0,False,NORMAL
AWS-002,2026-08-17T11:00:00Z,33.27,1009.87,59.98,18.922,72.8347,14.0,False,NORMAL
AWS-003,2026-08-17T11:00:00Z,25.27,834.47,45.56,32.219,76.3234,1457.0,False,NORMAL
AWS-004,2026-08-17T11:00:00Z,36.22,979.53,33.66,26.9124,70.9022,225.0,False,NORMAL
AWS-001,2026-08-17T11:15:00Z,32.03,983.45,50.82,28.6139,77.209,216.0,False,NORMAL
AWS-002,2026-08-17T11:15:00Z,33.64,1009.44,58.59,18.922,72.8347,14.0,False,NORMAL
AWS-003,2026-08-17T11:15:00Z,25.73,834.38,45.54,32.219,76.3234,1457.0,False,NORMAL
AWS-004,2026-08-17T11:15:00Z,35.96,979.26,32.62,26.9124,70.9022,225.0,False,NORMAL
AWS-001,2026-08-17T11:30:00Z,32.29,983.38,50.17,28.6139,77.209,216.0,False,NORMAL
AWS-002,2026-08-17T11:30:00Z,34.0,1009.55,57.63,18.922,72.8347,14.0,False,NORMAL
AWS-003,2026-08-17T11:30:00Z,25.63,834.71,44.94,32.219,76.3234,1457.0,False,NORMAL
AWS-004,2026-08-17T11:30:00Z,36.01,979.2,32.51,26.9124,70.9022,225.0,False,NORMAL
AWS-001,2026-08-17T11:45:00Z,32.97,983.16,48.94,28.6139,77.209,216.0,False,NORMAL
AWS-002,2026-08-17T11:45:00Z,33.88,1009.45,57.04,18.922,72.8347,14.0,False,NORMAL
AWS-003,2026-08-17T11:45:00Z,26.3,834.2,43.94,32.219,76.3234,1457.0,False,NORMAL
AWS-004,2026-08-17T11:45:00Z,35.76,979.13,30.58,26.9124,70.9022,225.0,False,NORMAL
AWS-001,2026-08-17T12:00:00Z,32.64,983.03,48.2,28.6139,77.209,216.0,False,NORMAL
AWS-002,2026-08-17T12:00:00Z,33.57,1009.45,56.74,18.922,72.8347,14.0,False,NORMAL
AWS-003,2026-08-17T12:00:00Z,26.9,834.07,43.32,32.219,76.3234,1457.0,False,NORMAL
AWS-004,2026-08-17T12:00:00Z,36.58,978.97,30.4,26.9124,70.9022,225.0,False,NORMAL
AWS-001,2026-08-17T12:15:00Z,32.66,982.59,47.67,28.6139,77.209,216.0,False,NORMAL
AWS-002,2026-08-17T12:15:00Z,34.62,1009.16,55.78,18.922,72.8347,14.0,False,NORMAL
AWS-003,2026-08-17T12:15:00Z,26.79,834.04,42.9,32.219,76.3234,1457.0,False,NORMAL
AWS-004,2026-08-17T12:15:00Z,37.21,978.91,29.24,26.9124,70.9022,225.0,False,NORMAL
AWS-001,2026-08-17T12:30:00Z,33.34,982.99,47.53,28.6139,77.209,216.0,False,NORMAL
AWS-002,2026-08-17T12:30:00Z,34.13,1009.04,55.5,18.922,72.8347,14.0,False,NORMAL
AWS-003,2026-08-17T12:30:00Z,27.04,834.23,44.0,32.219,76.3234,1457.0,False,NORMAL
AWS-004,2026-08-17T12:30:00Z,37.41,978.56,28.67,26.9124,70.9022,225.0,False,NORMAL
AWS-001,2026-08-17T12:45:00Z,33.03,982.75,46.81,28.6139,77.209,216.0,False,NORMAL
AWS-002,2026-08-17T12:45:00Z,34.16,1008.96,54.96,18.922,72.8347,14.0,False,NORMAL
AWS-003,2026-08-17T12:45:00Z,27.37,833.93,41.58,32.219,76.3234,1457.0,False,NORMAL
AWS-004,2026-08-17T12:45:00Z,37.5,978.51,29.07,26.9124,70.9022,225.0,False,NORMAL
AWS-001,2026-08-17T13:00:00Z,32.99,982.42,46.34,28.6139,77.209,216.0,False,NORMAL
AWS-002,2026-08-17T13:00:00Z,34.63,1008.61,54.49,18.922,72.8347,14.0,False,NORMAL
AWS-003,2026-08-17T13:00:00Z,27.33,833.28,40.97,32.219,76.3234,1457.0,False,NORMAL
AWS-004,2026-08-17T13:00:00Z,37.66,978.53,28.09,26.9124,70.9022,225.0,False,NORMAL
AWS-001,2026-08-17T13:15:00Z,34.0,982.42,44.94,28.6139,77.209,216.0,False,NORMAL
AWS-002,2026-08-17T13:15:00Z,35.06,1008.69,53.66,18.922,72.8347,14.0,False,NORMAL
AWS-003,2026-08-17T13:15:00Z,26.03,833.37,40.85,32.219,76.3234,1457.0,False,NORMAL
AWS-004,2026-08-17T13:15:00Z,37.46,977.76,26.9,26.9124,70.9022,225.0,False,NORMAL
AWS-001,2026-08-17T13:30:00Z,33.39,982.23,46.39,28.6139,77.209,216.0,False,NORMAL
AWS-002,2026-08-17T13:30:00Z,34.49,1008.59,53.55,18.922,72.8347,14.0,False,NORMAL
AWS-003,2026-08-17T13:30:00Z,25.97,833.67,39.82,32.219,76.3234,1457.0,False,NORMAL
AWS-004,2026-08-17T13:30:00Z,37.32,978.08,28.45,26.9124,70.9022,225.0,False,NORMAL
AWS-001,2026-08-17T13:45:00Z,33.0,981.92,45.7,28.6139,77.209,216.0,False,NORMAL
AWS-002,2026-08-17T13:45:00Z,35.34,1008.22,53.56,18.922,72.8347,14.0,False,NORMAL
AWS-003,2026-08-17T13:45:00Z,27.76,833.53,42.95,32.219,76.3234,1457.0,False,NORMAL
AWS-004,2026-08-17T13:45:00Z,37.16,977.94,27.77,26.9124,70.9022,225.0,False,NORMAL
AWS-001,2026-08-17T14:00:00Z,33.72,981.82,45.33,28.6139,77.209,216.0,False,NORMAL
AWS-002,2026-08-17T14:00:00Z,34.06,1008.26,53.89,18.922,72.8347,14.0,False,NORMAL
AWS-003,2026-08-17T14:00:00Z,26.54,833.41,40.95,32.219,76.3234,1457.0,False,NORMAL
AWS-004,2026-08-17T14:00:00Z,37.16,977.57,28.3,26.9124,70.9022,225.0,False,NORMAL
AWS-001,2026-08-17T14:15:00Z,33.34,981.67,45.71,28.6139,77.209,216.0,False,NORMAL
AWS-002,2026-08-17T14:15:00Z,34.76,1008.18,53.41,18.922,72.8347,14.0,False,NORMAL
AWS-003,2026-08-17T14:15:00Z,27.32,833.22,41.14,32.219,76.3234,1457.0,False,NORMAL
AWS-004,2026-08-17T14:15:00Z,37.82,977.52,27.87,26.9124,70.9022,225.0,False,NORMAL
AWS-001,2026-08-17T14:30:00Z,33.67,981.65,46.1,28.6139,77.209,216.0,False,NORMAL
AWS-002,2026-08-17T14:30:00Z,34.18,1008.12,54.4,18.922,72.8347,14.0,False,NORMAL
AWS-003,2026-08-17T14:30:00Z,26.42,832.76,40.14,32.219,76.3234,1457.0,False,NORMAL
AWS-004,2026-08-17T14:30:00Z,37.06,977.74,27.77,26.9124,70.9022,225.0,False,NORMAL
AWS-001,2026-08-17T14:45:00Z,33.05,981.58,45.81,28.6139,77.209,216.0,False,NORMAL
AWS-002,2026-08-17T14:45:00Z,34.63,1007.76,53.51,18.922,72.8347,14.0,False,NORMAL
AWS-003,2026-08-17T14:45:00Z,26.97,832.7,41.77,32.219,76.3234,1457.0,False,NORMAL
AWS-004,2026-08-17T14:45:00Z,37.17,977.39,28.76,26.9124,70.9022,225.0,False,NORMAL
AWS-001,2026-08-17T15:00:00Z,33.06,981.45,46.54,28.6139,77.209,216.0,False,NORMAL
AWS-002,2026-08-17T15:00:00Z,34.9,1007.72,54.21,18.922,72.8347,14.0,False,NORMAL
AWS-003,2026-08-17T15:00:00Z,26.84,832.73,40.85,32.219,76.3234,1457.0,False,NORMAL
AWS-004,2026-08-17T15:00:00Z,37.8,977.27,29.62,26.9124,70.9022,225.0,False,NORMAL
AWS-001,2026-08-17T15:15:00Z,33.02,981.5,46.78,28.6139,77.209,216.0,False,NORMAL
AWS-002,2026-08-17T15:15:00Z,35.05,1007.79,53.93,18.922,72.8347,14.0,False,NORMAL
AWS-003,2026-08-17T15:15:00Z,26.56,832.45,40.67,32.219,76.3234,1457.0,False,NORMAL
AWS-004,2026-08-17T15:15:00Z,37.05,977.17,28.19,26.9124,70.9022,225.0,False,NORMAL
AWS-001,2026-08-17T15:30:00Z,33.08,981.47,46.57,28.6139,77.209,216.0,False,NORMAL
AWS-002,2026-08-17T15:30:00Z,34.2,1007.58,55.45,18.922,72.8347,14.0,False,NORMAL
AWS-003,2026-08-17T15:30:00Z,27.16,832.63,42.22,32.219,76.3234,1457.0,False,NORMAL
AWS-004,2026-08-17T15:30:00Z,37.75,977.26,29.16,26.9124,70.9022,225.0,False,NORMAL
AWS-001,2026-08-17T15:45:00Z,32.74,981.4,48.26,28.6139,77.209,216.0,False,NORMAL
AWS-002,2026-08-17T15:45:00Z,34.08,1007.77,55.61,18.922,72.8347,14.0,False,NORMAL
AWS-003,2026-08-17T15:45:00Z,26.11,832.74,42.64,32.219,76.3234,1457.0,False,NORMAL
AWS-004,2026-08-17T15:45:00Z,36.09,977.18,29.12,26.9124,70.9022,225.0,False,NORMAL
AWS-001,2026-08-17T16:00:00Z,32.65,981.3,47.95,28.6139,77.209,216.0,False,NORMAL
AWS-002,2026-08-17T16:00:00Z,33.74,1007.67,57.07,18.922,72.8347,14.0,False,NORMAL
AWS-003,2026-08-17T16:00:00Z,25.42,832.9,42.22,32.219,76.3234,1457.0,False,NORMAL
AWS-004,2026-08-17T16:00:00Z,36.46,977.13,30.79,26.9124,70.9022,225.0,False,NORMAL
AWS-001,2026-08-17T16:15:00Z,32.39,981.25,48.9,28.6139,77.209,216.0,False,NORMAL
AWS-002,2026-08-17T16:15:00Z,33.0,1007.69,57.69,18.922,72.8347,14.0,False,NORMAL
AWS-003,2026-08-17T16:15:00Z,25.62,832.51,44.17,32.219,76.3234,1457.0,False,NORMAL
AWS-004,2026-08-17T16:15:00Z,35.91,977.0,31.91,26.9124,70.9022,225.0,False,NORMAL
AWS-001,2026-08-17T16:30:00Z,32.24,981.4,50.51,28.6139,77.209,216.0,False,NORMAL
AWS-002,2026-08-17T16:30:00Z,33.37,1007.85,58.28,18.922,72.8347,14.0,False,NORMAL
AWS-003,2026-08-17T16:30:00Z,26.03,832.66,45.38,32.219,76.3234,1457.0,False,NORMAL
AWS-004,2026-08-17T16:30:00Z,35.71,976.99,32.5,26.9124,70.9022,225.0,False,NORMAL
AWS-001,2026-08-17T16:45:00Z,31.94,981.2,50.66,28.6139,77.209,216.0,False,NORMAL
AWS-002,2026-08-17T16:45:00Z,33.07,1007.52,58.78,18.922,72.8347,14.0,False,NORMAL
AWS-003,2026-08-17T16:45:00Z,26.41,832.89,44.16,32.219,76.3234,1457.0,False,NORMAL
AWS-004,2026-08-17T16:45:00Z,35.58,977.08,32.89,26.9124,70.9022,225.0,False,NORMAL
AWS-001,2026-08-17T17:00:00Z,32.02,981.27,51.41,28.6139,77.209,216.0,False,NORMAL
AWS-002,2026-08-17T17:00:00Z,33.2,1007.93,61.07,18.922,72.8347,14.0,False,NORMAL
AWS-003,2026-08-17T17:00:00Z,24.85,832.62,46.55,32.219,76.3234,1457.0,False,NORMAL
AWS-004,2026-08-17T17:00:00Z,35.79,977.5,33.81,26.9124,70.9022,225.0,False,NORMAL
AWS-001,2026-08-17T17:15:00Z,31.38,981.55,53.13,28.6139,77.209,216.0,False,NORMAL
AWS-002,2026-08-17T17:15:00Z,32.46,1007.9,60.04,18.922,72.8347,14.0,False,NORMAL
AWS-003,2026-08-17T17:15:00Z,24.9,832.55,45.87,32.219,76.3234,1457.0,False,NORMAL
AWS-004,2026-08-17T17:15:00Z,35.49,977.59,34.97,26.9124,70.9022,225.0,False,NORMAL
AWS-001,2026-08-17T17:30:00Z,31.72,981.45,53.79,28.6139,77.209,216.0,False,NORMAL
AWS-002,2026-08-17T17:30:00Z,32.86,1007.99,61.98,18.922,72.8347,14.0,False,NORMAL
AWS-003,2026-08-17T17:30:00Z,24.65,832.82,46.51,32.219,76.3234,1457.0,False,NORMAL
AWS-004,2026-08-17T17:30:00Z,35.74,977.45,35.47,26.9124,70.9022,225.0,False,NORMAL
AWS-001,2026-08-17T17:45:00Z,30.58,981.54,54.52,28.6139,77.209,216.0,False,NORMAL
AWS-002,2026-08-17T17:45:00Z,32.13,1008.0,63.09,18.922,72.8347,14.0,False,NORMAL
AWS-003,2026-08-17T17:45:00Z,23.79,833.06,48.81,32.219,76.3234,1457.0,False,NORMAL
AWS-004,2026-08-17T17:45:00Z,35.08,977.89,36.59,26.9124,70.9022,225.0,False,NORMAL
AWS-001,2026-08-17T18:00:00Z,30.52,981.76,56.03,28.6139,77.209,216.0,False,NORMAL
AWS-002,2026-08-17T18:00:00Z,31.17,1008.28,65.06,18.922,72.8347,14.0,False,NORMAL
AWS-003,2026-08-17T18:00:00Z,24.56,833.15,51.15,32.219,76.3234,1457.0,False,NORMAL
AWS-004,2026-08-17T18:00:00Z,34.27,977.72,38.14,26.9124,70.9022,225.0,False,NORMAL
AWS-001,2026-08-17T18:15:00Z,29.91,982.13,57.56,28.6139,77.209,216.0,False,NORMAL
AWS-002,2026-08-17T18:15:00Z,30.77,1008.0,63.75,18.922,72.8347,14.0,False,NORMAL
AWS-003,2026-08-17T18:15:00Z,24.0,833.48,52.27,32.219,76.3234,1457.0,False,NORMAL
AWS-004,2026-08-17T18:15:00Z,33.96,978.12,38.82,26.9124,70.9022,225.0,False,NORMAL
AWS-001,2026-08-17T18:30:00Z,30.34,982.04,57.66,28.6139,77.209,216.0,False,NORMAL
AWS-002,2026-08-17T18:30:00Z,31.06,1008.51,66.1,18.922,72.8347,14.0,False,NORMAL
AWS-003,2026-08-17T18:30:00Z,22.94,833.28,55.11,32.219,76.3234,1457.0,False,NORMAL
AWS-004,2026-08-17T18:30:00Z,33.41,977.86,40.25,26.9124,70.9022,225.0,False,NORMAL
AWS-001,2026-08-17T18:45:00Z,29.7,982.2,58.97,28.6139,77.209,216.0,False,NORMAL
AWS-002,2026-08-17T18:45:00Z,31.32,1008.49,66.96,18.922,72.8347,14.0,False,NORMAL
AWS-003,2026-08-17T18:45:00Z,23.09,833.54,54.94,32.219,76.3234,1457.0,False,NORMAL
AWS-004,2026-08-17T18:45:00Z,33.77,978.28,40.69,26.9124,70.9022,225.0,False,NORMAL
AWS-001,2026-08-17T19:00:00Z,28.68,982.31,60.32,28.6139,77.209,216.0,False,NORMAL
AWS-002,2026-08-17T19:00:00Z,29.82,1009.01,69.29,18.922,72.8347,14.0,False,NORMAL
AWS-003,2026-08-17T19:00:00Z,22.21,833.89,55.58,32.219,76.3234,1457.0,False,NORMAL
AWS-004,2026-08-17T19:00:00Z,32.86,978.27,42.78,26.9124,70.9022,225.0,False,NORMAL
AWS-001,2026-08-17T19:15:00Z,28.33,982.57,62.17,28.6139,77.209,216.0,False,NORMAL
AWS-002,2026-08-17T19:15:00Z,29.13,1009.11,69.6,18.922,72.8347,14.0,False,NORMAL
AWS-003,2026-08-17T19:15:00Z,22.35,833.71,55.99,32.219,76.3234,1457.0,False,NORMAL
AWS-004,2026-08-17T19:15:00Z,32.29,978.45,43.43,26.9124,70.9022,225.0,False,NORMAL
AWS-001,2026-08-17T19:30:00Z,28.37,982.67,63.83,28.6139,77.209,216.0,False,NORMAL
AWS-002,2026-08-17T19:30:00Z,29.55,1008.83,71.24,18.922,72.8347,14.0,False,NORMAL
AWS-003,2026-08-17T19:30:00Z,22.32,834.01,57.9,32.219,76.3234,1457.0,False,NORMAL
AWS-004,2026-08-17T19:30:00Z,32.0,978.6,45.41,26.9124,70.9022,225.0,False,NORMAL
AWS-001,2026-08-17T19:45:00Z,27.52,982.98,64.75,28.6139,77.209,216.0,False,NORMAL
AWS-002,2026-08-17T19:45:00Z,28.45,1009.06,72.01,18.922,72.8347,14.0,False,NORMAL
AWS-003,2026-08-17T19:45:00Z,21.37,834.15,59.09,32.219,76.3234,1457.0,False,NORMAL
AWS-004,2026-08-17T19:45:00Z,32.24,978.72,47.04,26.9124,70.9022,225.0,False,NORMAL
AWS-001,2026-08-17T20:00:00Z,27.41,983.11,66.02,28.6139,77.209,216.0,False,NORMAL
AWS-002,2026-08-17T20:00:00Z,28.65,1009.33,73.17,18.922,72.8347,14.0,False,NORMAL
AWS-003,2026-08-17T20:00:00Z,21.14,834.23,59.5,32.219,76.3234,1457.0,False,NORMAL
AWS-004,2026-08-17T20:00:00Z,31.95,978.76,47.23,26.9124,70.9022,225.0,False,NORMAL
AWS-001,2026-08-17T20:15:00Z,27.01,983.1,66.78,28.6139,77.209,216.0,False,NORMAL
AWS-002,2026-08-17T20:15:00Z,27.72,1009.81,75.12,18.922,72.8347,14.0,False,NORMAL
AWS-003,2026-08-17T20:15:00Z,19.82,834.24,63.59,32.219,76.3234,1457.0,False,NORMAL
AWS-004,2026-08-17T20:15:00Z,30.71,979.26,49.85,26.9124,70.9022,225.0,False,NORMAL
AWS-001,2026-08-17T20:30:00Z,26.96,983.35,68.33,28.6139,77.209,216.0,False,NORMAL
AWS-002,2026-08-17T20:30:00Z,27.27,1009.76,77.33,18.922,72.8347,14.0,False,NORMAL
AWS-003,2026-08-17T20:30:00Z,20.27,834.82,62.98,32.219,76.3234,1457.0,False,NORMAL
AWS-004,2026-08-17T20:30:00Z,30.83,979.16,51.02,26.9124,70.9022,225.0,False,NORMAL
AWS-001,2026-08-17T20:45:00Z,26.75,983.49,69.77,28.6139,77.209,216.0,False,NORMAL
AWS-002,2026-08-17T20:45:00Z,27.41,1009.57,77.55,18.922,72.8347,14.0,False,NORMAL
AWS-003,2026-08-17T20:45:00Z,18.53,834.79,65.02,32.219,76.3234,1457.0,False,NORMAL
AWS-004,2026-08-17T20:45:00Z,30.79,979.02,51.43,26.9124,70.9022,225.0,False,NORMAL
AWS-001,2026-08-17T21:00:00Z,26.21,983.48,71.39,28.6139,77.209,216.0,False,NORMAL
AWS-002,2026-08-17T21:00:00Z,27.05,1009.85,79.24,18.922,72.8347,14.0,False,NORMAL
AWS-003,2026-08-17T21:00:00Z,19.82,834.47,65.74,32.219,76.3234,1457.0,False,NORMAL
AWS-004,2026-08-17T21:00:00Z,30.09,979.27,54.52,26.9124,70.9022,225.0,False,NORMAL
AWS-001,2026-08-17T21:15:00Z,25.82,983.57,71.88,28.6139,77.209,216.0,False,NORMAL
AWS-002,2026-08-17T21:15:00Z,27.46,1010.18,80.02,18.922,72.8347,14.0,False,NORMAL
AWS-003,2026-08-17T21:15:00Z,18.93,834.58,67.2,32.219,76.3234,1457.0,False,NORMAL
AWS-004,2026-08-17T21:15:00Z,29.34,979.73,54.09,26.9124,70.9022,225.0,False,NORMAL
AWS-001,2026-08-17T21:30:00Z,24.34,983.61,74.03,28.6139,77.209,216.0,False,NORMAL
AWS-002,2026-08-17T21:30:00Z,27.26,1010.08,82.12,18.922,72.8347,14.0,False,NORMAL
AWS-003,2026-08-17T21:30:00Z,19.28,834.48,69.85,32.219,76.3234,1457.0,False,NORMAL
AWS-004,2026-08-17T21:30:00Z,29.06,979.48,55.65,26.9124,70.9022,225.0,False,NORMAL
AWS-001,2026-08-17T21:45:00Z,25.01,983.77,74.41,28.6139,77.209,216.0,False,NORMAL
AWS-002,2026-08-17T21:45:00Z,25.78,1009.87,82.72,18.922,72.8347,14.0,False,NORMAL
AWS-003,2026-08-17T21:45:00Z,19.16,834.71,70.2,32.219,76.3234,1457.0,False,NORMAL
AWS-004,2026-08-17T21:45:00Z,28.88,979.41,57.26,26.9124,70.9022,225.0,False,NORMAL
AWS-001,2026-08-17T22:00:00Z,24.55,983.66,75.69,28.6139,77.209,216.0,False,NORMAL
AWS-002,2026-08-17T22:00:00Z,26.03,1010.0,83.87,18.922,72.8347,14.0,False,NORMAL
AWS-003,2026-08-17T22:00:00Z,18.07,834.61,70.34,32.219,76.3234,1457.0,False,NORMAL
AWS-004,2026-08-17T22:00:00Z,28.4,979.23,58.5,26.9124,70.9022,225.0,False,NORMAL
AWS-001,2026-08-17T22:15:00Z,23.83,983.55,77.35,28.6139,77.209,216.0,False,NORMAL
AWS-002,2026-08-17T22:15:00Z,24.82,1010.01,84.51,18.922,72.8347,14.0,False,NORMAL
AWS-003,2026-08-17T22:15:00Z,17.54,834.35,72.35,32.219,76.3234,1457.0,False,NORMAL
AWS-004,2026-08-17T22:15:00Z,28.27,979.63,58.86,26.9124,70.9022,225.0,False,NORMAL
AWS-001,2026-08-17T22:30:00Z,24.24,983.58,77.75,28.6139,77.209,216.0,False,NORMAL
AWS-002,2026-08-17T22:30:00Z,24.57,1009.97,86.97,18.922,72.8347,14.0,False,NORMAL
AWS-003,2026-08-17T22:30:00Z,16.92,834.77,73.63,32.219,76.3234,1457.0,False,NORMAL
AWS-004,2026-08-17T22:30:00Z,27.59,979.46,61.51,26.9124,70.9022,225.0,False,NORMAL
AWS-001,2026-08-17T22:45:00Z,23.55,983.55,79.03,28.6139,77.209,216.0,False,NORMAL
AWS-002,2026-08-17T22:45:00Z,24.98,1009.78,86.97,18.922,72.8347,14.0,False,NORMAL
AWS-003,2026-08-17T22:45:00Z,17.05,834.45,75.59,32.219,76.3234,1457.0,False,NORMAL
AWS-004,2026-08-17T22:45:00Z,27.22,979.35,59.96,26.9124,70.9022,225.0,False,NORMAL
AWS-001,2026-08-17T23:00:00Z,23.21,983.47,80.51,28.6139,77.209,216.0,False,NORMAL
AWS-002,2026-08-17T23:00:00Z,24.0,1009.79,88.28,18.922,72.8347,14.0,False,NORMAL
AWS-003,2026-08-17T23:00:00Z,17.11,834.57,75.55,32.219,76.3234,1457.0,False,NORMAL
AWS-004,2026-08-17T23:00:00Z,27.03,979.22,61.46,26.9124,70.9022,225.0,False,NORMAL
AWS-001,2026-08-17T23:15:00Z,23.15,983.31,80.37,28.6139,77.209,216.0,False,NORMAL
AWS-002,2026-08-17T23:15:00Z,24.32,1009.88,89.38,18.922,72.8347,14.0,False,NORMAL
AWS-003,2026-08-17T23:15:00Z,16.08,834.34,75.27,32.219,76.3234,1457.0,False,NORMAL
AWS-004,2026-08-17T23:15:00Z,27.0,979.48,64.07,26.9124,70.9022,225.0,False,NORMAL
AWS-001,2026-08-17T23:30:00Z,22.7,983.1,81.2,28.6139,77.209,216.0,False,NORMAL
AWS-002,2026-08-17T23:30:00Z,22.63,1009.64,90.49,18.922,72.8347,14.0,False,NORMAL
AWS-003,2026-08-17T23:30:00Z,15.03,834.42,77.2,32.219,76.3234,1457.0,False,NORMAL
AWS-004,2026-08-17T23:30:00Z,26.26,979.25,63.3,26.9124,70.9022,225.0,False,NORMAL
AWS-001,2026-08-17T23:45:00Z,22.38,983.4,82.44,28.6139,77.209,216.0,False,NORMAL
AWS-002,2026-08-17T23:45:00Z,23.63,1009.61,90.54,18.922,72.8347,14.0,False,NORMAL
AWS-003,2026-08-17T23:45:00Z,16.38,834.29,77.98,32.219,76.3234,1457.0,False,NORMAL
AWS-004,2026-08-17T23:45:00Z,26.69,978.95,64.49,26.9124,70.9022,225.0,False,NORMAL
AWS-001,2026-08-18T00:00:00Z,21.75,983.38,82.95,28.6139,77.209,216.0,False,NORMAL
AWS-002,2026-08-18T00:00:00Z,22.45,1009.44,91.1,18.922,72.8347,14.0,False,NORMAL
AWS-003,2026-08-18T00:00:00Z,15.43,834.23,78.54,32.219,76.3234,1457.0,False,NORMAL
AWS-004,2026-08-18T00:00:00Z,26.32,979.08,66.18,26.9124,70.9022,225.0,False,NORMAL
AWS-001,2026-08-18T00:15:00Z,21.78,982.81,83.82,28.6139,77.209,216.0,False,NORMAL
AWS-002,2026-08-18T00:15:00Z,23.3,1009.23,91.38,18.922,72.8347,14.0,False,NORMAL
AWS-003,2026-08-18T00:15:00Z,15.88,834.13,79.24,32.219,76.3234,1457.0,False,NORMAL
AWS-004,2026-08-18T00:15:00Z,26.09,978.96,64.88,26.9124,70.9022,225.0,False,NORMAL
AWS-001,2026-08-18T00:30:00Z,21.58,982.67,84.34,28.6139,77.209,216.0,False,NORMAL
AWS-002,2026-08-18T00:30:00Z,22.9,1009.24,92.94,18.922,72.8347,14.0,False,NORMAL
AWS-003,2026-08-18T00:30:00Z,14.89,833.69,79.98,32.219,76.3234,1457.0,False,NORMAL
AWS-004,2026-08-18T00:30:00Z,25.42,978.36,66.49,26.9124,70.9022,225.0,False,NORMAL
AWS-001,2026-08-18T00:45:00Z,21.87,982.45,85.52,28.6139,77.209,216.0,False,NORMAL
AWS-002,2026-08-18T00:45:00Z,23.64,1008.95,93.02,18.922,72.8347,14.0,False,NORMAL
AWS-003,2026-08-18T00:45:00Z,14.45,833.91,80.85,32.219,76.3234,1457.0,False,NORMAL
AWS-004,2026-08-18T00:45:00Z,25.88,978.47,66.69,26.9124,70.9022,225.0,False,NORMAL
AWS-001,2026-08-18T01:00:00Z,21.53,982.3,85.29,28.6139,77.209,216.0,False,NORMAL
AWS-002,2026-08-18T01:00:00Z,22.5,1009.0,94.07,18.922,72.8347,14.0,False,NORMAL
AWS-003,2026-08-18T01:00:00Z,15.27,833.66,80.7,32.219,76.3234,1457.0,False,NORMAL
AWS-004,2026-08-18T01:00:00Z,25.49,978.39,66.96,26.9124,70.9022,225.0,False,NORMAL
AWS-001,2026-08-18T01:15:00Z,21.69,982.37,85.05,28.6139,77.209,216.0,False,NORMAL
AWS-002,2026-08-18T01:15:00Z,23.28,1008.76,94.25,18.922,72.8347,14.0,False,NORMAL
AWS-003,2026-08-18T01:15:00Z,14.19,833.59,79.57,32.219,76.3234,1457.0,False,NORMAL
AWS-004,2026-08-18T01:15:00Z,25.4,978.11,67.71,26.9124,70.9022,225.0,False,NORMAL
AWS-001,2026-08-18T01:30:00Z,21.45,982.04,85.59,28.6139,77.209,216.0,False,NORMAL
AWS-002,2026-08-18T01:30:00Z,22.8,1008.36,94.02,18.922,72.8347,14.0,False,NORMAL
AWS-003,2026-08-18T01:30:00Z,14.81,833.01,80.45,32.219,76.3234,1457.0,False,NORMAL
AWS-004,2026-08-18T01:30:00Z,25.9,978.38,68.01,26.9124,70.9022,225.0,False,NORMAL
AWS-001,2026-08-18T01:45:00Z,21.62,982.23,85.41,28.6139,77.209,216.0,False,NORMAL
AWS-002,2026-08-18T01:45:00Z,22.54,1008.25,92.9,18.922,72.8347,14.0,False,NORMAL
AWS-003,2026-08-18T01:45:00Z,14.62,833.45,80.15,32.219,76.3234,1457.0,False,NORMAL
AWS-004,2026-08-18T01:45:00Z,25.23,978.01,67.37,26.9124,70.9022,225.0,False,NORMAL
AWS-001,2026-08-18T02:00:00Z,21.17,981.85,85.43,28.6139,77.209,216.0,False,NORMAL
AWS-002,2026-08-18T02:00:00Z,22.38,1008.31,93.36,18.922,72.8347,14.0,False,NORMAL
AWS-003,2026-08-18T02:00:00Z,15.73,833.37,80.66,32.219,76.3234,1457.0,False,NORMAL
AWS-004,2026-08-18T02:00:00Z,25.84,978.06,67.36,26.9124,70.9022,225.0,False,NORMAL
AWS-001,2026-08-18T02:15:00Z,21.6,981.7,85.97,28.6139,77.209,216.0,False,NORMAL
AWS-002,2026-08-18T02:15:00Z,23.33,1008.08,94.01,18.922,72.8347,14.0,False,NORMAL
AWS-003,2026-08-18T02:15:00Z,14.89,833.28,80.58,32.219,76.3234,1457.0,False,NORMAL
AWS-004,2026-08-18T02:15:00Z,25.13,977.76,66.81,26.9124,70.9022,225.0,False,NORMAL
AWS-001,2026-08-18T02:30:00Z,21.93,981.41,84.93,28.6139,77.209,216.0,False,NORMAL
AWS-002,2026-08-18T02:30:00Z,22.49,1007.95,93.23,18.922,72.8347,14.0,False,NORMAL
AWS-003,2026-08-18T02:30:00Z,15.04,833.17,81.14,32.219,76.3234,1457.0,False,NORMAL
AWS-004,2026-08-18T02:30:00Z,25.32,977.62,67.58,26.9124,70.9022,225.0,False,NORMAL
AWS-001,2026-08-18T02:45:00Z,21.24,981.71,85.3,28.6139,77.209,216.0,False,NORMAL
AWS-002,2026-08-18T02:45:00Z,22.99,1007.81,93.02,18.922,72.8347,14.0,False,NORMAL
AWS-003,2026-08-18T02:45:00Z,15.06,832.67,81.55,32.219,76.3234,1457.0,False,NORMAL
AWS-004,2026-08-18T02:45:00Z,25.83,977.73,66.37,26.9124,70.9022,225.0,False,NORMAL
AWS-001,2026-08-18T03:00:00Z,21.62,981.39,85.67,28.6139,77.209,216.0,False,NORMAL
AWS-002,2026-08-18T03:00:00Z,22.4,1007.63,93.24,18.922,72.8347,14.0,False,NORMAL
AWS-003,2026-08-18T03:00:00Z,15.2,832.87,81.05,32.219,76.3234,1457.0,False,NORMAL
AWS-004,2026-08-18T03:00:00Z,25.76,977.37,66.83,26.9124,70.9022,225.0,False,NORMAL
AWS-001,2026-08-18T03:15:00Z,21.9,981.65,84.85,28.6139,77.209,216.0,False,NORMAL
AWS-002,2026-08-18T03:15:00Z,22.71,1007.75,92.03,18.922,72.8347,14.0,False,NORMAL
AWS-003,2026-08-18T03:15:00Z,15.41,832.89,80.41,32.219,76.3234,1457.0,False,NORMAL
AWS-004,2026-08-18T03:15:00Z,26.14,977.27,67.34,26.9124,70.9022,225.0,False,NORMAL
AWS-001,2026-08-18T03:30:00Z,22.48,981.38,83.76,28.6139,77.209,216.0,False,NORMAL
AWS-002,2026-08-18T03:30:00Z,23.53,1007.77,92.58,18.922,72.8347,14.0,False,NORMAL
AWS-003,2026-08-18T03:30:00Z,15.84,832.43,78.53,32.219,76.3234,1457.0,False,NORMAL
AWS-004,2026-08-18T03:30:00Z,26.05,977.38,66.9,26.9124,70.9022,225.0,False,NORMAL
AWS-001,2026-08-18T03:45:00Z,22.52,981.35,84.23,28.6139,77.209,216.0,False,NORMAL
AWS-002,2026-08-18T03:45:00Z,23.44,1007.8,91.56,18.922,72.8347,14.0,False,NORMAL
AWS-003,2026-08-18T03:45:00Z,14.46,832.41,79.03,32.219,76.3234,1457.0,False,NORMAL
AWS-004,2026-08-18T03:45:00Z,26.24,977.12,66.53,26.9124,70.9022,225.0,False,NORMAL
AWS-001,2026-08-18T04:00:00Z,22.18,981.25,83.49,28.6139,77.209,216.0,False,NORMAL
AWS-002,2026-08-18T04:00:00Z,23.63,1007.64,89.93,18.922,72.8347,14.0,False,NORMAL
AWS-003,2026-08-18T04:00:00Z,15.25,832.75,77.77,32.219,76.3234,1457.0,False,NORMAL
AWS-004,2026-08-18T04:00:00Z,25.89,977.16,65.64,26.9124,70.9022,225.0,False,NORMAL
AWS-001,2026-08-18T04:15:00Z,22.08,981.37,81.94,28.6139,77.209,216.0,False,NORMAL
AWS-002,2026-08-18T04:15:00Z,23.29,1007.82,91.03,18.922,72.8347,14.0,False,NORMAL
AWS-003,2026-08-18T04:15:00Z,15.99,832.69,77.46,32.219,76.3234,1457.0,False,NORMAL
AWS-004,2026-08-18T04:15:00Z,26.92,977.34,65.07,26.9124,70.9022,225.0,False,NORMAL
AWS-001,2026-08-18T04:30:00Z,22.63,981.26,82.05,28.6139,77.209,216.0,False,NORMAL
AWS-002,2026-08-18T04:30:00Z,23.39,1008.13,89.73,18.922,72.8347,14.0,False,NORMAL
AWS-003,2026-08-18T04:30:00Z,16.25,832.82,77.09,32.219,76.3234,1457.0,False,NORMAL
AWS-004,2026-08-18T04:30:00Z,26.42,977.15,64.34,26.9124,70.9022,225.0,False,NORMAL
AWS-001,2026-08-18T04:45:00Z,22.96,981.47,80.62,28.6139,77.209,216.0,False,NORMAL
AWS-002,2026-08-18T04:45:00Z,23.27,1007.65,88.42,18.922,72.8347,14.0,False,NORMAL
AWS-003,2026-08-18T04:45:00Z,15.78,832.54,76.09,32.219,76.3234,1457.0,False,NORMAL
AWS-004,2026-08-18T04:45:00Z,26.51,977.39,63.32,26.9124,70.9022,225.0,False,NORMAL
AWS-001,2026-08-18T05:00:00Z,23.11,981.3,79.89,28.6139,77.209,216.0,False,NORMAL
AWS-002,2026-08-18T05:00:00Z,23.73,1007.47,89.08,18.922,72.8347,14.0,False,NORMAL
AWS-003,2026-08-18T05:00:00Z,17.04,832.8,75.59,32.219,76.3234,1457.0,False,NORMAL
AWS-004,2026-08-18T05:00:00Z,26.66,977.33,62.55,26.9124,70.9022,225.0,False,NORMAL
AWS-001,2026-08-18T05:15:00Z,23.59,981.35,79.84,28.6139,77.209,216.0,False,NORMAL
AWS-002,2026-08-18T05:15:00Z,23.98,1007.44,86.24,18.922,72.8347,14.0,False,NORMAL
AWS-003,2026-08-18T05:15:00Z,16.92,832.76,74.22,32.219,76.3234,1457.0,False,NORMAL
AWS-004,2026-08-18T05:15:00Z,28.29,977.54,60.97,26.9124,70.9022,225.0,False,NORMAL
AWS-001,2026-08-18T05:30:00Z,23.54,981.61,77.81,28.6139,77.209,216.0,False,NORMAL
AWS-002,2026-08-18T05:30:00Z,25.34,1008.07,86.05,18.922,72.8347,14.0,False,NORMAL
AWS-003,2026-08-18T05:30:00Z,18.11,832.77,73.11,32.219,76.3234,1457.0,False,NORMAL
AWS-004,2026-08-18T05:30:00Z,28.38,977.63,61.99,26.9124,70.9022,225.0,False,NORMAL
AWS-001,2026-08-18T05:45:00Z,23.74,981.63,77.14,28.6139,77.209,216.0,False,NORMAL
AWS-002,2026-08-18T05:45:00Z,25.34,1007.88,85.03,18.922,72.8347,14.0,False,NORMAL
AWS-003,2026-08-18T05:45:00Z,16.49,833.25,73.03,32.219,76.3234,1457.0,False,NORMAL
AWS-004,2026-08-18T05:45:00Z,27.68,977.78,59.71,26.9124,70.9022,225.0,False,NORMAL
AWS-001,2026-08-18T06:00:00Z,23.9,981.8,76.99,28.6139,77.209,216.0,False,NORMAL
AWS-002,2026-08-18T06:00:00Z,25.33,1008.13,84.19,18.922,72.8347,14.0,False,NORMAL
AWS-003,2026-08-18T06:00:00Z,17.58,833.13,70.67,32.219,76.3234,1457.0,False,NORMAL
AWS-004,2026-08-18T06:00:00Z,28.68,977.83,58.53,26.9124,70.9022,225.0,False,NORMAL
AWS-001,2026-08-18T06:15:00Z,24.67,982.04,74.3,28.6139,77.209,216.0,False,NORMAL
AWS-002,2026-08-18T06:15:00Z,25.34,1008.16,82.09,18.922,72.8347,14.0,False,NORMAL
AWS-003,2026-08-18T06:15:00Z,18.57,833.3,69.44,32.219,76.3234,1457.0,False,NORMAL
AWS-004,2026-08-18T06:15:00Z,28.67,977.86,56.47,26.9124,70.9022,225.0,False,NORMAL
AWS-001,2026-08-18T06:30:00Z,25.33,982.07,73.35,28.6139,77.209,216.0,False,NORMAL
AWS-002,2026-08-18T06:30:00Z,25.81,1008.41,80.75,18.922,72.8347,14.0,False,NORMAL
AWS-003,2026-08-18T06:30:00Z,18.51,833.09,69.42,32.219,76.3234,1457.0,False,NORMAL
AWS-004,2026-08-18T06:30:00Z,28.96,978.12,56.41,26.9124,70.9022,225.0,False,NORMAL
AWS-001,2026-08-18T06:45:00Z,25.5,982.41,71.9,28.6139,77.209,216.0,False,NORMAL
AWS-002,2026-08-18T06:45:00Z,26.35,1008.95,81.19,18.922,72.8347,14.0,False,NORMAL
AWS-003,2026-08-18T06:45:00Z,18.79,833.68,66.44,32.219,76.3234,1457.0,False,NORMAL
AWS-004,2026-08-18T06:45:00Z,28.94,978.38,54.82,26.9124,70.9022,225.0,False,NORMAL
AWS-001,2026-08-18T07:00:00Z,25.82,982.36,70.03,28.6139,77.209,216.0,False,NORMAL
AWS-002,2026-08-18T07:00:00Z,27.35,1008.82,79.61,18.922,72.8347,14.0,False,NORMAL
AWS-003,2026-08-18T07:00:00Z,19.54,833.92,66.11,32.219,76.3234,1457.0,False,NORMAL
AWS-004,2026-08-18T07:00:00Z,29.39,978.07,53.56,26.9124,70.9022,225.0,False,NORMAL
AWS-001,2026-08-18T07:15:00Z,26.3,982.61,69.7,28.6139,77.209,216.0,False,NORMAL
AWS-002,2026-08-18T07:15:00Z,27.48,1009.11,77.0,18.922,72.8347,14.0,False,NORMAL
AWS-003,2026-08-18T07:15:00Z,19.76,833.88,63.76,32.219,76.3234,1457.0,False,NORMAL
AWS-004,2026-08-18T07:15:00Z,30.16,978.52,51.84,26.9124,70.9022,225.0,False,NORMAL
AWS-001,2026-08-18T07:30:00Z,26.51,982.71,68.66,28.6139,77.209,216.0,False,NORMAL
AWS-002,2026-08-18T07:30:00Z,27.5,1009.2,75.76,18.922,72.8347,14.0,False,NORMAL
AWS-003,2026-08-18T07:30:00Z,19.66,833.89,63.59,32.219,76.3234,1457.0,False,NORMAL
AWS-004,2026-08-18T07:30:00Z,30.18,978.65,50.75,26.9124,70.9022,225.0,False,NORMAL
AWS-001,2026-08-18T07:45:00Z,27.49,983.09,66.88,28.6139,77.209,216.0,False,NORMAL
AWS-002,2026-08-18T07:45:00Z,28.53,1009.28,75.36,18.922,72.8347,14.0,False,NORMAL
AWS-003,2026-08-18T07:45:00Z,20.7,834.08,61.83,32.219,76.3234,1457.0,False,NORMAL
AWS-004,2026-08-18T07:45:00Z,31.52,978.61,49.26,26.9124,70.9022,225.0,False,NORMAL
AWS-001,2026-08-18T08:00:00Z,27.65,982.81,66.03,28.6139,77.209,216.0,False,NORMAL
AWS-002,2026-08-18T08:00:00Z,27.67,1009.48,74.84,18.922,72.8347,14.0,False,NORMAL
AWS-003,2026-08-18T08:00:00Z,20.66,833.94,60.23,32.219,76.3234,1457.0,False,NORMAL
AWS-004,2026-08-18T08:00:00Z,31.14,978.97,47.11,26.9124,70.9022,225.0,False,NORMAL
AWS-001,2026-08-18T08:15:00Z,27.31,983.12,65.11,28.6139,77.209,216.0,False,NORMAL
AWS-002,2026-08-18T08:15:00Z,28.99,1009.54,72.61,18.922,72.8347,14.0,False,NORMAL
AWS-003,2026-08-18T08:15:00Z,21.21,834.17,60.54,32.219,76.3234,1457.0,False,NORMAL
AWS-004,2026-08-18T08:15:00Z,31.53,979.24,46.93,26.9124,70.9022,225.0,False,NORMAL
AWS-001,2026-08-18T08:30:00Z,28.17,983.22,63.07,28.6139,77.209,216.0,False,NORMAL
AWS-002,2026-08-18T08:30:00Z,29.39,1009.75,71.56,18.922,72.8347,14.0,False,NORMAL
AWS-003,2026-08-18T08:30:00Z,21.61,834.33,58.2,32.219,76.3234,1457.0,False,NORMAL
AWS-004,2026-08-18T08:30:00Z,32.43,979.13,46.16,26.9124,70.9022,225.0,False,NORMAL
AWS-001,2026-08-18T08:45:00Z,28.63,983.27,61.89,28.6139,77.209,216.0,False,NORMAL
AWS-002,2026-08-18T08:45:00Z,29.37,1009.8,70.61,18.922,72.8347,14.0,False,NORMAL
AWS-003,2026-08-18T08:45:00Z,21.76,834.49,57.65,32.219,76.3234,1457.0,False,NORMAL
AWS-004,2026-08-18T08:45:00Z,31.73,979.4,43.74,26.9124,70.9022,225.0,False,NORMAL
AWS-001,2026-08-18T09:00:00Z,28.64,983.41,60.96,28.6139,77.209,216.0,False,NORMAL
AWS-002,2026-08-18T09:00:00Z,30.08,1009.71,69.52,18.922,72.8347,14.0,False,NORMAL
AWS-003,2026-08-18T09:00:00Z,21.86,834.72,56.3,32.219,76.3234,1457.0,False,NORMAL
AWS-004,2026-08-18T09:00:00Z,31.49,979.43,42.66,26.9124,70.9022,225.0,False,NORMAL
AWS-001,2026-08-18T09:15:00Z,29.21,983.53,59.82,28.6139,77.209,216.0,False,NORMAL
AWS-002,2026-08-18T09:15:00Z,30.47,1010.04,67.35,18.922,72.8347,14.0,False,NORMAL
AWS-003,2026-08-18T09:15:00Z,22.87,834.72,54.55,32.219,76.3234,1457.0,False,NORMAL
AWS-004,2026-08-18T09:15:00Z,32.85,979.37,42.11,26.9124,70.9022,225.0,False,NORMAL
AWS-001,2026-08-18T09:30:00Z,29.61,983.46,58.57,28.6139,77.209,216.0,False,NORMAL
AWS-002,2026-08-18T09:30:00Z,30.26,1009.71,66.27,18.922,72.8347,14.0,False,NORMAL
AWS-003,2026-08-18T09:30:00Z,22.27,834.67,53.38,32.219,76.3234,1457.0,False,NORMAL
AWS-004,2026-08-18T09:30:00Z,33.96,979.57,41.29,26.9124,70.9022,225.0,False,NORMAL
AWS-001,2026-08-18T09:45:00Z,29.81,983.88,57.03,28.6139,77.209,216.0,False,NORMAL
AWS-002,2026-08-18T09:45:00Z,31.05,1009.96,65.11,18.922,72.8347,14.0,False,NORMAL
AWS-003,2026-08-18T09:45:00Z,23.88,834.77,52.35,32.219,76.3234,1457.0,False,NORMAL
AWS-004,2026-08-18T09:45:00Z,33.33,979.61,40.02,26.9124,70.9022,225.0,False,NORMAL
AWS-001,2026-08-18T10:00:00Z,30.98,983.6,56.1,28.6139,77.209,216.0,False,NORMAL
AWS-002,2026-08-18T10:00:00Z,31.41,1009.98,63.28,18.922,72.8347,14.0,False,NORMAL
AWS-003,2026-08-18T10:00:00Z,24.0,834.73,52.64,32.219,76.3234,1457.0,False,NORMAL
AWS-004,2026-08-18T10:00:00Z,34.02,979.52,38.48,26.9124,70.9022,225.0,False,NORMAL
AWS-001,2026-08-18T10:15:00Z,30.75,983.55,55.57,28.6139,77.209,216.0,False,NORMAL
AWS-002,2026-08-18T10:15:00Z,31.46,1009.95,63.37,18.922,72.8347,14.0,False,NORMAL
AWS-003,2026-08-18T10:15:00Z,24.79,834.48,49.31,32.219,76.3234,1457.0,False,NORMAL
AWS-004,2026-08-18T10:15:00Z,34.85,979.54,35.85,26.9124,70.9022,225.0,False,NORMAL
AWS-001,2026-08-18T10:30:00Z,30.4,983.53,54.12,28.6139,77.209,216.0,False,NORMAL
AWS-002,2026-08-18T10:30:00Z,32.42,1009.69,60.35,18.922,72.8347,14.0,False,NORMAL
AWS-003,2026-08-18T10:30:00Z,24.26,834.5,48.74,32.219,76.3234,1457.0,False,NORMAL
AWS-004,2026-08-18T10:30:00Z,34.65,979.86,35.28,26.9124,70.9022,225.0,False,NORMAL
AWS-001,2026-08-18T10:45:00Z,31.7,983.68,52.87,28.6139,77.209,216.0,False,NORMAL
AWS-002,2026-08-18T10:45:00Z,32.42,1009.98,60.82,18.922,72.8347,14.0,False,NORMAL
AWS-003,2026-08-18T10:45:00Z,24.92,834.38,48.17,32.219,76.3234,1457.0,False,NORMAL
AWS-004,2026-08-18T10:45:00Z,34.17,979.63,34.78,26.9124,70.9022,225.0,False,NORMAL
AWS-001,2026-08-18T11:00:00Z,31.33,983.36,51.55,28.6139,77.209,216.0,False,NORMAL
AWS-002,2026-08-18T11:00:00Z,32.82,1009.8,60.45,18.922,72.8347,14.0,False,NORMAL
AWS-003,2026-08-18T11:00:00Z,25.89,834.56,46.68,32.219,76.3234,1457.0,False,NORMAL
AWS-004,2026-08-18T11:00:00Z,35.35,979.29,32.69,26.9124,70.9022,225.0,False,NORMAL
AWS-001,2026-08-18T11:15:00Z,31.83,983.43,51.82,28.6139,77.209,216.0,False,NORMAL
AWS-002,2026-08-18T11:15:00Z,32.45,1009.68,58.73,18.922,72.8347,14.0,False,NORMAL
AWS-003,2026-08-18T11:15:00Z,25.61,834.03,45.65,32.219,76.3234,1457.0,False,NORMAL
AWS-004,2026-08-18T11:15:00Z,36.48,979.18,32.71,26.9124,70.9022,225.0,False,NORMAL
AWS-001,2026-08-18T11:30:00Z,31.98,983.31,50.64,28.6139,77.209,216.0,False,NORMAL
AWS-002,2026-08-18T11:30:00Z,33.74,1009.68,57.77,18.922,72.8347,14.0,False,NORMAL
AWS-003,2026-08-18T11:30:00Z,25.31,834.78,44.29,32.219,76.3234,1457.0,False,NORMAL
AWS-004,2026-08-18T11:30:00Z,35.77,979.21,32.09,26.9124,70.9022,225.0,False,NORMAL
AWS-001,2026-08-18T11:45:00Z,32.41,983.21,50.17,28.6139,77.209,216.0,False,NORMAL
AWS-002,2026-08-18T11:45:00Z,33.88,1009.53,58.45,18.922,72.8347,14.0,False,NORMAL
AWS-003,2026-08-18T11:45:00Z,24.74,834.61,46.25,32.219,76.3234,1457.0,False,NORMAL
AWS-004,2026-08-18T11:45:00Z,36.01,979.18,31.98,26.9124,70.9022,225.0,False,NORMAL
AWS-001,2026-08-18T12:00:00Z,32.0,983.03,48.89,28.6139,77.209,216.0,False,NORMAL
AWS-002,2026-08-18T12:00:00Z,34.01,1009.42,57.22,18.922,72.8347,14.0,False,NORMAL
AWS-003,2026-08-18T12:00:00Z,24.93,834.27,43.76,32.219,76.3234,1457.0,False,NORMAL
AWS-004,2026-08-18T12:00:00Z,36.44,978.87,31.18,26.9124,70.9022,225.0,False,NORMAL
AWS-001,2026-08-18T12:15:00Z,32.48,982.88,48.09,28.6139,77.209,216.0,False,NORMAL
AWS-002,2026-08-18T12:15:00Z,33.48,1009.22,55.25,18.922,72.8347,14.0,False,NORMAL
AWS-003,2026-08-18T12:15:00Z,25.93,833.86,43.95,32.219,76.3234,1457.0,False,NORMAL
AWS-004,2026-08-18T12:15:00Z,36.61,978.57,30.46,26.9124,70.9022,225.0,False,NORMAL
AWS-001,2026-08-18T12:30:00Z,33.27,982.81,47.16,28.6139,77.209,216.0,False,NORMAL
AWS-002,2026-08-18T12:30:00Z,34.18,1008.93,55.77,18.922,72.8347,14.0,False,NORMAL
AWS-003,2026-08-18T12:30:00Z,27.21,833.65,43.23,32.219,76.3234,1457.0,False,NORMAL
AWS-004,2026-08-18T12:30:00Z,36.75,978.59,30.11,26.9124,70.9022,225.0,False,NORMAL
AWS-001,2026-08-18T12:45:00Z,32.59,982.56,46.81,28.6139,77.209,216.0,False,NORMAL
AWS-002,2026-08-18T12:45:00Z,34.6,1008.96,54.84,18.922,72.8347,14.0,False,NORMAL
AWS-003,2026-08-18T12:45:00Z,26.63,834.19,40.83,32.219,76.3234,1457.0,False,NORMAL
AWS-004,2026-08-18T12:45:00Z,37.46,978.54,29.37,26.9124,70.9022,225.0,False,NORMAL
AWS-001,2026-08-18T13:00:00Z,33.11,982.47,46.78,28.6139,77.209,216.0,False,NORMAL
AWS-002,2026-08-18T13:00:00Z,34.28,1009.05,55.33,18.922,72.8347,14.0,False,NORMAL
AWS-003,2026-08-18T13:00:00Z,26.44,833.99,42.61,32.219,76.3234,1457.0,False,NORMAL
AWS-004,2026-08-18T13:00:00Z,36.55,978.29,29.36,26.9124,70.9022,225.0,False,NORMAL
AWS-001,2026-08-18T13:15:00Z,33.12,982.32,45.81,28.6139,77.209,216.0,False,NORMAL
AWS-002,2026-08-18T13:15:00Z,34.52,1008.57,53.91,18.922,72.8347,14.0,False,NORMAL
AWS-003,2026-08-18T13:15:00Z,26.92,833.33,40.52,32.219,76.3234,1457.0,False,NORMAL
AWS-004,2026-08-18T13:15:00Z,37.06,978.29,28.48,26.9124,70.9022,225.0,False,NORMAL
AWS-001,2026-08-18T13:30:00Z,32.33,982.27,46.45,28.6139,77.209,216.0,False,NORMAL
AWS-002,2026-08-18T13:30:00Z,34.34,1008.55,54.59,18.922,72.8347,14.0,False,NORMAL
AWS-003,2026-08-18T13:30:00Z,26.75,833.29,40.01,32.219,76.3234,1457.0,False,NORMAL
AWS-004,2026-08-18T13:30:00Z,37.42,978.06,28.39,26.9124,70.9022,225.0,False,NORMAL
AWS-001,2026-08-18T13:45:00Z,33.15,982.0,46.69,28.6139,77.209,216.0,False,NORMAL
AWS-002,2026-08-18T13:45:00Z,34.69,1008.3,54.59,18.922,72.8347,14.0,False,NORMAL
AWS-003,2026-08-18T13:45:00Z,27.23,833.06,41.82,32.219,76.3234,1457.0,False,NORMAL
AWS-004,2026-08-18T13:45:00Z,37.57,978.14,27.98,26.9124,70.9022,225.0,False,NORMAL
AWS-001,2026-08-18T14:00:00Z,32.97,981.94,46.52,28.6139,77.209,216.0,False,NORMAL
AWS-002,2026-08-18T14:00:00Z,33.81,1008.09,53.97,18.922,72.8347,14.0,False,NORMAL
AWS-003,2026-08-18T14:00:00Z,26.25,833.04,41.93,32.219,76.3234,1457.0,False,NORMAL
AWS-004,2026-08-18T14:00:00Z,36.89,977.82,28.42,26.9124,70.9022,225.0,False,NORMAL
AWS-001,2026-08-18T14:15:00Z,33.25,981.88,45.51,28.6139,77.209,216.0,False,NORMAL
AWS-002,2026-08-18T14:15:00Z,34.7,1008.3,53.83,18.922,72.8347,14.0,False,NORMAL
AWS-003,2026-08-18T14:15:00Z,26.33,833.06,41.38,32.219,76.3234,1457.0,False,NORMAL
AWS-004,2026-08-18T14:15:00Z,37.03,977.68,28.88,26.9124,70.9022,225.0,False,NORMAL
AWS-001,2026-08-18T14:30:00Z,33.19,981.49,46.89,28.6139,77.209,216.0,False,NORMAL
AWS-002,2026-08-18T14:30:00Z,34.47,1007.91,54.61,18.922,72.8347,14.0,False,NORMAL
AWS-003,2026-08-18T14:30:00Z,26.16,832.97,41.79,32.219,76.3234,1457.0,False,NORMAL
AWS-004,2026-08-18T14:30:00Z,37.18,977.31,28.83,26.9124,70.9022,225.0,False,NORMAL
AWS-001,2026-08-18T14:45:00Z,32.99,981.47,46.93,28.6139,77.209,216.0,False,NORMAL
AWS-002,2026-08-18T14:45:00Z,34.19,1007.85,54.14,18.922,72.8347,14.0,False,NORMAL
AWS-003,2026-08-18T14:45:00Z,27.04,833.03,42.0,32.219,76.3234,1457.0,False,NORMAL
AWS-004,2026-08-18T14:45:00Z,37.12,977.63,28.18,26.9124,70.9022,225.0,False,NORMAL
AWS-001,2026-08-18T15:00:00Z,32.56,981.28,47.75,28.6139,77.209,216.0,False,NORMAL
AWS-002,2026-08-18T15:00:00Z,34.39,1007.75,55.51,18.922,72.8347,14.0,False,NORMAL
AWS-003,2026-08-18T15:00:00Z,26.84,833.14,42.21,32.219,76.3234,1457.0,False,NORMAL
AWS-004,2026-08-18T15:00:00Z,36.86,977.3,27.92,26.9124,70.9022,225.0,False,NORMAL
AWS-001,2026-08-18T15:15:00Z,32.49,981.31,46.61,28.6139,77.209,216.0,False,NORMAL
AWS-002,2026-08-18T15:15:00Z,34.08,1007.65,54.87,18.922,72.8347,14.0,False,NORMAL
AWS-003,2026-08-18T15:15:00Z,26.42,832.73,42.07,32.219,76.3234,1457.0,False,NORMAL
AWS-004,2026-08-18T15:15:00Z,37.45,977.07,28.94,26.9124,70.9022,225.0,False,NORMAL
AWS-001,2026-08-18T15:30:00Z,32.67,981.31,47.78,28.6139,77.209,216.0,False,NORMAL
AWS-002,2026-08-18T15:30:00Z,33.98,1007.68,55.75,18.922,72.8347,14.0,False,NORMAL
AWS-003,2026-08-18T15:30:00Z,26.06,832.33,42.17,32.219,76.3234,1457.0,False,NORMAL
AWS-004,2026-08-18T15:30:00Z,37.2,977.39,28.84,26.9124,70.9022,225.0,False,NORMAL
AWS-001,2026-08-18T15:45:00Z,32.35,981.27,48.17,28.6139,77.209,216.0,False,NORMAL
AWS-002,2026-08-18T15:45:00Z,34.14,1007.57,56.54,18.922,72.8347,14.0,False,NORMAL
AWS-003,2026-08-18T15:45:00Z,27.0,832.62,43.63,32.219,76.3234,1457.0,False,NORMAL
AWS-004,2026-08-18T15:45:00Z,35.73,976.88,29.82,26.9124,70.9022,225.0,False,NORMAL
AWS-001,2026-08-18T16:00:00Z,32.24,981.26,49.25,28.6139,77.209,216.0,False,NORMAL
AWS-002,2026-08-18T16:00:00Z,33.85,1007.65,57.0,18.922,72.8347,14.0,False,NORMAL
AWS-003,2026-08-18T16:00:00Z,26.17,832.37,45.35,32.219,76.3234,1457.0,False,NORMAL
AWS-004,2026-08-18T16:00:00Z,35.88,977.16,31.03,26.9124,70.9022,225.0,False,NORMAL
AWS-001,2026-08-18T16:15:00Z,32.33,981.19,48.6,28.6139,77.209,216.0,False,NORMAL
AWS-002,2026-08-18T16:15:00Z,33.29,1007.46,58.08,18.922,72.8347,14.0,False,NORMAL
AWS-003,2026-08-18T16:15:00Z,26.08,832.39,44.41,32.219,76.3234,1457.0,False,NORMAL
AWS-004,2026-08-18T16:15:00Z,36.38,977.31,31.14,26.9124,70.9022,225.0,False,NORMAL
AWS-001,2026-08-18T16:30:00Z,31.83,981.37,49.7,28.6139,77.209,216.0,False,NORMAL
AWS-002,2026-08-18T16:30:00Z,32.33,1007.79,58.94,18.922,72.8347,14.0,False,NORMAL
AWS-003,2026-08-18T16:30:00Z,25.72,832.9,44.82,32.219,76.3234,1457.0,False,NORMAL
AWS-004,2026-08-18T16:30:00Z,35.59,977.33,32.55,26.9124,70.9022,225.0,False,NORMAL
AWS-001,2026-08-18T16:45:00Z,31.47,981.44,50.54,28.6139,77.209,216.0,False,NORMAL
AWS-002,2026-08-18T16:45:00Z,32.7,1007.68,58.74,18.922,72.8347,14.0,False,NORMAL
AWS-003,2026-08-18T16:45:00Z,25.59,832.76,46.06,32.219,76.3234,1457.0,False,NORMAL
AWS-004,2026-08-18T16:45:00Z,36.16,977.12,34.03,26.9124,70.9022,225.0,False,NORMAL
AWS-001,2026-08-18T17:00:00Z,31.78,981.49,51.75,28.6139,77.209,216.0,False,NORMAL
AWS-002,2026-08-18T17:00:00Z,32.75,1007.77,60.36,18.922,72.8347,14.0,False,NORMAL
AWS-003,2026-08-18T17:00:00Z,24.44,832.99,48.22,32.219,76.3234,1457.0,False,NORMAL
AWS-004,2026-08-18T17:00:00Z,35.94,977.57,33.46,26.9124,70.9022,225.0,False,NORMAL
AWS-001,2026-08-18T17:15:00Z,31.3,981.56,52.6,28.6139,77.209,216.0,False,NORMAL
AWS-002,2026-08-18T17:15:00Z,32.38,1007.76,60.69,18.922,72.8347,14.0,False,NORMAL
AWS-003,2026-08-18T17:15:00Z,24.02,833.22,48.14,32.219,76.3234,1457.0,False,NORMAL
AWS-004,2026-08-18T17:15:00Z,35.1,977.4,34.56,26.9124,70.9022,225.0,False,NORMAL
AWS-001,2026-08-18T17:30:00Z,30.77,981.74,53.96,28.6139,77.209,216.0,False,NORMAL
AWS-002,2026-08-18T17:30:00Z,32.71,1007.9,62.96,18.922,72.8347,14.0,False,NORMAL
AWS-003,2026-08-18T17:30:00Z,24.55,832.85,49.1,32.219,76.3234,1457.0,False,NORMAL
AWS-004,2026-08-18T17:30:00Z,34.31,977.54,36.02,26.9124,70.9022,225.0,False,NORMAL
AWS-001,2026-08-18T17:45:00Z,30.65,981.7,54.23,28.6139,77.209,216.0,False,NORMAL
AWS-002,2026-08-18T17:45:00Z,31.48,1007.97,62.0,18.922,72.8347,14.0,False,NORMAL
AWS-003,2026-08-18T17:45:00Z,23.37,833.13,49.54,32.219,76.3234,1457.0,False,NORMAL
AWS-004,2026-08-18T17:45:00Z,34.4,977.86,37.14,26.9124,70.9022,225.0,False,NORMAL
AWS-001,2026-08-18T18:00:00Z,29.85,981.69,56.13,28.6139,77.209,216.0,False,NORMAL
AWS-002,2026-08-18T18:00:00Z,31.35,1008.02,63.32,18.922,72.8347,14.0,False,NORMAL
AWS-003,2026-08-18T18:00:00Z,23.8,832.85,50.96,32.219,76.3234,1457.0,False,NORMAL
AWS-004,2026-08-18T18:00:00Z,33.55,978.08,37.92,26.9124,70.9022,225.0,False,NORMAL
AWS-001,2026-08-18T18:15:00Z,29.54,982.07,57.91,28.6139,77.209,216.0,False,NORMAL
AWS-002,2026-08-18T18:15:00Z,30.76,1008.33,64.99,18.922,72.8347,14.0,False,NORMAL
AWS-003,2026-08-18T18:15:00Z,23.42,833.52,52.4,32.219,76.3234,1457.0,False,NORMAL
AWS-004,2026-08-18T18:15:00Z,34.37,977.88,39.75,26.9124,70.9022,225.0,False,NORMAL
AWS-001,2026-08-18T18:30:00Z,29.53,982.34,58.59,28.6139,77.209,216.0,False,NORMAL
AWS-002,2026-08-18T18:30:00Z,30.54,1008.47,66.03,18.922,72.8347,14.0,False,NORMAL
AWS-003,2026-08-18T18:30:00Z,22.95,833.45,53.87,32.219,76.3234,1457.0,False,NORMAL
AWS-004,2026-08-18T18:30:00Z,33.72,978.06,39.56,26.9124,70.9022,225.0,False,NORMAL
AWS-001,2026-08-18T18:45:00Z,28.98,982.28,60.12,28.6139,77.209,216.0,False,NORMAL
AWS-002,2026-08-18T18:45:00Z,29.93,1008.91,67.37,18.922,72.8347,14.0,False,NORMAL
AWS-003,2026-08-18T18:45:00Z,23.16,833.55,54.9,32.219,76.3234,1457.0,False,NORMAL
AWS-004,2026-08-18T18:45:00Z,33.71,978.28,41.94,26.9124,70.9022,225.0,False,NORMAL
AWS-001,2026-08-18T19:00:00Z,28.72,982.6,60.65,28.6139,77.209,216.0,False,NORMAL
AWS-002,2026-08-18T19:00:00Z,30.28,1009.0,68.97,18.922,72.8347,14.0,False,NORMAL
AWS-003,2026-08-18T19:00:00Z,22.24,833.58,56.03,32.219,76.3234,1457.0,False,NORMAL
AWS-004,2026-08-18T19:00:00Z,32.18,978.38,43.36,26.9124,70.9022,225.0,False,NORMAL
AWS-001,2026-08-18T19:15:00Z,28.5,982.69,62.59,28.6139,77.209,216.0,False,NORMAL
AWS-002,2026-08-18T19:15:00Z,29.66,1008.62,69.77,18.922,72.8347,14.0,False,NORMAL
AWS-003,2026-08-18T19:15:00Z,22.0,833.65,57.47,32.219,76.3234,1457.0,False,NORMAL
AWS-004,2026-08-18T19:15:00Z,32.71,978.48,45.51,26.9124,70.9022,225.0,False,NORMAL
AWS-001,2026-08-18T19:30:00Z,28.23,982.78,63.72,28.6139,77.209,216.0,False,NORMAL
AWS-002,2026-08-18T19:30:00Z,28.95,1009.16,70.6,18.922,72.8347,14.0,False,NORMAL
AWS-003,2026-08-18T19:30:00Z,21.56,834.02,58.72,32.219,76.3234,1457.0,False,NORMAL
AWS-004,2026-08-18T19:30:00Z,32.11,978.61,46.16,26.9124,70.9022,225.0,False,NORMAL
AWS-001,2026-08-18T19:45:00Z,27.41,982.89,65.23,28.6139,77.209,216.0,False,NORMAL
AWS-002,2026-08-18T19:45:00Z,28.95,1009.87,73.49,18.922,72.8347,14.0,False,NORMAL
AWS-003,2026-08-18T19:45:00Z,21.65,833.7,60.0,32.219,76.3234,1457.0,False,NORMAL
AWS-004,2026-08-18T19:45:00Z,32.18,979.01,46.85,26.9124,70.9022,225.0,False,NORMAL
AWS-001,2026-08-18T20:00:00Z,27.17,983.17,65.91,28.6139,77.209,216.0,False,NORMAL
AWS-002,2026-08-18T20:00:00Z,28.31,1009.5,74.21,18.922,72.8347,14.0,False,NORMAL
AWS-003,2026-08-18T20:00:00Z,20.16,834.11,60.72,32.219,76.3234,1457.0,False,NORMAL
AWS-004,2026-08-18T20:00:00Z,31.03,978.99,49.85,26.9124,70.9022,225.0,False,NORMAL
AWS-001,2026-08-18T20:15:00Z,26.64,982.99,66.9,28.6139,77.209,216.0,False,NORMAL
AWS-002,2026-08-18T20:15:00Z,28.21,1009.65,74.07,18.922,72.8347,14.0,False,NORMAL
AWS-003,2026-08-18T20:15:00Z,20.0,834.18,62.32,32.219,76.3234,1457.0,False,NORMAL
AWS-004,2026-08-18T20:15:00Z,31.03,979.0,49.21,26.9124,70.9022,225.0,False,NORMAL
AWS-001,2026-08-18T20:30:00Z,26.31,983.23,68.92,28.6139,77.209,216.0,False,NORMAL
AWS-002,2026-08-18T20:30:00Z,28.06,1009.59,76.52,18.922,72.8347,14.0,False,NORMAL
AWS-003,2026-08-18T20:30:00Z,19.09,834.33,63.81,32.219,76.3234,1457.0,False,NORMAL
AWS-004,2026-08-18T20:30:00Z,30.87,979.32,50.5,26.9124,70.9022,225.0,False,NORMAL
AWS-001,2026-08-18T20:45:00Z,26.16,983.5,70.16,28.6139,77.209,216.0,False,NORMAL
AWS-002,2026-08-18T20:45:00Z,26.7,1009.31,78.56,18.922,72.8347,14.0,False,NORMAL
AWS-003,2026-08-18T20:45:00Z,19.75,834.64,63.72,32.219,76.3234,1457.0,False,NORMAL
AWS-004,2026-08-18T20:45:00Z,29.54,979.26,52.01,26.9124,70.9022,225.0,False,NORMAL
AWS-001,2026-08-18T21:00:00Z,25.58,983.52,71.55,28.6139,77.209,216.0,False,NORMAL
AWS-002,2026-08-18T21:00:00Z,27.52,1010.0,79.22,18.922,72.8347,14.0,False,NORMAL
AWS-003,2026-08-18T21:00:00Z,18.77,834.41,67.03,32.219,76.3234,1457.0,False,NORMAL
AWS-004,2026-08-18T21:00:00Z,30.39,979.38,54.09,26.9124,70.9022,225.0,False,NORMAL
AWS-001,2026-08-18T21:15:00Z,24.6,983.54,72.34,28.6139,77.209,216.0,False,NORMAL
AWS-002,2026-08-18T21:15:00Z,26.48,1009.76,81.19,18.922,72.8347,14.0,False,NORMAL
AWS-003,2026-08-18T21:15:00Z,18.88,834.5,68.39,32.219,76.3234,1457.0,False,NORMAL
AWS-004,2026-08-18T21:15:00Z,28.58,979.39,54.18,26.9124,70.9022,225.0,False,NORMAL
AWS-001,2026-08-18T21:30:00Z,24.72,983.48,73.62,28.6139,77.209,216.0,False,NORMAL
AWS-002,2026-08-18T21:30:00Z,26.38,1010.28,82.34,18.922,72.8347,14.0,False,NORMAL
AWS-003,2026-08-18T21:30:00Z,18.29,834.91,68.26,32.219,76.3234,1457.0,False,NORMAL
AWS-004,2026-08-18T21:30:00Z,28.55,979.53,55.95,26.9124,70.9022,225.0,False,NORMAL
AWS-001,2026-08-18T21:45:00Z,24.88,983.47,74.81,28.6139,77.209,216.0,False,NORMAL
AWS-002,2026-08-18T21:45:00Z,25.46,1009.86,82.56,18.922,72.8347,14.0,False,NORMAL
AWS-003,2026-08-18T21:45:00Z,17.36,834.88,69.96,32.219,76.3234,1457.0,False,NORMAL
AWS-004,2026-08-18T21:45:00Z,28.0,979.82,56.28,26.9124,70.9022,225.0,False,NORMAL
AWS-001,2026-08-18T22:00:00Z,24.09,983.75,76.8,28.6139,77.209,216.0,False,NORMAL
AWS-002,2026-08-18T22:00:00Z,25.04,1010.23,84.72,18.922,72.8347,14.0,False,NORMAL
AWS-003,2026-08-18T22:00:00Z,17.43,835.03,71.93,32.219,76.3234,1457.0,False,NORMAL
AWS-004,2026-08-18T22:00:00Z,28.15,979.72,57.63,26.9124,70.9022,225.0,False,NORMAL
AWS-001,2026-08-18T22:15:00Z,23.62,983.58,77.91,28.6139,77.209,216.0,False,NORMAL
AWS-002,2026-08-18T22:15:00Z,24.91,1009.91,84.75,18.922,72.8347,14.0,False,NORMAL
AWS-003,2026-08-18T22:15:00Z,17.0,834.57,73.21,32.219,76.3234,1457.0,False,NORMAL
AWS-004,2026-08-18T22:15:00Z,27.65,979.58,58.68,26.9124,70.9022,225.0,False,NORMAL
AWS-001,2026-08-18T22:30:00Z,23.05,983.64,78.1,28.6139,77.209,216.0,False,NORMAL
AWS-002,2026-08-18T22:30:00Z,24.8,1010.2,86.67,18.922,72.8347,14.0,False,NORMAL
AWS-003,2026-08-18T22:30:00Z,16.84,834.46,73.06,32.219,76.3234,1457.0,False,NORMAL
AWS-004,2026-08-18T22:30:00Z,28.29,979.46,60.76,26.9124,70.9022,225.0,False,NORMAL
AWS-001,2026-08-18T22:45:00Z,23.06,983.6,78.87,28.6139,77.209,216.0,False,NORMAL
AWS-002,2026-08-18T22:45:00Z,24.91,1009.66,86.8,18.922,72.8347,14.0,False,NORMAL
AWS-003,2026-08-18T22:45:00Z,16.59,834.38,74.64,32.219,76.3234,1457.0,False,NORMAL
AWS-004,2026-08-18T22:45:00Z,26.8,979.65,61.95,26.9124,70.9022,225.0,False,NORMAL
AWS-001,2026-08-18T23:00:00Z,21.98,983.61,80.36,28.6139,77.209,216.0,False,NORMAL
AWS-002,2026-08-18T23:00:00Z,23.63,1009.86,88.24,18.922,72.8347,14.0,False,NORMAL
AWS-003,2026-08-18T23:00:00Z,15.58,834.57,74.73,32.219,76.3234,1457.0,False,NORMAL
AWS-004,2026-08-18T23:00:00Z,26.76,979.49,62.43,26.9124,70.9022,225.0,False,NORMAL
AWS-001,2026-08-18T23:15:00Z,22.45,983.55,81.23,28.6139,77.209,216.0,False,NORMAL
AWS-002,2026-08-18T23:15:00Z,24.32,1009.85,89.26,18.922,72.8347,14.0,False,NORMAL
AWS-003,2026-08-18T23:15:00Z,16.57,834.07,77.41,32.219,76.3234,1457.0,False,NORMAL
AWS-004,2026-08-18T23:15:00Z,27.52,979.05,63.54,26.9124,70.9022,225.0,False,NORMAL
AWS-001,2026-08-18T23:30:00Z,22.01,983.4,82.55,28.6139,77.209,216.0,False,NORMAL
AWS-002,2026-08-18T23:30:00Z,23.39,1009.77,91.26,18.922,72.8347,14.0,False,NORMAL
AWS-003,2026-08-18T23:30:00Z,16.27,834.5,76.58,32.219,76.3234,1457.0,False,NORMAL
AWS-004,2026-08-18T23:30:00Z,26.03,979.1,63.94,26.9124,70.9022,225.0,False,NORMAL
AWS-001,2026-08-18T23:45:00Z,22.51,983.1,83.4,28.6139,77.209,216.0,False,NORMAL
AWS-002,2026-08-18T23:45:00Z,23.28,1009.42,90.19,18.922,72.8347,14.0,False,NORMAL
AWS-003,2026-08-18T23:45:00Z,15.19,834.21,76.8,32.219,76.3234,1457.0,False,NORMAL
AWS-004,2026-08-18T23:45:00Z,26.11,979.06,64.72,26.9124,70.9022,225.0,False,NORMAL
AWS-001,2026-08-19T00:00:00Z,21.97,983.16,83.76,28.6139,77.209,216.0,False,NORMAL
AWS-002,2026-08-19T00:00:00Z,22.81,1009.41,91.91,18.922,72.8347,14.0,False,NORMAL
AWS-003,2026-08-19T00:00:00Z,14.93,833.96,77.83,32.219,76.3234,1457.0,False,NORMAL
AWS-004,2026-08-19T00:00:00Z,26.35,979.07,66.05,26.9124,70.9022,225.0,False,NORMAL
AWS-001,2026-08-19T00:15:00Z,21.73,982.9,84.44,28.6139,77.209,216.0,False,NORMAL
AWS-002,2026-08-19T00:15:00Z,23.1,1009.26,92.25,18.922,72.8347,14.0,False,NORMAL
AWS-003,2026-08-19T00:15:00Z,14.96,833.96,79.72,32.219,76.3234,1457.0,False,NORMAL
AWS-004,2026-08-19T00:15:00Z,26.14,978.83,66.85,26.9124,70.9022,225.0,False,NORMAL
AWS-001,2026-08-19T00:30:00Z,22.03,982.97,85.42,28.6139,77.209,216.0,False,NORMAL
AWS-002,2026-08-19T00:30:00Z,22.22,1009.29,93.44,18.922,72.8347,14.0,False,NORMAL
AWS-003,2026-08-19T00:30:00Z,15.9,833.7,81.5,32.219,76.3234,1457.0,False,NORMAL
AWS-004,2026-08-19T00:30:00Z,25.62,978.73,67.04,26.9124,70.9022,225.0,False,NORMAL
AWS-001,2026-08-19T00:45:00Z,21.03,982.96,85.72,28.6139,77.209,216.0,False,NORMAL
AWS-002,2026-08-19T00:45:00Z,23.54,1009.16,93.95,18.922,72.8347,14.0,False,NORMAL
AWS-003,2026-08-19T00:45:00Z,14.71,833.65,78.83,32.219,76.3234,1457.0,False,NORMAL
AWS-004,2026-08-19T00:45:00Z,25.03,978.73,66.92,26.9124,70.9022,225.0,False,NORMAL
AWS-001,2026-08-19T01:00:00Z,20.86,982.35,85.63,28.6139,77.209,216.0,False,NORMAL
AWS-002,2026-08-19T01:00:00Z,22.94,1008.67,92.99,18.922,72.8347,14.0,False,NORMAL
AWS-003,2026-08-19T01:00:00Z,14.56,833.57,81.51,32.219,76.3234,1457.0,False,NORMAL
AWS-004,2026-08-19T01:00:00Z,25.51,978.55,67.9,26.9124,70.9022,225.0,False,NORMAL
AWS-001,2026-08-19T01:15:00Z,21.27,982.26,86.06,28.6139,77.209,216.0,False,NORMAL
AWS-002,2026-08-19T01:15:00Z,21.92,1008.95,94.56,18.922,72.8347,14.0,False,NORMAL
AWS-003,2026-08-19T01:15:00Z,13.94,833.59,81.52,32.219,76.3234,1457.0,False,NORMAL
AWS-004,2026-08-19T01:15:00Z,25.08,978.14,67.58,26.9124,70.9022,225.0,False,NORMAL
AWS-001,2026-08-19T01:30:00Z,21.2,981.96,86.05,28.6139,77.209,216.0,False,NORMAL
AWS-002,2026-08-19T01:30:00Z,22.05,1008.42,93.47,18.922,72.8347,14.0,False,NORMAL
AWS-003,2026-08-19T01:30:00Z,14.26,833.67,81.39,32.219,76.3234,1457.0,False,NORMAL
AWS-004,2026-08-19T01:30:00Z,25.59,978.11,68.86,26.9124,70.9022,225.0,False,NORMAL
AWS-001,2026-08-19T01:45:00Z,21.64,982.05,87.16,28.6139,77.209,216.0,False,NORMAL
AWS-002,2026-08-19T01:45:00Z,22.66,1008.25,93.73,18.922,72.8347,14.0,False,NORMAL
AWS-003,2026-08-19T01:45:00Z,14.66,833.37,81.4,32.219,76.3234,1457.0,False,NORMAL
AWS-004,2026-08-19T01:45:00Z,25.11,978.06,68.95,26.9124,70.9022,225.0,False,NORMAL
AWS-001,2026-08-19T02:00:00Z,20.97,981.74,86.23,28.6139,77.209,216.0,False,NORMAL
AWS-002,2026-08-19T02:00:00Z,22.11,1008.5,95.17,18.922,72.8347,14.0,False,NORMAL
AWS-003,2026-08-19T02:00:00Z,14.27,833.01,82.06,32.219,76.3234,1457.0,False,NORMAL
AWS-004,2026-08-19T02:00:00Z,24.7,977.61,68.03,26.9124,70.9022,225.0,False,NORMAL
AWS-001,2026-08-19T02:15:00Z,21.2,981.84,85.8,28.6139,77.209,216.0,False,NORMAL
AWS-002,2026-08-19T02:15:00Z,22.0,1008.28,94.17,18.922,72.8347,14.0,False,NORMAL
AWS-003,2026-08-19T02:15:00Z,14.79,833.07,82.42,32.219,76.3234,1457.0,False,NORMAL
AWS-004,2026-08-19T02:15:00Z,24.71,977.75,67.49,26.9124,70.9022,225.0,False,NORMAL
AWS-001,2026-08-19T02:30:00Z,21.47,981.65,86.24,28.6139,77.209,216.0,False,NORMAL
AWS-002,2026-08-19T02:30:00Z,22.61,1008.01,93.14,18.922,72.8347,14.0,False,NORMAL
AWS-003,2026-08-19T02:30:00Z,15.13,832.6,81.21,32.219,76.3234,1457.0,False,NORMAL
AWS-004,2026-08-19T02:30:00Z,24.85,977.48,67.22,26.9124,70.9022,225.0,False,NORMAL
AWS-001,2026-08-19T02:45:00Z,21.05,981.49,85.81,28.6139,77.209,216.0,False,NORMAL
AWS-002,2026-08-19T02:45:00Z,23.0,1007.95,93.59,18.922,72.8347,14.0,False,NORMAL
AWS-003,2026-08-19T02:45:00Z,14.7,832.89,81.24,32.219,76.3234,1457.0,False,NORMAL
AWS-004,2026-08-19T02:45:00Z,25.09,977.35,67.73,26.9124,70.9022,225.0,False,NORMAL
AWS-001,2026-08-19T03:00:00Z,21.24,981.53,85.37,28.6139,77.209,216.0,False,NORMAL
AWS-002,2026-08-19T03:00:00Z,22.33,1007.77,93.35,18.922,72.8347,14.0,False,NORMAL
AWS-003,2026-08-19T03:00:00Z,15.1,833.1,82.63,32.219,76.3234,1457.0,False,NORMAL
AWS-004,2026-08-19T03:00:00Z,25.93,977.27,68.03,26.9124,70.9022,225.0,False,NORMAL
AWS-001,2026-08-19T03:15:00Z,21.64,981.28,85.31,28.6139,77.209,216.0,False,NORMAL
AWS-002,2026-08-19T03:15:00Z,22.43,1008.02,93.66,18.922,72.8347,14.0,False,NORMAL
AWS-003,2026-08-19T03:15:00Z,14.47,832.83,80.43,32.219,76.3234,1457.0,False,NORMAL
AWS-004,2026-08-19T03:15:00Z,25.57,977.66,67.47,26.9124,70.9022,225.0,False,NORMAL
AWS-001,2026-08-19T03:30:00Z,21.61,981.45,86.01,28.6139,77.209,216.0,False,NORMAL
AWS-002,2026-08-19T03:30:00Z,22.0,1007.55,93.29,18.922,72.8347,14.0,False,NORMAL
AWS-003,2026-08-19T03:30:00Z,14.99,832.86,80.51,32.219,76.3234,1457.0,False,NORMAL
AWS-004,2026-08-19T03:30:00Z,25.91,977.32,67.36,26.9124,70.9022,225.0,False,NORMAL
AWS-001,2026-08-19T03:45:00Z,22.15,981.27,84.82,28.6139,77.209,216.0,False,NORMAL
AWS-002,2026-08-19T03:45:00Z,23.34,1007.67,92.05,18.922,72.8347,14.0,False,NORMAL
AWS-003,2026-08-19T03:45:00Z,15.49,832.7,78.46,32.219,76.3234,1457.0,False,NORMAL
AWS-004,2026-08-19T03:45:00Z,25.29,977.19,66.88,26.9124,70.9022,225.0,False,NORMAL
AWS-001,2026-08-19T04:00:00Z,21.76,981.52,83.48,28.6139,77.209,216.0,False,NORMAL
AWS-002,2026-08-19T04:00:00Z,23.81,1007.48,91.21,18.922,72.8347,14.0,False,NORMAL
AWS-003,2026-08-19T04:00:00Z,15.27,832.36,78.69,32.219,76.3234,1457.0,False,NORMAL
AWS-004,2026-08-19T04:00:00Z,25.12,977.25,65.13,26.9124,70.9022,225.0,False,NORMAL
AWS-001,2026-08-19T04:15:00Z,22.1,981.24,83.13,28.6139,77.209,216.0,False,NORMAL
AWS-002,2026-08-19T04:15:00Z,23.42,1007.62,91.73,18.922,72.8347,14.0,False,NORMAL
AWS-003,2026-08-19T04:15:00Z,15.77,832.49,78.41,32.219,76.3234,1457.0,False,NORMAL
AWS-004,2026-08-19T04:15:00Z,26.04,977.1,65.7,26.9124,70.9022,225.0,False,NORMAL
AWS-001,2026-08-19T04:30:00Z,22.37,981.59,82.33,28.6139,77.209,216.0,False,NORMAL
AWS-002,2026-08-19T04:30:00Z,24.21,1007.83,90.33,18.922,72.8347,14.0,False,NORMAL
AWS-003,2026-08-19T04:30:00Z,16.56,832.51,76.56,32.219,76.3234,1457.0,False,NORMAL
AWS-004,2026-08-19T04:30:00Z,26.64,976.96,63.79,26.9124,70.9022,225.0,False,NORMAL
AWS-001,2026-08-19T04:45:00Z,22.65,981.38,81.54,28.6139,77.209,216.0,False,NORMAL
AWS-002,2026-08-19T04:45:00Z,24.74,1007.4,89.26,18.922,72.8347,14.0,False,NORMAL
AWS-003,2026-08-19T04:45:00Z,15.97,832.44,76.23,32.219,76.3234,1457.0,False,NORMAL
AWS-004,2026-08-19T04:45:00Z,26.66,977.45,63.1,26.9124,70.9022,225.0,False,NORMAL
AWS-001,2026-08-19T05:00:00Z,22.67,981.48,81.14,28.6139,77.209,216.0,False,NORMAL
AWS-002,2026-08-19T05:00:00Z,24.87,1007.94,89.29,18.922,72.8347,14.0,False,NORMAL
AWS-003,2026-08-19T05:00:00Z,16.08,832.52,75.94,32.219,76.3234,1457.0,False,NORMAL
AWS-004,2026-08-19T05:00:00Z,26.86,977.26,63.07,26.9124,70.9022,225.0,False,NORMAL
AWS-001,2026-08-19T05:15:00Z,23.34,981.48,80.37,28.6139,77.209,216.0,False,NORMAL
AWS-002,2026-08-19T05:15:00Z,24.47,1007.82,87.73,18.922,72.8347,14.0,False,NORMAL
AWS-003,2026-08-19T05:15:00Z,16.92,833.03,74.98,32.219,76.3234,1457.0,False,NORMAL
AWS-004,2026-08-19T05:15:00Z,26.52,977.24,61.85,26.9124,70.9022,225.0,False,NORMAL
AWS-001,2026-08-19T05:30:00Z,23.61,981.61,78.84,28.6139,77.209,216.0,False,NORMAL
AWS-002,2026-08-19T05:30:00Z,24.75,1007.95,87.45,18.922,72.8347,14.0,False,NORMAL
AWS-003,2026-08-19T05:30:00Z,16.39,832.76,73.21,32.219,76.3234,1457.0,False,NORMAL
AWS-004,2026-08-19T05:30:00Z,27.37,977.3,60.41,26.9124,70.9022,225.0,False,NORMAL
AWS-001,2026-08-19T05:45:00Z,24.19,981.55,77.58,28.6139,77.209,216.0,False,NORMAL
AWS-002,2026-08-19T05:45:00Z,25.0,1008.13,85.66,18.922,72.8347,14.0,False,NORMAL
AWS-003,2026-08-19T05:45:00Z,16.56,832.81,71.76,32.219,76.3234,1457.0,False,NORMAL
AWS-004,2026-08-19T05:45:00Z,28.16,977.4,59.87,26.9124,70.9022,225.0,False,NORMAL
AWS-001,2026-08-19T06:00:00Z,24.32,981.86,75.7,28.6139,77.209,216.0,False,NORMAL
AWS-002,2026-08-19T06:00:00Z,24.45,1007.91,84.93,18.922,72.8347,14.0,False,NORMAL
AWS-003,2026-08-19T06:00:00Z,17.81,833.02,71.05,32.219,76.3234,1457.0,False,NORMAL
AWS-004,2026-08-19T06:00:00Z,28.62,977.95,60.06,26.9124,70.9022,225.0,False,NORMAL
AWS-001,2026-08-19T06:15:00Z,24.4,981.89,75.12,28.6139,77.209,216.0,False,NORMAL
AWS-002,2026-08-19T06:15:00Z,25.84,1008.5,82.95,18.922,72.8347,14.0,False,NORMAL
AWS-003,2026-08-19T06:15:00Z,17.78,833.21,69.67,32.219,76.3234,1457.0,False,NORMAL
AWS-004,2026-08-19T06:15:00Z,28.43,978.06,58.0,26.9124,70.9022,225.0,False,NORMAL
AWS-001,2026-08-19T06:30:00Z,24.41,982.15,74.02,28.6139,77.209,216.0,False,NORMAL
AWS-002,2026-08-19T06:30:00Z,25.11,1008.56,82.21,18.922,72.8347,14.0,False,NORMAL
AWS-003,2026-08-19T06:30:00Z,18.78,833.51,69.51,32.219,76.3234,1457.0,False,NORMAL
AWS-004,2026-08-19T06:30:00Z,28.65,978.07,55.16,26.9124,70.9022,225.0,False,NORMAL
AWS-001,2026-08-19T06:45:00Z,24.65,982.11,72.63,28.6139,77.209,216.0,False,NORMAL
AWS-002,2026-08-19T06:45:00Z,26.55,1008.38,80.2,18.922,72.8347,14.0,False,NORMAL
AWS-003,2026-08-19T06:45:00Z,18.41,833.68,67.17,32.219,76.3234,1457.0,False,NORMAL
AWS-004,2026-08-19T06:45:00Z,28.47,978.14,54.32,26.9124,70.9022,225.0,False,NORMAL
AWS-001,2026-08-19T07:00:00Z,25.54,982.48,70.99,28.6139,77.209,216.0,False,NORMAL
AWS-002,2026-08-19T07:00:00Z,26.66,1008.7,79.97,18.922,72.8347,14.0,False,NORMAL
AWS-003,2026-08-19T07:00:00Z,18.59,833.41,67.29,32.219,76.3234,1457.0,False,NORMAL
AWS-004,2026-08-19T07:00:00Z,29.07,978.48,53.05,26.9124,70.9022,225.0,False,NORMAL
AWS-001,2026-08-19T07:15:00Z,25.86,982.58,70.55,28.6139,77.209,216.0,False,NORMAL
AWS-002,2026-08-19T07:15:00Z,27.07,1008.93,78.0,18.922,72.8347,14.0,False,NORMAL
AWS-003,2026-08-19T07:15:00Z,19.64,833.42,65.15,32.219,76.3234,1457.0,False,NORMAL
AWS-004,2026-08-19T07:15:00Z,30.06,978.46,51.56,26.9124,70.9022,225.0,False,NORMAL
AWS-001,2026-08-19T07:30:00Z,26.25,982.72,68.56,28.6139,77.209,216.0,False,NORMAL
AWS-002,2026-08-19T07:30:00Z,27.33,1009.06,77.87,18.922,72.8347,14.0,False,NORMAL
AWS-003,2026-08-19T07:30:00Z,19.97,833.71,64.58,32.219,76.3234,1457.0,False,NORMAL
AWS-004,2026-08-19T07:30:00Z,30.7,978.77,50.33,26.9124,70.9022,225.0,False,NORMAL
AWS-001,2026-08-19T07:45:00Z,26.68,982.83,67.99,28.6139,77.209,216.0,False,NORMAL
AWS-002,2026-08-19T07:45:00Z,27.79,1009.6,76.12,18.922,72.8347,14.0,False,NORMAL
AWS-003,2026-08-19T07:45:00Z,19.34,834.18,62.27,32.219,76.3234,1457.0,False,NORMAL
AWS-004,2026-08-19T07:45:00Z,30.2,978.62,50.19,26.9124,70.9022,225.0,False,NORMAL
AWS-001,2026-08-19T08:00:00Z,27.32,983.09,67.18,28.6139,77.209,216.0,False,NORMAL
AWS-002,2026-08-19T08:00:00Z,27.75,1009.57,74.61,18.922,72.8347,14.0,False,NORMAL
AWS-003,2026-08-19T08:00:00Z,19.85,834.22,61.92,32.219,76.3234,1457.0,False,NORMAL
AWS-004,2026-08-19T08:00:00Z,30.89,979.21,48.29,26.9124,70.9022,225.0,False,NORMAL
AWS-001,2026-08-19T08:15:00Z,27.44,983.12,65.92,28.6139,77.209,216.0,False,NORMAL
AWS-002,2026-08-19T08:15:00Z,28.5,1009.43,74.11,18.922,72.8347,14.0,False,NORMAL
AWS-003,2026-08-19T08:15:00Z,21.19,834.23,60.28,32.219,76.3234,1457.0,False,NORMAL
AWS-004,2026-08-19T08:15:00Z,31.93,979.18,47.41,26.9124,70.9022,225.0,False,NORMAL
AWS-001,2026-08-19T08:30:00Z,28.01,983.23,64.07,28.6139,77.209,216.0,False,NORMAL
AWS-002,2026-08-19T08:30:00Z,28.78,1009.81,72.1,18.922,72.8347,14.0,False,NORMAL
AWS-003,2026-08-19T08:30:00Z,21.24,834.85,58.62,32.219,76.3234,1457.0,False,NORMAL
AWS-004,2026-08-19T08:30:00Z,32.24,979.25,45.27,26.9124,70.9022,225.0,False,NORMAL
AWS-001,2026-08-19T08:45:00Z,28.34,983.35,62.01,28.6139,77.209,216.0,False,NORMAL
AWS-002,2026-08-19T08:45:00Z,29.36,1009.68,71.18,18.922,72.8347,14.0,False,NORMAL
AWS-003,2026-08-19T08:45:00Z,21.99,834.14,59.02,32.219,76.3234,1457.0,False,NORMAL
AWS-004,2026-08-19T08:45:00Z,31.78,979.22,45.45,26.9124,70.9022,225.0,False,NORMAL
AWS-001,2026-08-19T09:00:00Z,28.47,983.38,61.69,28.6139,77.209,216.0,False,NORMAL
AWS-002,2026-08-19T09:00:00Z,30.24,1009.67,68.95,18.922,72.8347,14.0,False,NORMAL
AWS-003,2026-08-19T09:00:00Z,21.92,834.7,55.33,32.219,76.3234,1457.0,False,NORMAL
AWS-004,2026-08-19T09:00:00Z,32.03,979.49,43.32,26.9124,70.9022,225.0,False,NORMAL
AWS-001,2026-08-19T09:15:00Z,28.81,983.56,59.5,28.6139,77.209,216.0,False,NORMAL
AWS-002,2026-08-19T09:15:00Z,30.36,1009.7,67.71,18.922,72.8347,14.0,False,NORMAL
AWS-003,2026-08-19T09:15:00Z,23.17,834.8,55.84,32.219,76.3234,1457.0,False,NORMAL
AWS-004,2026-08-19T09:15:00Z,32.53,979.47,41.92,26.9124,70.9022,225.0,False,NORMAL
AWS-001,2026-08-19T09:30:00Z,29.56,983.55,58.89,28.6139,77.209,216.0,False,NORMAL
AWS-002,2026-08-19T09:30:00Z,30.22,1010.24,67.2,18.922,72.8347,14.0,False,NORMAL
AWS-003,2026-08-19T09:30:00Z,22.66,834.74,53.58,32.219,76.3234,1457.0,False,NORMAL
AWS-004,2026-08-19T09:30:00Z,34.21,979.65,40.44,26.9124,70.9022,225.0,False,NORMAL
AWS-001,2026-08-19T09:45:00Z,29.23,983.71,57.68,28.6139,77.209,216.0,False,NORMAL
AWS-002,2026-08-19T09:45:00Z,30.72,1010.35,65.74,18.922,72.8347,14.0,False,NORMAL
AWS-003,2026-08-19T09:45:00Z,22.51,834.84,53.21,32.219,76.3234,1457.0,False,NORMAL
AWS-004,2026-08-19T09:45:00Z,34.13,979.65,39.99,26.9124,70.9022,225.0,False,NORMAL
AWS-001,2026-08-19T10:00:00Z,30.3,983.45,56.64,28.6139,77.209,216.0,False,NORMAL
AWS-002,2026-08-19T10:00:00Z,31.15,1010.01,65.96,18.922,72.8347,14.0,False,NORMAL
AWS-003,2026-08-19T10:00:00Z,23.76,834.56,51.46,32.219,76.3234,1457.0,False,NORMAL
AWS-004,2026-08-19T10:00:00Z,33.57,979.4,39.23,26.9124,70.9022,225.0,False,NORMAL
AWS-001,2026-08-19T10:15:00Z,30.44,983.42,55.07,28.6139,77.209,216.0,False,NORMAL
AWS-002,2026-08-19T10:15:00Z,30.97,1010.19,64.46,18.922,72.8347,14.0,False,NORMAL
AWS-003,2026-08-19T10:15:00Z,23.62,834.82,50.76,32.219,76.3234,1457.0,False,NORMAL
AWS-004,2026-08-19T10:15:00Z,33.88,979.48,37.53,26.9124,70.9022,225.0,False,NORMAL
AWS-001,2026-08-19T10:30:00Z,30.77,983.59,54.7,28.6139,77.209,216.0,False,NORMAL
AWS-002,2026-08-19T10:30:00Z,31.73,1010.15,62.93,18.922,72.8347,14.0,False,NORMAL
AWS-003,2026-08-19T10:30:00Z,24.04,834.54,48.64,32.219,76.3234,1457.0,False,NORMAL
AWS-004,2026-08-19T10:30:00Z,34.6,979.75,36.79,26.9124,70.9022,225.0,False,NORMAL
AWS-001,2026-08-19T10:45:00Z,30.93,983.33,53.34,28.6139,77.209,216.0,False,NORMAL
AWS-002,2026-08-19T10:45:00Z,31.91,1009.74,61.53,18.922,72.8347,14.0,False,NORMAL
AWS-003,2026-08-19T10:45:00Z,24.79,834.91,47.78,32.219,76.3234,1457.0,False,NORMAL
AWS-004,2026-08-19T10:45:00Z,35.01,979.31,34.82,26.9124,70.9022,225.0,False,NORMAL
AWS-001,2026-08-19T11:00:00Z,30.98,983.55,52.21,28.6139,77.209,216.0,False,NORMAL
AWS-002,2026-08-19T11:00:00Z,32.44,1010.1,60.51,18.922,72.8347,14.0,False,NORMAL
AWS-003,2026-08-19T11:00:00Z,24.2,834.45,49.02,32.219,76.3234,1457.0,False,NORMAL
AWS-004,2026-08-19T11:00:00Z,34.67,979.07,34.36,26.9124,70.9022,225.0,False,NORMAL
AWS-001,2026-08-19T11:15:00Z,31.16,983.53,51.1,28.6139,77.209,216.0,False,NORMAL
AWS-002,2026-08-19T11:15:00Z,32.66,1009.97,59.31,18.922,72.8347,14.0,False,NORMAL
AWS-003,2026-08-19T11:15:00Z,24.63,834.51,47.07,32.219,76.3234,1457.0,False,NORMAL
AWS-004,2026-08-19T11:15:00Z,35.23,979.4,33.53,26.9124,70.9022,225.0,False,NORMAL
AWS-001,2026-08-19T11:30:00Z,32.18,983.23,51.27,28.6139,77.209,216.0,False,NORMAL
AWS-002,2026-08-19T11:30:00Z,33.57,1009.87,59.37,18.922,72.8347,14.0,False,NORMAL
AWS-003,2026-08-19T11:30:00Z,25.51,834.38,45.17,32.219,76.3234,1457.0,False,NORMAL
AWS-004,2026-08-19T11:30:00Z,36.01,979.03,32.48,26.9124,70.9022,225.0,False,NORMAL
AWS-001,2026-08-19T11:45:00Z,32.11,983.15,49.92,28.6139,77.209,216.0,False,NORMAL
AWS-002,2026-08-19T11:45:00Z,32.89,1009.5,58.39,18.922,72.8347,14.0,False,NORMAL
AWS-003,2026-08-19T11:45:00Z,25.44,834.41,46.03,32.219,76.3234,1457.0,False,NORMAL
AWS-004,2026-08-19T11:45:00Z,35.91,978.97,31.37,26.9124,70.9022,225.0,False,NORMAL
AWS-001,2026-08-19T12:00:00Z,32.45,983.05,49.16,28.6139,77.209,216.0,False,NORMAL
AWS-002,2026-08-19T12:00:00Z,33.65,1009.27,57.16,18.922,72.8347,14.0,False,NORMAL
AWS-003,2026-08-19T12:00:00Z,25.52,833.75,42.2,32.219,76.3234,1457.0,False,NORMAL
AWS-004,2026-08-19T12:00:00Z,35.9,978.86,31.71,26.9124,70.9022,225.0,False,NORMAL
AWS-001,2026-08-19T12:15:00Z,32.72,983.02,48.55,28.6139,77.209,216.0,False,NORMAL
AWS-002,2026-08-19T12:15:00Z,34.29,1009.22,56.03,18.922,72.8347,14.0,False,NORMAL
AWS-003,2026-08-19T12:15:00Z,26.19,834.07,42.35,32.219,76.3234,1457.0,False,NORMAL
AWS-004,2026-08-19T12:15:00Z,35.94,979.22,31.16,26.9124,70.9022,225.0,False,NORMAL
AWS-001,2026-08-19T12:30:00Z,32.2,982.69,48.08,28.6139,77.209,216.0,False,NORMAL
AWS-002,2026-08-19T12:30:00Z,33.77,1009.05,55.85,18.922,72.8347,14.0,False,NORMAL
AWS-003,2026-08-19T12:30:00Z,26.32,833.8,42.36,32.219,76.3234,1457.0,False,NORMAL
AWS-004,2026-08-19T12:30:00Z,37.22,978.65,30.45,26.9124,70.9022,225.0,False,NORMAL
AWS-001,2026-08-19T12:45:00Z,32.61,982.63,47.49,28.6139,77.209,216.0,False,NORMAL
AWS-002,2026-08-19T12:45:00Z,34.13,1009.1,54.94,18.922,72.8347,14.0,False,NORMAL
AWS-003,2026-08-19T12:45:00Z,26.23,833.67,42.82,32.219,76.3234,1457.0,False,NORMAL
AWS-004,2026-08-19T12:45:00Z,36.88,978.36,29.53,26.9124,70.9022,225.0,False,NORMAL
AWS-001,2026-08-19T13:00:00Z,32.29,982.6,47.63,28.6139,77.209,216.0,False,NORMAL
AWS-002,2026-08-19T13:00:00Z,33.58,1008.73,54.74,18.922,72.8347,14.0,False,NORMAL
AWS-003,2026-08-19T13:00:00Z,26.16,833.59,42.29,32.219,76.3234,1457.0,False,NORMAL
AWS-004,2026-08-19T13:00:00Z,37.18,978.49,29.31,26.9124,70.9022,225.0,False,NORMAL
AWS-001,2026-08-19T13:15:00Z,32.07,982.46,46.77,28.6139,77.209,216.0,False,NORMAL
AWS-002,2026-08-19T13:15:00Z,33.43,1008.79,53.99,18.922,72.8347,14.0,False,NORMAL
AWS-003,2026-08-19T13:15:00Z,26.21,833.63,40.59,32.219,76.3234,1457.0,False,NORMAL
AWS-004,2026-08-19T13:15:00Z,37.21,978.23,29.4,26.9124,70.9022,225.0,False,NORMAL
AWS-001,2026-08-19T13:30:00Z,32.5,982.17,46.8,28.6139,77.209,216.0,False,NORMAL
AWS-002,2026-08-19T13:30:00Z,34.09,1008.48,53.77,18.922,72.8347,14.0,False,NORMAL
AWS-003,2026-08-19T13:30:00Z,26.66,833.39,42.02,32.219,76.3234,1457.0,False,NORMAL
AWS-004,2026-08-19T13:30:00Z,36.31,978.33,28.87,26.9124,70.9022,225.0,False,NORMAL
AWS-001,2026-08-19T13:45:00Z,32.82,981.99,46.02,28.6139,77.209,216.0,False,NORMAL
AWS-002,2026-08-19T13:45:00Z,34.15,1008.47,53.83,18.922,72.8347,14.0,False,NORMAL
AWS-003,2026-08-19T13:45:00Z,26.11,833.41,41.5,32.219,76.3234,1457.0,False,NORMAL
AWS-004,2026-08-19T13:45:00Z,36.8,978.0,28.51,26.9124,70.9022,225.0,False,NORMAL
AWS-001,2026-08-19T14:00:00Z,33.11,981.79,45.85,28.6139,77.209,216.0,False,NORMAL
AWS-002,2026-08-19T14:00:00Z,34.04,1008.33,54.94,18.922,72.8347,14.0,False,NORMAL
AWS-003,2026-08-19T14:00:00Z,26.13,833.05,42.3,32.219,76.3234,1457.0,False,NORMAL
AWS-004,2026-08-19T14:00:00Z,37.89,977.87,27.56,26.9124,70.9022,225.0,False,NORMAL
AWS-001,2026-08-19T14:15:00Z,32.69,981.91,46.72,28.6139,77.209,216.0,False,NORMAL
AWS-002,2026-08-19T14:15:00Z,34.61,1007.89,54.39,18.922,72.8347,14.0,False,NORMAL
AWS-003,2026-08-19T14:15:00Z,27.1,833.16,41.64,32.219,76.3234,1457.0,False,NORMAL
AWS-004,2026-08-19T14:15:00Z,37.12,977.38,29.01,26.9124,70.9022,225.0,False,NORMAL
AWS-001,2026-08-19T14:30:00Z,32.83,981.52,47.0,28.6139,77.209,216.0,False,NORMAL
AWS-002,2026-08-19T14:30:00Z,33.68,1008.06,54.06,18.922,72.8347,14.0,False,NORMAL
AWS-003,2026-08-19T14:30:00Z,26.11,832.34,41.53,32.219,76.3234,1457.0,False,NORMAL
AWS-004,2026-08-19T14:30:00Z,37.91,977.62,28.64,26.9124,70.9022,225.0,False,NORMAL
AWS-001,2026-08-19T14:45:00Z,32.95,981.61,47.05,28.6139,77.209,216.0,False,NORMAL
AWS-002,2026-08-19T14:45:00Z,34.2,1007.72,54.6,18.922,72.8347,14.0,False,NORMAL
AWS-003,2026-08-19T14:45:00Z,25.9,833.01,41.55,32.219,76.3234,1457.0,False,NORMAL
AWS-004,2026-08-19T14:45:00Z,36.52,977.34,28.95,26.9124,70.9022,225.0,False,NORMAL
AWS-001,2026-08-19T15:00:00Z,32.93,981.27,47.94,28.6139,77.209,216.0,False,NORMAL
AWS-002,2026-08-19T15:00:00Z,33.72,1007.64,54.9,18.922,72.8347,14.0,False,NORMAL
AWS-003,2026-08-19T15:00:00Z,26.5,832.63,42.43,32.219,76.3234,1457.0,False,NORMAL
AWS-004,2026-08-19T15:00:00Z,37.6,977.31,28.82,26.9124,70.9022,225.0,False,NORMAL
AWS-001,2026-08-19T15:15:00Z,32.67,981.45,46.93,28.6139,77.209,216.0,False,NORMAL
AWS-002,2026-08-19T15:15:00Z,33.61,1007.82,55.56,18.922,72.8347,14.0,False,NORMAL
AWS-003,2026-08-19T15:15:00Z,26.75,832.73,43.09,32.219,76.3234,1457.0,False,NORMAL
AWS-004,2026-08-19T15:15:00Z,36.53,977.23,29.06,26.9124,70.9022,225.0,False,NORMAL
AWS-001,2026-08-19T15:30:00Z,32.8,981.21,47.76,28.6139,77.209,216.0,False,NORMAL
AWS-002,2026-08-19T15:30:00Z,34.31,1007.46,55.46,18.922,72.8347,14.0,False,NORMAL
AWS-003,2026-08-19T15:30:00Z,25.76,832.65,43.24,32.219,76.3234,1457.0,False,NORMAL
AWS-004,2026-08-19T15:30:00Z,35.84,977.19,30.22,26.9124,70.9022,225.0,False,NORMAL
AWS-001,2026-08-19T15:45:00Z,32.24,981.23,48.77,28.6139,77.209,216.0,False,NORMAL
AWS-002,2026-08-19T15:45:00Z,33.65,1007.62,56.39,18.922,72.8347,14.0,False,NORMAL
AWS-003,2026-08-19T15:45:00Z,26.34,832.8,42.64,32.219,76.3234,1457.0,False,NORMAL
AWS-004,2026-08-19T15:45:00Z,36.67,977.13,30.52,26.9124,70.9022,225.0,False,NORMAL
AWS-001,2026-08-19T16:00:00Z,32.37,981.23,49.46,28.6139,77.209,216.0,False,NORMAL
AWS-002,2026-08-19T16:00:00Z,32.65,1007.39,55.81,18.922,72.8347,14.0,False,NORMAL
AWS-003,2026-08-19T16:00:00Z,26.07,832.66,44.66,32.219,76.3234,1457.0,False,NORMAL
AWS-004,2026-08-19T16:00:00Z,35.78,977.54,29.57,26.9124,70.9022,225.0,False,NORMAL
AWS-001,2026-08-19T16:15:00Z,31.9,981.51,50.13,28.6139,77.209,216.0,False,NORMAL
AWS-002,2026-08-19T16:15:00Z,33.46,1007.91,58.09,18.922,72.8347,14.0,False,NORMAL
AWS-003,2026-08-19T16:15:00Z,25.66,832.89,45.87,32.219,76.3234,1457.0,False,NORMAL
AWS-004,2026-08-19T16:15:00Z,35.84,977.22,32.23,26.9124,70.9022,225.0,False,NORMAL
AWS-001,2026-08-19T16:30:00Z,31.96,981.39,51.77,28.6139,77.209,216.0,False,NORMAL
AWS-002,2026-08-19T16:30:00Z,33.35,1007.7,58.38,18.922,72.8347,14.0,False,NORMAL
AWS-003,2026-08-19T16:30:00Z,25.62,832.52,45.04,32.219,76.3234,1457.0,False,NORMAL
AWS-004,2026-08-19T16:30:00Z,36.1,977.1,32.5,26.9124,70.9022,225.0,False,NORMAL
AWS-001,2026-08-19T16:45:00Z,31.72,981.45,52.05,28.6139,77.209,216.0,False,NORMAL
AWS-002,2026-08-19T16:45:00Z,32.0,1007.82,59.57,18.922,72.8347,14.0,False,NORMAL
AWS-003,2026-08-19T16:45:00Z,24.71,832.73,45.37,32.219,76.3234,1457.0,False,NORMAL
AWS-004,2026-08-19T16:45:00Z,35.51,977.46,34.28,26.9124,70.9022,225.0,False,NORMAL
AWS-001,2026-08-19T17:00:00Z,31.56,981.44,52.26,28.6139,77.209,216.0,False,NORMAL
AWS-002,2026-08-19T17:00:00Z,32.29,1007.76,61.26,18.922,72.8347,14.0,False,NORMAL
AWS-003,2026-08-19T17:00:00Z,23.7,832.63,47.6,32.219,76.3234,1457.0,False,NORMAL
AWS-004,2026-08-19T17:00:00Z,34.84,977.28,34.29,26.9124,70.9022,225.0,False,NORMAL
AWS-001,2026-08-19T17:15:00Z,31.14,981.4,53.29,28.6139,77.209,216.0,False,NORMAL
AWS-002,2026-08-19T17:15:00Z,31.87,1008.01,61.39,18.922,72.8347,14.0,False,NORMAL
AWS-003,2026-08-19T17:15:00Z,24.48,833.16,48.31,32.219,76.3234,1457.0,False,NORMAL
AWS-004,2026-08-19T17:15:00Z,34.91,977.61,35.3,26.9124,70.9022,225.0,False,NORMAL
AWS-001,2026-08-19T17:30:00Z,30.35,981.53,54.53,28.6139,77.209,216.0,False,NORMAL
AWS-002,2026-08-19T17:30:00Z,31.57,1007.91,63.16,18.922,72.8347,14.0,False,NORMAL
AWS-003,2026-08-19T17:30:00Z,23.87,833.01,48.93,32.219,76.3234,1457.0,False,NORMAL
AWS-004,2026-08-19T17:30:00Z,34.79,977.76,37.14,26.9124,70.9022,225.0,False,NORMAL
AWS-001,2026-08-19T17:45:00Z,30.38,981.73,55.97,28.6139,77.209,216.0,False,NORMAL
AWS-002,2026-08-19T17:45:00Z,31.55,1008.1,62.94,18.922,72.8347,14.0,False,NORMAL
AWS-003,2026-08-19T17:45:00Z,23.47,833.0,51.44,32.219,76.3234,1457.0,False,NORMAL
AWS-004,2026-08-19T17:45:00Z,34.5,977.69,37.76,26.9124,70.9022,225.0,False,NORMAL
AWS-001,2026-08-19T18:00:00Z,29.87,981.77,56.12,28.6139,77.209,216.0,False,NORMAL
AWS-002,2026-08-19T18:00:00Z,31.2,1008.35,63.85,18.922,72.8347,14.0,False,NORMAL
AWS-003,2026-08-19T18:00:00Z,23.46,833.2,51.63,32.219,76.3234,1457.0,False,NORMAL
AWS-004,2026-08-19T18:00:00Z,34.26,978.05,39.72,26.9124,70.9022,225.0,False,NORMAL
AWS-001,2026-08-19T18:15:00Z,29.25,981.93,58.28,28.6139,77.209,216.0,False,NORMAL
AWS-002,2026-08-19T18:15:00Z,30.25,1008.39,66.23,18.922,72.8347,14.0,False,NORMAL
AWS-003,2026-08-19T18:15:00Z,22.77,832.97,53.42,32.219,76.3234,1457.0,False,NORMAL
AWS-004,2026-08-19T18:15:00Z,33.31,977.89,39.29,26.9124,70.9022,225.0,False,NORMAL
AWS-001,2026-08-19T18:30:00Z,29.51,982.34,58.46,28.6139,77.209,216.0,False,NORMAL
AWS-002,2026-08-19T18:30:00Z,30.44,1008.7,67.51,18.922,72.8347,14.0,False,NORMAL
AWS-003,2026-08-19T18:30:00Z,23.52,833.63,54.49,32.219,76.3234,1457.0,False,NORMAL
AWS-004,2026-08-19T18:30:00Z,33.95,978.25,40.55,26.9124,70.9022,225.0,False,NORMAL
AWS-001,2026-08-19T18:45:00Z,28.7,982.34,60.68,28.6139,77.209,216.0,False,NORMAL
AWS-002,2026-08-19T18:45:00Z,29.88,1008.47,68.69,18.922,72.8347,14.0,False,NORMAL
AWS-003,2026-08-19T18:45:00Z,22.62,833.66,55.04,32.219,76.3234,1457.0,False,NORMAL
AWS-004,2026-08-19T18:45:00Z,32.89,978.0,43.15,26.9124,70.9022,225.0,False,NORMAL
AWS-001,2026-08-19T19:00:00Z,28.61,982.57,61.38,28.6139,77.209,216.0,False,NORMAL
AWS-002,2026-08-19T19:00:00Z,29.84,1008.83,68.44,18.922,72.8347,14.0,False,NORMAL
AWS-003,2026-08-19T19:00:00Z,21.99,833.21,55.76,32.219,76.3234,1457.0,False,NORMAL
AWS-004,2026-08-19T19:00:00Z,32.11,978.72,42.17,26.9124,70.9022,225.0,False,NORMAL
AWS-001,2026-08-19T19:15:00Z,28.67,982.63,63.1,28.6139,77.209,216.0,False,NORMAL
AWS-002,2026-08-19T19:15:00Z,29.3,1008.6,70.1,18.922,72.8347,14.0,False,NORMAL
AWS-003,2026-08-19T19:15:00Z,21.01,833.78,56.23,32.219,76.3234,1457.0,False,NORMAL
AWS-004,2026-08-19T19:15:00Z,31.94,978.32,43.49,26.9124,70.9022,225.0,False,NORMAL
AWS-001,2026-08-19T19:30:00Z,28.09,983.01,63.9,28.6139,77.209,216.0,False,NORMAL
AWS-002,2026-08-19T19:30:00Z,29.24,1009.07,71.16,18.922,72.8347,14.0,False,NORMAL
AWS-003,2026-08-19T19:30:00Z,21.1,834.03,57.75,32.219,76.3234,1457.0,False,NORMAL
AWS-004,2026-08-19T19:30:00Z,31.97,978.7,46.2,26.9124,70.9022,225.0,False,NORMAL
AWS-001,2026-08-19T19:45:00Z,27.25,982.95,64.67,28.6139,77.209,216.0,False,NORMAL
AWS-002,2026-08-19T19:45:00Z,28.51,1009.53,73.27,18.922,72.8347,14.0,False,NORMAL
AWS-003,2026-08-19T19:45:00Z,20.04,833.79,59.97,32.219,76.3234,1457.0,False,NORMAL
AWS-004,2026-08-19T19:45:00Z,30.96,978.87,47.08,26.9124,70.9022,225.0,False,NORMAL
AWS-001,2026-08-19T20:00:00Z,27.08,983.28,66.97,28.6139,77.209,216.0,False,NORMAL
AWS-002,2026-08-19T20:00:00Z,28.14,1009.45,74.7,18.922,72.8347,14.0,False,NORMAL
AWS-003,2026-08-19T20:00:00Z,19.86,834.19,62.58,32.219,76.3234,1457.0,False,NORMAL
AWS-004,2026-08-19T20:00:00Z,31.5,978.78,48.99,26.9124,70.9022,225.0,False,NORMAL
AWS-001,2026-08-19T20:15:00Z,27.01,983.28,67.75,28.6139,77.209,216.0,False,NORMAL
AWS-002,2026-08-19T20:15:00Z,27.13,1009.57,75.54,18.922,72.8347,14.0,False,NORMAL
AWS-003,2026-08-19T20:15:00Z,20.66,834.24,63.71,32.219,76.3234,1457.0,False,NORMAL
AWS-004,2026-08-19T20:15:00Z,30.57,979.16,49.88,26.9124,70.9022,225.0,False,NORMAL
AWS-001,2026-08-19T20:30:00Z,25.78,983.27,68.93,28.6139,77.209,216.0,False,NORMAL
AWS-002,2026-08-19T20:30:00Z,27.03,1009.61,77.17,18.922,72.8347,14.0,False,NORMAL
AWS-003,2026-08-19T20:30:00Z,19.51,834.31,64.04,32.219,76.3234,1457.0,False,NORMAL
AWS-004,2026-08-19T20:30:00Z,29.73,978.96,50.59,26.9124,70.9022,225.0,False,NORMAL
AWS-001,2026-08-19T20:45:00Z,25.57,983.42,70.98,28.6139,77.209,216.0,False,NORMAL
AWS-002,2026-08-19T20:45:00Z,26.18,1009.67,79.09,18.922,72.8347,14.0,False,NORMAL
AWS-003,2026-08-19T20:45:00Z,18.89,834.45,65.46,32.219,76.3234,1457.0,False,NORMAL
AWS-004,2026-08-19T20:45:00Z,29.72,979.21,52.31,26.9124,70.9022,225.0,False,NORMAL
AWS-001,2026-08-19T21:00:00Z,25.89,983.57,72.23,28.6139,77.209,216.0,False,NORMAL
AWS-002,2026-08-19T21:00:00Z,25.72,1009.77,80.35,18.922,72.8347,14.0,False,NORMAL
AWS-003,2026-08-19T21:00:00Z,18.32,834.68,67.91,32.219,76.3234,1457.0,False,NORMAL
AWS-004,2026-08-19T21:00:00Z,29.49,979.48,53.56,26.9124,70.9022,225.0,False,NORMAL
AWS-001,2026-08-19T21:15:00Z,24.55,983.6,73.77,28.6139,77.209,216.0,False,NORMAL
AWS-002,2026-08-19T21:15:00Z,25.91,1009.89,80.94,18.922,72.8347,14.0,False,NORMAL
AWS-003,2026-08-19T21:15:00Z,17.59,834.63,68.36,32.219,76.3234,1457.0,False,NORMAL
AWS-004,2026-08-19T21:15:00Z,29.06,979.26,55.42,26.9124,70.9022,225.0,False,NORMAL
AWS-001,2026-08-19T21:30:00Z,24.47,983.64,74.45,28.6139,77.209,216.0,False,NORMAL
AWS-002,2026-08-19T21:30:00Z,26.39,1010.07,82.5,18.922,72.8347,14.0,False,NORMAL
AWS-003,2026-08-19T21:30:00Z,18.11,835.03,69.25,32.219,76.3234,1457.0,False,NORMAL
AWS-004,2026-08-19T21:30:00Z,28.6,979.7,56.91,26.9124,70.9022,225.0,False,NORMAL
AWS-001,2026-08-19T21:45:00Z,24.15,983.83,75.76,28.6139,77.209,216.0,False,NORMAL
AWS-002,2026-08-19T21:45:00Z,25.34,1009.86,83.82,18.922,72.8347,14.0,False,NORMAL
AWS-003,2026-08-19T21:45:00Z,16.96,834.84,70.49,32.219,76.3234,1457.0,False,NORMAL
AWS-004,2026-08-19T21:45:00Z,28.52,979.61,57.14,26.9124,70.9022,225.0,False,NORMAL
AWS-001,2026-08-19T22:00:00Z,24.35,983.44,76.07,28.6139,77.209,216.0,False,NORMAL
AWS-002,2026-08-19T22:00:00Z,25.3,1009.99,84.95,18.922,72.8347,14.0,False,NORMAL
AWS-003,2026-08-19T22:00:00Z,16.78,834.9,73.05,32.219,76.3234,1457.0,False,NORMAL
AWS-004,2026-08-19T22:00:00Z,28.16,979.73,59.27,26.9124,70.9022,225.0,False,NORMAL
AWS-001,2026-08-19T22:15:00Z,23.75,983.73,77.64,28.6139,77.209,216.0,False,NORMAL
AWS-002,2026-08-19T22:15:00Z,24.66,1010.11,85.84,18.922,72.8347,14.0,False,NORMAL
AWS-003,2026-08-19T22:15:00Z,18.09,834.39,72.65,32.219,76.3234,1457.0,False,NORMAL
AWS-004,2026-08-19T22:15:00Z,27.72,979.46,59.26,26.9124,70.9022,225.0,False,NORMAL
AWS-001,2026-08-19T22:30:00Z,23.33,983.58,78.11,28.6139,77.209,216.0,False,NORMAL
AWS-002,2026-08-19T22:30:00Z,23.49,1010.03,87.1,18.922,72.8347,14.0,False,NORMAL
AWS-003,2026-08-19T22:30:00Z,17.13,834.65,73.75,32.219,76.3234,1457.0,False,NORMAL
AWS-004,2026-08-19T22:30:00Z,27.68,979.71,60.32,26.9124,70.9022,225.0,False,NORMAL
AWS-001,2026-08-19T22:45:00Z,22.71,983.41,79.76,28.6139,77.209,216.0,False,NORMAL
AWS-002,2026-08-19T22:45:00Z,24.39,1009.91,87.63,18.922,72.8347,14.0,False,NORMAL
AWS-003,2026-08-19T22:45:00Z,16.76,834.8,74.34,32.219,76.3234,1457.0,False,NORMAL
AWS-004,2026-08-19T22:45:00Z,26.75,979.56,62.25,26.9124,70.9022,225.0,False,NORMAL
AWS-001,2026-08-19T23:00:00Z,22.45,983.35,81.75,28.6139,77.209,216.0,False,NORMAL
AWS-002,2026-08-19T23:00:00Z,23.9,1010.01,89.64,18.922,72.8347,14.0,False,NORMAL
AWS-003,2026-08-19T23:00:00Z,16.0,834.34,74.39,32.219,76.3234,1457.0,False,NORMAL
AWS-004,2026-08-19T23:00:00Z,27.05,979.1,63.06,26.9124,70.9022,225.0,False,NORMAL
AWS-001,2026-08-19T23:15:00Z,22.86,983.55,81.53,28.6139,77.209,216.0,False,NORMAL
AWS-002,2026-08-19T23:15:00Z,23.18,1009.74,88.79,18.922,72.8347,14.0,False,NORMAL
AWS-003,2026-08-19T23:15:00Z,15.63,834.84,75.73,32.219,76.3234,1457.0,False,NORMAL
AWS-004,2026-08-19T23:15:00Z,26.66,979.54,63.04,26.9124,70.9022,225.0,False,NORMAL
AWS-001,2026-08-19T23:30:00Z,21.65,983.26,82.0,28.6139,77.209,216.0,False,NORMAL
AWS-002,2026-08-19T23:30:00Z,23.98,1009.49,90.63,18.922,72.8347,14.0,False,NORMAL
AWS-003,2026-08-19T23:30:00Z,15.57,834.3,77.06,32.219,76.3234,1457.0,False,NORMAL
AWS-004,2026-08-19T23:30:00Z,26.37,979.39,63.92,26.9124,70.9022,225.0,False,NORMAL
AWS-001,2026-08-19T23:45:00Z,22.07,983.17,83.09,28.6139,77.209,216.0,False,NORMAL
AWS-002,2026-08-19T23:45:00Z,22.95,1009.33,91.61,18.922,72.8347,14.0,False,NORMAL
AWS-003,2026-08-19T23:45:00Z,15.74,834.18,79.2,32.219,76.3234,1457.0,False,NORMAL
AWS-004,2026-08-19T23:45:00Z,25.93,979.09,65.3,26.9124,70.9022,225.0,False,NORMAL
AWS-001,2026-08-20T00:00:00Z,21.96,982.92,83.79,28.6139,77.209,216.0,False,NORMAL
AWS-002,2026-08-20T00:00:00Z,22.37,1009.71,92.53,18.922,72.8347,14.0,False,NORMAL
AWS-003,2026-08-20T00:00:00Z,15.34,834.39,79.23,32.219,76.3234,1457.0,False,NORMAL
AWS-004,2026-08-20T00:00:00Z,25.11,978.88,65.6,26.9124,70.9022,225.0,False,NORMAL
AWS-001,2026-08-20T00:15:00Z,21.53,982.68,84.25,28.6139,77.209,216.0,False,NORMAL
AWS-002,2026-08-20T00:15:00Z,22.23,1008.86,92.23,18.922,72.8347,14.0,False,NORMAL
AWS-003,2026-08-20T00:15:00Z,14.71,834.24,80.49,32.219,76.3234,1457.0,False,NORMAL
AWS-004,2026-08-20T00:15:00Z,25.81,978.85,65.61,26.9124,70.9022,225.0,False,NORMAL
AWS-001,2026-08-20T00:30:00Z,21.61,982.71,84.58,28.6139,77.209,216.0,False,NORMAL
AWS-002,2026-08-20T00:30:00Z,22.33,1009.18,93.32,18.922,72.8347,14.0,False,NORMAL
AWS-003,2026-08-20T00:30:00Z,15.36,834.47,79.01,32.219,76.3234,1457.0,False,NORMAL
AWS-004,2026-08-20T00:30:00Z,25.7,978.49,67.79,26.9124,70.9022,225.0,False,NORMAL
AWS-001,2026-08-20T00:45:00Z,21.67,982.7,85.23,28.6139,77.209,216.0,False,NORMAL
AWS-002,2026-08-20T00:45:00Z,21.91,1008.85,93.64,18.922,72.8347,14.0,False,NORMAL
AWS-003,2026-08-20T00:45:00Z,13.83,833.65,81.52,32.219,76.3234,1457.0,False,NORMAL
AWS-004,2026-08-20T00:45:00Z,24.84,978.62,67.3,26.9124,70.9022,225.0,False,NORMAL
AWS-001,2026-08-20T01:00:00Z,21.38,982.57,85.99,28.6139,77.209,216.0,False,NORMAL
AWS-002,2026-08-20T01:00:00Z,22.31,1008.83,94.61,18.922,72.8347,14.0,False,NORMAL
AWS-003,2026-08-20T01:00:00Z,15.0,833.69,81.49,32.219,76.3234,1457.0,False,NORMAL
AWS-004,2026-08-20T01:00:00Z,25.35,978.62,67.83,26.9124,70.9022,225.0,False,NORMAL
AWS-001,2026-08-20T01:15:00Z,21.24,982.36,85.65,28.6139,77.209,216.0,False,NORMAL
AWS-002,2026-08-20T01:15:00Z,22.08,1008.67,94.5,18.922,72.8347,14.0,False,NORMAL
AWS-003,2026-08-20T01:15:00Z,14.33,833.7,81.01,32.219,76.3234,1457.0,False,NORMAL
AWS-004,2026-08-20T01:15:00Z,25.98,978.45,69.11,26.9124,70.9022,225.0,False,NORMAL
AWS-001,2026-08-20T01:30:00Z,20.85,982.04,86.76,28.6139,77.209,216.0,False,NORMAL
AWS-002,2026-08-20T01:30:00Z,21.81,1008.57,94.85,18.922,72.8347,14.0,False,NORMAL
AWS-003,2026-08-20T01:30:00Z,15.06,833.57,82.64,32.219,76.3234,1457.0,False,NORMAL
AWS-004,2026-08-20T01:30:00Z,25.13,978.11,69.35,26.9124,70.9022,225.0,False,NORMAL
AWS-001,2026-08-20T01:45:00Z,21.35,982.19,86.36,28.6139,77.209,216.0,False,NORMAL
AWS-002,2026-08-20T01:45:00Z,22.17,1008.29,94.44,18.922,72.8347,14.0,False,NORMAL
AWS-003,2026-08-20T01:45:00Z,14.39,833.6,81.07,32.219,76.3234,1457.0,False,NORMAL
AWS-004,2026-08-20T01:45:00Z,24.68,977.7,68.37,26.9124,70.9022,225.0,False,NORMAL
AWS-001,2026-08-20T02:00:00Z,20.33,981.76,86.93,28.6139,77.209,216.0,False,NORMAL
AWS-002,2026-08-20T02:00:00Z,21.72,1008.2,95.35,18.922,72.8347,14.0,False,NORMAL
AWS-003,2026-08-20T02:00:00Z,14.39,832.94,81.06,32.219,76.3234,1457.0,False,NORMAL
AWS-004,2026-08-20T02:00:00Z,24.71,977.8,69.73,26.9124,70.9022,225.0,False,NORMAL
AWS-001,2026-08-20T02:15:00Z,20.84,981.92,86.43,28.6139,77.209,216.0,False,NORMAL
AWS-002,2026-08-20T02:15:00Z,21.96,1008.1,94.8,18.922,72.8347,14.0,False,NORMAL
AWS-003,2026-08-20T02:15:00Z,15.58,832.99,81.33,32.219,76.3234,1457.0,False,NORMAL
AWS-004,2026-08-20T02:15:00Z,25.04,978.13,68.42,26.9124,70.9022,225.0,False,NORMAL
AWS-001,2026-08-20T02:30:00Z,20.64,981.55,86.87,28.6139,77.209,216.0,False,NORMAL
AWS-002,2026-08-20T02:30:00Z,22.18,1007.89,94.83,18.922,72.8347,14.0,False,NORMAL
AWS-003,2026-08-20T02:30:00Z,15.12,833.14,81.95,32.219,76.3234,1457.0,False,NORMAL
AWS-004,2026-08-20T02:30:00Z,25.05,977.73,68.38,26.9124,70.9022,225.0,False,NORMAL
AWS-001,2026-08-20T02:45:00Z,20.96,981.66,86.64,28.6139,77.209,216.0,False,NORMAL
AWS-002,2026-08-20T02:45:00Z,22.31,1007.78,93.6,18.922,72.8347,14.0,False,NORMAL
AWS-003,2026-08-20T02:45:00Z,14.2,832.98,81.52,32.219,76.3234,1457.0,False,NORMAL
AWS-004,2026-08-20T02:45:00Z,24.55,977.46,68.83,26.9124,70.9022,225.0,False,NORMAL
AWS-001,2026-08-20T03:00:00Z,21.29,981.59,86.96,28.6139,77.209,216.0,False,NORMAL
AWS-002,2026-08-20T03:00:00Z,22.15,1007.55,94.7,18.922,72.8347,14.0,False,NORMAL
AWS-003,2026-08-20T03:00:00Z,13.67,832.94,81.23,32.219,76.3234,1457.0,False,NORMAL
AWS-004,2026-08-20T03:00:00Z,25.09,977.57,67.98,26.9124,70.9022,225.0,False,NORMAL
AWS-001,2026-08-20T03:15:00Z,21.14,981.44,85.8,28.6139,77.209,216.0,False,NORMAL
AWS-002,2026-08-20T03:15:00Z,22.5,1007.72,93.36,18.922,72.8347,14.0,False,NORMAL
AWS-003,2026-08-20T03:15:00Z,15.53,832.58,81.04,32.219,76.3234,1457.0,False,NORMAL
AWS-004,2026-08-20T03:15:00Z,25.38,977.39,67.59,26.9124,70.9022,225.0,False,NORMAL
AWS-001,2026-08-20T03:30:00Z,21.33,981.3,85.37,28.6139,77.209,216.0,False,NORMAL
AWS-002,2026-08-20T03:30:00Z,22.8,1007.8,93.89,18.922,72.8347,14.0,False,NORMAL
AWS-003,2026-08-20T03:30:00Z,13.7,833.09,80.25,32.219,76.3234,1457.0,False,NORMAL
AWS-004,2026-08-20T03:30:00Z,25.25,977.3,67.62,26.9124,70.9022,225.0,False,NORMAL
AWS-001,2026-08-20T03:45:00Z,21.4,981.3,84.16,28.6139,77.209,216.0,False,NORMAL
AWS-002,2026-08-20T03:45:00Z,22.09,1007.55,92.67,18.922,72.8347,14.0,False,NORMAL
AWS-003,2026-08-20T03:45:00Z,14.28,832.94,78.67,32.219,76.3234,1457.0,False,NORMAL
AWS-004,2026-08-20T03:45:00Z,24.74,977.12,67.09,26.9124,70.9022,225.0,False,NORMAL
AWS-001,2026-08-20T04:00:00Z,22.14,981.56,83.26,28.6139,77.209,216.0,False,NORMAL
AWS-002,2026-08-20T04:00:00Z,23.9,1007.79,92.38,18.922,72.8347,14.0,False,NORMAL
AWS-003,2026-08-20T04:00:00Z,14.42,832.7,78.16,32.219,76.3234,1457.0,False,NORMAL
AWS-004,2026-08-20T04:00:00Z,25.73,977.43,65.18,26.9124,70.9022,225.0,False,NORMAL
AWS-001,2026-08-20T04:15:00Z,22.06,981.29,83.41,28.6139,77.209,216.0,False,NORMAL
AWS-002,2026-08-20T04:15:00Z,23.1,1007.75,91.91,18.922,72.8347,14.0,False,NORMAL
AWS-003,2026-08-20T04:15:00Z,15.75,832.19,78.51,32.219,76.3234,1457.0,False,NORMAL
AWS-004,2026-08-20T04:15:00Z,26.18,977.25,65.39,26.9124,70.9022,225.0,False,NORMAL
AWS-001,2026-08-20T04:30:00Z,22.05,981.6,83.14,28.6139,77.209,216.0,False,NORMAL
AWS-002,2026-08-20T04:30:00Z,23.5,1007.65,90.55,18.922,72.8347,14.0,False,NORMAL
AWS-003,2026-08-20T04:30:00Z,13.82,832.94,76.52,32.219,76.3234,1457.0,False,NORMAL
AWS-004,2026-08-20T04:30:00Z,25.56,977.25,63.99,26.9124,70.9022,225.0,False,NORMAL
AWS-001,2026-08-20T04:45:00Z,22.32,981.47,82.19,28.6139,77.209,216.0,False,NORMAL
AWS-002,2026-08-20T04:45:00Z,23.99,1008.0,89.21,18.922,72.8347,14.0,False,NORMAL
AWS-003,2026-08-20T04:45:00Z,15.35,833.02,76.68,32.219,76.3234,1457.0,False,NORMAL
AWS-004,2026-08-20T04:45:00Z,26.17,977.37,64.02,26.9124,70.9022,225.0,False,NORMAL
AWS-001,2026-08-20T05:00:00Z,22.57,981.61,80.41,28.6139,77.209,216.0,False,NORMAL
AWS-002,2026-08-20T05:00:00Z,23.56,1007.79,88.8,18.922,72.8347,14.0,False,NORMAL
AWS-003,2026-08-20T05:00:00Z,15.89,832.89,75.42,32.219,76.3234,1457.0,False,NORMAL
AWS-004,2026-08-20T05:00:00Z,26.77,977.49,62.84,26.9124,70.9022,225.0,False,NORMAL
AWS-001,2026-08-20T05:15:00Z,23.07,981.75,79.66,28.6139,77.209,216.0,False,NORMAL
AWS-002,2026-08-20T05:15:00Z,24.17,1007.82,86.85,18.922,72.8347,14.0,False,NORMAL
AWS-003,2026-08-20T05:15:00Z,16.36,832.68,75.38,32.219,76.3234,1457.0,False,NORMAL
AWS-004,2026-08-20T05:15:00Z,26.74,977.4,61.26,26.9124,70.9022,225.0,False,NORMAL
AWS-001,2026-08-20T05:30:00Z,23.59,981.82,78.78,28.6139,77.209,216.0,False,NORMAL
AWS-002,2026-08-20T05:30:00Z,24.34,1008.05,87.42,18.922,72.8347,14.0,False,NORMAL
AWS-003,2026-08-20T05:30:00Z,15.86,832.97,74.24,32.219,76.3234,1457.0,False,NORMAL
AWS-004,2026-08-20T05:30:00Z,27.4,977.64,61.06,26.9124,70.9022,225.0,False,NORMAL
AWS-001,2026-08-20T05:45:00Z,23.53,981.81,77.97,28.6139,77.209,216.0,False,NORMAL
AWS-002,2026-08-20T05:45:00Z,24.0,1008.08,85.87,18.922,72.8347,14.0,False,NORMAL
AWS-003,2026-08-20T05:45:00Z,16.83,832.7,71.89,32.219,76.3234,1457.0,False,NORMAL
AWS-004,2026-08-20T05:45:00Z,27.51,977.85,59.6,26.9124,70.9022,225.0,False,NORMAL
AWS-001,2026-08-20T06:00:00Z,24.17,981.88,76.44,28.6139,77.209,216.0,False,NORMAL
AWS-002,2026-08-20T06:00:00Z,24.78,1008.25,83.99,18.922,72.8347,14.0,False,NORMAL
AWS-003,2026-08-20T06:00:00Z,17.53,832.95,70.39,32.219,76.3234,1457.0,False,NORMAL
AWS-004,2026-08-20T06:00:00Z,27.74,977.82,59.47,26.9124,70.9022,225.0,False,NORMAL
AWS-001,2026-08-20T06:15:00Z,23.6,982.1,75.69,28.6139,77.209,216.0,False,NORMAL
AWS-002,2026-08-20T06:15:00Z,25.45,1008.33,83.06,18.922,72.8347,14.0,False,NORMAL
AWS-003,2026-08-20T06:15:00Z,17.22,833.27,69.45,32.219,76.3234,1457.0,False,NORMAL
AWS-004,2026-08-20T06:15:00Z,28.22,978.16,57.54,26.9124,70.9022,225.0,False,NORMAL
AWS-001,2026-08-20T06:30:00Z,25.04,982.05,74.05,28.6139,77.209,216.0,False,NORMAL
AWS-002,2026-08-20T06:30:00Z,24.95,1008.36,82.91,18.922,72.8347,14.0,False,NORMAL
AWS-003,2026-08-20T06:30:00Z,19.45,833.47,68.95,32.219,76.3234,1457.0,False,NORMAL
AWS-004,2026-08-20T06:30:00Z,28.89,978.11,56.13,26.9124,70.9022,225.0,False,NORMAL
AWS-001,2026-08-20T06:45:00Z,24.96,982.26,72.9,28.6139,77.209,216.0,False,NORMAL
AWS-002,2026-08-20T06:45:00Z,26.24,1008.26,80.97,18.922,72.8347,14.0,False,NORMAL
AWS-003,2026-08-20T06:45:00Z,18.27,833.96,67.19,32.219,76.3234,1457.0,False,NORMAL
AWS-004,2026-08-20T06:45:00Z,28.84,978.29,54.84,26.9124,70.9022,225.0,False,NORMAL
AWS-001,2026-08-20T07:00:00Z,25.37,982.44,72.28,28.6139,77.209,216.0,False,NORMAL
AWS-002,2026-08-20T07:00:00Z,26.81,1008.99,79.97,18.922,72.8347,14.0,False,NORMAL
AWS-003,2026-08-20T07:00:00Z,19.06,833.88,66.06,32.219,76.3234,1457.0,False,NORMAL
AWS-004,2026-08-20T07:00:00Z,28.66,978.47,53.57,26.9124,70.9022,225.0,False,NORMAL
AWS-001,2026-08-20T07:15:00Z,25.45,982.52,71.51,28.6139,77.209,216.0,False,NORMAL
AWS-002,2026-08-20T07:15:00Z,27.08,1009.2,78.06,18.922,72.8347,14.0,False,NORMAL
AWS-003,2026-08-20T07:15:00Z,19.78,833.78,67.09,32.219,76.3234,1457.0,False,NORMAL
AWS-004,2026-08-20T07:15:00Z,29.14,978.59,51.48,26.9124,70.9022,225.0,False,NORMAL
AWS-001,2026-08-20T07:30:00Z,25.81,982.71,68.87,28.6139,77.209,216.0,False,NORMAL
AWS-002,2026-08-20T07:30:00Z,26.85,1008.95,77.67,18.922,72.8347,14.0,False,NORMAL
AWS-003,2026-08-20T07:30:00Z,19.91,833.97,65.22,32.219,76.3234,1457.0,False,NORMAL
AWS-004,2026-08-20T07:30:00Z,30.33,978.52,50.94,26.9124,70.9022,225.0,False,NORMAL
AWS-001,2026-08-20T07:45:00Z,25.87,982.89,68.47,28.6139,77.209,216.0,False,NORMAL
AWS-002,2026-08-20T07:45:00Z,28.0,1009.28,76.68,18.922,72.8347,14.0,False,NORMAL
AWS-003,2026-08-20T07:45:00Z,20.44,834.36,62.85,32.219,76.3234,1457.0,False,NORMAL
AWS-004,2026-08-20T07:45:00Z,30.47,978.81,50.68,26.9124,70.9022,225.0,False,NORMAL
AWS-001,2026-08-20T08:00:00Z,26.66,983.2,66.97,28.6139,77.209,216.0,False,NORMAL
AWS-002,2026-08-20T08:00:00Z,28.55,1009.45,75.39,18.922,72.8347,14.0,False,NORMAL
AWS-003,2026-08-20T08:00:00Z,19.84,834.35,62.2,32.219,76.3234,1457.0,False,NORMAL
AWS-004,2026-08-20T08:00:00Z,30.52,978.83,48.81,26.9124,70.9022,225.0,False,NORMAL
AWS-001,2026-08-20T08:15:00Z,26.54,983.02,65.67,28.6139,77.209,216.0,False,NORMAL
AWS-002,2026-08-20T08:15:00Z,28.76,1009.28,72.62,18.922,72.8347,14.0,False,NORMAL
AWS-003,2026-08-20T08:15:00Z,20.96,834.14,59.46,32.219,76.3234,1457.0,False,NORMAL
AWS-004,2026-08-20T08:15:00Z,31.11,979.11,47.66,26.9124,70.9022,225.0,False,NORMAL
AWS-001,2026-08-20T08:30:00Z,28.0,983.35,64.08,28.6139,77.209,216.0,False,NORMAL
AWS-002,2026-08-20T08:30:00Z,29.01,1009.46,71.38,18.922,72.8347,14.0,False,NORMAL
AWS-003,2026-08-20T08:30:00Z,21.74,834.18,59.02,32.219,76.3234,1457.0,False,NORMAL
AWS-004,2026-08-20T08:30:00Z,31.06,979.15,44.92,26.9124,70.9022,225.0,False,NORMAL
AWS-001,2026-08-20T08:45:00Z,27.65,983.39,62.14,28.6139,77.209,216.0,False,NORMAL
AWS-002,2026-08-20T08:45:00Z,29.07,1009.89,70.43,18.922,72.8347,14.0,False,NORMAL
AWS-003,2026-08-20T08:45:00Z,21.0,834.54,57.37,32.219,76.3234,1457.0,False,NORMAL
AWS-004,2026-08-20T08:45:00Z,32.17,979.74,45.18,26.9124,70.9022,225.0,False,NORMAL
AWS-001,2026-08-20T09:00:00Z,27.9,983.24,61.06,28.6139,77.209,216.0,False,NORMAL
AWS-002,2026-08-20T09:00:00Z,29.68,1009.82,69.53,18.922,72.8347,14.0,False,NORMAL
AWS-003,2026-08-20T09:00:00Z,21.92,834.29,56.54,32.219,76.3234,1457.0,False,NORMAL
AWS-004,2026-08-20T09:00:00Z,32.32,979.38,42.85,26.9124,70.9022,225.0,False,NORMAL
AWS-001,2026-08-20T09:15:00Z,28.82,983.68,60.0,28.6139,77.209,216.0,False,NORMAL
AWS-002,2026-08-20T09:15:00Z,29.78,1010.05,69.48,18.922,72.8347,14.0,False,NORMAL
AWS-003,2026-08-20T09:15:00Z,22.25,835.0,54.35,32.219,76.3234,1457.0,False,NORMAL
AWS-004,2026-08-20T09:15:00Z,32.37,979.42,41.37,26.9124,70.9022,225.0,False,NORMAL
AWS-001,2026-08-20T09:30:00Z,29.17,983.68,59.64,28.6139,77.209,216.0,False,NORMAL
AWS-002,2026-08-20T09:30:00Z,30.55,1010.02,67.22,18.922,72.8347,14.0,False,NORMAL
AWS-003,2026-08-20T09:30:00Z,22.09,834.88,52.29,32.219,76.3234,1457.0,False,NORMAL
AWS-004,2026-08-20T09:30:00Z,32.59,979.32,42.3,26.9124,70.9022,225.0,False,NORMAL
AWS-001,2026-08-20T09:45:00Z,29.16,983.42,58.39,28.6139,77.209,216.0,False,NORMAL
AWS-002,2026-08-20T09:45:00Z,30.71,1009.93,67.45,18.922,72.8347,14.0,False,NORMAL
AWS-003,2026-08-20T09:45:00Z,23.04,834.68,52.47,32.219,76.3234,1457.0,False,NORMAL
AWS-004,2026-08-20T09:45:00Z,32.95,979.83,40.22,26.9124,70.9022,225.0,False,NORMAL
AWS-001,2026-08-20T10:00:00Z,28.79,983.86,56.91,28.6139,77.209,216.0,False,NORMAL
AWS-002,2026-08-20T10:00:00Z,30.82,1010.09,64.68,18.922,72.8347,14.0,False,NORMAL
AWS-003,2026-08-20T10:00:00Z,23.86,834.99,52.13,32.219,76.3234,1457.0,False,NORMAL
AWS-004,2026-08-20T10:00:00Z,33.61,979.56,39.41,26.9124,70.9022,225.0,False,NORMAL
AWS-001,2026-08-20T10:15:00Z,29.92,983.63,56.09,28.6139,77.209,216.0,False,NORMAL
AWS-002,2026-08-20T10:15:00Z,31.38,1010.02,65.06,18.922,72.8347,14.0,False,NORMAL
AWS-003,2026-08-20T10:15:00Z,23.3,834.75,51.08,32.219,76.3234,1457.0,False,NORMAL
AWS-004,2026-08-20T10:15:00Z,34.16,979.36,38.17,26.9124,70.9022,225.0,False,NORMAL
AWS-001,2026-08-20T10:30:00Z,30.56,983.57,54.82,28.6139,77.209,216.0,False,NORMAL
AWS-002,2026-08-20T10:30:00Z,31.25,1009.82,61.98,18.922,72.8347,14.0,False,NORMAL
AWS-003,2026-08-20T10:30:00Z,24.39,834.53,50.31,32.219,76.3234,1457.0,False,NORMAL
AWS-004,2026-08-20T10:30:00Z,34.75,979.43,36.48,26.9124,70.9022,225.0,False,NORMAL
AWS-001,2026-08-20T10:45:00Z,30.64,983.49,53.58,28.6139,77.209,216.0,False,NORMAL
AWS-002,2026-08-20T10:45:00Z,31.41,1009.94,60.4,18.922,72.8347,14.0,False,NORMAL
AWS-003,2026-08-20T10:45:00Z,25.46,834.96,48.34,32.219,76.3234,1457.0,False,NORMAL
AWS-004,2026-08-20T10:45:00Z,34.57,979.4,36.16,26.9124,70.9022,225.0,False,NORMAL
AWS-001,2026-08-20T11:00:00Z,31.03,983.38,53.35,28.6139,77.209,216.0,False,NORMAL
AWS-002,2026-08-20T11:00:00Z,31.75,1009.59,60.01,18.922,72.8347,14.0,False,NORMAL
AWS-003,2026-08-20T11:00:00Z,25.11,834.7,48.12,32.219,76.3234,1457.0,False,NORMAL
AWS-004,2026-08-20T11:00:00Z,34.69,979.52,33.84,26.9124,70.9022,225.0,False,NORMAL
AWS-001,2026-08-20T11:15:00Z,31.5,983.19,51.8,28.6139,77.209,216.0,False,NORMAL
AWS-002,2026-08-20T11:15:00Z,32.08,1009.65,60.22,18.922,72.8347,14.0,False,NORMAL
AWS-003,2026-08-20T11:15:00Z,25.46,834.3,47.12,32.219,76.3234,1457.0,False,NORMAL
AWS-004,2026-08-20T11:15:00Z,35.5,979.37,32.51,26.9124,70.9022,225.0,False,NORMAL
AWS-001,2026-08-20T11:30:00Z,31.28,983.42,50.88,28.6139,77.209,216.0,False,NORMAL
AWS-002,2026-08-20T11:30:00Z,33.34,1009.72,59.27,18.922,72.8347,14.0,False,NORMAL
AWS-003,2026-08-20T11:30:00Z,25.65,834.25,45.34,32.219,76.3234,1457.0,False,NORMAL
AWS-004,2026-08-20T11:30:00Z,35.79,979.25,33.44,26.9124,70.9022,225.0,False,NORMAL
AWS-001,2026-08-20T11:45:00Z,32.24,983.13,49.88,28.6139,77.209,216.0,False,NORMAL
AWS-002,2026-08-20T11:45:00Z,33.56,1009.4,57.0,18.922,72.8347,14.0,False,NORMAL
AWS-003,2026-08-20T11:45:00Z,25.16,834.55,44.91,32.219,76.3234,1457.0,False,NORMAL
AWS-004,2026-08-20T11:45:00Z,35.24,979.44,31.4,26.9124,70.9022,225.0,False,NORMAL
AWS-001,2026-08-20T12:00:00Z,31.56,983.26,50.19,28.6139,77.209,216.0,False,NORMAL
AWS-002,2026-08-20T12:00:00Z,33.04,1009.5,57.17,18.922,72.8347,14.0,False,NORMAL
AWS-003,2026-08-20T12:00:00Z,25.55,834.14,44.19,32.219,76.3234,1457.0,False,NORMAL
AWS-004,2026-08-20T12:00:00Z,35.77,979.25,31.3,26.9124,70.9022,225.0,False,NORMAL
AWS-001,2026-08-20T12:15:00Z,31.94,982.9,48.39,28.6139,77.209,216.0,False,NORMAL
AWS-002,2026-08-20T12:15:00Z,32.38,1009.1,56.5,18.922,72.8347,14.0,False,NORMAL
AWS-003,2026-08-20T12:15:00Z,25.79,833.91,43.6,32.219,76.3234,1457.0,False,NORMAL
AWS-004,2026-08-20T12:15:00Z,35.29,978.75,31.37,26.9124,70.9022,225.0,False,NORMAL
AWS-001,2026-08-20T12:30:00Z,32.4,982.67,48.9,28.6139,77.209,216.0,False,NORMAL
AWS-002,2026-08-20T12:30:00Z,33.53,1009.34,56.56,18.922,72.8347,14.0,False,NORMAL
AWS-003,2026-08-20T12:30:00Z,26.95,833.99,43.63,32.219,76.3234,1457.0,False,NORMAL
AWS-004,2026-08-20T12:30:00Z,36.46,978.65,30.28,26.9124,70.9022,225.0,False,NORMAL
AWS-001,2026-08-20T12:45:00Z,32.17,982.53,48.3,28.6139,77.209,216.0,False,NORMAL
AWS-002,2026-08-20T12:45:00Z,33.45,1009.03,56.47,18.922,72.8347,14.0,False,NORMAL
AWS-003,2026-08-20T12:45:00Z,27.29,833.64,42.57,32.219,76.3234,1457.0,False,NORMAL
AWS-004,2026-08-20T12:45:00Z,36.23,978.47,31.01,26.9124,70.9022,225.0,False,NORMAL
AWS-001,2026-08-20T13:00:00Z,32.53,982.52,47.37,28.6139,77.209,216.0,False,NORMAL
AWS-002,2026-08-20T13:00:00Z,34.16,1008.98,54.76,18.922,72.8347,14.0,False,NORMAL
AWS-003,2026-08-20T13:00:00Z,26.45,833.67,42.12,32.219,76.3234,1457.0,False,NORMAL
AWS-004,2026-08-20T13:00:00Z,37.45,978.49,29.99,26.9124,70.9022,225.0,False,NORMAL
AWS-001,2026-08-20T13:15:00Z,32.63,982.1,47.0,28.6139,77.209,216.0,False,NORMAL
AWS-002,2026-08-20T13:15:00Z,34.21,1008.47,55.64,18.922,72.8347,14.0,False,NORMAL
AWS-003,2026-08-20T13:15:00Z,26.68,833.43,42.59,32.219,76.3234,1457.0,False,NORMAL
AWS-004,2026-08-20T13:15:00Z,36.39,978.04,28.71,26.9124,70.9022,225.0,False,NORMAL
AWS-001,2026-08-20T13:30:00Z,32.33,982.05,46.82,28.6139,77.209,216.0,False,NORMAL
AWS-002,2026-08-20T13:30:00Z,33.3,1008.51,55.54,18.922,72.8347,14.0,False,NORMAL
AWS-003,2026-08-20T13:30:00Z,26.26,833.74,40.4,32.219,76.3234,1457.0,False,NORMAL
AWS-004,2026-08-20T13:30:00Z,36.65,977.91,30.09,26.9124,70.9022,225.0,False,NORMAL
AWS-001,2026-08-20T13:45:00Z,32.89,982.02,46.54,28.6139,77.209,216.0,False,NORMAL
AWS-002,2026-08-20T13:45:00Z,33.97,1008.02,54.51,18.922,72.8347,14.0,False,NORMAL
AWS-003,2026-08-20T13:45:00Z,26.58,833.54,41.83,32.219,76.3234,1457.0,False,NORMAL
AWS-004,2026-08-20T13:45:00Z,36.99,977.87,28.82,26.9124,70.9022,225.0,False,NORMAL
AWS-001,2026-08-20T14:00:00Z,32.36,981.82,46.86,28.6139,77.209,216.0,False,NORMAL
AWS-002,2026-08-20T14:00:00Z,33.88,1008.01,53.77,18.922,72.8347,14.0,False,NORMAL
AWS-003,2026-08-20T14:00:00Z,26.9,833.24,41.67,32.219,76.3234,1457.0,False,NORMAL
AWS-004,2026-08-20T14:00:00Z,36.77,978.02,28.24,26.9124,70.9022,225.0,False,NORMAL
AWS-001,2026-08-20T14:15:00Z,31.94,981.74,46.73,28.6139,77.209,216.0,False,NORMAL
AWS-002,2026-08-20T14:15:00Z,34.22,1008.04,55.46,18.922,72.8347,14.0,False,NORMAL
AWS-003,2026-08-20T14:15:00Z,26.36,832.63,41.84,32.219,76.3234,1457.0,False,NORMAL
AWS-004,2026-08-20T14:15:00Z,36.49,977.98,28.26,26.9124,70.9022,225.0,False,NORMAL
AWS-001,2026-08-20T14:30:00Z,32.71,981.61,46.87,28.6139,77.209,216.0,False,NORMAL
AWS-002,2026-08-20T14:30:00Z,33.57,1008.2,55.44,18.922,72.8347,14.0,False,NORMAL
AWS-003,2026-08-20T14:30:00Z,25.76,832.77,42.87,32.219,76.3234,1457.0,False,NORMAL
AWS-004,2026-08-20T14:30:00Z,37.08,977.52,28.11,26.9124,70.9022,225.0,False,NORMAL
AWS-001,2026-08-20T14:45:00Z,32.85,981.51,47.51,28.6139,77.209,216.0,False,NORMAL
AWS-002,2026-08-20T14:45:00Z,33.23,1007.94,54.69,18.922,72.8347,14.0,False,NORMAL
AWS-003,2026-08-20T14:45:00Z,25.5,832.65,43.14,32.219,76.3234,1457.0,False,NORMAL
AWS-004,2026-08-20T14:45:00Z,36.74,977.68,29.63,26.9124,70.9022,225.0,False,NORMAL
AWS-001,2026-08-20T15:00:00Z,32.93,981.85,47.22,28.6139,77.209,216.0,False,NORMAL
AWS-002,2026-08-20T15:00:00Z,34.19,1007.59,54.68,18.922,72.8347,14.0,False,NORMAL
AWS-003,2026-08-20T15:00:00Z,25.8,832.64,41.64,32.219,76.3234,1457.0,False,NORMAL
AWS-004,2026-08-20T15:00:00Z,36.59,977.08,28.22,26.9124,70.9022,225.0,False,NORMAL
AWS-001,2026-08-20T15:15:00Z,32.55,981.16,48.49,28.6139,77.209,216.0,False,NORMAL
AWS-002,2026-08-20T15:15:00Z,34.21,1007.8,55.75,18.922,72.8347,14.0,False,NORMAL
AWS-003,2026-08-20T15:15:00Z,25.5,832.39,41.96,32.219,76.3234,1457.0,False,NORMAL
AWS-004,2026-08-20T15:15:00Z,36.08,977.15,29.84,26.9124,70.9022,225.0,False,NORMAL
AWS-001,2026-08-20T15:30:00Z,32.61,981.4,48.62,28.6139,77.209,216.0,False,NORMAL
AWS-002,2026-08-20T15:30:00Z,33.32,1007.81,56.94,18.922,72.8347,14.0,False,NORMAL
AWS-003,2026-08-20T15:30:00Z,25.62,832.67,42.93,32.219,76.3234,1457.0,False,NORMAL
AWS-004,2026-08-20T15:30:00Z,35.67,977.06,30.37,26.9124,70.9022,225.0,False,NORMAL
AWS-001,2026-08-20T15:45:00Z,31.72,981.26,49.13,28.6139,77.209,216.0,False,NORMAL
AWS-002,2026-08-20T15:45:00Z,33.94,1007.83,57.66,18.922,72.8347,14.0,False,NORMAL
AWS-003,2026-08-20T15:45:00Z,26.01,832.65,43.09,32.219,76.3234,1457.0,False,NORMAL
AWS-004,2026-08-20T15:45:00Z,36.38,977.12,31.15,26.9124,70.9022,225.0,False,NORMAL
AWS-001,2026-08-20T16:00:00Z,31.19,981.26,49.25,28.6139,77.209,216.0,False,NORMAL
AWS-002,2026-08-20T16:00:00Z,33.19,1007.44,57.45,18.922,72.8347,14.0,False,NORMAL
AWS-003,2026-08-20T16:00:00Z,26.49,832.4,44.78,32.219,76.3234,1457.0,False,NORMAL
AWS-004,2026-08-20T16:00:00Z,35.98,977.45,32.06,26.9124,70.9022,225.0,False,NORMAL
AWS-001,2026-08-20T16:15:00Z,31.67,981.42,50.2,28.6139,77.209,216.0,False,NORMAL
AWS-002,2026-08-20T16:15:00Z,32.18,1007.8,58.01,18.922,72.8347,14.0,False,NORMAL
AWS-003,2026-08-20T16:15:00Z,24.88,832.6,45.44,32.219,76.3234,1457.0,False,NORMAL
AWS-004,2026-08-20T16:15:00Z,35.91,976.89,32.73,26.9124,70.9022,225.0,False,NORMAL
AWS-001,2026-08-20T16:30:00Z,31.77,981.32,52.22,28.6139,77.209,216.0,False,NORMAL
AWS-002,2026-08-20T16:30:00Z,32.37,1007.86,58.63,18.922,72.8347,14.0,False,NORMAL
AWS-003,2026-08-20T16:30:00Z,25.19,832.6,44.91,32.219,76.3234,1457.0,False,NORMAL
AWS-004,2026-08-20T16:30:00Z,35.61,977.49,32.55,26.9124,70.9022,225.0,False,NORMAL
AWS-001,2026-08-20T16:45:00Z,31.02,981.43,51.97,28.6139,77.209,216.0,False,NORMAL
AWS-002,2026-08-20T16:45:00Z,32.45,1007.56,60.28,18.922,72.8347,14.0,False,NORMAL
AWS-003,2026-08-20T16:45:00Z,24.55,832.82,46.69,32.219,76.3234,1457.0,False,NORMAL
AWS-004,2026-08-20T16:45:00Z,35.18,977.33,32.88,26.9124,70.9022,225.0,False,NORMAL
AWS-001,2026-08-20T17:00:00Z,31.5,981.5,53.34,28.6139,77.209,216.0,False,NORMAL
AWS-002,2026-08-20T17:00:00Z,31.62,1007.94,59.69,18.922,72.8347,14.0,False,NORMAL
AWS-003,2026-08-20T17:00:00Z,24.6,832.73,49.15,32.219,76.3234,1457.0,False,NORMAL
AWS-004,2026-08-20T17:00:00Z,34.89,977.39,34.82,26.9124,70.9022,225.0,False,NORMAL
AWS-001,2026-08-20T17:15:00Z,30.28,981.6,53.53,28.6139,77.209,216.0,False,NORMAL
AWS-002,2026-08-20T17:15:00Z,31.06,1007.78,61.85,18.922,72.8347,14.0,False,NORMAL
AWS-003,2026-08-20T17:15:00Z,24.84,832.85,48.79,32.219,76.3234,1457.0,False,NORMAL
AWS-004,2026-08-20T17:15:00Z,34.22,977.68,35.75,26.9124,70.9022,225.0,False,NORMAL
AWS-001,2026-08-20T17:30:00Z,30.13,981.79,53.93,28.6139,77.209,216.0,False,NORMAL
AWS-002,2026-08-20T17:30:00Z,31.22,1007.87,62.72,18.922,72.8347,14.0,False,NORMAL
AWS-003,2026-08-20T17:30:00Z,23.97,832.89,50.49,32.219,76.3234,1457.0,False,NORMAL
AWS-004,2026-08-20T17:30:00Z,35.44,977.62,36.58,26.9124,70.9022,225.0,False,NORMAL
AWS-001,2026-08-20T17:45:00Z,30.23,981.89,56.19,28.6139,77.209,216.0,False,NORMAL
AWS-002,2026-08-20T17:45:00Z,31.56,1007.94,63.29,18.922,72.8347,14.0,False,NORMAL
AWS-003,2026-08-20T17:45:00Z,23.6,832.99,50.45,32.219,76.3234,1457.0,False,NORMAL
AWS-004,2026-08-20T17:45:00Z,34.4,977.69,37.53,26.9124,70.9022,225.0,False,NORMAL
AWS-001,2026-08-20T18:00:00Z,29.55,981.79,56.75,28.6139,77.209,216.0,False,NORMAL
AWS-002,2026-08-20T18:00:00Z,31.29,1008.43,65.66,18.922,72.8347,14.0,False,NORMAL
AWS-003,2026-08-20T18:00:00Z,23.36,833.18,50.92,32.219,76.3234,1457.0,False,NORMAL
AWS-004,2026-08-20T18:00:00Z,34.26,977.61,39.97,26.9124,70.9022,225.0,False,NORMAL
AWS-001,2026-08-20T18:15:00Z,29.62,982.03,57.26,28.6139,77.209,216.0,False,NORMAL
AWS-002,2026-08-20T18:15:00Z,30.71,1008.28,66.63,18.922,72.8347,14.0,False,NORMAL
AWS-003,2026-08-20T18:15:00Z,23.3,833.32,52.74,32.219,76.3234,1457.0,False,NORMAL
AWS-004,2026-08-20T18:15:00Z,32.56,977.99,40.04,26.9124,70.9022,225.0,False,NORMAL
AWS-001,2026-08-20T18:30:00Z,28.87,982.03,59.85,28.6139,77.209,216.0,False,NORMAL
AWS-002,2026-08-20T18:30:00Z,30.21,1008.64,67.02,18.922,72.8347,14.0,False,NORMAL
AWS-003,2026-08-20T18:30:00Z,22.75,833.46,54.51,32.219,76.3234,1457.0,False,NORMAL
AWS-004,2026-08-20T18:30:00Z,33.6,978.05,40.74,26.9124,70.9022,225.0,False,NORMAL
AWS-001,2026-08-20T18:45:00Z,28.68,982.28,60.31,28.6139,77.209,216.0,False,NORMAL
AWS-002,2026-08-20T18:45:00Z,29.9,1008.71,67.99,18.922,72.8347,14.0,False,NORMAL
AWS-003,2026-08-20T18:45:00Z,22.47,833.53,56.41,32.219,76.3234,1457.0,False,NORMAL
AWS-004,2026-08-20T18:45:00Z,33.26,978.17,41.5,26.9124,70.9022,225.0,False,NORMAL
AWS-001,2026-08-20T19:00:00Z,28.73,982.46,61.3,28.6139,77.209,216.0,False,NORMAL
AWS-002,2026-08-20T19:00:00Z,29.01,1008.85,70.19,18.922,72.8347,14.0,False,NORMAL
AWS-003,2026-08-20T19:00:00Z,22.28,834.02,58.33,32.219,76.3234,1457.0,False,NORMAL
AWS-004,2026-08-20T19:00:00Z,32.74,978.45,44.14,26.9124,70.9022,225.0,False,NORMAL
AWS-001,2026-08-20T19:15:00Z,28.06,982.68,63.15,28.6139,77.209,216.0,False,NORMAL
AWS-002,2026-08-20T19:15:00Z,29.1,1008.97,70.48,18.922,72.8347,14.0,False,NORMAL
AWS-003,2026-08-20T19:15:00Z,21.76,834.05,57.97,32.219,76.3234,1457.0,False,NORMAL
AWS-004,2026-08-20T19:15:00Z,31.94,978.62,44.93,26.9124,70.9022,225.0,False,NORMAL
AWS-001,2026-08-20T19:30:00Z,27.43,982.86,64.84,28.6139,77.209,216.0,False,NORMAL
AWS-002,2026-08-20T19:30:00Z,28.2,1008.94,70.79,18.922,72.8347,14.0,False,NORMAL
AWS-003,2026-08-20T19:30:00Z,20.94,833.7,58.92,32.219,76.3234,1457.0,False,NORMAL
AWS-004,2026-08-20T19:30:00Z,31.39,978.74,45.93,26.9124,70.9022,225.0,False,NORMAL
AWS-001,2026-08-20T19:45:00Z,27.34,983.04,65.49,28.6139,77.209,216.0,False,NORMAL
AWS-002,2026-08-20T19:45:00Z,28.35,1009.12,73.83,18.922,72.8347,14.0,False,NORMAL
AWS-003,2026-08-20T19:45:00Z,20.49,833.86,60.63,32.219,76.3234,1457.0,False,NORMAL
AWS-004,2026-08-20T19:45:00Z,31.25,978.87,48.54,26.9124,70.9022,225.0,False,NORMAL
AWS-001,2026-08-20T20:00:00Z,26.63,982.75,67.13,28.6139,77.209,216.0,False,NORMAL
AWS-002,2026-08-20T20:00:00Z,28.5,1009.17,75.22,18.922,72.8347,14.0,False,NORMAL
AWS-003,2026-08-20T20:00:00Z,20.44,833.81,62.33,32.219,76.3234,1457.0,False,NORMAL
AWS-004,2026-08-20T20:00:00Z,30.71,978.83,48.51,26.9124,70.9022,225.0,False,NORMAL
AWS-001,2026-08-20T20:15:00Z,26.18,983.11,68.35,28.6139,77.209,216.0,False,NORMAL
AWS-002,2026-08-20T20:15:00Z,27.72,1009.4,76.63,18.922,72.8347,14.0,False,NORMAL
AWS-003,2026-08-20T20:15:00Z,19.9,834.13,62.79,32.219,76.3234,1457.0,False,NORMAL
AWS-004,2026-08-20T20:15:00Z,30.36,979.13,49.92,26.9124,70.9022,225.0,False,NORMAL
AWS-001,2026-08-20T20:30:00Z,26.2,983.55,69.15,28.6139,77.209,216.0,False,NORMAL
AWS-002,2026-08-20T20:30:00Z,27.15,1009.75,79.07,18.922,72.8347,14.0,False,NORMAL
AWS-003,2026-08-20T20:30:00Z,19.12,834.44,64.86,32.219,76.3234,1457.0,False,NORMAL
AWS-004,2026-08-20T20:30:00Z,29.49,979.26,52.04,26.9124,70.9022,225.0,False,NORMAL
AWS-001,2026-08-20T20:45:00Z,25.36,983.46,69.91,28.6139,77.209,216.0,False,NORMAL
AWS-002,2026-08-20T20:45:00Z,26.91,1009.75,78.5,18.922,72.8347,14.0,False,NORMAL
AWS-003,2026-08-20T20:45:00Z,18.75,834.71,64.52,32.219,76.3234,1457.0,False,NORMAL
AWS-004,2026-08-20T20:45:00Z,29.66,979.32,53.11,26.9124,70.9022,225.0,False,NORMAL
AWS-001,2026-08-20T21:00:00Z,25.72,983.76,71.89,28.6139,77.209,216.0,False,NORMAL
AWS-002,2026-08-20T21:00:00Z,26.54,1009.81,80.39,18.922,72.8347,14.0,False,NORMAL
AWS-003,2026-08-20T21:00:00Z,17.98,834.59,66.06,32.219,76.3234,1457.0,False,NORMAL
AWS-004,2026-08-20T21:00:00Z,29.59,979.38,54.47,26.9124,70.9022,225.0,False,NORMAL
AWS-001,2026-08-20T21:15:00Z,24.52,983.58,73.99,28.6139,77.209,216.0,False,NORMAL
AWS-002,2026-08-20T21:15:00Z,26.45,1009.92,81.33,18.922,72.8347,14.0,False,NORMAL
AWS-003,2026-08-20T21:15:00Z,17.83,834.42,67.83,32.219,76.3234,1457.0,False,NORMAL
AWS-004,2026-08-20T21:15:00Z,28.37,979.5,56.41,26.9124,70.9022,225.0,False,NORMAL
AWS-001,2026-08-20T21:30:00Z,24.31,983.49,74.53,28.6139,77.209,216.0,False,NORMAL
AWS-002,2026-08-20T21:30:00Z,25.51,1010.18,82.34,18.922,72.8347,14.0,False,NORMAL
AWS-003,2026-08-20T21:30:00Z,17.65,834.71,68.67,32.219,76.3234,1457.0,False,NORMAL
AWS-004,2026-08-20T21:30:00Z,28.33,979.5,57.59,26.9124,70.9022,225.0,False,NORMAL
AWS-001,2026-08-20T21:45:00Z,23.71,983.62,75.24,28.6139,77.209,216.0,False,NORMAL
AWS-002,2026-08-20T21:45:00Z,25.04,1009.99,83.12,18.922,72.8347,14.0,False,NORMAL
AWS-003,2026-08-20T21:45:00Z,17.51,834.3,71.37,32.219,76.3234,1457.0,False,NORMAL
AWS-004,2026-08-20T21:45:00Z,27.6,979.51,57.94,26.9124,70.9022,225.0,False,NORMAL
AWS-001,2026-08-20T22:00:00Z,24.04,983.59,77.25,28.6139,77.209,216.0,False,NORMAL
AWS-002,2026-08-20T22:00:00Z,25.02,1010.26,84.21,18.922,72.8347,14.0,False,NORMAL
AWS-003,2026-08-20T22:00:00Z,17.55,834.43,70.64,32.219,76.3234,1457.0,False,NORMAL
AWS-004,2026-08-20T22:00:00Z,27.34,979.66,57.86,26.9124,70.9022,225.0,False,NORMAL
AWS-001,2026-08-20T22:15:00Z,23.35,983.49,77.77,28.6139,77.209,216.0,False,NORMAL
AWS-002,2026-08-20T22:15:00Z,25.02,1010.04,85.94,18.922,72.8347,14.0,False,NORMAL
AWS-003,2026-08-20T22:15:00Z,16.36,834.29,74.05,32.219,76.3234,1457.0,False,NORMAL
AWS-004,2026-08-20T22:15:00Z,27.19,979.82,60.28,26.9124,70.9022,225.0,False,NORMAL
AWS-001,2026-08-20T22:30:00Z,23.2,983.6,79.02,28.6139,77.209,216.0,False,NORMAL
AWS-002,2026-08-20T22:30:00Z,24.48,1010.21,86.83,18.922,72.8347,14.0,False,NORMAL
AWS-003,2026-08-20T22:30:00Z,17.2,834.54,73.17,32.219,76.3234,1457.0,False,NORMAL
AWS-004,2026-08-20T22:30:00Z,27.12,979.56,61.11,26.9124,70.9022,225.0,False,NORMAL
AWS-001,2026-08-20T22:45:00Z,23.11,983.52,80.35,28.6139,77.209,216.0,False,NORMAL
AWS-002,2026-08-20T22:45:00Z,23.99,1009.97,87.33,18.922,72.8347,14.0,False,NORMAL
AWS-003,2026-08-20T22:45:00Z,16.66,834.99,74.15,32.219,76.3234,1457.0,False,NORMAL
AWS-004,2026-08-20T22:45:00Z,26.37,979.47,62.64,26.9124,70.9022,225.0,False,NORMAL
AWS-001,2026-08-20T23:00:00Z,21.78,983.61,81.35,28.6139,77.209,216.0,False,NORMAL
AWS-002,2026-08-20T23:00:00Z,23.66,1009.8,89.45,18.922,72.8347,14.0,False,NORMAL
AWS-003,2026-08-20T23:00:00Z,16.5,834.62,77.83,32.219,76.3234,1457.0,False,NORMAL
AWS-004,2026-08-20T23:00:00Z,26.24,979.43,62.25,26.9124,70.9022,225.0,False,NORMAL
AWS-001,2026-08-20T23:15:00Z,22.51,983.25,81.87,28.6139,77.209,216.0,False,NORMAL
AWS-002,2026-08-20T23:15:00Z,23.87,1010.04,89.73,18.922,72.8347,14.0,False,NORMAL
AWS-003,2026-08-20T23:15:00Z,15.75,834.44,77.84,32.219,76.3234,1457.0,False,NORMAL
AWS-004,2026-08-20T23:15:00Z,26.88,979.36,64.73,26.9124,70.9022,225.0,False,NORMAL
AWS-001,2026-08-20T23:30:00Z,21.63,983.39,83.48,28.6139,77.209,216.0,False,NORMAL
AWS-002,2026-08-20T23:30:00Z,23.57,1009.57,90.5,18.922,72.8347,14.0,False,NORMAL
AWS-003,2026-08-20T23:30:00Z,16.03,834.41,75.61,32.219,76.3234,1457.0,False,NORMAL
AWS-004,2026-08-20T23:30:00Z,25.83,979.33,65.61,26.9124,70.9022,225.0,False,NORMAL
AWS-001,2026-08-20T23:45:00Z,21.72,983.21,83.5,28.6139,77.209,216.0,False,NORMAL
AWS-002,2026-08-20T23:45:00Z,22.6,1009.63,90.95,18.922,72.8347,14.0,False,NORMAL
AWS-003,2026-08-20T23:45:00Z,15.08,834.22,79.17,32.219,76.3234,1457.0,False,NORMAL
AWS-004,2026-08-20T23:45:00Z,25.58,979.29,66.14,26.9124,70.9022,225.0,False,NORMAL
AWS-001,2026-08-21T00:00:00Z,21.65,983.2,84.3,28.6139,77.209,216.0,False,NORMAL
AWS-002,2026-08-21T00:00:00Z,22.57,1009.53,92.06,18.922,72.8347,14.0,False,NORMAL
AWS-003,2026-08-21T00:00:00Z,14.86,834.23,79.15,32.219,76.3234,1457.0,False,NORMAL
AWS-004,2026-08-21T00:00:00Z,24.64,978.99,66.39,26.9124,70.9022,225.0,False,NORMAL
AWS-001,2026-08-21T00:15:00Z,20.94,982.95,84.37,28.6139,77.209,216.0,False,NORMAL
AWS-002,2026-08-21T00:15:00Z,22.71,1009.39,93.1,18.922,72.8347,14.0,False,NORMAL
AWS-003,2026-08-21T00:15:00Z,14.49,833.93,78.57,32.219,76.3234,1457.0,False,NORMAL
AWS-004,2026-08-21T00:15:00Z,25.34,978.98,67.22,26.9124,70.9022,225.0,False,NORMAL
AWS-001,2026-08-21T00:30:00Z,21.4,982.71,84.76,28.6139,77.209,216.0,False,NORMAL
AWS-002,2026-08-21T00:30:00Z,21.31,1009.14,93.57,18.922,72.8347,14.0,False,NORMAL
AWS-003,2026-08-21T00:30:00Z,13.82,834.02,79.32,32.219,76.3234,1457.0,False,NORMAL
AWS-004,2026-08-21T00:30:00Z,25.05,978.73,67.49,26.9124,70.9022,225.0,False,NORMAL
AWS-001,2026-08-21T00:45:00Z,20.75,982.61,86.05,28.6139,77.209,216.0,False,NORMAL
AWS-002,2026-08-21T00:45:00Z,22.03,1009.05,93.87,18.922,72.8347,14.0,False,NORMAL
AWS-003,2026-08-21T00:45:00Z,14.21,833.65,82.83,32.219,76.3234,1457.0,False,NORMAL
AWS-004,2026-08-21T00:45:00Z,24.94,978.74,68.31,26.9124,70.9022,225.0,False,NORMAL
AWS-001,2026-08-21T01:00:00Z,20.94,982.54,87.24,28.6139,77.209,216.0,False,NORMAL
AWS-002,2026-08-21T01:00:00Z,22.86,1009.08,94.6,18.922,72.8347,14.0,False,NORMAL
AWS-003,2026-08-21T01:00:00Z,13.67,833.48,80.93,32.219,76.3234,1457.0,False,NORMAL
AWS-004,2026-08-21T01:00:00Z,24.56,978.35,68.6,26.9124,70.9022,225.0,False,NORMAL
AWS-001,2026-08-21T01:15:00Z,21.34,982.33,86.83,28.6139,77.209,216.0,False,NORMAL
AWS-002,2026-08-21T01:15:00Z,22.25,1008.51,94.29,18.922,72.8347,14.0,False,NORMAL
AWS-003,2026-08-21T01:15:00Z,14.11,833.5,82.13,32.219,76.3234,1457.0,False,NORMAL
AWS-004,2026-08-21T01:15:00Z,24.94,978.41,67.04,26.9124,70.9022,225.0,False,NORMAL
AWS-001,2026-08-21T01:30:00Z,20.56,982.38,86.67,28.6139,77.209,216.0,False,NORMAL
AWS-002,2026-08-21T01:30:00Z,21.72,1008.62,95.87,18.922,72.8347,14.0,False,NORMAL
AWS-003,2026-08-21T01:30:00Z,14.28,833.22,81.0,32.219,76.3234,1457.0,False,NORMAL
AWS-004,2026-08-21T01:30:00Z,24.63,978.08,69.33,26.9124,70.9022,225.0,False,NORMAL
AWS-001,2026-08-21T01:45:00Z,20.65,981.99,87.55,28.6139,77.209,216.0,False,NORMAL
AWS-002,2026-08-21T01:45:00Z,21.12,1008.39,95.48,18.922,72.8347,14.0,False,NORMAL
AWS-003,2026-08-21T01:45:00Z,12.83,833.0,82.43,32.219,76.3234,1457.0,False,NORMAL
AWS-004,2026-08-21T01:45:00Z,24.14,977.78,67.81,26.9124,70.9022,225.0,False,NORMAL
AWS-001,2026-08-21T02:00:00Z,21.04,981.64,87.31,28.6139,77.209,216.0,False,NORMAL
AWS-002,2026-08-21T02:00:00Z,22.13,1008.1,95.39,18.922,72.8347,14.0,False,NORMAL
AWS-003,2026-08-21T02:00:00Z,14.37,833.42,82.22,32.219,76.3234,1457.0,False,NORMAL
AWS-004,2026-08-21T02:00:00Z,25.46,977.99,68.18,26.9124,70.9022,225.0,False,NORMAL
AWS-001,2026-08-21T02:15:00Z,20.96,981.86,86.24,28.6139,77.209,216.0,False,NORMAL
AWS-002,2026-08-21T02:15:00Z,21.8,1007.85,94.82,18.922,72.8347,14.0,False,NORMAL
AWS-003,2026-08-21T02:15:00Z,14.84,832.99,82.37,32.219,76.3234,1457.0,False,NORMAL
AWS-004,2026-08-21T02:15:00Z,24.87,977.5,69.49,26.9124,70.9022,225.0,False,NORMAL
AWS-001,2026-08-21T02:30:00Z,20.95,981.59,86.39,28.6139,77.209,216.0,False,NORMAL
AWS-002,2026-08-21T02:30:00Z,21.88,1007.97,94.12,18.922,72.8347,14.0,False,NORMAL
AWS-003,2026-08-21T02:30:00Z,14.08,833.14,81.56,32.219,76.3234,1457.0,False,NORMAL
AWS-004,2026-08-21T02:30:00Z,24.67,977.58,69.75,26.9124,70.9022,225.0,False,NORMAL
AWS-001,2026-08-21T02:45:00Z,20.78,981.44,85.7,28.6139,77.209,216.0,False,NORMAL
AWS-002,2026-08-21T02:45:00Z,21.72,1007.92,93.69,18.922,72.8347,14.0,False,NORMAL
AWS-003,2026-08-21T02:45:00Z,14.66,832.88,81.13,32.219,76.3234,1457.0,False,NORMAL
AWS-004,2026-08-21T02:45:00Z,24.44,977.58,68.45,26.9124,70.9022,225.0,False,NORMAL
AWS-001,2026-08-21T03:00:00Z,21.36,981.22,86.36,28.6139,77.209,216.0,False,NORMAL
AWS-002,2026-08-21T03:00:00Z,22.42,1007.68,94.1,18.922,72.8347,14.0,False,NORMAL
AWS-003,2026-08-21T03:00:00Z,14.68,832.65,80.54,32.219,76.3234,1457.0,False,NORMAL
AWS-004,2026-08-21T03:00:00Z,24.95,977.17,68.46,26.9124,70.9022,225.0,False,NORMAL
AWS-001,2026-08-21T03:15:00Z,20.8,981.34,86.12,28.6139,77.209,216.0,False,NORMAL
AWS-002,2026-08-21T03:15:00Z,22.69,1007.76,94.23,18.922,72.8347,14.0,False,NORMAL
AWS-003,2026-08-21T03:15:00Z,14.42,832.9,82.1,32.219,76.3234,1457.0,False,NORMAL
AWS-004,2026-08-21T03:15:00Z,24.7,977.44,68.3,26.9124,70.9022,225.0,False,NORMAL
AWS-001,2026-08-21T03:30:00Z,20.99,981.33,84.67,28.6139,77.209,216.0,False,NORMAL
AWS-002,2026-08-21T03:30:00Z,22.59,1007.92,93.82,18.922,72.8347,14.0,False,NORMAL
AWS-003,2026-08-21T03:30:00Z,14.81,832.63,80.72,32.219,76.3234,1457.0,False,NORMAL
AWS-004,2026-08-21T03:30:00Z,25.3,977.37,68.51,26.9124,70.9022,225.0,False,NORMAL
AWS-001,2026-08-21T03:45:00Z,20.96,981.41,84.63,28.6139,77.209,216.0,False,NORMAL
AWS-002,2026-08-21T03:45:00Z,22.7,1007.66,92.46,18.922,72.8347,14.0,False,NORMAL
AWS-003,2026-08-21T03:45:00Z,15.14,832.88,81.45,32.219,76.3234,1457.0,False,NORMAL
AWS-004,2026-08-21T03:45:00Z,24.59,977.0,67.55,26.9124,70.9022,225.0,False,NORMAL
AWS-001,2026-08-21T04:00:00Z,21.4,981.56,84.8,28.6139,77.209,216.0,False,NORMAL
AWS-002,2026-08-21T04:00:00Z,23.06,1007.56,92.52,18.922,72.8347,14.0,False,NORMAL
AWS-003,2026-08-21T04:00:00Z,15.32,832.67,79.35,32.219,76.3234,1457.0,False,NORMAL
AWS-004,2026-08-21T04:00:00Z,25.61,977.39,65.48,26.9124,70.9022,225.0,False,NORMAL
AWS-001,2026-08-21T04:15:00Z,21.91,981.15,83.78,28.6139,77.209,216.0,False,NORMAL
AWS-002,2026-08-21T04:15:00Z,23.43,1007.64,90.84,18.922,72.8347,14.0,False,NORMAL
AWS-003,2026-08-21T04:15:00Z,15.44,832.25,79.29,32.219,76.3234,1457.0,False,NORMAL
AWS-004,2026-08-21T04:15:00Z,25.77,977.22,66.33,26.9124,70.9022,225.0,False,NORMAL
AWS-001,2026-08-21T04:30:00Z,22.56,981.36,82.55,28.6139,77.209,216.0,False,NORMAL
AWS-002,2026-08-21T04:30:00Z,23.55,1007.97,91.65,18.922,72.8347,14.0,False,NORMAL
AWS-003,2026-08-21T04:30:00Z,14.85,832.53,78.8,32.219,76.3234,1457.0,False,NORMAL
AWS-004,2026-08-21T04:30:00Z,26.0,977.35,63.91,26.9124,70.9022,225.0,False,NORMAL
AWS-001,2026-08-21T04:45:00Z,21.77,981.43,82.09,28.6139,77.209,216.0,False,NORMAL
AWS-002,2026-08-21T04:45:00Z,22.63,1007.76,89.62,18.922,72.8347,14.0,False,NORMAL
AWS-003,2026-08-21T04:45:00Z,15.36,832.49,76.36,32.219,76.3234,1457.0,False,NORMAL
AWS-004,2026-08-21T04:45:00Z,25.62,977.43,63.54,26.9124,70.9022,225.0,False,NORMAL
AWS-001,2026-08-21T05:00:00Z,22.74,981.52,81.54,28.6139,77.209,216.0,False,NORMAL
AWS-002,2026-08-21T05:00:00Z,23.19,1008.02,89.82,18.922,72.8347,14.0,False,NORMAL
AWS-003,2026-08-21T05:00:00Z,15.57,832.56,75.85,32.219,76.3234,1457.0,False,NORMAL
AWS-004,2026-08-21T05:00:00Z,27.06,977.27,63.65,26.9124,70.9022,225.0,False,NORMAL
AWS-001,2026-08-21T05:15:00Z,22.94,981.44,79.83,28.6139,77.209,216.0,False,NORMAL
AWS-002,2026-08-21T05:15:00Z,23.72,1007.78,87.39,18.922,72.8347,14.0,False,NORMAL
AWS-003,2026-08-21T05:15:00Z,16.71,832.85,75.31,32.219,76.3234,1457.0,False,NORMAL
AWS-004,2026-08-21T05:15:00Z,27.54,977.68,60.66,26.9124,70.9022,225.0,False,NORMAL
AWS-001,2026-08-21T05:30:00Z,22.95,981.69,79.36,28.6139,77.209,216.0,False,NORMAL
AWS-002,2026-08-21T05:30:00Z,23.95,1007.85,87.36,18.922,72.8347,14.0,False,NORMAL
AWS-003,2026-08-21T05:30:00Z,16.75,832.86,74.64,32.219,76.3234,1457.0,False,NORMAL
AWS-004,2026-08-21T05:30:00Z,27.25,977.46,60.98,26.9124,70.9022,225.0,False,NORMAL
AWS-001,2026-08-21T05:45:00Z,23.36,981.79,78.43,28.6139,77.209,216.0,False,NORMAL
AWS-002,2026-08-21T05:45:00Z,24.26,1008.0,86.73,18.922,72.8347,14.0,False,NORMAL
AWS-003,2026-08-21T05:45:00Z,17.32,833.03,74.04,32.219,76.3234,1457.0,False,NORMAL
AWS-004,2026-08-21T05:45:00Z,26.73,977.71,60.78,26.9124,70.9022,225.0,False,NORMAL
AWS-001,2026-08-21T06:00:00Z,23.85,982.04,77.21,28.6139,77.209,216.0,False,NORMAL
AWS-002,2026-08-21T06:00:00Z,24.66,1008.25,84.96,18.922,72.8347,14.0,False,NORMAL
AWS-003,2026-08-21T06:00:00Z,17.3,833.25,73.38,32.219,76.3234,1457.0,False,NORMAL
AWS-004,2026-08-21T06:00:00Z,27.25,977.59,59.5,26.9124,70.9022,225.0,False,NORMAL
AWS-001,2026-08-21T06:15:00Z,24.16,982.04,75.99,28.6139,77.209,216.0,False,NORMAL
AWS-002,2026-08-21T06:15:00Z,25.44,1008.55,83.09,18.922,72.8347,14.0,False,NORMAL
AWS-003,2026-08-21T06:15:00Z,17.53,833.59,71.21,32.219,76.3234,1457.0,False,NORMAL
AWS-004,2026-08-21T06:15:00Z,27.41,977.95,58.19,26.9124,70.9022,225.0,False,NORMAL
AWS-001,2026-08-21T06:30:00Z,23.99,982.12,74.11,28.6139,77.209,216.0,False,NORMAL
AWS-002,2026-08-21T06:30:00Z,25.42,1008.73,81.76,18.922,72.8347,14.0,False,NORMAL
AWS-003,2026-08-21T06:30:00Z,18.04,833.23,68.56,32.219,76.3234,1457.0,False,NORMAL
AWS-004,2026-08-21T06:30:00Z,28.66,978.4,58.27,26.9124,70.9022,225.0,False,NORMAL
AWS-001,2026-08-21T06:45:00Z,25.23,982.42,74.12,28.6139,77.209,216.0,False,NORMAL
AWS-002,2026-08-21T06:45:00Z,26.74,1008.79,82.12,18.922,72.8347,14.0,False,NORMAL
AWS-003,2026-08-21T06:45:00Z,18.47,833.16,67.75,32.219,76.3234,1457.0,False,NORMAL
AWS-004,2026-08-21T06:45:00Z,29.12,978.42,55.68,26.9124,70.9022,225.0,False,NORMAL
AWS-001,2026-08-21T07:00:00Z,24.79,982.59,72.51,28.6139,77.209,216.0,False,NORMAL
AWS-002,2026-08-21T07:00:00Z,26.53,1009.1,80.56,18.922,72.8347,14.0,False,NORMAL
AWS-003,2026-08-21T07:00:00Z,19.2,833.88,67.03,32.219,76.3234,1457.0,False,NORMAL
AWS-004,2026-08-21T07:00:00Z,28.78,978.37,53.21,26.9124,70.9022,225.0,False,NORMAL
AWS-001,2026-08-21T07:15:00Z,25.14,982.53,71.07,28.6139,77.209,216.0,False,NORMAL
AWS-002,2026-08-21T07:15:00Z,26.29,1008.99,78.23,18.922,72.8347,14.0,False,NORMAL
AWS-003,2026-08-21T07:15:00Z,19.48,833.7,67.94,32.219,76.3234,1457.0,False,NORMAL
AWS-004,2026-08-21T07:15:00Z,29.09,978.34,53.35,26.9124,70.9022,225.0,False,NORMAL
AWS-001,2026-08-21T07:30:00Z,26.1,982.8,69.11,28.6139,77.209,216.0,False,NORMAL
AWS-002,2026-08-21T07:30:00Z,27.41,1009.19,78.5,18.922,72.8347,14.0,False,NORMAL
AWS-003,2026-08-21T07:30:00Z,19.5,834.35,63.75,32.219,76.3234,1457.0,False,NORMAL
AWS-004,2026-08-21T07:30:00Z,30.41,978.85,51.01,26.9124,70.9022,225.0,False,NORMAL
AWS-001,2026-08-21T07:45:00Z,26.51,982.93,68.05,28.6139,77.209,216.0,False,NORMAL
AWS-002,2026-08-21T07:45:00Z,27.18,1009.37,75.58,18.922,72.8347,14.0,False,NORMAL
AWS-003,2026-08-21T07:45:00Z,19.72,834.11,64.54,32.219,76.3234,1457.0,False,NORMAL
AWS-004,2026-08-21T07:45:00Z,30.23,978.66,49.03,26.9124,70.9022,225.0,False,NORMAL
AWS-001,2026-08-21T08:00:00Z,26.95,983.01,66.92,28.6139,77.209,216.0,False,NORMAL
AWS-002,2026-08-21T08:00:00Z,28.04,1009.55,74.76,18.922,72.8347,14.0,False,NORMAL
AWS-003,2026-08-21T08:00:00Z,19.66,833.91,61.94,32.219,76.3234,1457.0,False,NORMAL
AWS-004,2026-08-21T08:00:00Z,30.86,978.96,48.87,26.9124,70.9022,225.0,False,NORMAL
AWS-001,2026-08-21T08:15:00Z,27.42,983.26,65.63,28.6139,77.209,216.0,False,NORMAL
AWS-002,2026-08-21T08:15:00Z,28.05,1009.34,73.41,18.922,72.8347,14.0,False,NORMAL
AWS-003,2026-08-21T08:15:00Z,21.03,834.1,60.21,32.219,76.3234,1457.0,False,NORMAL
AWS-004,2026-08-21T08:15:00Z,30.93,979.12,47.75,26.9124,70.9022,225.0,False,NORMAL
AWS-001,2026-08-21T08:30:00Z,27.26,983.28,63.77,28.6139,77.209,216.0,False,NORMAL
AWS-002,2026-08-21T08:30:00Z,28.81,1009.59,73.11,18.922,72.8347,14.0,False,NORMAL
AWS-003,2026-08-21T08:30:00Z,21.44,834.16,59.99,32.219,76.3234,1457.0,False,NORMAL
AWS-004,2026-08-21T08:30:00Z,31.19,979.28,46.8,26.9124,70.9022,225.0,False,NORMAL
AWS-001,2026-08-21T08:45:00Z,27.88,983.29,62.34,28.6139,77.209,216.0,False,NORMAL
AWS-002,2026-08-21T08:45:00Z,29.01,1009.58,72.18,18.922,72.8347,14.0,False,NORMAL
AWS-003,2026-08-21T08:45:00Z,21.25,834.72,57.24,32.219,76.3234,1457.0,False,NORMAL
AWS-004,2026-08-21T08:45:00Z,31.1,979.09,43.94,26.9124,70.9022,225.0,False,NORMAL
AWS-001,2026-08-21T09:00:00Z,28.29,983.42,61.65,28.6139,77.209,216.0,False,NORMAL
AWS-002,2026-08-21T09:00:00Z,29.28,1009.84,69.26,18.922,72.8347,14.0,False,NORMAL
AWS-003,2026-08-21T09:00:00Z,21.18,834.52,55.07,32.219,76.3234,1457.0,False,NORMAL
AWS-004,2026-08-21T09:00:00Z,32.2,979.38,44.7,26.9124,70.9022,225.0,False,NORMAL
AWS-001,2026-08-21T09:15:00Z,29.15,983.58,60.09,28.6139,77.209,216.0,False,NORMAL
AWS-002,2026-08-21T09:15:00Z,30.09,1009.83,68.67,18.922,72.8347,14.0,False,NORMAL
AWS-003,2026-08-21T09:15:00Z,21.86,834.78,55.08,32.219,76.3234,1457.0,False,NORMAL
AWS-004,2026-08-21T09:15:00Z,32.7,979.58,41.83,26.9124,70.9022,225.0,False,NORMAL
AWS-001,2026-08-21T09:30:00Z,29.42,983.61,58.92,28.6139,77.209,216.0,False,NORMAL
AWS-002,2026-08-21T09:30:00Z,30.77,1010.23,66.82,18.922,72.8347,14.0,False,NORMAL
AWS-003,2026-08-21T09:30:00Z,21.87,834.51,54.14,32.219,76.3234,1457.0,False,NORMAL
AWS-004,2026-08-21T09:30:00Z,32.74,979.43,41.53,26.9124,70.9022,225.0,False,NORMAL
AWS-001,2026-08-21T09:45:00Z,29.21,983.96,57.64,28.6139,77.209,216.0,False,NORMAL
AWS-002,2026-08-21T09:45:00Z,30.13,1010.29,65.49,18.922,72.8347,14.0,False,NORMAL
AWS-003,2026-08-21T09:45:00Z,22.2,834.45,53.1,32.219,76.3234,1457.0,False,NORMAL
AWS-004,2026-08-21T09:45:00Z,33.33,979.89,39.82,26.9124,70.9022,225.0,False,NORMAL
AWS-001,2026-08-21T10:00:00Z,29.39,983.6,56.62,28.6139,77.209,216.0,False,NORMAL
AWS-002,2026-08-21T10:00:00Z,30.46,1009.92,64.41,18.922,72.8347,14.0,False,NORMAL
AWS-003,2026-08-21T10:00:00Z,23.74,834.62,52.01,32.219,76.3234,1457.0,False,NORMAL
AWS-004,2026-08-21T10:00:00Z,33.37,979.41,39.12,26.9124,70.9022,225.0,False,NORMAL
AWS-001,2026-08-21T10:15:00Z,30.33,983.5,55.97,28.6139,77.209,216.0,False,NORMAL
AWS-002,2026-08-21T10:15:00Z,31.1,1009.83,64.19,18.922,72.8347,14.0,False,NORMAL
AWS-003,2026-08-21T10:15:00Z,23.62,834.67,51.54,32.219,76.3234,1457.0,False,NORMAL
AWS-004,2026-08-21T10:15:00Z,34.3,979.44,38.13,26.9124,70.9022,225.0,False,NORMAL
AWS-001,2026-08-21T10:30:00Z,30.64,983.58,55.15,28.6139,77.209,216.0,False,NORMAL
AWS-002,2026-08-21T10:30:00Z,31.61,1010.03,63.11,18.922,72.8347,14.0,False,NORMAL
AWS-003,2026-08-21T10:30:00Z,24.25,834.24,49.28,32.219,76.3234,1457.0,False,NORMAL
AWS-004,2026-08-21T10:30:00Z,34.42,979.7,37.66,26.9124,70.9022,225.0,False,NORMAL
AWS-001,2026-08-21T10:45:00Z,30.19,983.5,53.99,28.6139,77.209,216.0,False,NORMAL
AWS-002,2026-08-21T10:45:00Z,31.23,1009.93,61.51,18.922,72.8347,14.0,False,NORMAL
AWS-003,2026-08-21T10:45:00Z,24.94,834.31,48.74,32.219,76.3234,1457.0,False,NORMAL
AWS-004,2026-08-21T10:45:00Z,34.01,979.34,35.55,26.9124,70.9022,225.0,False,NORMAL
AWS-001,2026-08-21T11:00:00Z,30.68,983.51,52.39,28.6139,77.209,216.0,False,NORMAL
AWS-002,2026-08-21T11:00:00Z,31.96,1009.83,60.64,18.922,72.8347,14.0,False,NORMAL
AWS-003,2026-08-21T11:00:00Z,25.08,834.68,47.47,32.219,76.3234,1457.0,False,NORMAL
AWS-004,2026-08-21T11:00:00Z,33.91,979.47,35.03,26.9124,70.9022,225.0,False,NORMAL
AWS-001,2026-08-21T11:15:00Z,31.19,983.29,52.45,28.6139,77.209,216.0,False,NORMAL
AWS-002,2026-08-21T11:15:00Z,32.11,1009.67,59.61,18.922,72.8347,14.0,False,NORMAL
AWS-003,2026-08-21T11:15:00Z,24.79,834.6,47.65,32.219,76.3234,1457.0,False,NORMAL
AWS-004,2026-08-21T11:15:00Z,34.52,979.41,34.29,26.9124,70.9022,225.0,False,NORMAL
AWS-001,2026-08-21T11:30:00Z,31.85,983.27,51.73,28.6139,77.209,216.0,False,NORMAL
AWS-002,2026-08-21T11:30:00Z,32.46,1009.32,59.16,18.922,72.8347,14.0,False,NORMAL
AWS-003,2026-08-21T11:30:00Z,25.38,834.22,45.56,32.219,76.3234,1457.0,False,NORMAL
AWS-004,2026-08-21T11:30:00Z,35.57,979.04,33.02,26.9124,70.9022,225.0,False,NORMAL
AWS-001,2026-08-21T11:45:00Z,31.18,983.08,50.93,28.6139,77.209,216.0,False,NORMAL
AWS-002,2026-08-21T11:45:00Z,32.53,1009.61,56.56,18.922,72.8347,14.0,False,NORMAL
AWS-003,2026-08-21T11:45:00Z,26.67,834.12,44.92,32.219,76.3234,1457.0,False,NORMAL
AWS-004,2026-08-21T11:45:00Z,35.6,979.04,31.48,26.9124,70.9022,225.0,False,NORMAL
AWS-001,2026-08-21T12:00:00Z,31.62,982.67,49.58,28.6139,77.209,216.0,False,NORMAL
AWS-002,2026-08-21T12:00:00Z,33.02,1009.1,56.48,18.922,72.8347,14.0,False,NORMAL
AWS-003,2026-08-21T12:00:00Z,26.16,834.15,44.25,32.219,76.3234,1457.0,False,NORMAL
AWS-004,2026-08-21T12:00:00Z,36.28,978.81,32.96,26.9124,70.9022,225.0,False,NORMAL
AWS-001,2026-08-21T12:15:00Z,31.7,982.84,49.34,28.6139,77.209,216.0,False,NORMAL
AWS-002,2026-08-21T12:15:00Z,32.46,1009.35,57.51,18.922,72.8347,14.0,False,NORMAL
AWS-003,2026-08-21T12:15:00Z,26.32,834.08,43.69,32.219,76.3234,1457.0,False,NORMAL
AWS-004,2026-08-21T12:15:00Z,35.93,978.5,31.84,26.9124,70.9022,225.0,False,NORMAL
AWS-001,2026-08-21T12:30:00Z,32.16,982.78,49.13,28.6139,77.209,216.0,False,NORMAL
AWS-002,2026-08-21T12:30:00Z,33.43,1009.04,55.83,18.922,72.8347,14.0,False,NORMAL
AWS-003,2026-08-21T12:30:00Z,25.86,833.54,43.75,32.219,76.3234,1457.0,False,NORMAL
AWS-004,2026-08-21T12:30:00Z,36.26,978.8,30.43,26.9124,70.9022,225.0,False,NORMAL
AWS-001,2026-08-21T12:45:00Z,32.39,982.6,48.37,28.6139,77.209,216.0,False,NORMAL
AWS-002,2026-08-21T12:45:00Z,33.77,1009.27,56.8,18.922,72.8347,14.0,False,NORMAL
AWS-003,2026-08-21T12:45:00Z,26.16,834.22,43.2,32.219,76.3234,1457.0,False,NORMAL
AWS-004,2026-08-21T12:45:00Z,36.69,978.49,29.64,26.9124,70.9022,225.0,False,NORMAL
AWS-001,2026-08-21T13:00:00Z,32.72,982.43,47.84,28.6139,77.209,216.0,False,NORMAL
AWS-002,2026-08-21T13:00:00Z,33.65,1008.58,55.57,18.922,72.8347,14.0,False,NORMAL
AWS-003,2026-08-21T13:00:00Z,26.37,833.66,43.15,32.219,76.3234,1457.0,False,NORMAL
AWS-004,2026-08-21T13:00:00Z,36.47,978.25,29.42,26.9124,70.9022,225.0,False,NORMAL
AWS-001,2026-08-21T13:15:00Z,32.65,982.27,46.65,28.6139,77.209,216.0,False,NORMAL
AWS-002,2026-08-21T13:15:00Z,34.09,1008.76,55.45,18.922,72.8347,14.0,False,NORMAL
AWS-003,2026-08-21T13:15:00Z,27.29,833.26,42.72,32.219,76.3234,1457.0,False,NORMAL
AWS-004,2026-08-21T13:15:00Z,35.53,978.04,28.8,26.9124,70.9022,225.0,False,NORMAL
AWS-001,2026-08-21T13:30:00Z,32.73,982.21,46.6,28.6139,77.209,216.0,False,NORMAL
AWS-002,2026-08-21T13:30:00Z,32.87,1008.47,56.73,18.922,72.8347,14.0,False,NORMAL
AWS-003,2026-08-21T13:30:00Z,26.27,833.08,42.09,32.219,76.3234,1457.0,False,NORMAL
AWS-004,2026-08-21T13:30:00Z,36.29,978.09,29.1,26.9124,70.9022,225.0,False,NORMAL
AWS-001,2026-08-21T13:45:00Z,32.52,981.94,47.52,28.6139,77.209,216.0,False,NORMAL
AWS-002,2026-08-21T13:45:00Z,33.7,1008.25,54.26,18.922,72.8347,14.0,False,NORMAL
AWS-003,2026-08-21T13:45:00Z,26.26,833.36,41.7,32.219,76.3234,1457.0,False,NORMAL
AWS-004,2026-08-21T13:45:00Z,36.71,978.21,30.19,26.9124,70.9022,225.0,False,NORMAL
AWS-001,2026-08-21T14:00:00Z,32.79,981.84,47.12,28.6139,77.209,216.0,False,NORMAL
AWS-002,2026-08-21T14:00:00Z,33.86,1008.03,54.88,18.922,72.8347,14.0,False,NORMAL
AWS-003,2026-08-21T14:00:00Z,27.3,833.22,41.99,32.219,76.3234,1457.0,False,NORMAL
AWS-004,2026-08-21T14:00:00Z,36.41,977.72,29.99,26.9124,70.9022,225.0,False,NORMAL
AWS-001,2026-08-21T14:15:00Z,32.61,981.69,46.54,28.6139,77.209,216.0,False,NORMAL
AWS-002,2026-08-21T14:15:00Z,34.73,1008.2,55.12,18.922,72.8347,14.0,False,NORMAL
AWS-003,2026-08-21T14:15:00Z,26.46,833.03,41.45,32.219,76.3234,1457.0,False,NORMAL
AWS-004,2026-08-21T14:15:00Z,37.0,977.68,28.4,26.9124,70.9022,225.0,False,NORMAL
AWS-001,2026-08-21T14:30:00Z,32.85,981.51,46.37,28.6139,77.209,216.0,False,NORMAL
AWS-002,2026-08-21T14:30:00Z,33.8,1008.21,53.83,18.922,72.8347,14.0,False,NORMAL
AWS-003,2026-08-21T14:30:00Z,27.38,832.54,43.39,32.219,76.3234,1457.0,False,NORMAL
AWS-004,2026-08-21T14:30:00Z,36.48,977.57,29.52,26.9124,70.9022,225.0,False,NORMAL
AWS-001,2026-08-21T14:45:00Z,32.24,981.24,47.62,28.6139,77.209,216.0,False,NORMAL
AWS-002,2026-08-21T14:45:00Z,33.6,1007.68,54.97,18.922,72.8347,14.0,False,NORMAL
AWS-003,2026-08-21T14:45:00Z,26.36,833.05,42.44,32.219,76.3234,1457.0,False,NORMAL
AWS-004,2026-08-21T14:45:00Z,36.2,977.88,28.97,26.9124,70.9022,225.0,False,NORMAL
AWS-001,2026-08-21T15:00:00Z,32.77,981.22,47.56,28.6139,77.209,216.0,False,NORMAL
AWS-002,2026-08-21T15:00:00Z,33.32,1007.65,55.37,18.922,72.8347,14.0,False,NORMAL
AWS-003,2026-08-21T15:00:00Z,25.66,833.1,44.25,32.219,76.3234,1457.0,False,NORMAL
AWS-004,2026-08-21T15:00:00Z,36.46,977.57,29.55,26.9124,70.9022,225.0,False,NORMAL
AWS-001,2026-08-21T15:15:00Z,31.96,981.34,48.55,28.6139,77.209,216.0,False,NORMAL
AWS-002,2026-08-21T15:15:00Z,32.76,1007.84,56.22,18.922,72.8347,14.0,False,NORMAL
AWS-003,2026-08-21T15:15:00Z,25.64,832.35,44.06,32.219,76.3234,1457.0,False,NORMAL
AWS-004,2026-08-21T15:15:00Z,36.51,977.55,29.79,26.9124,70.9022,225.0,False,NORMAL
AWS-001,2026-08-21T15:30:00Z,32.04,981.51,48.41,28.6139,77.209,216.0,False,NORMAL
AWS-002,2026-08-21T15:30:00Z,33.34,1007.34,56.12,18.922,72.8347,14.0,False,NORMAL
AWS-003,2026-08-21T15:30:00Z,26.09,832.67,43.74,32.219,76.3234,1457.0,False,NORMAL
AWS-004,2026-08-21T15:30:00Z,36.3,977.03,30.06,26.9124,70.9022,225.0,False,NORMAL
AWS-001,2026-08-21T15:45:00Z,31.93,981.29,48.63,28.6139,77.209,216.0,False,NORMAL
AWS-002,2026-08-21T15:45:00Z,33.58,1007.68,57.02,18.922,72.8347,14.0,False,NORMAL
AWS-003,2026-08-21T15:45:00Z,26.18,832.8,44.6,32.219,76.3234,1457.0,False,NORMAL
AWS-004,2026-08-21T15:45:00Z,35.89,977.07,30.78,26.9124,70.9022,225.0,False,NORMAL
AWS-001,2026-08-21T16:00:00Z,31.95,981.25,49.55,28.6139,77.209,216.0,False,NORMAL
AWS-002,2026-08-21T16:00:00Z,33.88,1007.66,58.73,18.922,72.8347,14.0,False,NORMAL
AWS-003,2026-08-21T16:00:00Z,25.5,832.32,43.9,32.219,76.3234,1457.0,False,NORMAL
AWS-004,2026-08-21T16:00:00Z,36.5,977.24,31.89,26.9124,70.9022,225.0,False,NORMAL
AWS-001,2026-08-21T16:15:00Z,31.76,981.26,50.14,28.6139,77.209,216.0,False,NORMAL
AWS-002,2026-08-21T16:15:00Z,33.65,1007.66,58.36,18.922,72.8347,14.0,False,NORMAL
AWS-003,2026-08-21T16:15:00Z,25.3,832.75,45.07,32.219,76.3234,1457.0,False,NORMAL
AWS-004,2026-08-21T16:15:00Z,35.02,977.04,32.26,26.9124,70.9022,225.0,False,NORMAL
AWS-001,2026-08-21T16:30:00Z,31.38,981.46,51.37,28.6139,77.209,216.0,False,NORMAL
AWS-002,2026-08-21T16:30:00Z,32.79,1007.69,58.6,18.922,72.8347,14.0,False,NORMAL
AWS-003,2026-08-21T16:30:00Z,24.88,832.58,44.69,32.219,76.3234,1457.0,False,NORMAL
AWS-004,2026-08-21T16:30:00Z,35.79,977.14,33.74,26.9124,70.9022,225.0,False,NORMAL
AWS-001,2026-08-21T16:45:00Z,31.12,981.29,52.43,28.6139,77.209,216.0,False,NORMAL
AWS-002,2026-08-21T16:45:00Z,32.22,1007.88,59.91,18.922,72.8347,14.0,False,NORMAL
AWS-003,2026-08-21T16:45:00Z,25.07,832.59,45.9,32.219,76.3234,1457.0,False,NORMAL
AWS-004,2026-08-21T16:45:00Z,35.22,977.04,34.65,26.9124,70.9022,225.0,False,NORMAL
AWS-001,2026-08-21T17:00:00Z,31.08,981.29,53.0,28.6139,77.209,216.0,False,NORMAL
AWS-002,2026-08-21T17:00:00Z,32.75,1008.08,60.94,18.922,72.8347,14.0,False,NORMAL
AWS-003,2026-08-21T17:00:00Z,24.33,832.73,46.8,32.219,76.3234,1457.0,False,NORMAL
AWS-004,2026-08-21T17:00:00Z,34.84,977.47,33.73,26.9124,70.9022,225.0,False,NORMAL
AWS-001,2026-08-21T17:15:00Z,30.78,981.38,53.66,28.6139,77.209,216.0,False,NORMAL
AWS-002,2026-08-21T17:15:00Z,31.57,1007.98,61.94,18.922,72.8347,14.0,False,NORMAL
AWS-003,2026-08-21T17:15:00Z,24.95,832.68,49.97,32.219,76.3234,1457.0,False,NORMAL
AWS-004,2026-08-21T17:15:00Z,34.25,977.65,35.74,26.9124,70.9022,225.0,False,NORMAL
AWS-001,2026-08-21T17:30:00Z,29.87,981.45,54.21,28.6139,77.209,216.0,False,NORMAL
AWS-002,2026-08-21T17:30:00Z,31.45,1007.84,63.41,18.922,72.8347,14.0,False,NORMAL
AWS-003,2026-08-21T17:30:00Z,23.98,832.76,49.3,32.219,76.3234,1457.0,False,NORMAL
AWS-004,2026-08-21T17:30:00Z,34.69,977.56,36.56,26.9124,70.9022,225.0,False,NORMAL
AWS-001,2026-08-21T17:45:00Z,29.79,981.78,56.2,28.6139,77.209,216.0,False,NORMAL
AWS-002,2026-08-21T17:45:00Z,30.92,1007.96,63.82,18.922,72.8347,14.0,False,NORMAL
AWS-003,2026-08-21T17:45:00Z,24.58,833.25,51.77,32.219,76.3234,1457.0,False,NORMAL
AWS-004,2026-08-21T17:45:00Z,33.56,977.51,37.49,26.9124,70.9022,225.0,False,NORMAL
AWS-001,2026-08-21T18:00:00Z,29.89,981.84,57.64,28.6139,77.209,216.0,False,NORMAL
AWS-002,2026-08-21T18:00:00Z,30.54,1008.37,64.46,18.922,72.8347,14.0,False,NORMAL
AWS-003,2026-08-21T18:00:00Z,23.3,833.07,51.11,32.219,76.3234,1457.0,False,NORMAL
AWS-004,2026-08-21T18:00:00Z,33.22,977.96,38.79,26.9124,70.9022,225.0,False,NORMAL
AWS-001,2026-08-21T18:15:00Z,29.22,982.17,59.26,28.6139,77.209,216.0,False,NORMAL
AWS-002,2026-08-21T18:15:00Z,30.3,1008.5,66.17,18.922,72.8347,14.0,False,NORMAL
AWS-003,2026-08-21T18:15:00Z,23.41,832.71,53.11,32.219,76.3234,1457.0,False,NORMAL
AWS-004,2026-08-21T18:15:00Z,33.07,977.79,38.82,26.9124,70.9022,225.0,False,NORMAL
AWS-001,2026-08-21T18:30:00Z,28.97,982.13,59.59,28.6139,77.209,216.0,False,NORMAL
AWS-002,2026-08-21T18:30:00Z,29.2,1008.2,66.26,18.922,72.8347,14.0,False,NORMAL
AWS-003,2026-08-21T18:30:00Z,22.82,833.2,54.23,32.219,76.3234,1457.0,False,NORMAL
AWS-004,2026-08-21T18:30:00Z,32.38,978.12,42.28,26.9124,70.9022,225.0,False,NORMAL
AWS-001,2026-08-21T18:45:00Z,28.91,982.45,61.19,28.6139,77.209,216.0,False,NORMAL
AWS-002,2026-08-21T18:45:00Z,29.3,1008.55,68.15,18.922,72.8347,14.0,False,NORMAL
AWS-003,2026-08-21T18:45:00Z,22.34,833.61,55.64,32.219,76.3234,1457.0,False,NORMAL
AWS-004,2026-08-21T18:45:00Z,32.81,978.35,42.15,26.9124,70.9022,225.0,False,NORMAL
AWS-001,2026-08-21T19:00:00Z,28.26,982.45,61.62,28.6139,77.209,216.0,False,NORMAL
AWS-002,2026-08-21T19:00:00Z,29.09,1008.59,70.91,18.922,72.8347,14.0,False,NORMAL
AWS-003,2026-08-21T19:00:00Z,22.32,833.67,57.42,32.219,76.3234,1457.0,False,NORMAL
AWS-004,2026-08-21T19:00:00Z,32.0,978.5,43.82,26.9124,70.9022,225.0,False,NORMAL
AWS-001,2026-08-21T19:15:00Z,27.45,982.53,63.41,28.6139,77.209,216.0,False,NORMAL
AWS-002,2026-08-21T19:15:00Z,27.96,1008.82,70.48,18.922,72.8347,14.0,False,NORMAL
AWS-003,2026-08-21T19:15:00Z,22.09,834.02,58.0,32.219,76.3234,1457.0,False,NORMAL
AWS-004,2026-08-21T19:15:00Z,31.63,978.47,46.29,26.9124,70.9022,225.0,False,NORMAL
AWS-001,2026-08-21T19:30:00Z,27.08,982.76,63.95,28.6139,77.209,216.0,False,NORMAL
AWS-002,2026-08-21T19:30:00Z,29.32,1009.2,72.55,18.922,72.8347,14.0,False,NORMAL
AWS-003,2026-08-21T19:30:00Z,21.46,833.94,59.14,32.219,76.3234,1457.0,False,NORMAL
AWS-004,2026-08-21T19:30:00Z,31.12,978.52,46.45,26.9124,70.9022,225.0,False,NORMAL
AWS-001,2026-08-21T19:45:00Z,26.5,983.1,66.18,28.6139,77.209,216.0,False,NORMAL
AWS-002,2026-08-21T19:45:00Z,27.92,1009.34,73.39,18.922,72.8347,14.0,False,NORMAL
AWS-003,2026-08-21T19:45:00Z,20.33,833.83,59.94,32.219,76.3234,1457.0,False,NORMAL
AWS-004,2026-08-21T19:45:00Z,30.87,978.9,47.53,26.9124,70.9022,225.0,False,NORMAL
AWS-001,2026-08-21T20:00:00Z,26.55,983.2,66.8,28.6139,77.209,216.0,False,NORMAL
AWS-002,2026-08-21T20:00:00Z,27.68,1009.35,74.35,18.922,72.8347,14.0,False,NORMAL
AWS-003,2026-08-21T20:00:00Z,20.75,834.42,61.4,32.219,76.3234,1457.0,False,NORMAL
AWS-004,2026-08-21T20:00:00Z,30.59,978.68,49.29,26.9124,70.9022,225.0,False,NORMAL
AWS-001,2026-08-21T20:15:00Z,26.3,983.21,68.69,28.6139,77.209,216.0,False,NORMAL
AWS-002,2026-08-21T20:15:00Z,28.28,1009.68,75.69,18.922,72.8347,14.0,False,NORMAL
AWS-003,2026-08-21T20:15:00Z,20.94,834.15,64.36,32.219,76.3234,1457.0,False,NORMAL
AWS-004,2026-08-21T20:15:00Z,30.91,979.19,50.68,26.9124,70.9022,225.0,False,NORMAL
AWS-001,2026-08-21T20:30:00Z,25.51,983.05,69.58,28.6139,77.209,216.0,False,NORMAL
AWS-002,2026-08-21T20:30:00Z,27.22,1010.03,77.43,18.922,72.8347,14.0,False,NORMAL
AWS-003,2026-08-21T20:30:00Z,19.36,834.42,64.43,32.219,76.3234,1457.0,False,NORMAL
AWS-004,2026-08-21T20:30:00Z,29.56,979.14,51.22,26.9124,70.9022,225.0,False,NORMAL
AWS-001,2026-08-21T20:45:00Z,25.32,983.41,71.41,28.6139,77.209,216.0,False,NORMAL
AWS-002,2026-08-21T20:45:00Z,27.24,1009.73,79.46,18.922,72.8347,14.0,False,NORMAL
AWS-003,2026-08-21T20:45:00Z,19.86,834.4,64.86,32.219,76.3234,1457.0,False,NORMAL
AWS-004,2026-08-21T20:45:00Z,29.31,979.6,52.73,26.9124,70.9022,225.0,False,NORMAL
AWS-001,2026-08-21T21:00:00Z,24.86,983.46,72.02,28.6139,77.209,216.0,False,NORMAL
AWS-002,2026-08-21T21:00:00Z,26.04,1009.62,80.18,18.922,72.8347,14.0,False,NORMAL
AWS-003,2026-08-21T21:00:00Z,19.35,834.41,68.11,32.219,76.3234,1457.0,False,NORMAL
AWS-004,2026-08-21T21:00:00Z,28.29,979.44,53.21,26.9124,70.9022,225.0,False,NORMAL
AWS-001,2026-08-21T21:15:00Z,24.78,983.54,73.36,28.6139,77.209,216.0,False,NORMAL
AWS-002,2026-08-21T21:15:00Z,26.22,1010.03,82.18,18.922,72.8347,14.0,False,NORMAL
AWS-003,2026-08-21T21:15:00Z,16.92,834.25,68.91,32.219,76.3234,1457.0,False,NORMAL
AWS-004,2026-08-21T21:15:00Z,28.65,979.36,56.05,26.9124,70.9022,225.0,False,NORMAL
AWS-001,2026-08-21T21:30:00Z,24.28,983.48,75.34,28.6139,77.209,216.0,False,NORMAL
AWS-002,2026-08-21T21:30:00Z,25.94,1009.97,83.13,18.922,72.8347,14.0,False,NORMAL
AWS-003,2026-08-21T21:30:00Z,18.23,834.73,70.13,32.219,76.3234,1457.0,False,NORMAL
AWS-004,2026-08-21T21:30:00Z,28.89,979.22,56.62,26.9124,70.9022,225.0,False,NORMAL
AWS-001,2026-08-21T21:45:00Z,23.64,983.41,76.11,28.6139,77.209,216.0,False,NORMAL
AWS-002,2026-08-21T21:45:00Z,25.71,1009.78,84.17,18.922,72.8347,14.0,False,NORMAL
AWS-003,2026-08-21T21:45:00Z,18.2,834.3,71.28,32.219,76.3234,1457.0,False,NORMAL
AWS-004,2026-08-21T21:45:00Z,27.66,979.84,58.62,26.9124,70.9022,225.0,False,NORMAL
AWS-001,2026-08-21T22:00:00Z,23.52,983.82,77.73,28.6139,77.209,216.0,False,NORMAL
AWS-002,2026-08-21T22:00:00Z,25.48,1010.07,84.81,18.922,72.8347,14.0,False,NORMAL
AWS-003,2026-08-21T22:00:00Z,17.05,834.89,72.09,32.219,76.3234,1457.0,False,NORMAL
AWS-004,2026-08-21T22:00:00Z,28.08,979.5,59.06,26.9124,70.9022,225.0,False,NORMAL
AWS-001,2026-08-21T22:15:00Z,24.03,983.61,77.8,28.6139,77.209,216.0,False,NORMAL
AWS-002,2026-08-21T22:15:00Z,24.47,1010.12,85.81,18.922,72.8347,14.0,False,NORMAL
AWS-003,2026-08-21T22:15:00Z,16.83,834.82,75.33,32.219,76.3234,1457.0,False,NORMAL
AWS-004,2026-08-21T22:15:00Z,27.1,979.71,60.21,26.9124,70.9022,225.0,False,NORMAL
AWS-001,2026-08-21T22:30:00Z,23.14,983.6,79.56,28.6139,77.209,216.0,False,NORMAL
AWS-002,2026-08-21T22:30:00Z,24.43,1009.94,87.25,18.922,72.8347,14.0,False,NORMAL
AWS-003,2026-08-21T22:30:00Z,17.22,834.6,75.01,32.219,76.3234,1457.0,False,NORMAL
AWS-004,2026-08-21T22:30:00Z,27.01,979.43,61.21,26.9124,70.9022,225.0,False,NORMAL
AWS-001,2026-08-21T22:45:00Z,22.5,983.72,79.16,28.6139,77.209,216.0,False,NORMAL
AWS-002,2026-08-21T22:45:00Z,23.36,1009.74,88.46,18.922,72.8347,14.0,False,NORMAL
AWS-003,2026-08-21T22:45:00Z,15.97,834.39,74.81,32.219,76.3234,1457.0,False,NORMAL
AWS-004,2026-08-21T22:45:00Z,27.17,979.78,62.8,26.9124,70.9022,225.0,False,NORMAL
AWS-001,2026-08-21T23:00:00Z,22.42,983.51,81.72,28.6139,77.209,216.0,False,NORMAL
AWS-002,2026-08-21T23:00:00Z,23.32,1009.91,89.79,18.922,72.8347,14.0,False,NORMAL
AWS-003,2026-08-21T23:00:00Z,16.82,834.36,77.25,32.219,76.3234,1457.0,False,NORMAL
AWS-004,2026-08-21T23:00:00Z,26.05,979.54,62.42,26.9124,70.9022,225.0,False,NORMAL
AWS-001,2026-08-21T23:15:00Z,21.95,983.56,83.05,28.6139,77.209,216.0,False,NORMAL
AWS-002,2026-08-21T23:15:00Z,23.15,1009.74,91.12,18.922,72.8347,14.0,False,NORMAL
AWS-003,2026-08-21T23:15:00Z,15.54,834.49,77.26,32.219,76.3234,1457.0,False,NORMAL
AWS-004,2026-08-21T23:15:00Z,26.46,979.32,63.22,26.9124,70.9022,225.0,False,NORMAL
AWS-001,2026-08-21T23:30:00Z,22.07,983.33,83.12,28.6139,77.209,216.0,False,NORMAL
AWS-002,2026-08-21T23:30:00Z,23.77,1009.66,90.67,18.922,72.8347,14.0,False,NORMAL
AWS-003,2026-08-21T23:30:00Z,16.34,834.57,78.06,32.219,76.3234,1457.0,False,NORMAL
AWS-004,2026-08-21T23:30:00Z,25.92,979.39,64.87,26.9124,70.9022,225.0,False,NORMAL
AWS-001,2026-08-21T23:45:00Z,21.13,983.26,83.73,28.6139,77.209,216.0,False,NORMAL
AWS-002,2026-08-21T23:45:00Z,22.69,1009.55,91.79,18.922,72.8347,14.0,False,NORMAL
AWS-003,2026-08-21T23:45:00Z,15.21,833.94,77.66,32.219,76.3234,1457.0,False,NORMAL
AWS-004,2026-08-21T23:45:00Z,25.62,979.33,66.63,26.9124,70.9022,225.0,False,NORMAL
AWS-001,2026-08-22T00:00:00Z,21.1,983.02,84.77,28.6139,77.209,216.0,False,NORMAL
AWS-002,2026-08-22T00:00:00Z,21.95,1009.26,92.54,18.922,72.8347,14.0,False,NORMAL
AWS-003,2026-08-22T00:00:00Z,16.16,834.31,79.0,32.219,76.3234,1457.0,False,NORMAL
AWS-004,2026-08-22T00:00:00Z,24.54,979.16,66.74,26.9124,70.9022,225.0,False,NORMAL
AWS-001,2026-08-22T00:15:00Z,20.75,982.88,84.33,28.6139,77.209,216.0,False,NORMAL
AWS-002,2026-08-22T00:15:00Z,22.12,1009.44,92.99,18.922,72.8347,14.0,False,NORMAL
AWS-003,2026-08-22T00:15:00Z,14.72,833.93,81.21,32.219,76.3234,1457.0,False,NORMAL
AWS-004,2026-08-22T00:15:00Z,25.79,978.68,66.41,26.9124,70.9022,225.0,False,NORMAL
AWS-001,2026-08-22T00:30:00Z,21.05,982.7,86.28,28.6139,77.209,216.0,False,NORMAL
AWS-002,2026-08-22T00:30:00Z,21.58,1009.24,94.92,18.922,72.8347,14.0,False,NORMAL
AWS-003,2026-08-22T00:30:00Z,14.46,834.07,80.78,32.219,76.3234,1457.0,False,NORMAL
AWS-004,2026-08-22T00:30:00Z,25.25,978.85,67.02,26.9124,70.9022,225.0,False,NORMAL
AWS-001,2026-08-22T00:45:00Z,20.77,982.57,86.4,28.6139,77.209,216.0,False,NORMAL
AWS-002,2026-08-22T00:45:00Z,21.96,1008.89,94.54,18.922,72.8347,14.0,False,NORMAL
AWS-003,2026-08-22T00:45:00Z,14.16,833.77,80.06,32.219,76.3234,1457.0,False,NORMAL
AWS-004,2026-08-22T00:45:00Z,24.44,978.56,68.26,26.9124,70.9022,225.0,False,NORMAL
AWS-001,2026-08-22T01:00:00Z,20.92,982.28,86.42,28.6139,77.209,216.0,False,NORMAL
AWS-002,2026-08-22T01:00:00Z,22.11,1008.99,93.95,18.922,72.8347,14.0,False,NORMAL
AWS-003,2026-08-22T01:00:00Z,15.62,833.55,82.06,32.219,76.3234,1457.0,False,NORMAL
AWS-004,2026-08-22T01:00:00Z,24.93,978.42,68.18,26.9124,70.9022,225.0,False,NORMAL
AWS-001,2026-08-22T01:15:00Z,20.66,982.36,86.32,28.6139,77.209,216.0,False,NORMAL
AWS-002,2026-08-22T01:15:00Z,21.87,1008.68,94.01,18.922,72.8347,14.0,False,NORMAL
AWS-003,2026-08-22T01:15:00Z,14.94,833.58,82.27,32.219,76.3234,1457.0,False,NORMAL
AWS-004,2026-08-22T01:15:00Z,25.14,978.21,68.94,26.9124,70.9022,225.0,False,NORMAL
AWS-001,2026-08-22T01:30:00Z,20.85,982.2,86.92,28.6139,77.209,216.0,False,NORMAL
AWS-002,2026-08-22T01:30:00Z,21.51,1008.86,94.79,18.922,72.8347,14.0,False,NORMAL
AWS-003,2026-08-22T01:30:00Z,15.6,833.22,82.21,32.219,76.3234,1457.0,False,NORMAL
AWS-004,2026-08-22T01:30:00Z,24.41,978.21,69.5,26.9124,70.9022,225.0,False,NORMAL
AWS-001,2026-08-22T01:45:00Z,20.7,981.97,86.47,28.6139,77.209,216.0,False,NORMAL
AWS-002,2026-08-22T01:45:00Z,21.59,1008.24,95.79,18.922,72.8347,14.0,False,NORMAL
AWS-003,2026-08-22T01:45:00Z,14.62,833.19,80.5,32.219,76.3234,1457.0,False,NORMAL
AWS-004,2026-08-22T01:45:00Z,25.11,978.05,69.15,26.9124,70.9022,225.0,False,NORMAL
AWS-001,2026-08-22T02:00:00Z,20.88,981.75,86.4,28.6139,77.209,216.0,False,NORMAL
AWS-002,2026-08-22T02:00:00Z,22.3,1008.31,95.3,18.922,72.8347,14.0,False,NORMAL
AWS-003,2026-08-22T02:00:00Z,14.79,833.07,81.37,32.219,76.3234,1457.0,False,NORMAL
AWS-004,2026-08-22T02:00:00Z,24.52,977.68,69.04,26.9124,70.9022,225.0,False,NORMAL
AWS-001,2026-08-22T02:15:00Z,20.77,981.96,86.31,28.6139,77.209,216.0,False,NORMAL
AWS-002,2026-08-22T02:15:00Z,22.62,1008.18,96.03,18.922,72.8347,14.0,False,NORMAL
AWS-003,2026-08-22T02:15:00Z,15.42,832.89,82.08,32.219,76.3234,1457.0,False,NORMAL
AWS-004,2026-08-22T02:15:00Z,24.11,977.53,68.8,26.9124,70.9022,225.0,False,NORMAL
AWS-001,2026-08-22T02:30:00Z,20.32,981.72,86.66,28.6139,77.209,216.0,False,NORMAL
AWS-002,2026-08-22T02:30:00Z,22.14,1007.75,94.79,18.922,72.8347,14.0,False,NORMAL
AWS-003,2026-08-22T02:30:00Z,14.37,832.87,80.37,32.219,76.3234,1457.0,False,NORMAL
AWS-004,2026-08-22T02:30:00Z,24.74,977.22,68.5,26.9124,70.9022,225.0,False,NORMAL
AWS-001,2026-08-22T02:45:00Z,21.01,981.57,86.5,28.6139,77.209,216.0,False,NORMAL
AWS-002,2026-08-22T02:45:00Z,22.12,1007.76,94.67,18.922,72.8347,14.0,False,NORMAL
AWS-003,2026-08-22T02:45:00Z,14.29,832.84,81.83,32.219,76.3234,1457.0,False,NORMAL
AWS-004,2026-08-22T02:45:00Z,25.13,977.18,67.79,26.9124,70.9022,225.0,False,NORMAL
AWS-001,2026-08-22T03:00:00Z,20.3,981.47,86.05,28.6139,77.209,216.0,False,NORMAL
AWS-002,2026-08-22T03:00:00Z,22.4,1007.85,94.52,18.922,72.8347,14.0,False,NORMAL
AWS-003,2026-08-22T03:00:00Z,14.29,832.95,82.33,32.219,76.3234,1457.0,False,NORMAL
AWS-004,2026-08-22T03:00:00Z,24.97,977.06,68.29,26.9124,70.9022,225.0,False,NORMAL
AWS-001,2026-08-22T03:15:00Z,20.69,981.42,86.13,28.6139,77.209,216.0,False,NORMAL
AWS-002,2026-08-22T03:15:00Z,21.84,1007.49,94.01,18.922,72.8347,14.0,False,NORMAL
AWS-003,2026-08-22T03:15:00Z,14.45,832.62,80.69,32.219,76.3234,1457.0,False,NORMAL
AWS-004,2026-08-22T03:15:00Z,24.61,977.23,67.94,26.9124,70.9022,225.0,False,NORMAL
AWS-001,2026-08-22T03:30:00Z,20.79,981.33,85.28,28.6139,77.209,216.0,False,NORMAL
AWS-002,2026-08-22T03:30:00Z,21.85,1007.74,93.08,18.922,72.8347,14.0,False,NORMAL
AWS-003,2026-08-22T03:30:00Z,14.9,832.59,80.01,32.219,76.3234,1457.0,False,NORMAL
AWS-004,2026-08-22T03:30:00Z,25.25,977.25,67.64,26.9124,70.9022,225.0,False,NORMAL
AWS-001,2026-08-22T03:45:00Z,21.52,981.03,85.4,28.6139,77.209,216.0,False,NORMAL
AWS-002,2026-08-22T03:45:00Z,22.57,1007.82,94.53,18.922,72.8347,14.0,False,NORMAL
AWS-003,2026-08-22T03:45:00Z,15.82,832.62,79.83,32.219,76.3234,1457.0,False,NORMAL
AWS-004,2026-08-22T03:45:00Z,25.34,977.34,67.25,26.9124,70.9022,225.0,False,NORMAL
AWS-001,2026-08-22T04:00:00Z,21.21,981.39,84.42,28.6139,77.209,216.0,False,NORMAL
AWS-002,2026-08-22T04:00:00Z,22.71,1007.58,91.41,18.922,72.8347,14.0,False,NORMAL
AWS-003,2026-08-22T04:00:00Z,15.41,832.35,79.7,32.219,76.3234,1457.0,False,NORMAL
AWS-004,2026-08-22T04:00:00Z,26.18,977.61,67.15,26.9124,70.9022,225.0,False,NORMAL
AWS-001,2026-08-22T04:15:00Z,21.21,981.29,83.41,28.6139,77.209,216.0,False,NORMAL
AWS-002,2026-08-22T04:15:00Z,22.84,1007.57,92.04,18.922,72.8347,14.0,False,NORMAL
AWS-003,2026-08-22T04:15:00Z,16.14,832.59,79.42,32.219,76.3234,1457.0,False,NORMAL
AWS-004,2026-08-22T04:15:00Z,25.19,977.48,65.29,26.9124,70.9022,225.0,False,NORMAL
AWS-001,2026-08-22T04:30:00Z,21.67,981.36,82.99,28.6139,77.209,216.0,False,NORMAL
AWS-002,2026-08-22T04:30:00Z,23.18,1007.47,91.72,18.922,72.8347,14.0,False,NORMAL
AWS-003,2026-08-22T04:30:00Z,14.94,832.69,77.79,32.219,76.3234,1457.0,False,NORMAL
AWS-004,2026-08-22T04:30:00Z,25.29,977.34,64.52,26.9124,70.9022,225.0,False,NORMAL
AWS-001,2026-08-22T04:45:00Z,22.46,981.17,82.2,28.6139,77.209,216.0,False,NORMAL
AWS-002,2026-08-22T04:45:00Z,22.88,1007.71,89.75,18.922,72.8347,14.0,False,NORMAL
AWS-003,2026-08-22T04:45:00Z,16.12,832.71,76.19,32.219,76.3234,1457.0,False,NORMAL
AWS-004,2026-08-22T04:45:00Z,26.05,977.32,64.61,26.9124,70.9022,225.0,False,NORMAL
AWS-001,2026-08-22T05:00:00Z,21.92,981.29,81.38,28.6139,77.209,216.0,False,NORMAL
AWS-002,2026-08-22T05:00:00Z,23.45,1007.88,90.22,18.922,72.8347,14.0,False,NORMAL
AWS-003,2026-08-22T05:00:00Z,16.3,832.98,76.32,32.219,76.3234,1457.0,False,NORMAL
AWS-004,2026-08-22T05:00:00Z,26.05,977.27,62.6,26.9124,70.9022,225.0,False,NORMAL
AWS-001,2026-08-22T05:15:00Z,22.8,981.54,79.52,28.6139,77.209,216.0,False,NORMAL
AWS-002,2026-08-22T05:15:00Z,23.74,1007.94,88.53,18.922,72.8347,14.0,False,NORMAL
AWS-003,2026-08-22T05:15:00Z,16.66,832.91,74.76,32.219,76.3234,1457.0,False,NORMAL
AWS-004,2026-08-22T05:15:00Z,26.54,977.29,62.55,26.9124,70.9022,225.0,False,NORMAL
AWS-001,2026-08-22T05:30:00Z,22.66,981.71,79.33,28.6139,77.209,216.0,False,NORMAL
AWS-002,2026-08-22T05:30:00Z,24.43,1008.03,87.31,18.922,72.8347,14.0,False,NORMAL
AWS-003,2026-08-22T05:30:00Z,17.97,832.87,75.6,32.219,76.3234,1457.0,False,NORMAL
AWS-004,2026-08-22T05:30:00Z,27.21,977.64,60.67,26.9124,70.9022,225.0,False,NORMAL
AWS-001,2026-08-22T05:45:00Z,23.06,981.58,77.72,28.6139,77.209,216.0,False,NORMAL
AWS-002,2026-08-22T05:45:00Z,24.41,1008.21,85.5,18.922,72.8347,14.0,False,NORMAL
AWS-003,2026-08-22T05:45:00Z,17.28,833.29,73.34,32.219,76.3234,1457.0,False,NORMAL
AWS-004,2026-08-22T05:45:00Z,26.96,977.65,61.28,26.9124,70.9022,225.0,False,NORMAL
AWS-001,2026-08-22T06:00:00Z,23.19,982.04,77.56,28.6139,77.209,216.0,False,NORMAL
AWS-002,2026-08-22T06:00:00Z,24.37,1008.21,85.46,18.922,72.8347,14.0,False,NORMAL
AWS-003,2026-08-22T06:00:00Z,17.39,833.04,72.25,32.219,76.3234,1457.0,False,NORMAL
AWS-004,2026-08-22T06:00:00Z,27.25,977.95,59.34,26.9124,70.9022,225.0,False,NORMAL
AWS-001,2026-08-22T06:15:00Z,24.15,981.95,76.45,28.6139,77.209,216.0,False,NORMAL
AWS-002,2026-08-22T06:15:00Z,25.49,1008.61,83.39,18.922,72.8347,14.0,False,NORMAL
AWS-003,2026-08-22T06:15:00Z,19.01,833.16,70.55,32.219,76.3234,1457.0,False,NORMAL
AWS-004,2026-08-22T06:15:00Z,27.22,978.05,58.38,26.9124,70.9022,225.0,False,NORMAL
AWS-001,2026-08-22T06:30:00Z,24.13,982.12,74.28,28.6139,77.209,216.0,False,NORMAL
AWS-002,2026-08-22T06:30:00Z,26.01,1008.54,82.96,18.922,72.8347,14.0,False,NORMAL
AWS-003,2026-08-22T06:30:00Z,18.66,833.22,69.54,32.219,76.3234,1457.0,False,NORMAL
AWS-004,2026-08-22T06:30:00Z,28.07,977.69,56.54,26.9124,70.9022,225.0,False,NORMAL
AWS-001,2026-08-22T06:45:00Z,24.38,982.34,72.96,28.6139,77.209,216.0,False,NORMAL
AWS-002,2026-08-22T06:45:00Z,26.13,1008.67,81.65,18.922,72.8347,14.0,False,NORMAL
AWS-003,2026-08-22T06:45:00Z,18.91,833.49,68.41,32.219,76.3234,1457.0,False,NORMAL
AWS-004,2026-08-22T06:45:00Z,28.62,978.4,55.05,26.9124,70.9022,225.0,False,NORMAL
AWS-001,2026-08-22T07:00:00Z,25.29,982.48,71.99,28.6139,77.209,216.0,False,NORMAL
AWS-002,2026-08-22T07:00:00Z,25.94,1008.76,80.28,18.922,72.8347,14.0,False,NORMAL
AWS-003,2026-08-22T07:00:00Z,18.5,833.34,67.24,32.219,76.3234,1457.0,False,NORMAL
AWS-004,2026-08-22T07:00:00Z,29.13,978.2,54.99,26.9124,70.9022,225.0,False,NORMAL
AWS-001,2026-08-22T07:15:00Z,25.78,982.7,70.83,28.6139,77.209,216.0,False,NORMAL
AWS-002,2026-08-22T07:15:00Z,26.66,1008.75,79.39,18.922,72.8347,14.0,False,NORMAL
AWS-003,2026-08-22T07:15:00Z,19.82,833.82,66.56,32.219,76.3234,1457.0,False,NORMAL
AWS-004,2026-08-22T07:15:00Z,30.05,978.45,52.94,26.9124,70.9022,225.0,False,NORMAL
AWS-001,2026-08-22T07:30:00Z,25.66,982.85,70.88,28.6139,77.209,216.0,False,NORMAL
AWS-002,2026-08-22T07:30:00Z,26.63,1009.04,78.08,18.922,72.8347,14.0,False,NORMAL
AWS-003,2026-08-22T07:30:00Z,19.85,833.76,64.55,32.219,76.3234,1457.0,False,NORMAL
AWS-004,2026-08-22T07:30:00Z,28.89,978.75,51.69,26.9124,70.9022,225.0,False,NORMAL
AWS-001,2026-08-22T07:45:00Z,25.94,983.03,68.11,28.6139,77.209,216.0,False,NORMAL
AWS-002,2026-08-22T07:45:00Z,27.16,1009.25,76.47,18.922,72.8347,14.0,False,NORMAL
AWS-003,2026-08-22T07:45:00Z,20.33,834.13,63.44,32.219,76.3234,1457.0,False,NORMAL
AWS-004,2026-08-22T07:45:00Z,29.85,978.76,50.66,26.9124,70.9022,225.0,False,NORMAL
AWS-001,2026-08-22T08:00:00Z,26.26,983.0,66.65,28.6139,77.209,216.0,False,NORMAL
AWS-002,2026-08-22T08:00:00Z,27.08,1009.25,75.55,18.922,72.8347,14.0,False,NORMAL
AWS-003,2026-08-22T08:00:00Z,20.12,834.34,62.34,32.219,76.3234,1457.0,False,NORMAL
AWS-004,2026-08-22T08:00:00Z,30.21,978.99,49.32,26.9124,70.9022,225.0,False,NORMAL
AWS-001,2026-08-22T08:15:00Z,26.8,983.27,66.37,28.6139,77.209,216.0,False,NORMAL
AWS-002,2026-08-22T08:15:00Z,27.91,1009.48,73.31,18.922,72.8347,14.0,False,NORMAL
AWS-003,2026-08-22T08:15:00Z,21.29,833.94,59.33,32.219,76.3234,1457.0,False,NORMAL
AWS-004,2026-08-22T08:15:00Z,30.88,979.01,47.94,26.9124,70.9022,225.0,False,NORMAL
AWS-001,2026-08-22T08:30:00Z,27.0,983.05,65.11,28.6139,77.209,216.0,False,NORMAL
AWS-002,2026-08-22T08:30:00Z,28.76,1009.56,73.35,18.922,72.8347,14.0,False,NORMAL
AWS-003,2026-08-22T08:30:00Z,21.33,834.5,60.1,32.219,76.3234,1457.0,False,NORMAL
AWS-004,2026-08-22T08:30:00Z,31.85,979.12,46.2,26.9124,70.9022,225.0,False,NORMAL
AWS-001,2026-08-22T08:45:00Z,27.8,983.5,63.04,28.6139,77.209,216.0,False,NORMAL
AWS-002,2026-08-22T08:45:00Z,28.14,1010.16,71.11,18.922,72.8347,14.0,False,NORMAL
AWS-003,2026-08-22T08:45:00Z,21.97,834.27,58.26,32.219,76.3234,1457.0,False,NORMAL
AWS-004,2026-08-22T08:45:00Z,31.97,979.5,45.27,26.9124,70.9022,225.0,False,NORMAL
AWS-001,2026-08-22T09:00:00Z,27.8,983.54,62.52,28.6139,77.209,216.0,False,NORMAL
AWS-002,2026-08-22T09:00:00Z,29.91,1009.76,69.93,18.922,72.8347,14.0,False,NORMAL
AWS-003,2026-08-22T09:00:00Z,21.38,834.34,57.67,32.219,76.3234,1457.0,False,NORMAL
AWS-004,2026-08-22T09:00:00Z,32.15,979.54,44.08,26.9124,70.9022,225.0,False,NORMAL
AWS-001,2026-08-22T09:15:00Z,28.38,983.48,59.5,28.6139,77.209,216.0,False,NORMAL
AWS-002,2026-08-22T09:15:00Z,30.28,1009.66,68.5,18.922,72.8347,14.0,False,NORMAL
AWS-003,2026-08-22T09:15:00Z,23.49,834.45,55.61,32.219,76.3234,1457.0,False,NORMAL
AWS-004,2026-08-22T09:15:00Z,32.55,979.31,42.44,26.9124,70.9022,225.0,False,NORMAL
AWS-001,2026-08-22T09:30:00Z,28.85,983.49,59.88,28.6139,77.209,216.0,False,NORMAL
AWS-002,2026-08-22T09:30:00Z,29.91,1010.03,67.13,18.922,72.8347,14.0,False,NORMAL
AWS-003,2026-08-22T09:30:00Z,23.07,834.46,54.87,32.219,76.3234,1457.0,False,NORMAL
AWS-004,2026-08-22T09:30:00Z,33.02,979.47,41.18,26.9124,70.9022,225.0,False,NORMAL
AWS-001,2026-08-22T09:45:00Z,28.88,983.55,58.86,28.6139,77.209,216.0,False,NORMAL
AWS-002,2026-08-22T09:45:00Z,30.3,1010.04,66.41,18.922,72.8347,14.0,False,NORMAL
AWS-003,2026-08-22T09:45:00Z,24.0,834.35,51.77,32.219,76.3234,1457.0,False,NORMAL
AWS-004,2026-08-22T09:45:00Z,33.7,979.74,41.18,26.9124,70.9022,225.0,False,NORMAL
AWS-001,2026-08-22T10:00:00Z,29.58,983.69,56.74,28.6139,77.209,216.0,False,NORMAL
AWS-002,2026-08-22T10:00:00Z,30.56,1009.95,64.63,18.922,72.8347,14.0,False,NORMAL
AWS-003,2026-08-22T10:00:00Z,24.59,834.85,53.16,32.219,76.3234,1457.0,False,NORMAL
AWS-004,2026-08-22T10:00:00Z,33.4,979.67,38.38,26.9124,70.9022,225.0,False,NORMAL
AWS-001,2026-08-22T10:15:00Z,30.14,983.78,55.03,28.6139,77.209,216.0,False,NORMAL
AWS-002,2026-08-22T10:15:00Z,31.15,1010.05,64.94,18.922,72.8347,14.0,False,NORMAL
AWS-003,2026-08-22T10:15:00Z,23.97,834.28,50.46,32.219,76.3234,1457.0,False,NORMAL
AWS-004,2026-08-22T10:15:00Z,33.79,979.58,37.53,26.9124,70.9022,225.0,False,NORMAL
AWS-001,2026-08-22T10:30:00Z,29.88,983.55,55.71,28.6139,77.209,216.0,False,NORMAL
AWS-002,2026-08-22T10:30:00Z,31.34,1009.83,63.51,18.922,72.8347,14.0,False,NORMAL
AWS-003,2026-08-22T10:30:00Z,24.91,834.56,50.06,32.219,76.3234,1457.0,False,NORMAL
AWS-004,2026-08-22T10:30:00Z,34.14,979.18,36.68,26.9124,70.9022,225.0,False,NORMAL
AWS-001,2026-08-22T10:45:00Z,30.85,983.65,54.75,28.6139,77.209,216.0,False,NORMAL
AWS-002,2026-08-22T10:45:00Z,32.13,1010.15,63.07,18.922,72.8347,14.0,False,NORMAL
AWS-003,2026-08-22T10:45:00Z,25.04,834.26,48.95,32.219,76.3234,1457.0,False,NORMAL
AWS-004,2026-08-22T10:45:00Z,34.89,979.28,37.12,26.9124,70.9022,225.0,False,NORMAL
AWS-001,2026-08-22T11:00:00Z,30.91,983.37,53.06,28.6139,77.209,216.0,False,NORMAL
AWS-002,2026-08-22T11:00:00Z,32.08,1009.65,61.06,18.922,72.8347,14.0,False,NORMAL
AWS-003,2026-08-22T11:00:00Z,24.15,834.47,46.89,32.219,76.3234,1457.0,False,NORMAL
AWS-004,2026-08-22T11:00:00Z,35.26,979.23,35.23,26.9124,70.9022,225.0,False,NORMAL
AWS-001,2026-08-22T11:15:00Z,30.93,983.47,52.29,28.6139,77.209,216.0,False,NORMAL
AWS-002,2026-08-22T11:15:00Z,32.05,1009.89,60.72,18.922,72.8347,14.0,False,NORMAL
AWS-003,2026-08-22T11:15:00Z,25.02,834.33,47.77,32.219,76.3234,1457.0,False,NORMAL
AWS-004,2026-08-22T11:15:00Z,35.57,978.99,33.76,26.9124,70.9022,225.0,False,NORMAL
AWS-001,2026-08-22T11:30:00Z,31.07,983.32,51.36,28.6139,77.209,216.0,False,NORMAL
AWS-002,2026-08-22T11:30:00Z,31.62,1009.81,58.24,18.922,72.8347,14.0,False,NORMAL
AWS-003,2026-08-22T11:30:00Z,25.61,834.72,45.79,32.219,76.3234,1457.0,False,NORMAL
AWS-004,2026-08-22T11:30:00Z,35.53,979.47,32.71,26.9124,70.9022,225.0,False,NORMAL
AWS-001,2026-08-22T11:45:00Z,31.92,983.11,49.95,28.6139,77.209,216.0,False,NORMAL
AWS-002,2026-08-22T11:45:00Z,33.01,1009.49,57.86,18.922,72.8347,14.0,False,NORMAL
AWS-003,2026-08-22T11:45:00Z,25.67,834.29,45.25,32.219,76.3234,1457.0,False,NORMAL
AWS-004,2026-08-22T11:45:00Z,34.77,979.09,32.85,26.9124,70.9022,225.0,False,NORMAL
AWS-001,2026-08-22T12:00:00Z,31.71,982.96,49.22,28.6139,77.209,216.0,False,NORMAL
AWS-002,2026-08-22T12:00:00Z,32.51,1009.25,57.26,18.922,72.8347,14.0,False,NORMAL
AWS-003,2026-08-22T12:00:00Z,25.77,833.97,44.95,32.219,76.3234,1457.0,False,NORMAL
AWS-004,2026-08-22T12:00:00Z,36.01,978.94,31.65,26.9124,70.9022,225.0,False,NORMAL
AWS-001,2026-08-22T12:15:00Z,32.62,983.12,48.89,28.6139,77.209,216.0,False,NORMAL
AWS-002,2026-08-22T12:15:00Z,33.09,1009.29,56.27,18.922,72.8347,14.0,False,NORMAL
AWS-003,2026-08-22T12:15:00Z,26.48,834.03,45.54,32.219,76.3234,1457.0,False,NORMAL
AWS-004,2026-08-22T12:15:00Z,35.76,978.72,32.26,26.9124,70.9022,225.0,False,NORMAL
AWS-001,2026-08-22T12:30:00Z,32.49,982.94,48.57,28.6139,77.209,216.0,False,NORMAL
AWS-002,2026-08-22T12:30:00Z,33.02,1009.18,56.1,18.922,72.8347,14.0,False,NORMAL
AWS-003,2026-08-22T12:30:00Z,25.5,834.12,44.48,32.219,76.3234,1457.0,False,NORMAL
AWS-004,2026-08-22T12:30:00Z,35.38,978.34,30.95,26.9124,70.9022,225.0,False,NORMAL
AWS-001,2026-08-22T12:45:00Z,32.33,982.51,48.41,28.6139,77.209,216.0,False,NORMAL
AWS-002,2026-08-22T12:45:00Z,33.31,1008.91,57.49,18.922,72.8347,14.0,False,NORMAL
AWS-003,2026-08-22T12:45:00Z,26.29,833.85,42.22,32.219,76.3234,1457.0,False,NORMAL
AWS-004,2026-08-22T12:45:00Z,36.46,978.43,30.58,26.9124,70.9022,225.0,False,NORMAL
AWS-001,2026-08-22T13:00:00Z,33.01,982.39,47.74,28.6139,77.209,216.0,False,NORMAL
AWS-002,2026-08-22T13:00:00Z,33.76,1008.73,56.29,18.922,72.8347,14.0,False,NORMAL
AWS-003,2026-08-22T13:00:00Z,26.05,833.52,42.42,32.219,76.3234,1457.0,False,NORMAL
AWS-004,2026-08-22T13:00:00Z,35.76,978.59,29.82,26.9124,70.9022,225.0,False,NORMAL
AWS-001,2026-08-22T13:15:00Z,32.1,982.26,47.62,28.6139,77.209,216.0,False,NORMAL
AWS-002,2026-08-22T13:15:00Z,33.23,1008.43,54.49,18.922,72.8347,14.0,False,NORMAL
AWS-003,2026-08-22T13:15:00Z,27.21,833.63,42.23,32.219,76.3234,1457.0,False,NORMAL
AWS-004,2026-08-22T13:15:00Z,36.14,978.44,28.54,26.9124,70.9022,225.0,False,NORMAL
AWS-001,2026-08-22T13:30:00Z,32.26,982.45,47.44,28.6139,77.209,216.0,False,NORMAL
AWS-002,2026-08-22T13:30:00Z,33.75,1008.57,55.61,18.922,72.8347,14.0,False,NORMAL
AWS-003,2026-08-22T13:30:00Z,26.71,833.32,42.48,32.219,76.3234,1457.0,False,NORMAL
AWS-004,2026-08-22T13:30:00Z,36.2,978.32,28.64,26.9124,70.9022,225.0,False,NORMAL
AWS-001,2026-08-22T13:45:00Z,32.5,981.98,47.62,28.6139,77.209,216.0,False,NORMAL
AWS-002,2026-08-22T13:45:00Z,33.44,1008.4,54.62,18.922,72.8347,14.0,False,NORMAL
AWS-003,2026-08-22T13:45:00Z,26.31,833.17,42.62,32.219,76.3234,1457.0,False,NORMAL
AWS-004,2026-08-22T13:45:00Z,35.51,978.24,29.57,26.9124,70.9022,225.0,False,NORMAL
AWS-001,2026-08-22T14:00:00Z,32.6,981.89,48.22,28.6139,77.209,216.0,False,NORMAL
AWS-002,2026-08-22T14:00:00Z,33.41,1008.01,55.43,18.922,72.8347,14.0,False,NORMAL
AWS-003,2026-08-22T14:00:00Z,26.78,833.23,42.71,32.219,76.3234,1457.0,False,NORMAL
AWS-004,2026-08-22T14:00:00Z,36.3,977.85,28.72,26.9124,70.9022,225.0,False,NORMAL
AWS-001,2026-08-22T14:15:00Z,32.53,981.62,46.41,28.6139,77.209,216.0,False,NORMAL
AWS-002,2026-08-22T14:15:00Z,34.01,1007.94,55.19,18.922,72.8347,14.0,False,NORMAL
AWS-003,2026-08-22T14:15:00Z,27.52,832.95,42.42,32.219,76.3234,1457.0,False,NORMAL
AWS-004,2026-08-22T14:15:00Z,36.67,977.53,28.71,26.9124,70.9022,225.0,False,NORMAL
AWS-001,2026-08-22T14:30:00Z,31.63,981.65,47.75,28.6139,77.209,216.0,False,NORMAL
AWS-002,2026-08-22T14:30:00Z,34.07,1008.23,55.19,18.922,72.8347,14.0,False,NORMAL
AWS-003,2026-08-22T14:30:00Z,26.63,832.83,42.25,32.219,76.3234,1457.0,False,NORMAL
AWS-004,2026-08-22T14:30:00Z,36.56,977.41,29.1,26.9124,70.9022,225.0,False,NORMAL
AWS-001,2026-08-22T14:45:00Z,32.44,981.52,47.51,28.6139,77.209,216.0,False,NORMAL
AWS-002,2026-08-22T14:45:00Z,34.2,1008.1,56.34,18.922,72.8347,14.0,False,NORMAL
AWS-003,2026-08-22T14:45:00Z,26.81,833.14,42.59,32.219,76.3234,1457.0,False,NORMAL
AWS-004,2026-08-22T14:45:00Z,35.99,977.49,29.74,26.9124,70.9022,225.0,False,NORMAL
AWS-001,2026-08-22T15:00:00Z,32.3,981.45,47.42,28.6139,77.209,216.0,False,NORMAL
AWS-002,2026-08-22T15:00:00Z,33.13,1007.66,56.51,18.922,72.8347,14.0,False,NORMAL
AWS-003,2026-08-22T15:00:00Z,26.77,832.95,43.38,32.219,76.3234,1457.0,False,NORMAL
AWS-004,2026-08-22T15:00:00Z,36.05,977.36,30.1,26.9124,70.9022,225.0,False,NORMAL
AWS-001,2026-08-22T15:15:00Z,32.57,981.53,49.22,28.6139,77.209,216.0,False,NORMAL
AWS-002,2026-08-22T15:15:00Z,33.42,1007.72,57.25,18.922,72.8347,14.0,False,NORMAL
AWS-003,2026-08-22T15:15:00Z,26.64,832.61,44.43,32.219,76.3234,1457.0,False,NORMAL
AWS-004,2026-08-22T15:15:00Z,35.58,977.35,29.81,26.9124,70.9022,225.0,False,NORMAL
AWS-001,2026-08-22T15:30:00Z,32.08,981.32,48.97,28.6139,77.209,216.0,False,NORMAL
AWS-002,2026-08-22T15:30:00Z,33.37,1007.71,57.6,18.922,72.8347,14.0,False,NORMAL
AWS-003,2026-08-22T15:30:00Z,26.53,832.14,43.86,32.219,76.3234,1457.0,False,NORMAL
AWS-004,2026-08-22T15:30:00Z,36.81,977.1,29.83,26.9124,70.9022,225.0,False,NORMAL
AWS-001,2026-08-22T15:45:00Z,31.9,981.12,49.41,28.6139,77.209,216.0,False,NORMAL
AWS-002,2026-08-22T15:45:00Z,33.11,1007.51,57.46,18.922,72.8347,14.0,False,NORMAL
AWS-003,2026-08-22T15:45:00Z,26.14,832.51,43.87,32.219,76.3234,1457.0,False,NORMAL
AWS-004,2026-08-22T15:45:00Z,35.86,977.51,31.98,26.9124,70.9022,225.0,False,NORMAL
AWS-001,2026-08-22T16:00:00Z,32.24,981.26,49.65,28.6139,77.209,216.0,False,NORMAL
AWS-002,2026-08-22T16:00:00Z,33.15,1007.81,57.18,18.922,72.8347,14.0,False,NORMAL
AWS-003,2026-08-22T16:00:00Z,25.36,832.48,44.61,32.219,76.3234,1457.0,False,NORMAL
AWS-004,2026-08-22T16:00:00Z,36.65,977.03,31.43,26.9124,70.9022,225.0,False,NORMAL
AWS-001,2026-08-22T16:15:00Z,31.23,981.34,50.2,28.6139,77.209,216.0,False,NORMAL
AWS-002,2026-08-22T16:15:00Z,32.36,1007.84,58.2,18.922,72.8347,14.0,False,NORMAL
AWS-003,2026-08-22T16:15:00Z,25.86,833.2,45.7,32.219,76.3234,1457.0,False,NORMAL
AWS-004,2026-08-22T16:15:00Z,35.43,977.28,33.12,26.9124,70.9022,225.0,False,NORMAL
AWS-001,2026-08-22T16:30:00Z,31.48,981.22,51.47,28.6139,77.209,216.0,False,NORMAL
AWS-002,2026-08-22T16:30:00Z,32.44,1007.51,59.6,18.922,72.8347,14.0,False,NORMAL
AWS-003,2026-08-22T16:30:00Z,26.21,833.03,45.95,32.219,76.3234,1457.0,False,NORMAL
AWS-004,2026-08-22T16:30:00Z,34.29,977.15,34.09,26.9124,70.9022,225.0,False,NORMAL
AWS-001,2026-08-22T16:45:00Z,31.15,981.7,52.59,28.6139,77.209,216.0,False,NORMAL
AWS-002,2026-08-22T16:45:00Z,32.52,1008.05,59.55,18.922,72.8347,14.0,False,NORMAL
AWS-003,2026-08-22T16:45:00Z,25.22,833.03,46.63,32.219,76.3234,1457.0,False,NORMAL
AWS-004,2026-08-22T16:45:00Z,35.56,977.22,34.57,26.9124,70.9022,225.0,False,NORMAL
AWS-001,2026-08-22T17:00:00Z,31.12,981.34,52.46,28.6139,77.209,216.0,False,NORMAL
AWS-002,2026-08-22T17:00:00Z,32.41,1007.92,61.15,18.922,72.8347,14.0,False,NORMAL
AWS-003,2026-08-22T17:00:00Z,25.89,832.68,48.61,32.219,76.3234,1457.0,False,NORMAL
AWS-004,2026-08-22T17:00:00Z,34.84,977.55,35.1,26.9124,70.9022,225.0,False,NORMAL
AWS-001,2026-08-22T17:15:00Z,30.09,981.6,54.1,28.6139,77.209,216.0,False,NORMAL
AWS-002,2026-08-22T17:15:00Z,31.95,1007.67,62.71,18.922,72.8347,14.0,False,NORMAL
AWS-003,2026-08-22T17:15:00Z,25.02,832.74,49.1,32.219,76.3234,1457.0,False,NORMAL
AWS-004,2026-08-22T17:15:00Z,34.48,977.33,36.34,26.9124,70.9022,225.0,False,NORMAL
AWS-001,2026-08-22T17:30:00Z,30.47,981.66,54.86,28.6139,77.209,216.0,False,NORMAL
AWS-002,2026-08-22T17:30:00Z,31.48,1008.04,63.28,18.922,72.8347,14.0,False,NORMAL
AWS-003,2026-08-22T17:30:00Z,24.48,832.75,49.27,32.219,76.3234,1457.0,False,NORMAL
AWS-004,2026-08-22T17:30:00Z,34.6,977.49,37.17,26.9124,70.9022,225.0,False,NORMAL
AWS-001,2026-08-22T17:45:00Z,29.42,981.84,56.25,28.6139,77.209,216.0,False,NORMAL
AWS-002,2026-08-22T17:45:00Z,31.08,1008.13,63.23,18.922,72.8347,14.0,False,NORMAL
AWS-003,2026-08-22T17:45:00Z,25.49,832.78,51.37,32.219,76.3234,1457.0,False,NORMAL
AWS-004,2026-08-22T17:45:00Z,33.36,977.68,38.27,26.9124,70.9022,225.0,False,NORMAL
AWS-001,2026-08-22T18:00:00Z,29.71,981.85,56.92,28.6139,77.209,216.0,False,NORMAL
AWS-002,2026-08-22T18:00:00Z,30.76,1008.09,64.79,18.922,72.8347,14.0,False,NORMAL
AWS-003,2026-08-22T18:00:00Z,23.81,833.15,51.64,32.219,76.3234,1457.0,False,NORMAL
AWS-004,2026-08-22T18:00:00Z,33.21,977.73,40.23,26.9124,70.9022,225.0,False,NORMAL
AWS-001,2026-08-22T18:15:00Z,29.12,982.09,58.19,28.6139,77.209,216.0,False,NORMAL
AWS-002,2026-08-22T18:15:00Z,30.72,1008.25,66.46,18.922,72.8347,14.0,False,NORMAL
AWS-003,2026-08-22T18:15:00Z,23.45,833.41,54.01,32.219,76.3234,1457.0,False,NORMAL
AWS-004,2026-08-22T18:15:00Z,32.85,978.02,40.5,26.9124,70.9022,225.0,False,NORMAL
AWS-001,2026-08-22T18:30:00Z,28.76,982.02,60.66,28.6139,77.209,216.0,False,NORMAL
AWS-002,2026-08-22T18:30:00Z,30.78,1008.67,67.89,18.922,72.8347,14.0,False,NORMAL
AWS-003,2026-08-22T18:30:00Z,23.43,833.28,53.44,32.219,76.3234,1457.0,False,NORMAL
AWS-004,2026-08-22T18:30:00Z,32.77,978.2,41.16,26.9124,70.9022,225.0,False,NORMAL
AWS-001,2026-08-22T18:45:00Z,28.31,982.17,61.5,28.6139,77.209,216.0,False,NORMAL
AWS-002,2026-08-22T18:45:00Z,28.75,1008.47,68.88,18.922,72.8347,14.0,False,NORMAL
AWS-003,2026-08-22T18:45:00Z,22.3,833.66,55.66,32.219,76.3234,1457.0,False,NORMAL
AWS-004,2026-08-22T18:45:00Z,32.3,978.24,42.71,26.9124,70.9022,225.0,False,NORMAL
AWS-001,2026-08-22T19:00:00Z,27.7,982.47,62.47,28.6139,77.209,216.0,False,NORMAL
AWS-002,2026-08-22T19:00:00Z,29.23,1009.03,70.24,18.922,72.8347,14.0,False,NORMAL
AWS-003,2026-08-22T19:00:00Z,22.64,833.75,56.52,32.219,76.3234,1457.0,False,NORMAL
AWS-004,2026-08-22T19:00:00Z,31.69,978.4,43.04,26.9124,70.9022,225.0,False,NORMAL
AWS-001,2026-08-22T19:15:00Z,27.63,982.61,63.06,28.6139,77.209,216.0,False,NORMAL
AWS-002,2026-08-22T19:15:00Z,28.95,1009.01,72.28,18.922,72.8347,14.0,False,NORMAL
AWS-003,2026-08-22T19:15:00Z,21.61,833.55,59.03,32.219,76.3234,1457.0,False,NORMAL
AWS-004,2026-08-22T19:15:00Z,31.66,978.52,44.4,26.9124,70.9022,225.0,False,NORMAL
AWS-001,2026-08-22T19:30:00Z,27.06,982.81,64.37,28.6139,77.209,216.0,False,NORMAL
AWS-002,2026-08-22T19:30:00Z,29.26,1009.13,73.18,18.922,72.8347,14.0,False,NORMAL
AWS-003,2026-08-22T19:30:00Z,22.07,834.19,59.64,32.219,76.3234,1457.0,False,NORMAL
AWS-004,2026-08-22T19:30:00Z,31.7,978.67,47.18,26.9124,70.9022,225.0,False,NORMAL
AWS-001,2026-08-22T19:45:00Z,26.92,982.81,66.61,28.6139,77.209,216.0,False,NORMAL
AWS-002,2026-08-22T19:45:00Z,28.25,1009.17,73.6,18.922,72.8347,14.0,False,NORMAL
AWS-003,2026-08-22T19:45:00Z,21.56,833.83,59.88,32.219,76.3234,1457.0,False,NORMAL
AWS-004,2026-08-22T19:45:00Z,31.0,978.95,47.33,26.9124,70.9022,225.0,False,NORMAL
AWS-001,2026-08-22T20:00:00Z,26.4,983.01,66.53,28.6139,77.209,216.0,False,NORMAL
AWS-002,2026-08-22T20:00:00Z,27.35,1009.62,74.8,18.922,72.8347,14.0,False,NORMAL
AWS-003,2026-08-22T20:00:00Z,20.03,833.73,61.75,32.219,76.3234,1457.0,False,NORMAL
AWS-004,2026-08-22T20:00:00Z,30.45,978.95,50.27,26.9124,70.9022,225.0,False,NORMAL
AWS-001,2026-08-22T20:15:00Z,25.91,983.34,68.62,28.6139,77.209,216.0,False,NORMAL
AWS-002,2026-08-22T20:15:00Z,26.95,1009.66,76.37,18.922,72.8347,14.0,False,NORMAL
AWS-003,2026-08-22T20:15:00Z,20.69,834.58,64.07,32.219,76.3234,1457.0,False,NORMAL
AWS-004,2026-08-22T20:15:00Z,30.35,979.24,50.89,26.9124,70.9022,225.0,False,NORMAL
AWS-001,2026-08-22T20:30:00Z,26.18,983.37,70.83,28.6139,77.209,216.0,False,NORMAL
AWS-002,2026-08-22T20:30:00Z,27.17,1009.64,78.4,18.922,72.8347,14.0,False,NORMAL
AWS-003,2026-08-22T20:30:00Z,20.54,834.79,64.53,32.219,76.3234,1457.0,False,NORMAL
AWS-004,2026-08-22T20:30:00Z,29.61,979.3,53.03,26.9124,70.9022,225.0,False,NORMAL
AWS-001,2026-08-22T20:45:00Z,24.76,983.44,71.17,28.6139,77.209,216.0,False,NORMAL
AWS-002,2026-08-22T20:45:00Z,26.57,1009.7,79.69,18.922,72.8347,14.0,False,NORMAL
AWS-003,2026-08-22T20:45:00Z,20.21,834.3,66.35,32.219,76.3234,1457.0,False,NORMAL
AWS-004,2026-08-22T20:45:00Z,29.22,979.37,53.5,26.9124,70.9022,225.0,False,NORMAL
AWS-001,2026-08-22T21:00:00Z,25.32,983.38,72.16,28.6139,77.209,216.0,False,NORMAL
AWS-002,2026-08-22T21:00:00Z,25.72,1009.71,82.09,18.922,72.8347,14.0,False,NORMAL
AWS-003,2026-08-22T21:00:00Z,19.44,834.55,68.07,32.219,76.3234,1457.0,False,NORMAL
AWS-004,2026-08-22T21:00:00Z,29.39,979.17,55.67,26.9124,70.9022,225.0,False,NORMAL
AWS-001,2026-08-22T21:15:00Z,24.12,983.47,73.12,28.6139,77.209,216.0,False,NORMAL
AWS-002,2026-08-22T21:15:00Z,25.86,1009.85,80.98,18.922,72.8347,14.0,False,NORMAL
AWS-003,2026-08-22T21:15:00Z,19.3,834.4,68.64,32.219,76.3234,1457.0,False,NORMAL
AWS-004,2026-08-22T21:15:00Z,29.21,979.47,56.43,26.9124,70.9022,225.0,False,NORMAL
AWS-001,2026-08-22T21:30:00Z,24.38,983.57,74.78,28.6139,77.209,216.0,False,NORMAL
AWS-002,2026-08-22T21:30:00Z,26.25,1009.8,82.3,18.922,72.8347,14.0,False,NORMAL
AWS-003,2026-08-22T21:30:00Z,18.48,834.54,69.86,32.219,76.3234,1457.0,False,NORMAL
AWS-004,2026-08-22T21:30:00Z,28.31,979.4,57.28,26.9124,70.9022,225.0,False,NORMAL
AWS-001,2026-08-22T21:45:00Z,23.7,983.66,76.37,28.6139,77.209,216.0,False,NORMAL
AWS-002,2026-08-22T21:45:00Z,24.52,1010.25,84.12,18.922,72.8347,14.0,False,NORMAL
AWS-003,2026-08-22T21:45:00Z,17.68,834.78,71.73,32.219,76.3234,1457.0,False,NORMAL
AWS-004,2026-08-22T21:45:00Z,27.88,979.46,58.22,26.9124,70.9022,225.0,False,NORMAL
AWS-001,2026-08-22T22:00:00Z,23.17,983.77,76.66,28.6139,77.209,216.0,False,NORMAL
AWS-002,2026-08-22T22:00:00Z,24.28,1009.85,85.13,18.922,72.8347,14.0,False,NORMAL
AWS-003,2026-08-22T22:00:00Z,18.36,834.48,71.61,32.219,76.3234,1457.0,False,NORMAL
AWS-004,2026-08-22T22:00:00Z,27.44,979.7,58.36,26.9124,70.9022,225.0,False,NORMAL
AWS-001,2026-08-22T22:15:00Z,23.26,983.44,78.41,28.6139,77.209,216.0,False,NORMAL
AWS-002,2026-08-22T22:15:00Z,24.2,1010.15,86.12,18.922,72.8347,14.0,False,NORMAL
AWS-003,2026-08-22T22:15:00Z,17.39,834.58,72.37,32.219,76.3234,1457.0,False,NORMAL
AWS-004,2026-08-22T22:15:00Z,27.16,979.71,60.68,26.9124,70.9022,225.0,False,NORMAL
AWS-001,2026-08-22T22:30:00Z,22.47,983.44,79.03,28.6139,77.209,216.0,False,NORMAL
AWS-002,2026-08-22T22:30:00Z,23.53,1010.15,86.72,18.922,72.8347,14.0,False,NORMAL
AWS-003,2026-08-22T22:30:00Z,17.4,834.34,73.65,32.219,76.3234,1457.0,False,NORMAL
AWS-004,2026-08-22T22:30:00Z,26.78,979.78,61.97,26.9124,70.9022,225.0,False,NORMAL
AWS-001,2026-08-22T22:45:00Z,22.93,983.52,80.29,28.6139,77.209,216.0,False,NORMAL
AWS-002,2026-08-22T22:45:00Z,23.56,1009.73,87.99,18.922,72.8347,14.0,False,NORMAL
AWS-003,2026-08-22T22:45:00Z,16.44,834.64,76.04,32.219,76.3234,1457.0,False,NORMAL
AWS-004,2026-08-22T22:45:00Z,27.01,979.58,62.41,26.9124,70.9022,225.0,False,NORMAL
AWS-001,2026-08-22T23:00:00Z,22.73,983.33,81.47,28.6139,77.209,216.0,False,NORMAL
AWS-002,2026-08-22T23:00:00Z,23.1,1009.96,89.19,18.922,72.8347,14.0,False,NORMAL
AWS-003,2026-08-22T23:00:00Z,17.0,834.59,75.01,32.219,76.3234,1457.0,False,NORMAL
AWS-004,2026-08-22T23:00:00Z,26.56,979.53,63.78,26.9124,70.9022,225.0,False,NORMAL
AWS-001,2026-08-22T23:15:00Z,21.36,983.2,83.72,28.6139,77.209,216.0,False,NORMAL
AWS-002,2026-08-22T23:15:00Z,22.78,1009.65,90.67,18.922,72.8347,14.0,False,NORMAL
AWS-003,2026-08-22T23:15:00Z,16.32,834.61,77.04,32.219,76.3234,1457.0,False,NORMAL
AWS-004,2026-08-22T23:15:00Z,26.55,979.36,64.55,26.9124,70.9022,225.0,False,NORMAL
AWS-001,2026-08-22T23:30:00Z,21.11,983.31,83.54,28.6139,77.209,216.0,False,NORMAL
AWS-002,2026-08-22T23:30:00Z,23.11,1010.17,90.82,18.922,72.8347,14.0,False,NORMAL
AWS-003,2026-08-22T23:30:00Z,15.85,834.68,76.53,32.219,76.3234,1457.0,False,NORMAL
AWS-004,2026-08-22T23:30:00Z,25.11,979.3,66.46,26.9124,70.9022,225.0,False,NORMAL
AWS-001,2026-08-22T23:45:00Z,21.41,983.06,84.0,28.6139,77.209,216.0,False,NORMAL
AWS-002,2026-08-22T23:45:00Z,22.29,1009.5,91.02,18.922,72.8347,14.0,False,NORMAL
AWS-003,2026-08-22T23:45:00Z,15.74,834.53,78.99,32.219,76.3234,1457.0,False,NORMAL
AWS-004,2026-08-22T23:45:00Z,25.47,979.21,66.42,26.9124,70.9022,225.0,False,NORMAL
AWS-001,2026-08-23T00:00:00Z,20.95,983.17,85.17,28.6139,77.209,216.0,False,NORMAL
AWS-002,2026-08-23T00:00:00Z,22.18,1009.37,92.62,18.922,72.8347,14.0,False,NORMAL
AWS-003,2026-08-23T00:00:00Z,15.73,834.0,79.93,32.219,76.3234,1457.0,False,NORMAL
AWS-004,2026-08-23T00:00:00Z,24.8,978.92,67.51,26.9124,70.9022,225.0,False,NORMAL
AWS-001,2026-08-23T00:15:00Z,21.16,982.88,85.12,28.6139,77.209,216.0,False,NORMAL
AWS-002,2026-08-23T00:15:00Z,21.49,1009.27,94.45,18.922,72.8347,14.0,False,NORMAL
AWS-003,2026-08-23T00:15:00Z,16.47,833.98,80.17,32.219,76.3234,1457.0,False,NORMAL
AWS-004,2026-08-23T00:15:00Z,25.04,978.69,67.16,26.9124,70.9022,225.0,False,NORMAL
AWS-001,2026-08-23T00:30:00Z,21.38,982.75,85.35,28.6139,77.209,216.0,False,NORMAL
AWS-002,2026-08-23T00:30:00Z,22.72,1009.09,92.84,18.922,72.8347,14.0,False,NORMAL
AWS-003,2026-08-23T00:30:00Z,15.99,833.65,81.6,32.219,76.3234,1457.0,False,NORMAL
AWS-004,2026-08-23T00:30:00Z,24.42,978.77,68.17,26.9124,70.9022,225.0,False,NORMAL
AWS-001,2026-08-23T00:45:00Z,21.16,982.6,86.09,28.6139,77.209,216.0,False,NORMAL
AWS-002,2026-08-23T00:45:00Z,22.26,1009.22,93.49,18.922,72.8347,14.0,False,NORMAL
AWS-003,2026-08-23T00:45:00Z,15.04,833.44,81.61,32.219,76.3234,1457.0,False,NORMAL
AWS-004,2026-08-23T00:45:00Z,25.32,978.48,68.93,26.9124,70.9022,225.0,False,NORMAL
AWS-001,2026-08-23T01:00:00Z,20.94,982.51,86.35,28.6139,77.209,216.0,False,NORMAL
AWS-002,2026-08-23T01:00:00Z,21.52,1008.81,95.62,18.922,72.8347,14.0,False,NORMAL
AWS-003,2026-08-23T01:00:00Z,16.14,833.29,82.42,32.219,76.3234,1457.0,False,NORMAL
AWS-004,2026-08-23T01:00:00Z,24.34,978.54,68.35,26.9124,70.9022,225.0,False,NORMAL
AWS-001,2026-08-23T01:15:00Z,20.72,982.18,86.74,28.6139,77.209,216.0,False,NORMAL
AWS-002,2026-08-23T01:15:00Z,21.28,1008.83,94.68,18.922,72.8347,14.0,False,NORMAL
AWS-003,2026-08-23T01:15:00Z,14.68,833.78,82.38,32.219,76.3234,1457.0,False,NORMAL
AWS-004,2026-08-23T01:15:00Z,24.35,978.13,68.56,26.9124,70.9022,225.0,False,NORMAL
AWS-001,2026-08-23T01:30:00Z,20.68,982.1,87.29,28.6139,77.209,216.0,False,NORMAL
AWS-002,2026-08-23T01:30:00Z,21.61,1008.58,96.16,18.922,72.8347,14.0,False,NORMAL
AWS-003,2026-08-23T01:30:00Z,15.94,833.41,81.84,32.219,76.3234,1457.0,False,NORMAL
AWS-004,2026-08-23T01:30:00Z,24.45,978.15,69.34,26.9124,70.9022,225.0,False,NORMAL
AWS-001,2026-08-23T01:45:00Z,20.31,981.93,87.3,28.6139,77.209,216.0,False,NORMAL
AWS-002,2026-08-23T01:45:00Z,21.57,1008.51,95.62,18.922,72.8347,14.0,False,NORMAL
AWS-003,2026-08-23T01:45:00Z,15.29,833.38,83.26,32.219,76.3234,1457.0,False,NORMAL
AWS-004,2026-08-23T01:45:00Z,24.48,977.91,68.33,26.9124,70.9022,225.0,False,NORMAL
AWS-001,2026-08-23T02:00:00Z,20.12,982.15,87.76,28.6139,77.209,216.0,False,NORMAL
AWS-002,2026-08-23T02:00:00Z,22.12,1008.22,96.11,18.922,72.8347,14.0,False,NORMAL
AWS-003,2026-08-23T02:00:00Z,15.22,832.98,81.62,32.219,76.3234,1457.0,False,NORMAL
AWS-004,2026-08-23T02:00:00Z,24.33,977.75,68.73,26.9124,70.9022,225.0,False,NORMAL
AWS-001,2026-08-23T02:15:00Z,20.52,981.73,87.18,28.6139,77.209,216.0,False,NORMAL
AWS-002,2026-08-23T02:15:00Z,21.8,1008.03,94.55,18.922,72.8347,14.0,False,NORMAL
AWS-003,2026-08-23T02:15:00Z,15.48,833.27,82.33,32.219,76.3234,1457.0,False,NORMAL
AWS-004,2026-08-23T02:15:00Z,24.68,977.57,68.65,26.9124,70.9022,225.0,False,NORMAL
AWS-001,2026-08-23T02:30:00Z,20.69,981.51,87.13,28.6139,77.209,216.0,False,NORMAL
AWS-002,2026-08-23T02:30:00Z,21.69,1008.07,95.22,18.922,72.8347,14.0,False,NORMAL
AWS-003,2026-08-23T02:30:00Z,15.34,833.43,83.34,32.219,76.3234,1457.0,False,NORMAL
AWS-004,2026-08-23T02:30:00Z,25.2,977.53,68.97,26.9124,70.9022,225.0,False,NORMAL
AWS-001,2026-08-23T02:45:00Z,20.88,981.55,86.68,28.6139,77.209,216.0,False,NORMAL
AWS-002,2026-08-23T02:45:00Z,22.38,1007.92,94.87,18.922,72.8347,14.0,False,NORMAL
AWS-003,2026-08-23T02:45:00Z,14.98,832.67,81.87,32.219,76.3234,1457.0,False,NORMAL
AWS-004,2026-08-23T02:45:00Z,24.57,977.64,69.44,26.9124,70.9022,225.0,False,NORMAL
AWS-001,2026-08-23T03:00:00Z,21.23,981.44,86.63,28.6139,77.209,216.0,False,NORMAL
AWS-002,2026-08-23T03:00:00Z,22.22,1007.76,94.3,18.922,72.8347,14.0,False,NORMAL
AWS-003,2026-08-23T03:00:00Z,15.87,833.01,81.56,32.219,76.3234,1457.0,False,NORMAL
AWS-004,2026-08-23T03:00:00Z,24.6,977.69,69.42,26.9124,70.9022,225.0,False,NORMAL
AWS-001,2026-08-23T03:15:00Z,20.29,981.27,85.94,28.6139,77.209,216.0,False,NORMAL
AWS-002,2026-08-23T03:15:00Z,21.91,1007.59,93.29,18.922,72.8347,14.0,False,NORMAL
AWS-003,2026-08-23T03:15:00Z,15.07,832.52,80.77,32.219,76.3234,1457.0,False,NORMAL
AWS-004,2026-08-23T03:15:00Z,25.37,977.15,68.57,26.9124,70.9022,225.0,False,NORMAL
AWS-001,2026-08-23T03:30:00Z,21.11,981.48,86.72,28.6139,77.209,216.0,False,NORMAL
AWS-002,2026-08-23T03:30:00Z,22.44,1007.8,93.13,18.922,72.8347,14.0,False,NORMAL
AWS-003,2026-08-23T03:30:00Z,15.95,832.31,80.65,32.219,76.3234,1457.0,False,NORMAL
AWS-004,2026-08-23T03:30:00Z,25.77,977.19,68.76,26.9124,70.9022,225.0,False,NORMAL
AWS-001,2026-08-23T03:45:00Z,21.3,981.33,85.44,28.6139,77.209,216.0,False,NORMAL
AWS-002,2026-08-23T03:45:00Z,21.64,1007.72,92.99,18.922,72.8347,14.0,False,NORMAL
AWS-003,2026-08-23T03:45:00Z,16.18,832.8,81.07,32.219,76.3234,1457.0,False,NORMAL
AWS-004,2026-08-23T03:45:00Z,24.61,977.41,67.75,26.9124,70.9022,225.0,False,NORMAL
AWS-001,2026-08-23T04:00:00Z,20.96,981.31,84.84,28.6139,77.209,216.0,False,NORMAL
AWS-002,2026-08-23T04:00:00Z,22.4,1007.61,93.14,18.922,72.8347,14.0,False,NORMAL
AWS-003,2026-08-23T04:00:00Z,16.12,832.68,78.6,32.219,76.3234,1457.0,False,NORMAL
AWS-004,2026-08-23T04:00:00Z,25.68,977.49,67.3,26.9124,70.9022,225.0,False,NORMAL
AWS-001,2026-08-23T04:15:00Z,21.08,981.34,84.06,28.6139,77.209,216.0,False,NORMAL
AWS-002,2026-08-23T04:15:00Z,22.95,1007.79,93.52,18.922,72.8347,14.0,False,NORMAL
AWS-003,2026-08-23T04:15:00Z,16.42,833.08,79.12,32.219,76.3234,1457.0,False,NORMAL
AWS-004,2026-08-23T04:15:00Z,26.06,977.33,65.38,26.9124,70.9022,225.0,False,NORMAL
AWS-001,2026-08-23T04:30:00Z,21.59,981.28,83.77,28.6139,77.209,216.0,False,NORMAL
AWS-002,2026-08-23T04:30:00Z,23.34,1007.88,92.07,18.922,72.8347,14.0,False,NORMAL
AWS-003,2026-08-23T04:30:00Z,17.18,833.22,77.63,32.219,76.3234,1457.0,False,NORMAL
AWS-004,2026-08-23T04:30:00Z,25.87,977.13,65.62,26.9124,70.9022,225.0,False,NORMAL
AWS-001,2026-08-23T04:45:00Z,22.71,981.31,81.98,28.6139,77.209,216.0,False,NORMAL
AWS-002,2026-08-23T04:45:00Z,22.76,1007.84,89.86,18.922,72.8347,14.0,False,NORMAL
AWS-003,2026-08-23T04:45:00Z,16.47,832.78,77.85,32.219,76.3234,1457.0,False,NORMAL
AWS-004,2026-08-23T04:45:00Z,26.02,977.13,63.53,26.9124,70.9022,225.0,False,NORMAL
AWS-001,2026-08-23T05:00:00Z,22.3,981.37,81.07,28.6139,77.209,216.0,False,NORMAL
AWS-002,2026-08-23T05:00:00Z,23.9,1007.98,89.51,18.922,72.8347,14.0,False,NORMAL
AWS-003,2026-08-23T05:00:00Z,15.97,832.99,77.23,32.219,76.3234,1457.0,False,NORMAL
AWS-004,2026-08-23T05:00:00Z,25.84,977.51,62.56,26.9124,70.9022,225.0,False,NORMAL
AWS-001,2026-08-23T05:15:00Z,22.03,981.22,79.78,28.6139,77.209,216.0,False,NORMAL
AWS-002,2026-08-23T05:15:00Z,23.43,1007.67,87.6,18.922,72.8347,14.0,False,NORMAL
AWS-003,2026-08-23T05:15:00Z,17.43,833.11,74.11,32.219,76.3234,1457.0,False,NORMAL
AWS-004,2026-08-23T05:15:00Z,25.74,977.53,60.98,26.9124,70.9022,225.0,False,NORMAL
AWS-001,2026-08-23T05:30:00Z,22.86,981.62,79.57,28.6139,77.209,216.0,False,NORMAL
AWS-002,2026-08-23T05:30:00Z,22.9,1007.85,87.24,18.922,72.8347,14.0,False,NORMAL
AWS-003,2026-08-23T05:30:00Z,16.64,833.27,74.22,32.219,76.3234,1457.0,False,NORMAL
AWS-004,2026-08-23T05:30:00Z,26.31,977.34,61.44,26.9124,70.9022,225.0,False,NORMAL
AWS-001,2026-08-23T05:45:00Z,22.84,981.77,78.35,28.6139,77.209,216.0,False,NORMAL
AWS-002,2026-08-23T05:45:00Z,24.16,1008.06,85.97,18.922,72.8347,14.0,False,NORMAL
AWS-003,2026-08-23T05:45:00Z,17.98,833.04,73.15,32.219,76.3234,1457.0,False,NORMAL
AWS-004,2026-08-23T05:45:00Z,27.13,977.79,60.4,26.9124,70.9022,225.0,False,NORMAL
AWS-001,2026-08-23T06:00:00Z,23.84,981.91,78.22,28.6139,77.209,216.0,False,NORMAL
AWS-002,2026-08-23T06:00:00Z,24.62,1008.33,84.81,18.922,72.8347,14.0,False,NORMAL
AWS-003,2026-08-23T06:00:00Z,17.22,832.96,71.58,32.219,76.3234,1457.0,False,NORMAL
AWS-004,2026-08-23T06:00:00Z,28.44,977.81,60.09,26.9124,70.9022,225.0,False,NORMAL
AWS-001,2026-08-23T06:15:00Z,23.41,982.24,76.54,28.6139,77.209,216.0,False,NORMAL
AWS-002,2026-08-23T06:15:00Z,25.18,1008.22,84.8,18.922,72.8347,14.0,False,NORMAL
AWS-003,2026-08-23T06:15:00Z,18.59,833.51,71.21,32.219,76.3234,1457.0,False,NORMAL
AWS-004,2026-08-23T06:15:00Z,28.33,978.2,59.02,26.9124,70.9022,225.0,False,NORMAL
AWS-001,2026-08-23T06:30:00Z,24.64,982.17,74.83,28.6139,77.209,216.0,False,NORMAL
AWS-002,2026-08-23T06:30:00Z,25.74,1008.65,83.53,18.922,72.8347,14.0,False,NORMAL
AWS-003,2026-08-23T06:30:00Z,18.84,833.18,69.88,32.219,76.3234,1457.0,False,NORMAL
AWS-004,2026-08-23T06:30:00Z,28.37,978.29,56.5,26.9124,70.9022,225.0,False,NORMAL
AWS-001,2026-08-23T06:45:00Z,24.7,982.27,73.45,28.6139,77.209,216.0,False,NORMAL
AWS-002,2026-08-23T06:45:00Z,25.83,1008.48,82.11,18.922,72.8347,14.0,False,NORMAL
AWS-003,2026-08-23T06:45:00Z,19.17,833.53,68.95,32.219,76.3234,1457.0,False,NORMAL
AWS-004,2026-08-23T06:45:00Z,29.02,978.08,56.54,26.9124,70.9022,225.0,False,NORMAL
AWS-001,2026-08-23T07:00:00Z,24.8,982.41,72.39,28.6139,77.209,216.0,False,NORMAL
AWS-002,2026-08-23T07:00:00Z,26.22,1008.74,81.98,18.922,72.8347,14.0,False,NORMAL
AWS-003,2026-08-23T07:00:00Z,19.52,833.79,67.46,32.219,76.3234,1457.0,False,NORMAL
AWS-004,2026-08-23T07:00:00Z,28.89,978.51,54.92,26.9124,70.9022,225.0,False,NORMAL
AWS-001,2026-08-23T07:15:00Z,25.6,982.67,71.87,28.6139,77.209,216.0,False,NORMAL
AWS-002,2026-08-23T07:15:00Z,26.36,1008.84,78.62,18.922,72.8347,14.0,False,NORMAL
AWS-003,2026-08-23T07:15:00Z,20.2,833.81,66.5,32.219,76.3234,1457.0,False,NORMAL
AWS-004,2026-08-23T07:15:00Z,29.17,978.79,52.01,26.9124,70.9022,225.0,False,NORMAL
AWS-001,2026-08-23T07:30:00Z,25.93,982.8,70.1,28.6139,77.209,216.0,False,NORMAL
AWS-002,2026-08-23T07:30:00Z,26.86,1009.18,77.85,18.922,72.8347,14.0,False,NORMAL
AWS-003,2026-08-23T07:30:00Z,21.23,834.34,66.05,32.219,76.3234,1457.0,False,NORMAL
AWS-004,2026-08-23T07:30:00Z,30.2,978.46,52.2,26.9124,70.9022,225.0,False,NORMAL
AWS-001,2026-08-23T07:45:00Z,26.03,982.82,67.95,28.6139,77.209,216.0,False,NORMAL
AWS-002,2026-08-23T07:45:00Z,26.98,1009.09,76.51,18.922,72.8347,14.0,False,NORMAL
AWS-003,2026-08-23T07:45:00Z,20.97,834.45,63.65,32.219,76.3234,1457.0,False,NORMAL
AWS-004,2026-08-23T07:45:00Z,29.55,978.99,49.44,26.9124,70.9022,225.0,False,NORMAL
AWS-001,2026-08-23T08:00:00Z,26.5,982.98,66.29,28.6139,77.209,216.0,False,NORMAL
AWS-002,2026-08-23T08:00:00Z,27.72,1009.8,74.75,18.922,72.8347,14.0,False,NORMAL
AWS-003,2026-08-23T08:00:00Z,20.37,834.29,63.33,32.219,76.3234,1457.0,False,NORMAL
AWS-004,2026-08-23T08:00:00Z,30.08,978.7,49.23,26.9124,70.9022,225.0,False,NORMAL
AWS-001,2026-08-23T08:15:00Z,26.84,983.28,65.35,28.6139,77.209,216.0,False,NORMAL
AWS-002,2026-08-23T08:15:00Z,27.52,1009.57,73.65,18.922,72.8347,14.0,False,NORMAL
AWS-003,2026-08-23T08:15:00Z,21.01,834.17,61.05,32.219,76.3234,1457.0,False,NORMAL
AWS-004,2026-08-23T08:15:00Z,31.35,979.11,48.21,26.9124,70.9022,225.0,False,NORMAL
AWS-001,2026-08-23T08:30:00Z,27.56,983.38,64.92,28.6139,77.209,216.0,False,NORMAL
AWS-002,2026-08-23T08:30:00Z,28.55,1009.84,72.5,18.922,72.8347,14.0,False,NORMAL
AWS-003,2026-08-23T08:30:00Z,22.92,834.52,60.4,32.219,76.3234,1457.0,False,NORMAL
AWS-004,2026-08-23T08:30:00Z,31.71,979.08,46.5,26.9124,70.9022,225.0,False,NORMAL
AWS-001,2026-08-23T08:45:00Z,27.95,983.31,63.31,28.6139,77.209,216.0,False,NORMAL
AWS-002,2026-08-23T08:45:00Z,28.38,1009.87,71.49,18.922,72.8347,14.0,False,NORMAL
AWS-003,2026-08-23T08:45:00Z,23.78,834.41,58.72,32.219,76.3234,1457.0,False,NORMAL
AWS-004,2026-08-23T08:45:00Z,32.5,979.25,44.64,26.9124,70.9022,225.0,False,NORMAL
AWS-001,2026-08-23T09:00:00Z,27.89,983.4,61.28,28.6139,77.209,216.0,False,NORMAL
AWS-002,2026-08-23T09:00:00Z,29.35,1009.86,70.46,18.922,72.8347,14.0,False,NORMAL
AWS-003,2026-08-23T09:00:00Z,23.92,834.39,57.15,32.219,76.3234,1457.0,False,NORMAL
AWS-004,2026-08-23T09:00:00Z,31.95,979.38,44.46,26.9124,70.9022,225.0,False,NORMAL
AWS-001,2026-08-23T09:15:00Z,28.46,983.49,61.14,28.6139,77.209,216.0,False,NORMAL
AWS-002,2026-08-23T09:15:00Z,29.77,1009.85,68.06,18.922,72.8347,14.0,False,NORMAL
AWS-003,2026-08-23T09:15:00Z,23.21,834.18,54.38,32.219,76.3234,1457.0,False,NORMAL
AWS-004,2026-08-23T09:15:00Z,32.44,979.48,42.96,26.9124,70.9022,225.0,False,NORMAL
AWS-001,2026-08-23T09:30:00Z,28.39,983.76,59.09,28.6139,77.209,216.0,False,NORMAL
AWS-002,2026-08-23T09:30:00Z,30.08,1009.97,67.68,18.922,72.8347,14.0,False,NORMAL
AWS-003,2026-08-23T09:30:00Z,23.8,834.65,54.67,32.219,76.3234,1457.0,False,NORMAL
AWS-004,2026-08-23T09:30:00Z,32.52,979.81,42.31,26.9124,70.9022,225.0,False,NORMAL
AWS-001,2026-08-23T09:45:00Z,29.12,983.63,58.32,28.6139,77.209,216.0,False,NORMAL
AWS-002,2026-08-23T09:45:00Z,30.23,1009.86,66.21,18.922,72.8347,14.0,False,NORMAL
AWS-003,2026-08-23T09:45:00Z,24.22,834.72,53.99,32.219,76.3234,1457.0,False,NORMAL
AWS-004,2026-08-23T09:45:00Z,33.43,979.27,40.46,26.9124,70.9022,225.0,False,NORMAL
AWS-001,2026-08-23T10:00:00Z,29.9,983.82,57.5,28.6139,77.209,216.0,False,NORMAL
AWS-002,2026-08-23T10:00:00Z,30.77,1010.05,64.79,18.922,72.8347,14.0,False,NORMAL
AWS-003,2026-08-23T10:00:00Z,22.84,834.66,53.14,32.219,76.3234,1457.0,False,NORMAL
AWS-004,2026-08-23T10:00:00Z,32.91,979.62,38.71,26.9124,70.9022,225.0,False,NORMAL
AWS-001,2026-08-23T10:15:00Z,29.75,983.79,56.73,28.6139,77.209,216.0,False,NORMAL
AWS-002,2026-08-23T10:15:00Z,30.44,1010.08,63.46,18.922,72.8347,14.0,False,NORMAL
AWS-003,2026-08-23T10:15:00Z,24.3,834.79,51.91,32.219,76.3234,1457.0,False,NORMAL
AWS-004,2026-08-23T10:15:00Z,34.01,979.61,36.85,26.9124,70.9022,225.0,False,NORMAL
AWS-001,2026-08-23T10:30:00Z,30.15,983.47,54.77,28.6139,77.209,216.0,False,NORMAL
AWS-002,2026-08-23T10:30:00Z,31.54,1009.81,63.17,18.922,72.8347,14.0,False,NORMAL
AWS-003,2026-08-23T10:30:00Z,25.32,834.58,50.32,32.219,76.3234,1457.0,False,NORMAL
AWS-004,2026-08-23T10:30:00Z,34.18,979.44,38.13,26.9124,70.9022,225.0,False,NORMAL
AWS-001,2026-08-23T10:45:00Z,30.73,983.67,53.16,28.6139,77.209,216.0,False,NORMAL
AWS-002,2026-08-23T10:45:00Z,31.69,1009.93,61.81,18.922,72.8347,14.0,False,NORMAL
AWS-003,2026-08-23T10:45:00Z,25.16,834.38,48.14,32.219,76.3234,1457.0,False,NORMAL
AWS-004,2026-08-23T10:45:00Z,33.94,979.55,35.23,26.9124,70.9022,225.0,False,NORMAL
AWS-001,2026-08-23T11:00:00Z,30.75,983.38,53.52,28.6139,77.209,216.0,False,NORMAL
AWS-002,2026-08-23T11:00:00Z,31.76,1009.58,60.76,18.922,72.8347,14.0,False,NORMAL
AWS-003,2026-08-23T11:00:00Z,25.66,834.65,48.63,32.219,76.3234,1457.0,False,NORMAL
AWS-004,2026-08-23T11:00:00Z,34.93,979.42,34.61,26.9124,70.9022,225.0,False,NORMAL
AWS-001,2026-08-23T11:15:00Z,31.12,983.15,51.85,28.6139,77.209,216.0,False,NORMAL
AWS-002,2026-08-23T11:15:00Z,32.17,1009.54,59.16,18.922,72.8347,14.0,False,NORMAL
AWS-003,2026-08-23T11:15:00Z,24.75,834.49,46.47,32.219,76.3234,1457.0,False,NORMAL
AWS-004,2026-08-23T11:15:00Z,35.31,979.22,34.68,26.9124,70.9022,225.0,False,NORMAL
AWS-001,2026-08-23T11:30:00Z,31.58,983.24,50.36,28.6139,77.209,216.0,False,NORMAL
AWS-002,2026-08-23T11:30:00Z,32.45,1009.7,58.13,18.922,72.8347,14.0,False,NORMAL
AWS-003,2026-08-23T11:30:00Z,25.36,834.47,46.08,32.219,76.3234,1457.0,False,NORMAL
AWS-004,2026-08-23T11:30:00Z,35.02,979.02,32.97,26.9124,70.9022,225.0,False,NORMAL
AWS-001,2026-08-23T11:45:00Z,31.04,983.18,50.31,28.6139,77.209,216.0,False,NORMAL
AWS-002,2026-08-23T11:45:00Z,32.77,1009.74,58.15,18.922,72.8347,14.0,False,NORMAL
AWS-003,2026-08-23T11:45:00Z,25.8,834.28,45.5,32.219,76.3234,1457.0,False,NORMAL
AWS-004,2026-08-23T11:45:00Z,35.03,978.87,32.34,26.9124,70.9022,225.0,False,NORMAL
AWS-001,2026-08-23T12:00:00Z,31.45,983.05,50.11,28.6139,77.209,216.0,False,NORMAL
AWS-002,2026-08-23T12:00:00Z,33.59,1009.76,57.88,18.922,72.8347,14.0,False,NORMAL
AWS-003,2026-08-23T12:00:00Z,27.19,834.26,43.9,32.219,76.3234,1457.0,False,NORMAL
AWS-004,2026-08-23T12:00:00Z,36.16,978.97,30.97,26.9124,70.9022,225.0,False,NORMAL
AWS-001,2026-08-23T12:15:00Z,32.07,982.82,49.15,28.6139,77.209,216.0,False,NORMAL
AWS-002,2026-08-23T12:15:00Z,33.28,1009.62,56.67,18.922,72.8347,14.0,False,NORMAL
AWS-003,2026-08-23T12:15:00Z,26.08,834.14,43.86,32.219,76.3234,1457.0,False,NORMAL
AWS-004,2026-08-23T12:15:00Z,36.4,979.0,31.35,26.9124,70.9022,225.0,False,NORMAL
AWS-001,2026-08-23T12:30:00Z,32.35,982.8,49.13,28.6139,77.209,216.0,False,NORMAL
AWS-002,2026-08-23T12:30:00Z,33.05,1009.1,56.49,18.922,72.8347,14.0,False,NORMAL
AWS-003,2026-08-23T12:30:00Z,26.88,833.86,44.16,32.219,76.3234,1457.0,False,NORMAL
AWS-004,2026-08-23T12:30:00Z,35.92,978.6,31.68,26.9124,70.9022,225.0,False,NORMAL
AWS-001,2026-08-23T12:45:00Z,32.37,982.69,48.41,28.6139,77.209,216.0,False,NORMAL
AWS-002,2026-08-23T12:45:00Z,33.24,1008.78,55.94,18.922,72.8347,14.0,False,NORMAL
AWS-003,2026-08-23T12:45:00Z,26.52,834.22,41.51,32.219,76.3234,1457.0,False,NORMAL
AWS-004,2026-08-23T12:45:00Z,36.5,978.7,30.52,26.9124,70.9022,225.0,False,NORMAL
AWS-001,2026-08-23T13:00:00Z,31.83,982.54,48.12,28.6139,77.209,216.0,False,NORMAL
AWS-002,2026-08-23T13:00:00Z,33.43,1008.65,55.86,18.922,72.8347,14.0,False,NORMAL
AWS-003,2026-08-23T13:00:00Z,26.38,833.71,42.59,32.219,76.3234,1457.0,False,NORMAL
AWS-004,2026-08-23T13:00:00Z,36.41,978.33,30.14,26.9124,70.9022,225.0,False,NORMAL
AWS-001,2026-08-23T13:15:00Z,32.23,982.45,47.55,28.6139,77.209,216.0,False,NORMAL
AWS-002,2026-08-23T13:15:00Z,33.7,1008.57,55.58,18.922,72.8347,14.0,False,NORMAL
AWS-003,2026-08-23T13:15:00Z,27.5,833.73,41.57,32.219,76.3234,1457.0,False,NORMAL
AWS-004,2026-08-23T13:15:00Z,36.23,978.28,30.5,26.9124,70.9022,225.0,False,NORMAL
AWS-001,2026-08-23T13:30:00Z,32.22,982.1,47.37,28.6139,77.209,216.0,False,NORMAL
AWS-002,2026-08-23T13:30:00Z,33.31,1008.48,55.78,18.922,72.8347,14.0,False,NORMAL
AWS-003,2026-08-23T13:30:00Z,27.12,833.7,42.59,32.219,76.3234,1457.0,False,NORMAL
AWS-004,2026-08-23T13:30:00Z,36.47,977.98,29.1,26.9124,70.9022,225.0,False,NORMAL
AWS-001,2026-08-23T13:45:00Z,32.65,981.8,46.79,28.6139,77.209,216.0,False,NORMAL
AWS-002,2026-08-23T13:45:00Z,33.87,1008.38,54.63,18.922,72.8347,14.0,False,NORMAL
AWS-003,2026-08-23T13:45:00Z,26.84,832.96,41.84,32.219,76.3234,1457.0,False,NORMAL
AWS-004,2026-08-23T13:45:00Z,36.13,978.01,29.37,26.9124,70.9022,225.0,False,NORMAL
AWS-001,2026-08-23T14:00:00Z,33.03,981.73,47.6,28.6139,77.209,216.0,False,NORMAL
AWS-002,2026-08-23T14:00:00Z,33.8,1007.99,54.98,18.922,72.8347,14.0,False,NORMAL
AWS-003,2026-08-23T14:00:00Z,28.05,833.03,42.59,32.219,76.3234,1457.0,False,NORMAL
AWS-004,2026-08-23T14:00:00Z,36.93,977.73,28.39,26.9124,70.9022,225.0,False,NORMAL
AWS-001,2026-08-23T14:15:00Z,32.7,981.77,46.82,28.6139,77.209,216.0,False,NORMAL
AWS-002,2026-08-23T14:15:00Z,33.2,1007.96,55.63,18.922,72.8347,14.0,False,NORMAL
AWS-003,2026-08-23T14:15:00Z,26.94,833.09,41.44,32.219,76.3234,1457.0,False,NORMAL
AWS-004,2026-08-23T14:15:00Z,36.73,977.58,29.59,26.9124,70.9022,225.0,False,NORMAL
AWS-001,2026-08-23T14:30:00Z,32.54,981.6,47.99,28.6139,77.209,216.0,False,NORMAL
AWS-002,2026-08-23T14:30:00Z,33.41,1007.43,55.67,18.922,72.8347,14.0,False,NORMAL
AWS-003,2026-08-23T14:30:00Z,27.23,832.56,42.63,32.219,76.3234,1457.0,False,NORMAL
AWS-004,2026-08-23T14:30:00Z,36.73,977.36,29.79,26.9124,70.9022,225.0,False,NORMAL
AWS-001,2026-08-23T14:45:00Z,32.49,981.57,47.63,28.6139,77.209,216.0,False,NORMAL
AWS-002,2026-08-23T14:45:00Z,33.65,1007.7,56.17,18.922,72.8347,14.0,False,NORMAL
AWS-003,2026-08-23T14:45:00Z,28.0,832.73,41.87,32.219,76.3234,1457.0,False,NORMAL
AWS-004,2026-08-23T14:45:00Z,36.03,977.24,29.66,26.9124,70.9022,225.0,False,NORMAL
AWS-001,2026-08-23T15:00:00Z,32.05,981.64,48.01,28.6139,77.209,216.0,False,NORMAL
AWS-002,2026-08-23T15:00:00Z,33.74,1007.88,56.26,18.922,72.8347,14.0,False,NORMAL
AWS-003,2026-08-23T15:00:00Z,26.57,832.53,43.1,32.219,76.3234,1457.0,False,NORMAL
AWS-004,2026-08-23T15:00:00Z,36.34,977.43,29.26,26.9124,70.9022,225.0,False,NORMAL
AWS-001,2026-08-23T15:15:00Z,32.17,981.31,48.18,28.6139,77.209,216.0,False,NORMAL
AWS-002,2026-08-23T15:15:00Z,33.03,1007.55,56.9,18.922,72.8347,14.0,False,NORMAL
AWS-003,2026-08-23T15:15:00Z,27.3,832.68,42.43,32.219,76.3234,1457.0,False,NORMAL
AWS-004,2026-08-23T15:15:00Z,35.73,977.23,30.05,26.9124,70.9022,225.0,False,NORMAL
AWS-001,2026-08-23T15:30:00Z,31.92,981.26,48.98,28.6139,77.209,216.0,False,NORMAL
AWS-002,2026-08-23T15:30:00Z,33.77,1007.53,57.03,18.922,72.8347,14.0,False,NORMAL
AWS-003,2026-08-23T15:30:00Z,27.01,832.85,43.63,32.219,76.3234,1457.0,False,NORMAL
AWS-004,2026-08-23T15:30:00Z,35.75,977.34,30.52,26.9124,70.9022,225.0,False,NORMAL
AWS-001,2026-08-23T15:45:00Z,32.09,981.4,48.47,28.6139,77.209,216.0,False,NORMAL
AWS-002,2026-08-23T15:45:00Z,32.37,1007.81,57.64,18.922,72.8347,14.0,False,NORMAL
AWS-003,2026-08-23T15:45:00Z,27.35,832.35,44.29,32.219,76.3234,1457.0,False,NORMAL
AWS-004,2026-08-23T15:45:00Z,35.47,977.18,32.1,26.9124,70.9022,225.0,False,NORMAL
AWS-001,2026-08-23T16:00:00Z,31.74,981.46,50.35,28.6139,77.209,216.0,False,NORMAL
AWS-002,2026-08-23T16:00:00Z,33.13,1007.86,56.56,18.922,72.8347,14.0,False,NORMAL
AWS-003,2026-08-23T16:00:00Z,25.61,832.72,45.51,32.219,76.3234,1457.0,False,NORMAL
AWS-004,2026-08-23T16:00:00Z,35.08,977.33,32.49,26.9124,70.9022,225.0,False,NORMAL
AWS-001,2026-08-23T16:15:00Z,31.73,981.3,50.96,28.6139,77.209,216.0,False,NORMAL
AWS-002,2026-08-23T16:15:00Z,32.92,1007.01,59.23,18.922,72.8347,14.0,False,NORMAL
AWS-003,2026-08-23T16:15:00Z,26.2,832.66,46.12,32.219,76.3234,1457.0,False,NORMAL
AWS-004,2026-08-23T16:15:00Z,35.39,977.38,32.5,26.9124,70.9022,225.0,False,NORMAL
AWS-001,2026-08-23T16:30:00Z,31.35,981.3,51.0,28.6139,77.209,216.0,False,NORMAL
AWS-002,2026-08-23T16:30:00Z,32.25,1007.45,59.56,18.922,72.8347,14.0,False,NORMAL
AWS-003,2026-08-23T16:30:00Z,26.78,832.89,45.18,32.219,76.3234,1457.0,False,NORMAL
AWS-004,2026-08-23T16:30:00Z,35.45,977.03,33.34,26.9124,70.9022,225.0,False,NORMAL
AWS-001,2026-08-23T16:45:00Z,31.32,981.26,52.76,28.6139,77.209,216.0,False,NORMAL
AWS-002,2026-08-23T16:45:00Z,32.26,1007.9,60.19,18.922,72.8347,14.0,False,NORMAL
AWS-003,2026-08-23T16:45:00Z,26.69,832.87,48.03,32.219,76.3234,1457.0,False,NORMAL
AWS-004,2026-08-23T16:45:00Z,35.9,977.64,34.53,26.9124,70.9022,225.0,False,NORMAL
AWS-001,2026-08-23T17:00:00Z,30.68,981.39,53.27,28.6139,77.209,216.0,False,NORMAL
AWS-002,2026-08-23T17:00:00Z,31.82,1007.58,61.71,18.922,72.8347,14.0,False,NORMAL
AWS-003,2026-08-23T17:00:00Z,25.47,832.83,48.66,32.219,76.3234,1457.0,False,NORMAL
AWS-004,2026-08-23T17:00:00Z,34.22,977.52,34.57,26.9124,70.9022,225.0,False,NORMAL
AWS-001,2026-08-23T17:15:00Z,31.07,981.62,54.34,28.6139,77.209,216.0,False,NORMAL
AWS-002,2026-08-23T17:15:00Z,30.79,1007.94,61.46,18.922,72.8347,14.0,False,NORMAL
AWS-003,2026-08-23T17:15:00Z,24.85,832.55,49.53,32.219,76.3234,1457.0,False,NORMAL
AWS-004,2026-08-23T17:15:00Z,35.18,977.44,36.38,26.9124,70.9022,225.0,False,NORMAL
AWS-001,2026-08-23T17:30:00Z,30.31,981.74,55.4,28.6139,77.209,216.0,False,NORMAL
AWS-002,2026-08-23T17:30:00Z,31.23,1008.14,63.12,18.922,72.8347,14.0,False,NORMAL
AWS-003,2026-08-23T17:30:00Z,24.68,832.83,49.46,32.219,76.3234,1457.0,False,NORMAL
AWS-004,2026-08-23T17:30:00Z,33.73,977.42,37.21,26.9124,70.9022,225.0,False,NORMAL
AWS-001,2026-08-23T17:45:00Z,29.55,981.63,56.31,28.6139,77.209,216.0,False,NORMAL
AWS-002,2026-08-23T17:45:00Z,30.08,1008.19,65.26,18.922,72.8347,14.0,False,NORMAL
AWS-003,2026-08-23T17:45:00Z,24.5,832.72,52.04,32.219,76.3234,1457.0,False,NORMAL
AWS-004,2026-08-23T17:45:00Z,34.44,977.62,38.13,26.9124,70.9022,225.0,False,NORMAL
AWS-001,2026-08-23T18:00:00Z,29.88,981.75,57.49,28.6139,77.209,216.0,False,NORMAL
AWS-002,2026-08-23T18:00:00Z,31.03,1008.22,65.12,18.922,72.8347,14.0,False,NORMAL
AWS-003,2026-08-23T18:00:00Z,24.49,833.39,53.22,32.219,76.3234,1457.0,False,NORMAL
AWS-004,2026-08-23T18:00:00Z,33.04,977.79,39.25,26.9124,70.9022,225.0,False,NORMAL
AWS-001,2026-08-23T18:15:00Z,28.99,981.8,58.11,28.6139,77.209,216.0,False,NORMAL
AWS-002,2026-08-23T18:15:00Z,30.59,1008.25,65.76,18.922,72.8347,14.0,False,NORMAL
AWS-003,2026-08-23T18:15:00Z,23.08,833.46,53.81,32.219,76.3234,1457.0,False,NORMAL
AWS-004,2026-08-23T18:15:00Z,33.31,978.09,40.41,26.9124,70.9022,225.0,False,NORMAL
AWS-001,2026-08-23T18:30:00Z,28.91,982.1,58.84,28.6139,77.209,216.0,False,NORMAL
AWS-002,2026-08-23T18:30:00Z,29.68,1008.78,68.34,18.922,72.8347,14.0,False,NORMAL
AWS-003,2026-08-23T18:30:00Z,23.46,833.57,54.62,32.219,76.3234,1457.0,False,NORMAL
AWS-004,2026-08-23T18:30:00Z,33.13,978.43,40.58,26.9124,70.9022,225.0,False,NORMAL
AWS-001,2026-08-23T18:45:00Z,28.7,982.1,61.01,28.6139,77.209,216.0,False,NORMAL
AWS-002,2026-08-23T18:45:00Z,30.01,1008.66,68.44,18.922,72.8347,14.0,False,NORMAL
AWS-003,2026-08-23T18:45:00Z,22.98,833.34,56.96,32.219,76.3234,1457.0,False,NORMAL
AWS-004,2026-08-23T18:45:00Z,31.86,978.39,43.2,26.9124,70.9022,225.0,False,NORMAL
AWS-001,2026-08-23T19:00:00Z,27.94,982.37,61.91,28.6139,77.209,216.0,False,NORMAL
AWS-002,2026-08-23T19:00:00Z,28.96,1008.87,69.39,18.922,72.8347,14.0,False,NORMAL
AWS-003,2026-08-23T19:00:00Z,22.96,833.88,57.04,32.219,76.3234,1457.0,False,NORMAL
AWS-004,2026-08-23T19:00:00Z,31.57,978.05,44.43,26.9124,70.9022,225.0,False,NORMAL
AWS-001,2026-08-23T19:15:00Z,27.43,982.48,62.96,28.6139,77.209,216.0,False,NORMAL
AWS-002,2026-08-23T19:15:00Z,30.11,1008.88,71.32,18.922,72.8347,14.0,False,NORMAL
AWS-003,2026-08-23T19:15:00Z,22.71,833.85,58.36,32.219,76.3234,1457.0,False,NORMAL
AWS-004,2026-08-23T19:15:00Z,31.37,978.36,45.39,26.9124,70.9022,225.0,False,NORMAL
AWS-001,2026-08-23T19:30:00Z,27.53,982.94,63.5,28.6139,77.209,216.0,False,NORMAL
AWS-002,2026-08-23T19:30:00Z,27.88,1009.35,71.75,18.922,72.8347,14.0,False,NORMAL
AWS-003,2026-08-23T19:30:00Z,22.47,834.0,59.58,32.219,76.3234,1457.0,False,NORMAL
AWS-004,2026-08-23T19:30:00Z,31.06,978.74,46.61,26.9124,70.9022,225.0,False,NORMAL
AWS-001,2026-08-23T19:45:00Z,26.8,982.61,66.15,28.6139,77.209,216.0,False,NORMAL
AWS-002,2026-08-23T19:45:00Z,27.37,1009.35,73.81,18.922,72.8347,14.0,False,NORMAL
AWS-003,2026-08-23T19:45:00Z,21.92,834.27,60.72,32.219,76.3234,1457.0,False,NORMAL
AWS-004,2026-08-23T19:45:00Z,30.68,978.91,48.2,26.9124,70.9022,225.0,False,NORMAL
AWS-001,2026-08-23T20:00:00Z,26.31,983.24,66.51,28.6139,77.209,216.0,False,NORMAL
AWS-002,2026-08-23T20:00:00Z,28.59,1009.0,75.63,18.922,72.8347,14.0,False,NORMAL
AWS-003,2026-08-23T20:00:00Z,21.8,834.14,61.58,32.219,76.3234,1457.0,False,NORMAL
AWS-004,2026-08-23T20:00:00Z,29.71,978.53,48.9,26.9124,70.9022,225.0,False,NORMAL
AWS-001,2026-08-23T20:15:00Z,25.79,983.07,68.36,28.6139,77.209,216.0,False,NORMAL
AWS-002,2026-08-23T20:15:00Z,27.76,1009.48,77.76,18.922,72.8347,14.0,False,NORMAL
AWS-003,2026-08-23T20:15:00Z,21.74,834.33,64.4,32.219,76.3234,1457.0,False,NORMAL
AWS-004,2026-08-23T20:15:00Z,30.19,979.16,51.42,26.9124,70.9022,225.0,False,NORMAL
AWS-001,2026-08-23T20:30:00Z,25.56,983.16,70.46,28.6139,77.209,216.0,False,NORMAL
AWS-002,2026-08-23T20:30:00Z,26.91,1009.5,77.86,18.922,72.8347,14.0,False,NORMAL
AWS-003,2026-08-23T20:30:00Z,20.9,834.36,64.65,32.219,76.3234,1457.0,False,NORMAL
AWS-004,2026-08-23T20:30:00Z,29.54,979.41,51.22,26.9124,70.9022,225.0,False,NORMAL
AWS-001,2026-08-23T20:45:00Z,25.15,983.24,70.94,28.6139,77.209,216.0,False,NORMAL
AWS-002,2026-08-23T20:45:00Z,26.38,1009.79,79.37,18.922,72.8347,14.0,False,NORMAL
AWS-003,2026-08-23T20:45:00Z,19.8,834.6,65.97,32.219,76.3234,1457.0,False,NORMAL
AWS-004,2026-08-23T20:45:00Z,29.07,979.39,53.28,26.9124,70.9022,225.0,False,NORMAL
AWS-001,2026-08-23T21:00:00Z,24.61,983.52,72.79,28.6139,77.209,216.0,False,NORMAL
AWS-002,2026-08-23T21:00:00Z,26.05,1009.89,80.55,18.922,72.8347,14.0,False,NORMAL
AWS-003,2026-08-23T21:00:00Z,20.09,834.78,67.49,32.219,76.3234,1457.0,False,NORMAL
AWS-004,2026-08-23T21:00:00Z,28.64,979.44,54.15,26.9124,70.9022,225.0,False,NORMAL
AWS-001,2026-08-23T21:15:00Z,24.79,983.62,74.15,28.6139,77.209,216.0,False,NORMAL
AWS-002,2026-08-23T21:15:00Z,25.41,1009.72,80.7,18.922,72.8347,14.0,False,NORMAL
AWS-003,2026-08-23T21:15:00Z,19.4,834.69,68.56,32.219,76.3234,1457.0,False,NORMAL
AWS-004,2026-08-23T21:15:00Z,28.4,979.44,55.51,26.9124,70.9022,225.0,False,NORMAL
AWS-001,2026-08-23T21:30:00Z,24.17,983.6,75.21,28.6139,77.209,216.0,False,NORMAL
AWS-002,2026-08-23T21:30:00Z,25.82,1010.24,83.16,18.922,72.8347,14.0,False,NORMAL
AWS-003,2026-08-23T21:30:00Z,19.39,834.63,69.36,32.219,76.3234,1457.0,False,NORMAL
AWS-004,2026-08-23T21:30:00Z,28.46,979.4,57.99,26.9124,70.9022,225.0,False,NORMAL
AWS-001,2026-08-23T21:45:00Z,24.22,983.68,75.51,28.6139,77.209,216.0,False,NORMAL
AWS-002,2026-08-23T21:45:00Z,24.36,1009.95,84.36,18.922,72.8347,14.0,False,NORMAL
AWS-003,2026-08-23T21:45:00Z,18.37,834.36,70.84,32.219,76.3234,1457.0,False,NORMAL
AWS-004,2026-08-23T21:45:00Z,26.98,979.66,57.07,26.9124,70.9022,225.0,False,NORMAL
AWS-001,2026-08-23T22:00:00Z,23.14,983.74,78.39,28.6139,77.209,216.0,False,NORMAL
AWS-002,2026-08-23T22:00:00Z,25.55,1009.84,85.08,18.922,72.8347,14.0,False,NORMAL
AWS-003,2026-08-23T22:00:00Z,18.63,834.76,71.86,32.219,76.3234,1457.0,False,NORMAL
AWS-004,2026-08-23T22:00:00Z,26.98,979.47,59.07,26.9124,70.9022,225.0,False,NORMAL
AWS-001,2026-08-23T22:15:00Z,23.15,983.49,78.78,28.6139,77.209,216.0,False,NORMAL
AWS-002,2026-08-23T22:15:00Z,24.51,1010.23,86.74,18.922,72.8347,14.0,False,NORMAL
AWS-003,2026-08-23T22:15:00Z,17.15,834.91,73.57,32.219,76.3234,1457.0,False,NORMAL
AWS-004,2026-08-23T22:15:00Z,27.45,979.67,60.47,26.9124,70.9022,225.0,False,NORMAL
AWS-001,2026-08-23T22:30:00Z,22.92,983.43,79.11,28.6139,77.209,216.0,False,NORMAL
AWS-002,2026-08-23T22:30:00Z,23.98,1009.97,86.27,18.922,72.8347,14.0,False,NORMAL
AWS-003,2026-08-23T22:30:00Z,17.23,834.55,74.63,32.219,76.3234,1457.0,False,NORMAL
AWS-004,2026-08-23T22:30:00Z,27.32,979.46,61.17,26.9124,70.9022,225.0,False,NORMAL
AWS-001,2026-08-23T22:45:00Z,22.57,983.61,81.01,28.6139,77.209,216.0,False,NORMAL
AWS-002,2026-08-23T22:45:00Z,24.44,1010.41,89.06,18.922,72.8347,14.0,False,NORMAL
AWS-003,2026-08-23T22:45:00Z,17.72,834.28,74.28,32.219,76.3234,1457.0,False,NORMAL
AWS-004,2026-08-23T22:45:00Z,26.97,979.49,62.55,26.9124,70.9022,225.0,False,NORMAL
AWS-001,2026-08-23T23:00:00Z,22.22,983.51,81.32,28.6139,77.209,216.0,False,NORMAL
AWS-002,2026-08-23T23:00:00Z,23.0,1009.63,90.03,18.922,72.8347,14.0,False,NORMAL
AWS-003,2026-08-23T23:00:00Z,17.53,834.28,76.41,32.219,76.3234,1457.0,False,NORMAL
AWS-004,2026-08-23T23:00:00Z,27.15,979.39,64.44,26.9124,70.9022,225.0,False,NORMAL
AWS-001,2026-08-23T23:15:00Z,22.6,983.36,81.41,28.6139,77.209,216.0,False,NORMAL
AWS-002,2026-08-23T23:15:00Z,23.78,1009.72,89.84,18.922,72.8347,14.0,False,NORMAL
AWS-003,2026-08-23T23:15:00Z,16.5,834.41,77.5,32.219,76.3234,1457.0,False,NORMAL
AWS-004,2026-08-23T23:15:00Z,25.51,979.3,64.24,26.9124,70.9022,225.0,False,NORMAL
AWS-001,2026-08-23T23:30:00Z,21.78,983.22,83.85,28.6139,77.209,216.0,False,NORMAL
AWS-002,2026-08-23T23:30:00Z,22.91,1010.13,91.3,18.922,72.8347,14.0,False,NORMAL
AWS-003,2026-08-23T23:30:00Z,17.73,834.44,78.34,32.219,76.3234,1457.0,False,NORMAL
AWS-004,2026-08-23T23:30:00Z,25.79,979.32,64.52,26.9124,70.9022,225.0,False,NORMAL
AWS-001,2026-08-23T23:45:00Z,21.56,983.05,83.2,28.6139,77.209,216.0,False,NORMAL
AWS-002,2026-08-23T23:45:00Z,22.82,1009.6,91.41,18.922,72.8347,14.0,False,NORMAL
AWS-003,2026-08-23T23:45:00Z,16.2,834.66,78.44,32.219,76.3234,1457.0,False,NORMAL
AWS-004,2026-08-23T23:45:00Z,26.28,979.3,65.37,26.9124,70.9022,225.0,False,NORMAL
AWS-001,2026-08-24T00:00:00Z,21.24,983.1,84.11,28.6139,77.209,216.0,False,NORMAL
AWS-002,2026-08-24T00:00:00Z,22.22,1009.52,92.58,18.922,72.8347,14.0,False,NORMAL
AWS-003,2026-08-24T00:00:00Z,16.46,834.05,78.68,32.219,76.3234,1457.0,False,NORMAL
AWS-004,2026-08-24T00:00:00Z,24.43,979.08,66.21,26.9124,70.9022,225.0,False,NORMAL
AWS-001,2026-08-24T00:15:00Z,21.72,982.97,85.19,28.6139,77.209,216.0,False,NORMAL
AWS-002,2026-08-24T00:15:00Z,22.41,1009.22,94.03,18.922,72.8347,14.0,False,NORMAL
AWS-003,2026-08-24T00:15:00Z,15.78,834.35,80.36,32.219,76.3234,1457.0,False,NORMAL
AWS-004,2026-08-24T00:15:00Z,25.57,979.05,68.45,26.9124,70.9022,225.0,False,NORMAL
AWS-001,2026-08-24T00:30:00Z,21.24,982.7,86.11,28.6139,77.209,216.0,False,NORMAL
AWS-002,2026-08-24T00:30:00Z,22.55,1009.07,93.58,18.922,72.8347,14.0,False,NORMAL
AWS-003,2026-08-24T00:30:00Z,15.9,833.97,78.49,32.219,76.3234,1457.0,False,NORMAL
AWS-004,2026-08-24T00:30:00Z,25.47,979.26,67.74,26.9124,70.9022,225.0,False,NORMAL
AWS-001,2026-08-24T00:45:00Z,20.83,982.63,85.86,28.6139,77.209,216.0,False,NORMAL
AWS-002,2026-08-24T00:45:00Z,21.58,1009.23,93.19,18.922,72.8347,14.0,False,NORMAL
AWS-003,2026-08-24T00:45:00Z,15.37,833.93,80.38,32.219,76.3234,1457.0,False,NORMAL
AWS-004,2026-08-24T00:45:00Z,24.67,978.78,67.96,26.9124,70.9022,225.0,False,NORMAL
AWS-001,2026-08-24T01:00:00Z,20.56,982.52,86.84,28.6139,77.209,216.0,False,NORMAL
AWS-002,2026-08-24T01:00:00Z,21.38,1008.83,94.74,18.922,72.8347,14.0,False,NORMAL
AWS-003,2026-08-24T01:00:00Z,14.88,833.35,82.01,32.219,76.3234,1457.0,False,NORMAL
AWS-004,2026-08-24T01:00:00Z,25.0,978.26,67.77,26.9124,70.9022,225.0,False,NORMAL
AWS-001,2026-08-24T01:15:00Z,20.98,982.26,87.06,28.6139,77.209,216.0,False,NORMAL
AWS-002,2026-08-24T01:15:00Z,21.56,1008.47,94.8,18.922,72.8347,14.0,False,NORMAL
AWS-003,2026-08-24T01:15:00Z,14.99,833.57,82.46,32.219,76.3234,1457.0,False,NORMAL
AWS-004,2026-08-24T01:15:00Z,24.32,978.37,69.26,26.9124,70.9022,225.0,False,NORMAL
AWS-001,2026-08-24T01:30:00Z,20.08,981.99,87.3,28.6139,77.209,216.0,False,NORMAL
AWS-002,2026-08-24T01:30:00Z,21.44,1008.53,95.62,18.922,72.8347,14.0,False,NORMAL
AWS-003,2026-08-24T01:30:00Z,15.59,833.1,81.75,32.219,76.3234,1457.0,False,NORMAL
AWS-004,2026-08-24T01:30:00Z,25.48,978.23,68.73,26.9124,70.9022,225.0,False,NORMAL
AWS-001,2026-08-24T01:45:00Z,21.16,982.07,87.62,28.6139,77.209,216.0,False,NORMAL
AWS-002,2026-08-24T01:45:00Z,22.04,1008.51,95.37,18.922,72.8347,14.0,False,NORMAL
AWS-003,2026-08-24T01:45:00Z,15.5,833.38,82.81,32.219,76.3234,1457.0,False,NORMAL
AWS-004,2026-08-24T01:45:00Z,24.45,978.22,69.26,26.9124,70.9022,225.0,False,NORMAL
AWS-001,2026-08-24T02:00:00Z,20.32,981.74,87.57,28.6139,77.209,216.0,False,NORMAL
AWS-002,2026-08-24T02:00:00Z,21.25,1008.64,93.86,18.922,72.8347,14.0,False,NORMAL
AWS-003,2026-08-24T02:00:00Z,15.95,833.09,83.08,32.219,76.3234,1457.0,False,NORMAL
AWS-004,2026-08-24T02:00:00Z,24.24,978.07,68.78,26.9124,70.9022,225.0,False,NORMAL
AWS-001,2026-08-24T02:15:00Z,20.56,981.79,87.0,28.6139,77.209,216.0,False,NORMAL
AWS-002,2026-08-24T02:15:00Z,21.33,1008.28,95.39,18.922,72.8347,14.0,False,NORMAL
AWS-003,2026-08-24T02:15:00Z,16.05,833.1,82.47,32.219,76.3234,1457.0,False,NORMAL
AWS-004,2026-08-24T02:15:00Z,24.0,977.72,68.59,26.9124,70.9022,225.0,False,NORMAL
AWS-001,2026-08-24T02:30:00Z,20.72,981.72,87.67,28.6139,77.209,216.0,False,NORMAL
AWS-002,2026-08-24T02:30:00Z,21.27,1008.33,94.91,18.922,72.8347,14.0,False,NORMAL
AWS-003,2026-08-24T02:30:00Z,16.23,832.68,81.7,32.219,76.3234,1457.0,False,NORMAL
AWS-004,2026-08-24T02:30:00Z,25.11,977.58,68.82,26.9124,70.9022,225.0,False,NORMAL
AWS-001,2026-08-24T02:45:00Z,20.65,981.65,86.3,28.6139,77.209,216.0,False,NORMAL
AWS-002,2026-08-24T02:45:00Z,21.83,1007.97,95.26,18.922,72.8347,14.0,False,NORMAL
AWS-003,2026-08-24T02:45:00Z,15.89,832.8,81.62,32.219,76.3234,1457.0,False,NORMAL
AWS-004,2026-08-24T02:45:00Z,24.43,977.52,68.06,26.9124,70.9022,225.0,False,NORMAL
AWS-001,2026-08-24T03:00:00Z,20.84,981.33,86.24,28.6139,77.209,216.0,False,NORMAL
AWS-002,2026-08-24T03:00:00Z,21.71,1007.99,95.14,18.922,72.8347,14.0,False,NORMAL
AWS-003,2026-08-24T03:00:00Z,16.25,833.08,81.81,32.219,76.3234,1457.0,True,CALIBRATION_DRIFT
AWS-004,2026-08-24T03:00:00Z,24.78,977.65,69.51,26.9124,70.9022,225.0,False,NORMAL
AWS-001,2026-08-24T03:15:00Z,20.49,981.42,86.4,28.6139,77.209,216.0,False,NORMAL
AWS-002,2026-08-24T03:15:00Z,22.53,1007.53,93.0,18.922,72.8347,14.0,False,NORMAL
AWS-003,2026-08-24T03:15:00Z,15.63,832.62,80.55,32.219,76.3234,1457.0,True,CALIBRATION_DRIFT
AWS-004,2026-08-24T03:15:00Z,25.01,977.41,67.83,26.9124,70.9022,225.0,False,NORMAL
AWS-001,2026-08-24T03:30:00Z,20.86,981.3,85.67,28.6139,77.209,216.0,False,NORMAL
AWS-002,2026-08-24T03:30:00Z,21.28,1007.75,94.59,18.922,72.8347,14.0,False,NORMAL
AWS-003,2026-08-24T03:30:00Z,15.95,832.46,80.56,32.219,76.3234,1457.0,True,CALIBRATION_DRIFT
AWS-004,2026-08-24T03:30:00Z,24.35,977.16,68.03,26.9124,70.9022,225.0,False,NORMAL
AWS-001,2026-08-24T03:45:00Z,20.97,981.38,85.33,28.6139,77.209,216.0,False,NORMAL
AWS-002,2026-08-24T03:45:00Z,23.02,1007.64,93.7,18.922,72.8347,14.0,False,NORMAL
AWS-003,2026-08-24T03:45:00Z,15.48,832.55,80.18,32.219,76.3234,1457.0,True,CALIBRATION_DRIFT
AWS-004,2026-08-24T03:45:00Z,25.23,977.57,67.27,26.9124,70.9022,225.0,False,NORMAL
AWS-001,2026-08-24T04:00:00Z,20.71,981.49,84.62,28.6139,77.209,216.0,False,NORMAL
AWS-002,2026-08-24T04:00:00Z,22.18,1007.45,91.87,18.922,72.8347,14.0,False,NORMAL
AWS-003,2026-08-24T04:00:00Z,15.66,832.72,79.34,32.219,76.3234,1457.0,True,CALIBRATION_DRIFT
AWS-004,2026-08-24T04:00:00Z,25.07,977.26,67.5,26.9124,70.9022,225.0,False,NORMAL
AWS-001,2026-08-24T04:15:00Z,21.23,981.15,84.15,28.6139,77.209,216.0,False,NORMAL
AWS-002,2026-08-24T04:15:00Z,22.63,1007.58,92.39,18.922,72.8347,14.0,False,NORMAL
AWS-003,2026-08-24T04:15:00Z,15.81,832.73,79.95,32.219,76.3234,1457.0,True,CALIBRATION_DRIFT
AWS-004,2026-08-24T04:15:00Z,25.67,977.07,65.41,26.9124,70.9022,225.0,False,NORMAL
AWS-001,2026-08-24T04:30:00Z,21.48,981.33,83.78,28.6139,77.209,216.0,False,NORMAL
AWS-002,2026-08-24T04:30:00Z,23.04,1007.91,91.08,18.922,72.8347,14.0,False,NORMAL
AWS-003,2026-08-24T04:30:00Z,16.8,832.9,77.95,32.219,76.3234,1457.0,True,CALIBRATION_DRIFT
AWS-004,2026-08-24T04:30:00Z,26.01,977.23,66.55,26.9124,70.9022,225.0,False,NORMAL
AWS-001,2026-08-24T04:45:00Z,22.2,981.25,82.05,28.6139,77.209,216.0,False,NORMAL
AWS-002,2026-08-24T04:45:00Z,22.95,1007.69,89.49,18.922,72.8347,14.0,False,NORMAL
AWS-003,2026-08-24T04:45:00Z,17.04,832.36,77.65,32.219,76.3234,1457.0,True,CALIBRATION_DRIFT
AWS-004,2026-08-24T04:45:00Z,26.36,977.39,65.28,26.9124,70.9022,225.0,False,NORMAL
AWS-001,2026-08-24T05:00:00Z,22.3,981.58,82.06,28.6139,77.209,216.0,False,NORMAL
AWS-002,2026-08-24T05:00:00Z,23.69,1007.9,89.56,18.922,72.8347,14.0,False,NORMAL
AWS-003,2026-08-24T05:00:00Z,17.45,832.87,76.52,32.219,76.3234,1457.0,True,CALIBRATION_DRIFT
AWS-004,2026-08-24T05:00:00Z,25.15,977.32,63.65,26.9124,70.9022,225.0,False,NORMAL
AWS-001,2026-08-24T05:15:00Z,22.69,981.49,80.19,28.6139,77.209,216.0,False,NORMAL
AWS-002,2026-08-24T05:15:00Z,24.11,1008.04,88.12,18.922,72.8347,14.0,False,NORMAL
AWS-003,2026-08-24T05:15:00Z,17.61,832.84,74.86,32.219,76.3234,1457.0,True,CALIBRATION_DRIFT
AWS-004,2026-08-24T05:15:00Z,26.44,977.5,62.84,26.9124,70.9022,225.0,False,NORMAL
AWS-001,2026-08-24T05:30:00Z,23.09,981.54,78.98,28.6139,77.209,216.0,False,NORMAL
AWS-002,2026-08-24T05:30:00Z,24.06,1008.05,87.74,18.922,72.8347,14.0,False,NORMAL
AWS-003,2026-08-24T05:30:00Z,18.67,832.87,73.91,32.219,76.3234,1457.0,True,CALIBRATION_DRIFT
AWS-004,2026-08-24T05:30:00Z,27.5,977.62,60.86,26.9124,70.9022,225.0,False,NORMAL
AWS-001,2026-08-24T05:45:00Z,23.48,981.7,78.34,28.6139,77.209,216.0,False,NORMAL
AWS-002,2026-08-24T05:45:00Z,24.28,1008.54,87.01,18.922,72.8347,14.0,False,NORMAL
AWS-003,2026-08-24T05:45:00Z,19.16,832.83,73.62,32.219,76.3234,1457.0,True,CALIBRATION_DRIFT
AWS-004,2026-08-24T05:45:00Z,26.89,977.63,60.93,26.9124,70.9022,225.0,False,NORMAL
AWS-001,2026-08-24T06:00:00Z,23.32,981.92,77.99,28.6139,77.209,216.0,False,NORMAL
AWS-002,2026-08-24T06:00:00Z,24.7,1008.21,86.06,18.922,72.8347,14.0,False,NORMAL
AWS-003,2026-08-24T06:00:00Z,17.88,833.01,71.33,32.219,76.3234,1457.0,True,CALIBRATION_DRIFT
AWS-004,2026-08-24T06:00:00Z,27.31,977.67,59.24,26.9124,70.9022,225.0,False,NORMAL
AWS-001,2026-08-24T06:15:00Z,24.16,982.09,76.96,28.6139,77.209,216.0,False,NORMAL
AWS-002,2026-08-24T06:15:00Z,25.53,1008.22,83.75,18.922,72.8347,14.0,False,NORMAL
AWS-003,2026-08-24T06:15:00Z,18.92,833.48,71.89,32.219,76.3234,1457.0,True,CALIBRATION_DRIFT
AWS-004,2026-08-24T06:15:00Z,28.04,978.22,57.67,26.9124,70.9022,225.0,False,NORMAL
AWS-001,2026-08-24T06:30:00Z,24.87,982.32,74.52,28.6139,77.209,216.0,False,NORMAL
AWS-002,2026-08-24T06:30:00Z,24.95,1008.65,83.37,18.922,72.8347,14.0,False,NORMAL
AWS-003,2026-08-24T06:30:00Z,19.67,833.34,69.89,32.219,76.3234,1457.0,True,CALIBRATION_DRIFT
AWS-004,2026-08-24T06:30:00Z,28.11,978.17,58.12,26.9124,70.9022,225.0,False,NORMAL
AWS-001,2026-08-24T06:45:00Z,24.36,982.31,74.4,28.6139,77.209,216.0,False,NORMAL
AWS-002,2026-08-24T06:45:00Z,26.54,1008.95,80.55,18.922,72.8347,14.0,False,NORMAL
AWS-003,2026-08-24T06:45:00Z,19.54,833.67,69.0,32.219,76.3234,1457.0,True,CALIBRATION_DRIFT
AWS-004,2026-08-24T06:45:00Z,28.16,978.06,56.51,26.9124,70.9022,225.0,False,NORMAL
AWS-001,2026-08-24T07:00:00Z,24.74,982.61,72.45,28.6139,77.209,216.0,False,NORMAL
AWS-002,2026-08-24T07:00:00Z,26.32,1008.39,80.68,18.922,72.8347,14.0,False,NORMAL
AWS-003,2026-08-24T07:00:00Z,20.08,833.63,66.31,32.219,76.3234,1457.0,True,CALIBRATION_DRIFT
AWS-004,2026-08-24T07:00:00Z,28.06,978.65,54.38,26.9124,70.9022,225.0,False,NORMAL
AWS-001,2026-08-24T07:15:00Z,25.37,982.76,71.8,28.6139,77.209,216.0,False,NORMAL
AWS-002,2026-08-24T07:15:00Z,27.2,1008.96,77.96,18.922,72.8347,14.0,False,NORMAL
AWS-003,2026-08-24T07:15:00Z,20.73,833.72,65.63,32.219,76.3234,1457.0,True,CALIBRATION_DRIFT
AWS-004,2026-08-24T07:15:00Z,29.78,978.5,52.79,26.9124,70.9022,225.0,False,NORMAL
AWS-001,2026-08-24T07:30:00Z,25.26,982.9,69.38,28.6139,77.209,216.0,False,NORMAL
AWS-002,2026-08-24T07:30:00Z,27.08,1009.14,77.97,18.922,72.8347,14.0,False,NORMAL
AWS-003,2026-08-24T07:30:00Z,21.18,834.13,64.83,32.219,76.3234,1457.0,True,CALIBRATION_DRIFT
AWS-004,2026-08-24T07:30:00Z,30.25,978.8,52.12,26.9124,70.9022,225.0,False,NORMAL
AWS-001,2026-08-24T07:45:00Z,26.08,983.0,68.56,28.6139,77.209,216.0,False,NORMAL
AWS-002,2026-08-24T07:45:00Z,26.79,1009.26,77.25,18.922,72.8347,14.0,False,NORMAL
AWS-003,2026-08-24T07:45:00Z,20.6,833.88,64.16,32.219,76.3234,1457.0,True,CALIBRATION_DRIFT
AWS-004,2026-08-24T07:45:00Z,29.86,978.91,50.48,26.9124,70.9022,225.0,False,NORMAL
AWS-001,2026-08-24T08:00:00Z,26.81,982.95,66.44,28.6139,77.209,216.0,False,NORMAL
AWS-002,2026-08-24T08:00:00Z,26.68,1009.65,74.94,18.922,72.8347,14.0,False,NORMAL
AWS-003,2026-08-24T08:00:00Z,21.7,834.18,62.37,32.219,76.3234,1457.0,True,CALIBRATION_DRIFT
AWS-004,2026-08-24T08:00:00Z,29.85,978.83,49.24,26.9124,70.9022,225.0,False,NORMAL
AWS-001,2026-08-24T08:15:00Z,27.19,983.14,65.05,28.6139,77.209,216.0,False,NORMAL
AWS-002,2026-08-24T08:15:00Z,27.57,1009.42,74.82,18.922,72.8347,14.0,False,NORMAL
AWS-003,2026-08-24T08:15:00Z,21.97,834.15,59.97,32.219,76.3234,1457.0,True,CALIBRATION_DRIFT
AWS-004,2026-08-24T08:15:00Z,31.25,979.1,48.12,26.9124,70.9022,225.0,False,NORMAL
AWS-001,2026-08-24T08:30:00Z,27.65,983.26,64.79,28.6139,77.209,216.0,False,NORMAL
AWS-002,2026-08-24T08:30:00Z,28.38,1009.61,71.99,18.922,72.8347,14.0,False,NORMAL
AWS-003,2026-08-24T08:30:00Z,22.89,834.42,59.99,32.219,76.3234,1457.0,True,CALIBRATION_DRIFT
AWS-004,2026-08-24T08:30:00Z,31.34,979.32,46.53,26.9124,70.9022,225.0,False,NORMAL
AWS-001,2026-08-24T08:45:00Z,27.33,983.38,63.53,28.6139,77.209,216.0,False,NORMAL
AWS-002,2026-08-24T08:45:00Z,29.72,1009.68,72.1,18.922,72.8347,14.0,False,NORMAL
AWS-003,2026-08-24T08:45:00Z,22.67,834.6,58.43,32.219,76.3234,1457.0,True,CALIBRATION_DRIFT
AWS-004,2026-08-24T08:45:00Z,32.28,979.25,45.31,26.9124,70.9022,225.0,False,NORMAL
AWS-001,2026-08-24T09:00:00Z,27.84,983.33,63.02,28.6139,77.209,216.0,False,NORMAL
AWS-002,2026-08-24T09:00:00Z,29.27,1009.79,68.99,18.922,72.8347,14.0,False,NORMAL
AWS-003,2026-08-24T09:00:00Z,22.93,834.19,56.26,32.219,76.3234,1457.0,True,CALIBRATION_DRIFT
AWS-004,2026-08-24T09:00:00Z,32.38,979.52,44.94,26.9124,70.9022,225.0,False,NORMAL
AWS-001,2026-08-24T09:15:00Z,28.13,983.48,61.19,28.6139,77.209,216.0,False,NORMAL
AWS-002,2026-08-24T09:15:00Z,29.3,1010.12,69.51,18.922,72.8347,14.0,False,NORMAL
AWS-003,2026-08-24T09:15:00Z,23.08,834.75,54.55,32.219,76.3234,1457.0,True,CALIBRATION_DRIFT
AWS-004,2026-08-24T09:15:00Z,32.36,979.4,42.79,26.9124,70.9022,225.0,False,NORMAL
AWS-001,2026-08-24T09:30:00Z,28.19,983.81,59.59,28.6139,77.209,216.0,False,NORMAL
AWS-002,2026-08-24T09:30:00Z,29.88,1009.8,66.94,18.922,72.8347,14.0,False,NORMAL
AWS-003,2026-08-24T09:30:00Z,23.89,834.66,54.75,32.219,76.3234,1457.0,True,CALIBRATION_DRIFT
AWS-004,2026-08-24T09:30:00Z,33.11,979.27,41.44,26.9124,70.9022,225.0,False,NORMAL
AWS-001,2026-08-24T09:45:00Z,29.28,983.65,58.88,28.6139,77.209,216.0,False,NORMAL
AWS-002,2026-08-24T09:45:00Z,29.54,1010.15,67.0,18.922,72.8347,14.0,False,NORMAL
AWS-003,2026-08-24T09:45:00Z,24.24,834.73,51.98,32.219,76.3234,1457.0,True,CALIBRATION_DRIFT
AWS-004,2026-08-24T09:45:00Z,32.83,979.64,40.48,26.9124,70.9022,225.0,False,NORMAL
AWS-001,2026-08-24T10:00:00Z,29.43,983.47,57.63,28.6139,77.209,216.0,False,NORMAL
AWS-002,2026-08-24T10:00:00Z,30.25,1010.01,65.6,18.922,72.8347,14.0,False,NORMAL
AWS-003,2026-08-24T10:00:00Z,25.54,834.76,51.76,32.219,76.3234,1457.0,True,CALIBRATION_DRIFT
AWS-004,2026-08-24T10:00:00Z,34.54,979.68,39.31,26.9124,70.9022,225.0,False,NORMAL
AWS-001,2026-08-24T10:15:00Z,30.23,983.53,55.98,28.6139,77.209,216.0,False,NORMAL
AWS-002,2026-08-24T10:15:00Z,30.94,1010.27,64.47,18.922,72.8347,14.0,False,NORMAL
AWS-003,2026-08-24T10:15:00Z,25.32,835.16,50.01,32.219,76.3234,1457.0,True,CALIBRATION_DRIFT
AWS-004,2026-08-24T10:15:00Z,33.46,979.28,38.69,26.9124,70.9022,225.0,False,NORMAL
AWS-001,2026-08-24T10:30:00Z,30.3,983.44,54.95,28.6139,77.209,216.0,False,NORMAL
AWS-002,2026-08-24T10:30:00Z,30.56,1009.98,62.34,18.922,72.8347,14.0,False,NORMAL
AWS-003,2026-08-24T10:30:00Z,25.09,834.62,49.33,32.219,76.3234,1457.0,True,CALIBRATION_DRIFT
AWS-004,2026-08-24T10:30:00Z,34.57,979.5,37.04,26.9124,70.9022,225.0,False,NORMAL
AWS-001,2026-08-24T10:45:00Z,30.29,983.62,54.05,28.6139,77.209,216.0,False,NORMAL
AWS-002,2026-08-24T10:45:00Z,32.24,1009.78,61.68,18.922,72.8347,14.0,False,NORMAL
AWS-003,2026-08-24T10:45:00Z,26.33,834.6,49.15,32.219,76.3234,1457.0,True,CALIBRATION_DRIFT
AWS-004,2026-08-24T10:45:00Z,35.22,979.6,36.21,26.9124,70.9022,225.0,False,NORMAL
AWS-001,2026-08-24T11:00:00Z,30.62,983.63,53.1,28.6139,77.209,216.0,False,NORMAL
AWS-002,2026-08-24T11:00:00Z,30.98,1009.77,60.44,18.922,72.8347,14.0,False,NORMAL
AWS-003,2026-08-24T11:00:00Z,25.82,834.54,48.38,32.219,76.3234,1457.0,True,CALIBRATION_DRIFT
AWS-004,2026-08-24T11:00:00Z,34.43,979.8,35.87,26.9124,70.9022,225.0,False,NORMAL
AWS-001,2026-08-24T11:15:00Z,31.57,983.28,51.74,28.6139,77.209,216.0,False,NORMAL
AWS-002,2026-08-24T11:15:00Z,32.5,1009.61,60.21,18.922,72.8347,14.0,False,NORMAL
AWS-003,2026-08-24T11:15:00Z,25.35,834.57,46.7,32.219,76.3234,1457.0,True,CALIBRATION_DRIFT
AWS-004,2026-08-24T11:15:00Z,35.59,979.52,34.43,26.9124,70.9022,225.0,False,NORMAL
AWS-001,2026-08-24T11:30:00Z,31.06,983.23,51.09,28.6139,77.209,216.0,False,NORMAL
AWS-002,2026-08-24T11:30:00Z,32.36,1009.77,59.76,18.922,72.8347,14.0,False,NORMAL
AWS-003,2026-08-24T11:30:00Z,26.84,834.37,46.02,32.219,76.3234,1457.0,True,CALIBRATION_DRIFT
AWS-004,2026-08-24T11:30:00Z,35.34,979.08,33.81,26.9124,70.9022,225.0,False,NORMAL
AWS-001,2026-08-24T11:45:00Z,31.88,983.21,50.43,28.6139,77.209,216.0,False,NORMAL
AWS-002,2026-08-24T11:45:00Z,33.08,1009.83,57.5,18.922,72.8347,14.0,False,NORMAL
AWS-003,2026-08-24T11:45:00Z,27.08,834.31,45.78,32.219,76.3234,1457.0,True,CALIBRATION_DRIFT
AWS-004,2026-08-24T11:45:00Z,35.39,978.97,32.72,26.9124,70.9022,225.0,False,NORMAL
AWS-001,2026-08-24T12:00:00Z,31.63,983.05,50.89,28.6139,77.209,216.0,False,NORMAL
AWS-002,2026-08-24T12:00:00Z,32.48,1009.09,57.98,18.922,72.8347,14.0,False,NORMAL
AWS-003,2026-08-24T12:00:00Z,26.42,834.1,44.32,32.219,76.3234,1457.0,True,CALIBRATION_DRIFT
AWS-004,2026-08-24T12:00:00Z,35.15,979.11,32.17,26.9124,70.9022,225.0,False,NORMAL
AWS-001,2026-08-24T12:15:00Z,31.5,982.89,49.14,28.6139,77.209,216.0,False,NORMAL
AWS-002,2026-08-24T12:15:00Z,32.71,1009.31,57.97,18.922,72.8347,14.0,False,NORMAL
AWS-003,2026-08-24T12:15:00Z,26.98,834.12,44.86,32.219,76.3234,1457.0,True,CALIBRATION_DRIFT
AWS-004,2026-08-24T12:15:00Z,35.8,979.11,30.71,26.9124,70.9022,225.0,False,NORMAL
AWS-001,2026-08-24T12:30:00Z,31.75,982.73,48.16,28.6139,77.209,216.0,False,NORMAL
AWS-002,2026-08-24T12:30:00Z,33.71,1009.22,55.73,18.922,72.8347,14.0,False,NORMAL
AWS-003,2026-08-24T12:30:00Z,28.05,833.81,43.21,32.219,76.3234,1457.0,True,CALIBRATION_DRIFT
AWS-004,2026-08-24T12:30:00Z,36.78,978.45,30.93,26.9124,70.9022,225.0,False,NORMAL
AWS-001,2026-08-24T12:45:00Z,32.33,982.83,48.69,28.6139,77.209,216.0,False,NORMAL
AWS-002,2026-08-24T12:45:00Z,33.41,1008.91,56.75,18.922,72.8347,14.0,False,NORMAL
AWS-003,2026-08-24T12:45:00Z,27.23,833.78,44.54,32.219,76.3234,1457.0,True,CALIBRATION_DRIFT
AWS-004,2026-08-24T12:45:00Z,36.84,978.39,30.63,26.9124,70.9022,225.0,False,NORMAL
AWS-001,2026-08-24T13:00:00Z,32.53,982.46,48.19,28.6139,77.209,216.0,False,NORMAL
AWS-002,2026-08-24T13:00:00Z,33.0,1008.69,56.58,18.922,72.8347,14.0,False,NORMAL
AWS-003,2026-08-24T13:00:00Z,28.22,833.44,43.13,32.219,76.3234,1457.0,True,CALIBRATION_DRIFT
AWS-004,2026-08-24T13:00:00Z,35.97,978.48,30.67,26.9124,70.9022,225.0,False,NORMAL
AWS-001,2026-08-24T13:15:00Z,32.4,982.3,47.95,28.6139,77.209,216.0,False,NORMAL
AWS-002,2026-08-24T13:15:00Z,33.57,1008.63,55.71,18.922,72.8347,14.0,False,NORMAL
AWS-003,2026-08-24T13:15:00Z,27.75,833.86,44.01,32.219,76.3234,1457.0,True,CALIBRATION_DRIFT
AWS-004,2026-08-24T13:15:00Z,36.26,978.02,30.13,26.9124,70.9022,225.0,False,NORMAL
AWS-001,2026-08-24T13:30:00Z,32.47,982.11,47.06,28.6139,77.209,216.0,False,NORMAL
AWS-002,2026-08-24T13:30:00Z,33.62,1008.65,55.69,18.922,72.8347,14.0,False,NORMAL
AWS-003,2026-08-24T13:30:00Z,28.0,833.71,42.78,32.219,76.3234,1457.0,True,CALIBRATION_DRIFT
AWS-004,2026-08-24T13:30:00Z,35.86,978.29,30.03,26.9124,70.9022,225.0,False,NORMAL
AWS-001,2026-08-24T13:45:00Z,32.36,982.22,46.65,28.6139,77.209,216.0,False,NORMAL
AWS-002,2026-08-24T13:45:00Z,33.84,1008.32,55.56,18.922,72.8347,14.0,False,NORMAL
AWS-003,2026-08-24T13:45:00Z,27.21,833.32,42.95,32.219,76.3234,1457.0,True,CALIBRATION_DRIFT
AWS-004,2026-08-24T13:45:00Z,36.59,978.02,28.53,26.9124,70.9022,225.0,False,NORMAL
AWS-001,2026-08-24T14:00:00Z,32.16,981.95,47.06,28.6139,77.209,216.0,False,NORMAL
AWS-002,2026-08-24T14:00:00Z,33.67,1008.23,55.79,18.922,72.8347,14.0,False,NORMAL
AWS-003,2026-08-24T14:00:00Z,27.46,833.25,42.6,32.219,76.3234,1457.0,True,CALIBRATION_DRIFT
AWS-004,2026-08-24T14:00:00Z,36.58,977.74,28.54,26.9124,70.9022,225.0,False,NORMAL
AWS-001,2026-08-24T14:15:00Z,32.47,981.66,47.83,28.6139,77.209,216.0,False,NORMAL
AWS-002,2026-08-24T14:15:00Z,33.51,1007.93,54.62,18.922,72.8347,14.0,False,NORMAL
AWS-003,2026-08-24T14:15:00Z,28.0,832.92,41.47,32.219,76.3234,1457.0,True,CALIBRATION_DRIFT
AWS-004,2026-08-24T14:15:00Z,36.84,977.89,28.14,26.9124,70.9022,225.0,False,NORMAL
AWS-001,2026-08-24T14:30:00Z,32.68,981.67,47.2,28.6139,77.209,216.0,False,NORMAL
AWS-002,2026-08-24T14:30:00Z,33.71,1007.78,54.06,18.922,72.8347,14.0,False,NORMAL
AWS-003,2026-08-24T14:30:00Z,27.44,832.59,42.54,32.219,76.3234,1457.0,True,CALIBRATION_DRIFT
AWS-004,2026-08-24T14:30:00Z,36.52,977.76,28.7,26.9124,70.9022,225.0,False,NORMAL
AWS-001,2026-08-24T14:45:00Z,32.6,981.67,47.78,28.6139,77.209,216.0,False,NORMAL
AWS-002,2026-08-24T14:45:00Z,33.97,1008.15,55.23,18.922,72.8347,14.0,False,NORMAL
AWS-003,2026-08-24T14:45:00Z,27.31,833.16,43.96,32.219,76.3234,1457.0,True,CALIBRATION_DRIFT
AWS-004,2026-08-24T14:45:00Z,36.28,977.28,30.13,26.9124,70.9022,225.0,False,NORMAL
AWS-001,2026-08-24T15:00:00Z,32.24,981.2,47.54,28.6139,77.209,216.0,False,NORMAL
AWS-002,2026-08-24T15:00:00Z,32.81,1008.0,55.21,18.922,72.8347,14.0,False,NORMAL
AWS-003,2026-08-24T15:00:00Z,27.44,832.82,42.24,32.219,76.3234,1457.0,True,CALIBRATION_DRIFT
AWS-004,2026-08-24T15:00:00Z,36.33,977.44,31.53,26.9124,70.9022,225.0,False,NORMAL
AWS-001,2026-08-24T15:15:00Z,31.97,981.43,47.8,28.6139,77.209,216.0,False,NORMAL
AWS-002,2026-08-24T15:15:00Z,33.91,1007.75,56.87,18.922,72.8347,14.0,False,NORMAL
AWS-003,2026-08-24T15:15:00Z,27.19,832.56,42.39,32.219,76.3234,1457.0,True,CALIBRATION_DRIFT
AWS-004,2026-08-24T15:15:00Z,36.01,977.27,30.03,26.9124,70.9022,225.0,False,NORMAL
AWS-001,2026-08-24T15:30:00Z,32.2,981.3,49.25,28.6139,77.209,216.0,False,NORMAL
AWS-002,2026-08-24T15:30:00Z,33.13,1007.71,55.7,18.922,72.8347,14.0,False,NORMAL
AWS-003,2026-08-24T15:30:00Z,27.63,832.71,43.35,32.219,76.3234,1457.0,True,CALIBRATION_DRIFT
AWS-004,2026-08-24T15:30:00Z,35.67,977.52,30.59,26.9124,70.9022,225.0,False,NORMAL
AWS-001,2026-08-24T15:45:00Z,32.14,981.58,49.44,28.6139,77.209,216.0,False,NORMAL
AWS-002,2026-08-24T15:45:00Z,32.78,1007.85,57.24,18.922,72.8347,14.0,False,NORMAL
AWS-003,2026-08-24T15:45:00Z,26.85,832.59,44.17,32.219,76.3234,1457.0,True,CALIBRATION_DRIFT
AWS-004,2026-08-24T15:45:00Z,36.21,977.37,30.37,26.9124,70.9022,225.0,False,NORMAL
AWS-001,2026-08-24T16:00:00Z,31.77,981.18,50.33,28.6139,77.209,216.0,False,NORMAL
AWS-002,2026-08-24T16:00:00Z,33.38,1007.36,56.24,18.922,72.8347,14.0,False,NORMAL
AWS-003,2026-08-24T16:00:00Z,26.66,832.78,43.35,32.219,76.3234,1457.0,True,CALIBRATION_DRIFT
AWS-004,2026-08-24T16:00:00Z,35.3,977.11,32.0,26.9124,70.9022,225.0,False,NORMAL
AWS-001,2026-08-24T16:15:00Z,31.5,981.26,50.79,28.6139,77.209,216.0,False,NORMAL
AWS-002,2026-08-24T16:15:00Z,32.76,1007.93,57.34,18.922,72.8347,14.0,False,NORMAL
AWS-003,2026-08-24T16:15:00Z,26.73,832.54,46.7,32.219,76.3234,1457.0,True,CALIBRATION_DRIFT
AWS-004,2026-08-24T16:15:00Z,35.87,977.23,32.54,26.9124,70.9022,225.0,False,NORMAL
AWS-001,2026-08-24T16:30:00Z,31.27,981.42,51.6,28.6139,77.209,216.0,False,NORMAL
AWS-002,2026-08-24T16:30:00Z,33.06,1007.61,59.74,18.922,72.8347,14.0,False,NORMAL
AWS-003,2026-08-24T16:30:00Z,25.88,832.88,46.93,32.219,76.3234,1457.0,True,CALIBRATION_DRIFT
AWS-004,2026-08-24T16:30:00Z,35.07,977.2,34.01,26.9124,70.9022,225.0,False,NORMAL
AWS-001,2026-08-24T16:45:00Z,30.7,981.46,52.38,28.6139,77.209,216.0,False,NORMAL
AWS-002,2026-08-24T16:45:00Z,32.1,1007.55,59.63,18.922,72.8347,14.0,False,NORMAL
AWS-003,2026-08-24T16:45:00Z,26.88,832.77,46.2,32.219,76.3234,1457.0,True,CALIBRATION_DRIFT
AWS-004,2026-08-24T16:45:00Z,34.27,977.85,34.19,26.9124,70.9022,225.0,False,NORMAL
AWS-001,2026-08-24T17:00:00Z,30.77,981.53,52.76,28.6139,77.209,216.0,False,NORMAL
AWS-002,2026-08-24T17:00:00Z,32.18,1007.47,60.99,18.922,72.8347,14.0,False,NORMAL
AWS-003,2026-08-24T17:00:00Z,27.36,832.81,49.01,32.219,76.3234,1457.0,True,CALIBRATION_DRIFT
AWS-004,2026-08-24T17:00:00Z,35.16,977.22,34.56,26.9124,70.9022,225.0,False,NORMAL
AWS-001,2026-08-24T17:15:00Z,30.46,981.4,54.28,28.6139,77.209,216.0,False,NORMAL
AWS-002,2026-08-24T17:15:00Z,31.8,1008.14,62.36,18.922,72.8347,14.0,False,NORMAL
AWS-003,2026-08-24T17:15:00Z,26.02,832.67,48.49,32.219,76.3234,1457.0,True,CALIBRATION_DRIFT
AWS-004,2026-08-24T17:15:00Z,34.79,977.56,37.61,26.9124,70.9022,225.0,False,NORMAL
AWS-001,2026-08-24T17:30:00Z,29.63,981.57,54.11,28.6139,77.209,216.0,False,NORMAL
AWS-002,2026-08-24T17:30:00Z,31.21,1008.17,62.8,18.922,72.8347,14.0,False,NORMAL
AWS-003,2026-08-24T17:30:00Z,25.48,833.23,50.47,32.219,76.3234,1457.0,True,CALIBRATION_DRIFT
AWS-004,2026-08-24T17:30:00Z,34.16,977.86,36.73,26.9124,70.9022,225.0,False,NORMAL
AWS-001,2026-08-24T17:45:00Z,30.44,981.61,56.26,28.6139,77.209,216.0,False,NORMAL
AWS-002,2026-08-24T17:45:00Z,31.17,1008.15,64.03,18.922,72.8347,14.0,False,NORMAL
AWS-003,2026-08-24T17:45:00Z,25.98,832.6,50.37,32.219,76.3234,1457.0,True,CALIBRATION_DRIFT
AWS-004,2026-08-24T17:45:00Z,33.81,977.74,37.72,26.9124,70.9022,225.0,False,NORMAL
AWS-001,2026-08-24T18:00:00Z,29.93,982.17,56.63,28.6139,77.209,216.0,False,NORMAL
AWS-002,2026-08-24T18:00:00Z,30.72,1008.35,64.5,18.922,72.8347,14.0,False,NORMAL
AWS-003,2026-08-24T18:00:00Z,24.62,833.24,51.37,32.219,76.3234,1457.0,True,CALIBRATION_DRIFT
AWS-004,2026-08-24T18:00:00Z,34.03,977.98,39.04,26.9124,70.9022,225.0,False,NORMAL
AWS-001,2026-08-24T18:15:00Z,29.36,981.95,57.54,28.6139,77.209,216.0,False,NORMAL
AWS-002,2026-08-24T18:15:00Z,31.19,1008.34,66.7,18.922,72.8347,14.0,False,NORMAL
AWS-003,2026-08-24T18:15:00Z,23.88,833.12,53.2,32.219,76.3234,1457.0,True,CALIBRATION_DRIFT
AWS-004,2026-08-24T18:15:00Z,34.09,977.81,40.08,26.9124,70.9022,225.0,False,NORMAL
AWS-001,2026-08-24T18:30:00Z,29.01,982.28,60.03,28.6139,77.209,216.0,False,NORMAL
AWS-002,2026-08-24T18:30:00Z,30.37,1008.29,67.45,18.922,72.8347,14.0,False,NORMAL
AWS-003,2026-08-24T18:30:00Z,24.28,833.5,54.79,32.219,76.3234,1457.0,True,CALIBRATION_DRIFT
AWS-004,2026-08-24T18:30:00Z,32.63,977.97,40.82,26.9124,70.9022,225.0,False,NORMAL
AWS-001,2026-08-24T18:45:00Z,28.39,982.24,61.26,28.6139,77.209,216.0,False,NORMAL
AWS-002,2026-08-24T18:45:00Z,29.6,1008.88,68.79,18.922,72.8347,14.0,False,NORMAL
AWS-003,2026-08-24T18:45:00Z,24.04,833.76,55.85,32.219,76.3234,1457.0,True,CALIBRATION_DRIFT
AWS-004,2026-08-24T18:45:00Z,32.78,978.22,41.7,26.9124,70.9022,225.0,False,NORMAL
AWS-001,2026-08-24T19:00:00Z,27.9,982.39,61.54,28.6139,77.209,216.0,False,NORMAL
AWS-002,2026-08-24T19:00:00Z,29.53,1009.12,70.54,18.922,72.8347,14.0,False,NORMAL
AWS-003,2026-08-24T19:00:00Z,23.31,833.36,58.4,32.219,76.3234,1457.0,True,CALIBRATION_DRIFT
AWS-004,2026-08-24T19:00:00Z,31.73,978.31,43.36,26.9124,70.9022,225.0,False,NORMAL
AWS-001,2026-08-24T19:15:00Z,27.5,982.67,63.28,28.6139,77.209,216.0,False,NORMAL
AWS-002,2026-08-24T19:15:00Z,27.88,1008.76,70.9,18.922,72.8347,14.0,False,NORMAL
AWS-003,2026-08-24T19:15:00Z,23.23,833.51,59.06,32.219,76.3234,1457.0,True,CALIBRATION_DRIFT
AWS-004,2026-08-24T19:15:00Z,31.9,978.55,45.42,26.9124,70.9022,225.0,False,NORMAL
AWS-001,2026-08-24T19:30:00Z,27.27,982.82,64.07,28.6139,77.209,216.0,False,NORMAL
AWS-002,2026-08-24T19:30:00Z,28.58,1009.32,71.78,18.922,72.8347,14.0,False,NORMAL
AWS-003,2026-08-24T19:30:00Z,23.51,834.18,59.79,32.219,76.3234,1457.0,True,CALIBRATION_DRIFT
AWS-004,2026-08-24T19:30:00Z,31.15,978.42,46.1,26.9124,70.9022,225.0,False,NORMAL
AWS-001,2026-08-24T19:45:00Z,27.03,982.81,65.34,28.6139,77.209,216.0,False,NORMAL
AWS-002,2026-08-24T19:45:00Z,28.84,1009.37,73.38,18.922,72.8347,14.0,False,NORMAL
AWS-003,2026-08-24T19:45:00Z,22.47,834.0,60.26,32.219,76.3234,1457.0,True,CALIBRATION_DRIFT
AWS-004,2026-08-24T19:45:00Z,31.13,979.08,46.96,26.9124,70.9022,225.0,False,NORMAL
AWS-001,2026-08-24T20:00:00Z,26.43,983.22,67.07,28.6139,77.209,216.0,False,NORMAL
AWS-002,2026-08-24T20:00:00Z,27.83,1009.27,74.54,18.922,72.8347,14.0,False,NORMAL
AWS-003,2026-08-24T20:00:00Z,21.46,834.46,62.09,32.219,76.3234,1457.0,True,CALIBRATION_DRIFT
AWS-004,2026-08-24T20:00:00Z,30.37,979.2,49.14,26.9124,70.9022,225.0,False,NORMAL
AWS-001,2026-08-24T20:15:00Z,26.02,983.22,68.23,28.6139,77.209,216.0,False,NORMAL
AWS-002,2026-08-24T20:15:00Z,27.32,1009.69,76.5,18.922,72.8347,14.0,False,NORMAL
AWS-003,2026-08-24T20:15:00Z,21.48,834.22,63.04,32.219,76.3234,1457.0,True,CALIBRATION_DRIFT
AWS-004,2026-08-24T20:15:00Z,30.45,979.29,50.48,26.9124,70.9022,225.0,False,NORMAL
AWS-001,2026-08-24T20:30:00Z,25.67,983.2,69.25,28.6139,77.209,216.0,False,NORMAL
AWS-002,2026-08-24T20:30:00Z,27.07,1009.63,78.53,18.922,72.8347,14.0,False,NORMAL
AWS-003,2026-08-24T20:30:00Z,20.41,834.16,65.11,32.219,76.3234,1457.0,True,CALIBRATION_DRIFT
AWS-004,2026-08-24T20:30:00Z,29.74,979.12,51.13,26.9124,70.9022,225.0,False,NORMAL
AWS-001,2026-08-24T20:45:00Z,25.27,983.38,71.11,28.6139,77.209,216.0,False,NORMAL
AWS-002,2026-08-24T20:45:00Z,26.02,1009.76,78.88,18.922,72.8347,14.0,False,NORMAL
AWS-003,2026-08-24T20:45:00Z,20.11,834.52,66.09,32.219,76.3234,1457.0,True,CALIBRATION_DRIFT
AWS-004,2026-08-24T20:45:00Z,29.64,979.26,53.22,26.9124,70.9022,225.0,False,NORMAL
AWS-001,2026-08-24T21:00:00Z,24.87,983.58,72.36,28.6139,77.209,216.0,False,NORMAL
AWS-002,2026-08-24T21:00:00Z,26.33,1009.72,80.76,18.922,72.8347,14.0,False,NORMAL
AWS-003,2026-08-24T21:00:00Z,19.58,834.66,66.2,32.219,76.3234,1457.0,True,CALIBRATION_DRIFT
AWS-004,2026-08-24T21:00:00Z,29.02,979.28,54.1,26.9124,70.9022,225.0,False,NORMAL
AWS-001,2026-08-24T21:15:00Z,24.94,983.49,73.76,28.6139,77.209,216.0,False,NORMAL
AWS-002,2026-08-24T21:15:00Z,25.92,1009.7,82.19,18.922,72.8347,14.0,False,NORMAL
AWS-003,2026-08-24T21:15:00Z,19.98,834.57,68.63,32.219,76.3234,1457.0,True,CALIBRATION_DRIFT
AWS-004,2026-08-24T21:15:00Z,28.64,979.33,55.14,26.9124,70.9022,225.0,False,NORMAL
AWS-001,2026-08-24T21:30:00Z,24.58,983.69,74.4,28.6139,77.209,216.0,False,NORMAL
AWS-002,2026-08-24T21:30:00Z,25.18,1009.74,81.31,18.922,72.8347,14.0,False,NORMAL
AWS-003,2026-08-24T21:30:00Z,19.66,834.3,68.53,32.219,76.3234,1457.0,True,CALIBRATION_DRIFT
AWS-004,2026-08-24T21:30:00Z,29.32,979.33,57.77,26.9124,70.9022,225.0,False,NORMAL
AWS-001,2026-08-24T21:45:00Z,23.84,983.6,75.81,28.6139,77.209,216.0,False,NORMAL
AWS-002,2026-08-24T21:45:00Z,24.95,1009.94,85.15,18.922,72.8347,14.0,False,NORMAL
AWS-003,2026-08-24T21:45:00Z,18.53,834.49,71.37,32.219,76.3234,1457.0,True,CALIBRATION_DRIFT
AWS-004,2026-08-24T21:45:00Z,28.27,979.35,58.96,26.9124,70.9022,225.0,False,NORMAL
AWS-001,2026-08-24T22:00:00Z,23.36,983.58,76.73,28.6139,77.209,216.0,False,NORMAL
AWS-002,2026-08-24T22:00:00Z,25.03,1010.14,85.55,18.922,72.8347,14.0,False,NORMAL
AWS-003,2026-08-24T22:00:00Z,18.87,834.41,73.0,32.219,76.3234,1457.0,True,CALIBRATION_DRIFT
AWS-004,2026-08-24T22:00:00Z,27.26,979.52,59.63,26.9124,70.9022,225.0,False,NORMAL
AWS-001,2026-08-24T22:15:00Z,23.26,983.72,78.11,28.6139,77.209,216.0,False,NORMAL
AWS-002,2026-08-24T22:15:00Z,24.08,1009.74,85.63,18.922,72.8347,14.0,False,NORMAL
AWS-003,2026-08-24T22:15:00Z,18.59,834.48,74.21,32.219,76.3234,1457.0,True,CALIBRATION_DRIFT
AWS-004,2026-08-24T22:15:00Z,26.97,979.53,58.4,26.9124,70.9022,225.0,False,NORMAL
AWS-001,2026-08-24T22:30:00Z,23.18,983.3,79.28,28.6139,77.209,216.0,False,NORMAL
AWS-002,2026-08-24T22:30:00Z,24.63,1010.04,87.47,18.922,72.8347,14.0,False,NORMAL
AWS-003,2026-08-24T22:30:00Z,18.49,834.93,73.97,32.219,76.3234,1457.0,True,CALIBRATION_DRIFT
AWS-004,2026-08-24T22:30:00Z,27.52,979.54,61.12,26.9124,70.9022,225.0,False,NORMAL
AWS-001,2026-08-24T22:45:00Z,22.52,983.38,80.78,28.6139,77.209,216.0,False,NORMAL
AWS-002,2026-08-24T22:45:00Z,23.38,1009.82,87.66,18.922,72.8347,14.0,False,NORMAL
AWS-003,2026-08-24T22:45:00Z,17.9,834.6,74.23,32.219,76.3234,1457.0,True,CALIBRATION_DRIFT
AWS-004,2026-08-24T22:45:00Z,26.86,979.72,63.1,26.9124,70.9022,225.0,False,NORMAL
AWS-001,2026-08-24T23:00:00Z,22.07,983.54,80.84,28.6139,77.209,216.0,False,NORMAL
AWS-002,2026-08-24T23:00:00Z,23.27,1009.96,88.8,18.922,72.8347,14.0,False,NORMAL
AWS-003,2026-08-24T23:00:00Z,16.86,834.7,75.27,32.219,76.3234,1457.0,True,CALIBRATION_DRIFT
AWS-004,2026-08-24T23:00:00Z,26.07,979.54,64.0,26.9124,70.9022,225.0,False,NORMAL
AWS-001,2026-08-24T23:15:00Z,22.43,983.43,82.59,28.6139,77.209,216.0,False,NORMAL
AWS-002,2026-08-24T23:15:00Z,23.18,1010.1,90.6,18.922,72.8347,14.0,False,NORMAL
AWS-003,2026-08-24T23:15:00Z,17.46,834.34,76.66,32.219,76.3234,1457.0,True,CALIBRATION_DRIFT
AWS-004,2026-08-24T23:15:00Z,26.81,979.54,63.96,26.9124,70.9022,225.0,False,NORMAL
AWS-001,2026-08-24T23:30:00Z,21.75,983.39,82.91,28.6139,77.209,216.0,False,NORMAL
AWS-002,2026-08-24T23:30:00Z,23.05,1009.55,91.74,18.922,72.8347,14.0,False,NORMAL
AWS-003,2026-08-24T23:30:00Z,16.36,834.55,77.32,32.219,76.3234,1457.0,True,CALIBRATION_DRIFT
AWS-004,2026-08-24T23:30:00Z,25.71,979.01,64.85,26.9124,70.9022,225.0,False,NORMAL
AWS-001,2026-08-24T23:45:00Z,22.03,983.2,83.68,28.6139,77.209,216.0,False,NORMAL
AWS-002,2026-08-24T23:45:00Z,22.82,1009.53,92.05,18.922,72.8347,14.0,False,NORMAL
AWS-003,2026-08-24T23:45:00Z,17.29,834.13,79.55,32.219,76.3234,1457.0,True,CALIBRATION_DRIFT
AWS-004,2026-08-24T23:45:00Z,25.51,978.69,65.6,26.9124,70.9022,225.0,False,NORMAL
AWS-001,2026-08-25T00:00:00Z,21.3,982.93,84.45,28.6139,77.209,216.0,False,NORMAL
AWS-002,2026-08-25T00:00:00Z,22.47,1009.36,93.06,18.922,72.8347,14.0,False,NORMAL
AWS-003,2026-08-25T00:00:00Z,16.24,834.16,80.17,32.219,76.3234,1457.0,True,CALIBRATION_DRIFT
AWS-004,2026-08-25T00:00:00Z,25.37,978.97,65.53,26.9124,70.9022,225.0,False,NORMAL
AWS-001,2026-08-25T00:15:00Z,20.9,982.96,84.66,28.6139,77.209,216.0,False,NORMAL
AWS-002,2026-08-25T00:15:00Z,22.14,1009.02,93.35,18.922,72.8347,14.0,False,NORMAL
AWS-003,2026-08-25T00:15:00Z,16.88,833.93,79.52,32.219,76.3234,1457.0,True,CALIBRATION_DRIFT
AWS-004,2026-08-25T00:15:00Z,24.86,978.7,67.41,26.9124,70.9022,225.0,False,NORMAL
AWS-001,2026-08-25T00:30:00Z,20.82,982.63,86.08,28.6139,77.209,216.0,False,NORMAL
AWS-002,2026-08-25T00:30:00Z,22.32,1009.27,93.78,18.922,72.8347,14.0,False,NORMAL
AWS-003,2026-08-25T00:30:00Z,16.67,833.73,81.06,32.219,76.3234,1457.0,True,CALIBRATION_DRIFT
AWS-004,2026-08-25T00:30:00Z,25.11,978.84,67.06,26.9124,70.9022,225.0,False,NORMAL
AWS-001,2026-08-25T00:45:00Z,20.54,982.6,86.41,28.6139,77.209,216.0,False,NORMAL
AWS-002,2026-08-25T00:45:00Z,22.07,1009.1,93.53,18.922,72.8347,14.0,False,NORMAL
AWS-003,2026-08-25T00:45:00Z,15.66,833.91,81.57,32.219,76.3234,1457.0,True,CALIBRATION_DRIFT
AWS-004,2026-08-25T00:45:00Z,25.5,978.75,68.81,26.9124,70.9022,225.0,False,NORMAL
AWS-001,2026-08-25T01:00:00Z,20.46,982.44,86.6,28.6139,77.209,216.0,False,NORMAL
AWS-002,2026-08-25T01:00:00Z,22.11,1008.82,93.66,18.922,72.8347,14.0,False,NORMAL
AWS-003,2026-08-25T01:00:00Z,16.19,833.78,81.74,32.219,76.3234,1457.0,True,CALIBRATION_DRIFT
AWS-004,2026-08-25T01:00:00Z,24.83,978.49,68.62,26.9124,70.9022,225.0,False,NORMAL
AWS-001,2026-08-25T01:15:00Z,21.25,982.26,86.74,28.6139,77.209,216.0,False,NORMAL
AWS-002,2026-08-25T01:15:00Z,21.87,1008.69,93.89,18.922,72.8347,14.0,False,NORMAL
AWS-003,2026-08-25T01:15:00Z,16.11,833.55,81.49,32.219,76.3234,1457.0,True,CALIBRATION_DRIFT
AWS-004,2026-08-25T01:15:00Z,25.04,978.28,69.33,26.9124,70.9022,225.0,False,NORMAL
AWS-001,2026-08-25T01:30:00Z,20.53,982.18,87.09,28.6139,77.209,216.0,False,NORMAL
AWS-002,2026-08-25T01:30:00Z,22.39,1008.22,94.68,18.922,72.8347,14.0,False,NORMAL
AWS-003,2026-08-25T01:30:00Z,16.19,833.24,82.97,32.219,76.3234,1457.0,True,CALIBRATION_DRIFT
AWS-004,2026-08-25T01:30:00Z,25.12,978.17,68.44,26.9124,70.9022,225.0,False,NORMAL
AWS-001,2026-08-25T01:45:00Z,20.32,981.99,86.75,28.6139,77.209,216.0,False,NORMAL
AWS-002,2026-08-25T01:45:00Z,21.88,1008.55,95.14,18.922,72.8347,14.0,False,NORMAL
AWS-003,2026-08-25T01:45:00Z,17.01,833.45,84.31,32.219,76.3234,1457.0,True,CALIBRATION_DRIFT
AWS-004,2026-08-25T01:45:00Z,24.64,977.96,68.54,26.9124,70.9022,225.0,False,NORMAL
AWS-001,2026-08-25T02:00:00Z,20.51,982.01,86.82,28.6139,77.209,216.0,False,NORMAL
AWS-002,2026-08-25T02:00:00Z,21.21,1008.24,95.53,18.922,72.8347,14.0,False,NORMAL
AWS-003,2026-08-25T02:00:00Z,15.28,832.96,80.81,32.219,76.3234,1457.0,True,CALIBRATION_DRIFT
AWS-004,2026-08-25T02:00:00Z,24.29,977.78,68.85,26.9124,70.9022,225.0,False,NORMAL
AWS-001,2026-08-25T02:15:00Z,20.59,981.86,86.48,28.6139,77.209,216.0,False,NORMAL
AWS-002,2026-08-25T02:15:00Z,21.5,1008.31,94.66,18.922,72.8347,14.0,False,NORMAL
AWS-003,2026-08-25T02:15:00Z,16.89,833.18,80.29,32.219,76.3234,1457.0,True,CALIBRATION_DRIFT
AWS-004,2026-08-25T02:15:00Z,24.88,977.72,69.55,26.9124,70.9022,225.0,False,NORMAL
AWS-001,2026-08-25T02:30:00Z,20.79,981.74,86.46,28.6139,77.209,216.0,False,NORMAL
AWS-002,2026-08-25T02:30:00Z,22.61,1007.92,95.64,18.922,72.8347,14.0,False,NORMAL
AWS-003,2026-08-25T02:30:00Z,15.74,833.15,82.11,32.219,76.3234,1457.0,True,CALIBRATION_DRIFT
AWS-004,2026-08-25T02:30:00Z,24.46,977.54,69.0,26.9124,70.9022,225.0,False,NORMAL
AWS-001,2026-08-25T02:45:00Z,21.02,981.49,86.53,28.6139,77.209,216.0,False,NORMAL
AWS-002,2026-08-25T02:45:00Z,22.08,1007.81,94.55,18.922,72.8347,14.0,False,NORMAL
AWS-003,2026-08-25T02:45:00Z,16.81,832.58,81.12,32.219,76.3234,1457.0,True,CALIBRATION_DRIFT
AWS-004,2026-08-25T02:45:00Z,24.6,977.17,69.6,26.9124,70.9022,225.0,False,NORMAL
AWS-001,2026-08-25T03:00:00Z,21.04,981.27,86.11,28.6139,77.209,216.0,False,NORMAL
AWS-002,2026-08-25T03:00:00Z,21.76,1007.81,94.66,18.922,72.8347,14.0,False,NORMAL
AWS-003,2026-08-25T03:00:00Z,15.53,833.09,81.39,32.219,76.3234,1457.0,True,CALIBRATION_DRIFT
AWS-004,2026-08-25T03:00:00Z,24.92,977.07,67.93,26.9124,70.9022,225.0,False,NORMAL
AWS-001,2026-08-25T03:15:00Z,20.92,981.68,86.33,28.6139,77.209,216.0,False,NORMAL
AWS-002,2026-08-25T03:15:00Z,21.98,1007.8,93.12,18.922,72.8347,14.0,False,NORMAL
AWS-003,2026-08-25T03:15:00Z,16.34,832.5,82.51,32.219,76.3234,1457.0,True,CALIBRATION_DRIFT
AWS-004,2026-08-25T03:15:00Z,25.34,977.44,68.41,26.9124,70.9022,225.0,False,NORMAL
AWS-001,2026-08-25T03:30:00Z,20.9,981.3,86.2,28.6139,77.209,216.0,False,NORMAL
AWS-002,2026-08-25T03:30:00Z,22.44,1007.69,94.4,18.922,72.8347,14.0,False,NORMAL
AWS-003,2026-08-25T03:30:00Z,16.06,832.61,80.52,32.219,76.3234,1457.0,True,CALIBRATION_DRIFT
AWS-004,2026-08-25T03:30:00Z,25.48,977.25,67.57,26.9124,70.9022,225.0,False,NORMAL
AWS-001,2026-08-25T03:45:00Z,20.61,981.12,85.31,28.6139,77.209,216.0,False,NORMAL
AWS-002,2026-08-25T03:45:00Z,22.0,1007.42,94.3,18.922,72.8347,14.0,False,NORMAL
AWS-003,2026-08-25T03:45:00Z,16.53,832.89,79.76,32.219,76.3234,1457.0,True,CALIBRATION_DRIFT
AWS-004,2026-08-25T03:45:00Z,25.11,977.31,67.46,26.9124,70.9022,225.0,False,NORMAL
AWS-001,2026-08-25T04:00:00Z,21.68,981.22,84.67,28.6139,77.209,216.0,False,NORMAL
AWS-002,2026-08-25T04:00:00Z,22.74,1007.67,92.49,18.922,72.8347,14.0,False,NORMAL
AWS-003,2026-08-25T04:00:00Z,16.97,832.58,80.1,32.219,76.3234,1457.0,True,CALIBRATION_DRIFT
AWS-004,2026-08-25T04:00:00Z,25.18,977.3,65.4,26.9124,70.9022,225.0,False,NORMAL
AWS-001,2026-08-25T04:15:00Z,21.21,981.29,83.81,28.6139,77.209,216.0,False,NORMAL
AWS-002,2026-08-25T04:15:00Z,22.36,1007.53,91.32,18.922,72.8347,14.0,False,NORMAL
AWS-003,2026-08-25T04:15:00Z,16.69,832.6,78.78,32.219,76.3234,1457.0,True,CALIBRATION_DRIFT
AWS-004,2026-08-25T04:15:00Z,25.98,977.09,65.89,26.9124,70.9022,225.0,False,NORMAL
AWS-001,2026-08-25T04:30:00Z,22.06,981.45,82.6,28.6139,77.209,216.0,False,NORMAL
AWS-002,2026-08-25T04:30:00Z,23.2,1007.7,91.41,18.922,72.8347,14.0,False,NORMAL
AWS-003,2026-08-25T04:30:00Z,18.05,832.71,76.82,32.219,76.3234,1457.0,True,CALIBRATION_DRIFT
AWS-004,2026-08-25T04:30:00Z,26.05,977.33,65.76,26.9124,70.9022,225.0,False,NORMAL
AWS-001,2026-08-25T04:45:00Z,22.01,981.29,82.56,28.6139,77.209,216.0,False,NORMAL
AWS-002,2026-08-25T04:45:00Z,23.17,1007.68,89.9,18.922,72.8347,14.0,False,NORMAL
AWS-003,2026-08-25T04:45:00Z,17.55,832.64,76.38,32.219,76.3234,1457.0,True,CALIBRATION_DRIFT
AWS-004,2026-08-25T04:45:00Z,25.87,977.22,64.26,26.9124,70.9022,225.0,False,NORMAL
AWS-001,2026-08-25T05:00:00Z,22.07,981.39,81.14,28.6139,77.209,216.0,False,NORMAL
AWS-002,2026-08-25T05:00:00Z,24.22,1007.92,89.42,18.922,72.8347,14.0,False,NORMAL
AWS-003,2026-08-25T05:00:00Z,17.33,832.93,76.15,32.219,76.3234,1457.0,True,CALIBRATION_DRIFT
AWS-004,2026-08-25T05:00:00Z,26.54,977.35,63.68,26.9124,70.9022,225.0,False,NORMAL
AWS-001,2026-08-25T05:15:00Z,22.62,981.78,79.97,28.6139,77.209,216.0,False,NORMAL
AWS-002,2026-08-25T05:15:00Z,24.32,1007.73,88.51,18.922,72.8347,14.0,False,NORMAL
AWS-003,2026-08-25T05:15:00Z,18.4,832.6,73.93,32.219,76.3234,1457.0,True,CALIBRATION_DRIFT
AWS-004,2026-08-25T05:15:00Z,26.33,977.5,61.85,26.9124,70.9022,225.0,False,NORMAL
AWS-001,2026-08-25T05:30:00Z,22.77,981.58,79.09,28.6139,77.209,216.0,False,NORMAL
AWS-002,2026-08-25T05:30:00Z,24.79,1007.83,87.93,18.922,72.8347,14.0,False,NORMAL
AWS-003,2026-08-25T05:30:00Z,18.85,833.02,74.55,32.219,76.3234,1457.0,True,CALIBRATION_DRIFT
AWS-004,2026-08-25T05:30:00Z,26.76,977.64,60.48,26.9124,70.9022,225.0,False,NORMAL
AWS-001,2026-08-25T05:45:00Z,23.52,981.69,77.78,28.6139,77.209,216.0,False,NORMAL
AWS-002,2026-08-25T05:45:00Z,24.53,1007.9,85.71,18.922,72.8347,14.0,False,NORMAL
AWS-003,2026-08-25T05:45:00Z,19.61,832.94,72.68,32.219,76.3234,1457.0,True,CALIBRATION_DRIFT
AWS-004,2026-08-25T05:45:00Z,27.24,977.67,59.73,26.9124,70.9022,225.0,False,NORMAL
AWS-001,2026-08-25T06:00:00Z,23.13,981.8,76.74,28.6139,77.209,216.0,False,NORMAL
AWS-002,2026-08-25T06:00:00Z,24.93,1008.29,85.21,18.922,72.8347,14.0,False,NORMAL
AWS-003,2026-08-25T06:00:00Z,18.75,833.34,72.24,32.219,76.3234,1457.0,True,CALIBRATION_DRIFT
AWS-004,2026-08-25T06:00:00Z,27.88,977.84,59.11,26.9124,70.9022,225.0,False,NORMAL
AWS-001,2026-08-25T06:15:00Z,23.34,981.94,75.85,28.6139,77.209,216.0,False,NORMAL
AWS-002,2026-08-25T06:15:00Z,25.14,1008.46,83.7,18.922,72.8347,14.0,False,NORMAL
AWS-003,2026-08-25T06:15:00Z,19.25,833.3,70.57,32.219,76.3234,1457.0,True,CALIBRATION_DRIFT
AWS-004,2026-08-25T06:15:00Z,27.8,978.03,57.19,26.9124,70.9022,225.0,False,NORMAL
AWS-001,2026-08-25T06:30:00Z,24.16,981.95,74.53,28.6139,77.209,216.0,False,NORMAL
AWS-002,2026-08-25T06:30:00Z,24.64,1008.35,81.58,18.922,72.8347,14.0,False,NORMAL
AWS-003,2026-08-25T06:30:00Z,19.24,833.41,70.16,32.219,76.3234,1457.0,True,CALIBRATION_DRIFT
AWS-004,2026-08-25T06:30:00Z,28.33,978.03,57.26,26.9124,70.9022,225.0,False,NORMAL
AWS-001,2026-08-25T06:45:00Z,24.16,982.26,74.23,28.6139,77.209,216.0,False,NORMAL
AWS-002,2026-08-25T06:45:00Z,25.74,1008.6,81.39,18.922,72.8347,14.0,False,NORMAL
AWS-003,2026-08-25T06:45:00Z,20.39,833.64,68.17,32.219,76.3234,1457.0,True,CALIBRATION_DRIFT
AWS-004,2026-08-25T06:45:00Z,28.7,978.47,54.91,26.9124,70.9022,225.0,False,NORMAL
AWS-001,2026-08-25T07:00:00Z,25.13,982.53,72.05,28.6139,77.209,216.0,False,NORMAL
AWS-002,2026-08-25T07:00:00Z,26.9,1008.73,80.55,18.922,72.8347,14.0,False,NORMAL
AWS-003,2026-08-25T07:00:00Z,21.01,833.77,66.73,32.219,76.3234,1457.0,True,CALIBRATION_DRIFT
AWS-004,2026-08-25T07:00:00Z,29.72,978.35,53.23,26.9124,70.9022,225.0,False,NORMAL
AWS-001,2026-08-25T07:15:00Z,26.02,982.5,70.57,28.6139,77.209,216.0,False,NORMAL
AWS-002,2026-08-25T07:15:00Z,26.87,1009.13,79.23,18.922,72.8347,14.0,False,NORMAL
AWS-003,2026-08-25T07:15:00Z,20.63,833.65,66.49,32.219,76.3234,1457.0,True,CALIBRATION_DRIFT
AWS-004,2026-08-25T07:15:00Z,29.22,978.24,52.91,26.9124,70.9022,225.0,False,NORMAL
AWS-001,2026-08-25T07:30:00Z,26.12,982.77,70.6,28.6139,77.209,216.0,False,NORMAL
AWS-002,2026-08-25T07:30:00Z,26.55,1008.97,78.71,18.922,72.8347,14.0,False,NORMAL
AWS-003,2026-08-25T07:30:00Z,21.15,834.01,64.6,32.219,76.3234,1457.0,True,CALIBRATION_DRIFT
AWS-004,2026-08-25T07:30:00Z,29.79,978.93,51.32,26.9124,70.9022,225.0,False,NORMAL
AWS-001,2026-08-25T07:45:00Z,25.61,982.81,69.12,28.6139,77.209,216.0,False,NORMAL
AWS-002,2026-08-25T07:45:00Z,27.21,1009.44,76.67,18.922,72.8347,14.0,False,NORMAL
AWS-003,2026-08-25T07:45:00Z,21.13,834.03,62.7,32.219,76.3234,1457.0,True,CALIBRATION_DRIFT
AWS-004,2026-08-25T07:45:00Z,30.61,978.47,51.23,26.9124,70.9022,225.0,False,NORMAL
AWS-001,2026-08-25T08:00:00Z,26.78,982.87,67.38,28.6139,77.209,216.0,False,NORMAL
AWS-002,2026-08-25T08:00:00Z,28.02,1009.29,75.05,18.922,72.8347,14.0,False,NORMAL
AWS-003,2026-08-25T08:00:00Z,22.37,834.03,62.3,32.219,76.3234,1457.0,True,CALIBRATION_DRIFT
AWS-004,2026-08-25T08:00:00Z,30.07,979.01,49.06,26.9124,70.9022,225.0,False,NORMAL
AWS-001,2026-08-25T08:15:00Z,27.12,983.16,66.12,28.6139,77.209,216.0,False,NORMAL
AWS-002,2026-08-25T08:15:00Z,27.87,1009.3,73.82,18.922,72.8347,14.0,False,NORMAL
AWS-003,2026-08-25T08:15:00Z,23.29,833.77,60.91,32.219,76.3234,1457.0,True,CALIBRATION_DRIFT
AWS-004,2026-08-25T08:15:00Z,31.07,979.17,48.33,26.9124,70.9022,225.0,False,NORMAL
AWS-001,2026-08-25T08:30:00Z,26.85,983.27,65.1,28.6139,77.209,216.0,False,NORMAL
AWS-002,2026-08-25T08:30:00Z,27.81,1009.51,72.09,18.922,72.8347,14.0,False,NORMAL
AWS-003,2026-08-25T08:30:00Z,23.59,834.31,59.93,32.219,76.3234,1457.0,True,CALIBRATION_DRIFT
AWS-004,2026-08-25T08:30:00Z,31.91,979.29,45.74,26.9124,70.9022,225.0,False,NORMAL
AWS-001,2026-08-25T08:45:00Z,27.22,983.38,62.82,28.6139,77.209,216.0,False,NORMAL
AWS-002,2026-08-25T08:45:00Z,28.52,1009.86,71.58,18.922,72.8347,14.0,False,NORMAL
AWS-003,2026-08-25T08:45:00Z,23.67,834.54,59.56,32.219,76.3234,1457.0,True,CALIBRATION_DRIFT
AWS-004,2026-08-25T08:45:00Z,31.74,979.36,45.18,26.9124,70.9022,225.0,False,NORMAL
AWS-001,2026-08-25T09:00:00Z,28.48,983.53,61.62,28.6139,77.209,216.0,False,NORMAL
AWS-002,2026-08-25T09:00:00Z,29.38,1010.17,69.84,18.922,72.8347,14.0,False,NORMAL
AWS-003,2026-08-25T09:00:00Z,23.6,834.6,56.28,32.219,76.3234,1457.0,True,CALIBRATION_DRIFT
AWS-004,2026-08-25T09:00:00Z,31.62,979.41,44.68,26.9124,70.9022,225.0,False,NORMAL
AWS-001,2026-08-25T09:15:00Z,28.36,983.51,61.07,28.6139,77.209,216.0,False,NORMAL
AWS-002,2026-08-25T09:15:00Z,30.22,1010.0,68.27,18.922,72.8347,14.0,False,NORMAL
AWS-003,2026-08-25T09:15:00Z,24.33,834.33,54.71,32.219,76.3234,1457.0,True,CALIBRATION_DRIFT
AWS-004,2026-08-25T09:15:00Z,32.73,979.39,43.38,26.9124,70.9022,225.0,False,NORMAL
AWS-001,2026-08-25T09:30:00Z,29.33,983.44,59.71,28.6139,77.209,216.0,False,NORMAL
AWS-002,2026-08-25T09:30:00Z,30.54,1009.74,66.92,18.922,72.8347,14.0,False,NORMAL
AWS-003,2026-08-25T09:30:00Z,24.74,834.34,54.7,32.219,76.3234,1457.0,True,CALIBRATION_DRIFT
AWS-004,2026-08-25T09:30:00Z,32.6,979.03,41.71,26.9124,70.9022,225.0,False,NORMAL
AWS-001,2026-08-25T09:45:00Z,29.57,983.18,58.61,28.6139,77.209,216.0,False,NORMAL
AWS-002,2026-08-25T09:45:00Z,31.05,1009.74,65.9,18.922,72.8347,14.0,False,NORMAL
AWS-003,2026-08-25T09:45:00Z,24.8,834.58,54.23,32.219,76.3234,1457.0,True,CALIBRATION_DRIFT
AWS-004,2026-08-25T09:45:00Z,33.72,979.63,40.26,26.9124,70.9022,225.0,False,NORMAL
AWS-001,2026-08-25T10:00:00Z,29.36,983.71,56.74,28.6139,77.209,216.0,False,NORMAL
AWS-002,2026-08-25T10:00:00Z,30.74,1010.11,63.96,18.922,72.8347,14.0,False,NORMAL
AWS-003,2026-08-25T10:00:00Z,25.51,834.54,53.2,32.219,76.3234,1457.0,True,CALIBRATION_DRIFT
AWS-004,2026-08-25T10:00:00Z,33.01,979.52,38.65,26.9124,70.9022,225.0,False,NORMAL
AWS-001,2026-08-25T10:15:00Z,29.63,983.57,56.31,28.6139,77.209,216.0,False,NORMAL
AWS-002,2026-08-25T10:15:00Z,30.93,1010.03,64.98,18.922,72.8347,14.0,False,NORMAL
AWS-003,2026-08-25T10:15:00Z,26.07,834.61,50.77,32.219,76.3234,1457.0,True,CALIBRATION_DRIFT
AWS-004,2026-08-25T10:15:00Z,33.87,979.68,38.88,26.9124,70.9022,225.0,False,NORMAL
AWS-001,2026-08-25T10:30:00Z,29.96,983.52,54.13,28.6139,77.209,216.0,False,NORMAL
AWS-002,2026-08-25T10:30:00Z,31.98,1009.92,63.65,18.922,72.8347,14.0,False,NORMAL
AWS-003,2026-08-25T10:30:00Z,26.18,834.73,47.93,32.219,76.3234,1457.0,True,CALIBRATION_DRIFT
AWS-004,2026-08-25T10:30:00Z,34.13,979.66,36.31,26.9124,70.9022,225.0,False,NORMAL
AWS-001,2026-08-25T10:45:00Z,30.54,983.46,53.13,28.6139,77.209,216.0,False,NORMAL
AWS-002,2026-08-25T10:45:00Z,32.17,1009.76,61.37,18.922,72.8347,14.0,False,NORMAL
AWS-003,2026-08-25T10:45:00Z,26.07,834.66,49.1,32.219,76.3234,1457.0,True,CALIBRATION_DRIFT
AWS-004,2026-08-25T10:45:00Z,35.02,979.44,36.16,26.9124,70.9022,225.0,False,NORMAL
AWS-001,2026-08-25T11:00:00Z,31.05,983.47,53.4,28.6139,77.209,216.0,False,NORMAL
AWS-002,2026-08-25T11:00:00Z,32.35,1010.09,60.35,18.922,72.8347,14.0,False,NORMAL
AWS-003,2026-08-25T11:00:00Z,26.37,835.06,48.42,32.219,76.3234,1457.0,True,CALIBRATION_DRIFT
AWS-004,2026-08-25T11:00:00Z,34.83,979.26,35.16,26.9124,70.9022,225.0,False,NORMAL
AWS-001,2026-08-25T11:15:00Z,31.67,983.18,52.37,28.6139,77.209,216.0,False,NORMAL
AWS-002,2026-08-25T11:15:00Z,31.73,1009.5,60.6,18.922,72.8347,14.0,False,NORMAL
AWS-003,2026-08-25T11:15:00Z,27.11,834.51,46.16,32.219,76.3234,1457.0,True,CALIBRATION_DRIFT
AWS-004,2026-08-25T11:15:00Z,34.64,979.19,34.63,26.9124,70.9022,225.0,False,NORMAL
AWS-001,2026-08-25T11:30:00Z,31.25,983.24,50.77,28.6139,77.209,216.0,False,NORMAL
AWS-002,2026-08-25T11:30:00Z,32.65,1009.48,59.08,18.922,72.8347,14.0,False,NORMAL
AWS-003,2026-08-25T11:30:00Z,27.02,833.85,45.73,32.219,76.3234,1457.0,True,CALIBRATION_DRIFT
AWS-004,2026-08-25T11:30:00Z,35.68,979.1,32.29,26.9124,70.9022,225.0,False,NORMAL
AWS-001,2026-08-25T11:45:00Z,31.49,983.2,50.35,28.6139,77.209,216.0,False,NORMAL
AWS-002,2026-08-25T11:45:00Z,32.63,1009.61,58.1,18.922,72.8347,14.0,False,NORMAL
AWS-003,2026-08-25T11:45:00Z,27.22,834.34,45.55,32.219,76.3234,1457.0,True,CALIBRATION_DRIFT
AWS-004,2026-08-25T11:45:00Z,35.81,979.25,32.51,26.9124,70.9022,225.0,False,NORMAL
AWS-001,2026-08-25T12:00:00Z,31.97,982.97,49.53,28.6139,77.209,216.0,False,NORMAL
AWS-002,2026-08-25T12:00:00Z,33.05,1009.47,59.02,18.922,72.8347,14.0,False,NORMAL
AWS-003,2026-08-25T12:00:00Z,27.6,834.56,45.19,32.219,76.3234,1457.0,True,CALIBRATION_DRIFT
AWS-004,2026-08-25T12:00:00Z,36.27,978.69,31.97,26.9124,70.9022,225.0,False,NORMAL
AWS-001,2026-08-25T12:15:00Z,31.79,983.1,49.42,28.6139,77.209,216.0,False,NORMAL
AWS-002,2026-08-25T12:15:00Z,33.54,1009.45,56.2,18.922,72.8347,14.0,False,NORMAL
AWS-003,2026-08-25T12:15:00Z,26.43,833.67,44.37,32.219,76.3234,1457.0,True,CALIBRATION_DRIFT
AWS-004,2026-08-25T12:15:00Z,35.92,978.91,31.61,26.9124,70.9022,225.0,False,NORMAL
AWS-001,2026-08-25T12:30:00Z,31.66,982.91,49.19,28.6139,77.209,216.0,False,NORMAL
AWS-002,2026-08-25T12:30:00Z,33.7,1009.21,56.45,18.922,72.8347,14.0,False,NORMAL
AWS-003,2026-08-25T12:30:00Z,27.56,834.02,43.39,32.219,76.3234,1457.0,True,CALIBRATION_DRIFT
AWS-004,2026-08-25T12:30:00Z,36.1,978.62,30.54,26.9124,70.9022,225.0,False,NORMAL
AWS-001,2026-08-25T12:45:00Z,32.48,982.69,48.32,28.6139,77.209,216.0,False,NORMAL
AWS-002,2026-08-25T12:45:00Z,33.23,1008.98,56.14,18.922,72.8347,14.0,False,NORMAL
AWS-003,2026-08-25T12:45:00Z,27.29,834.16,42.37,32.219,76.3234,1457.0,True,CALIBRATION_DRIFT
AWS-004,2026-08-25T12:45:00Z,36.13,978.55,29.4,26.9124,70.9022,225.0,False,NORMAL
AWS-001,2026-08-25T13:00:00Z,32.51,982.54,47.7,28.6139,77.209,216.0,False,NORMAL
AWS-002,2026-08-25T13:00:00Z,33.7,1008.73,56.02,18.922,72.8347,14.0,False,NORMAL
AWS-003,2026-08-25T13:00:00Z,27.91,833.78,43.4,32.219,76.3234,1457.0,True,CALIBRATION_DRIFT
AWS-004,2026-08-25T13:00:00Z,35.87,978.39,29.9,26.9124,70.9022,225.0,False,NORMAL
AWS-001,2026-08-25T13:15:00Z,32.64,982.44,47.41,28.6139,77.209,216.0,False,NORMAL
AWS-002,2026-08-25T13:15:00Z,33.74,1008.82,55.91,18.922,72.8347,14.0,False,NORMAL
AWS-003,2026-08-25T13:15:00Z,28.29,833.29,42.95,32.219,76.3234,1457.0,True,CALIBRATION_DRIFT
AWS-004,2026-08-25T13:15:00Z,36.67,978.46,29.81,26.9124,70.9022,225.0,False,NORMAL
AWS-001,2026-08-25T13:30:00Z,32.51,982.04,47.06,28.6139,77.209,216.0,False,NORMAL
AWS-002,2026-08-25T13:30:00Z,33.47,1008.3,55.24,18.922,72.8347,14.0,False,NORMAL
AWS-003,2026-08-25T13:30:00Z,27.9,833.27,41.96,32.219,76.3234,1457.0,True,CALIBRATION_DRIFT
AWS-004,2026-08-25T13:30:00Z,36.66,977.82,28.01,26.9124,70.9022,225.0,False,NORMAL
AWS-001,2026-08-25T13:45:00Z,32.52,982.03,47.07,28.6139,77.209,216.0,False,NORMAL
AWS-002,2026-08-25T13:45:00Z,33.61,1008.2,55.18,18.922,72.8347,14.0,False,NORMAL
AWS-003,2026-08-25T13:45:00Z,28.13,833.32,41.52,32.219,76.3234,1457.0,True,CALIBRATION_DRIFT
AWS-004,2026-08-25T13:45:00Z,37.08,977.97,28.41,26.9124,70.9022,225.0,False,NORMAL
AWS-001,2026-08-25T14:00:00Z,32.39,981.85,46.87,28.6139,77.209,216.0,False,NORMAL
AWS-002,2026-08-25T14:00:00Z,33.36,1008.2,54.81,18.922,72.8347,14.0,False,NORMAL
AWS-003,2026-08-25T14:00:00Z,27.87,833.21,43.3,32.219,76.3234,1457.0,True,CALIBRATION_DRIFT
AWS-004,2026-08-25T14:00:00Z,37.25,977.91,29.2,26.9124,70.9022,225.0,False,NORMAL
AWS-001,2026-08-25T14:15:00Z,32.9,981.72,47.54,28.6139,77.209,216.0,False,NORMAL
AWS-002,2026-08-25T14:15:00Z,33.44,1008.24,54.4,18.922,72.8347,14.0,False,NORMAL
AWS-003,2026-08-25T14:15:00Z,28.93,832.67,41.83,32.219,76.3234,1457.0,True,CALIBRATION_DRIFT
AWS-004,2026-08-25T14:15:00Z,36.4,977.77,29.86,26.9124,70.9022,225.0,False,NORMAL
AWS-001,2026-08-25T14:30:00Z,33.2,981.83,46.8,28.6139,77.209,216.0,False,NORMAL
AWS-002,2026-08-25T14:30:00Z,34.11,1007.91,55.08,18.922,72.8347,14.0,False,NORMAL
AWS-003,2026-08-25T14:30:00Z,27.71,832.96,43.05,32.219,76.3234,1457.0,True,CALIBRATION_DRIFT
AWS-004,2026-08-25T14:30:00Z,36.42,977.39,29.51,26.9124,70.9022,225.0,False,NORMAL
AWS-001,2026-08-25T14:45:00Z,32.62,981.52,46.99,28.6139,77.209,216.0,False,NORMAL
AWS-002,2026-08-25T14:45:00Z,33.57,1007.94,55.88,18.922,72.8347,14.0,False,NORMAL
AWS-003,2026-08-25T14:45:00Z,28.14,833.08,42.15,32.219,76.3234,1457.0,True,CALIBRATION_DRIFT
AWS-004,2026-08-25T14:45:00Z,36.01,977.39,28.66,26.9124,70.9022,225.0,False,NORMAL
AWS-001,2026-08-25T15:00:00Z,32.52,981.51,48.11,28.6139,77.209,216.0,False,NORMAL
AWS-002,2026-08-25T15:00:00Z,33.36,1007.67,54.92,18.922,72.8347,14.0,False,NORMAL
AWS-003,2026-08-25T15:00:00Z,27.77,832.73,43.2,32.219,76.3234,1457.0,True,CALIBRATION_DRIFT
AWS-004,2026-08-25T15:00:00Z,36.4,977.41,29.27,26.9124,70.9022,225.0,False,NORMAL
AWS-001,2026-08-25T15:15:00Z,32.68,981.66,47.81,28.6139,77.209,216.0,False,NORMAL
AWS-002,2026-08-25T15:15:00Z,33.51,1007.77,56.84,18.922,72.8347,14.0,False,NORMAL
AWS-003,2026-08-25T15:15:00Z,28.48,832.66,44.08,32.219,76.3234,1457.0,True,CALIBRATION_DRIFT
AWS-004,2026-08-25T15:15:00Z,36.15,977.41,29.69,26.9124,70.9022,225.0,False,NORMAL
AWS-001,2026-08-25T15:30:00Z,33.08,981.43,49.36,28.6139,77.209,216.0,False,NORMAL
AWS-002,2026-08-25T15:30:00Z,33.77,1007.92,56.61,18.922,72.8347,14.0,False,NORMAL
AWS-003,2026-08-25T15:30:00Z,28.88,832.75,42.72,32.219,76.3234,1457.0,True,CALIBRATION_DRIFT
AWS-004,2026-08-25T15:30:00Z,36.26,977.6,30.49,26.9124,70.9022,225.0,False,NORMAL
AWS-001,2026-08-25T15:45:00Z,32.49,981.3,49.37,28.6139,77.209,216.0,False,NORMAL
AWS-002,2026-08-25T15:45:00Z,33.67,1007.62,56.52,18.922,72.8347,14.0,False,NORMAL
AWS-003,2026-08-25T15:45:00Z,28.12,832.58,44.91,32.219,76.3234,1457.0,True,CALIBRATION_DRIFT
AWS-004,2026-08-25T15:45:00Z,36.4,977.16,31.51,26.9124,70.9022,225.0,False,NORMAL
AWS-001,2026-08-25T16:00:00Z,31.99,981.45,49.62,28.6139,77.209,216.0,False,NORMAL
AWS-002,2026-08-25T16:00:00Z,32.5,1007.48,56.89,18.922,72.8347,14.0,False,NORMAL
AWS-003,2026-08-25T16:00:00Z,27.62,832.27,45.65,32.219,76.3234,1457.0,True,CALIBRATION_DRIFT
AWS-004,2026-08-25T16:00:00Z,36.22,977.19,32.14,26.9124,70.9022,225.0,False,NORMAL
AWS-001,2026-08-25T16:15:00Z,32.16,981.46,50.91,28.6139,77.209,216.0,False,NORMAL
AWS-002,2026-08-25T16:15:00Z,32.56,1007.5,58.4,18.922,72.8347,14.0,False,NORMAL
AWS-003,2026-08-25T16:15:00Z,26.96,832.29,45.64,32.219,76.3234,1457.0,True,CALIBRATION_DRIFT
AWS-004,2026-08-25T16:15:00Z,35.89,977.27,31.41,26.9124,70.9022,225.0,False,NORMAL
AWS-001,2026-08-25T16:30:00Z,31.54,981.23,50.7,28.6139,77.209,216.0,False,NORMAL
AWS-002,2026-08-25T16:30:00Z,32.58,1007.54,59.04,18.922,72.8347,14.0,False,NORMAL
AWS-003,2026-08-25T16:30:00Z,27.87,832.7,46.22,32.219,76.3234,1457.0,True,CALIBRATION_DRIFT
AWS-004,2026-08-25T16:30:00Z,35.73,977.49,32.9,26.9124,70.9022,225.0,False,NORMAL
AWS-001,2026-08-25T16:45:00Z,30.75,981.31,51.25,28.6139,77.209,216.0,False,NORMAL
AWS-002,2026-08-25T16:45:00Z,32.83,1007.73,59.38,18.922,72.8347,14.0,False,NORMAL
AWS-003,2026-08-25T16:45:00Z,27.26,832.83,46.19,32.219,76.3234,1457.0,True,CALIBRATION_DRIFT
AWS-004,2026-08-25T16:45:00Z,35.67,977.15,34.04,26.9124,70.9022,225.0,False,NORMAL
AWS-001,2026-08-25T17:00:00Z,30.61,981.31,53.82,28.6139,77.209,216.0,False,NORMAL
AWS-002,2026-08-25T17:00:00Z,32.9,1007.23,61.66,18.922,72.8347,14.0,False,NORMAL
AWS-003,2026-08-25T17:00:00Z,25.48,832.58,47.83,32.219,76.3234,1457.0,True,CALIBRATION_DRIFT
AWS-004,2026-08-25T17:00:00Z,34.66,977.39,34.5,26.9124,70.9022,225.0,False,NORMAL
AWS-001,2026-08-25T17:15:00Z,30.65,981.53,54.63,28.6139,77.209,216.0,False,NORMAL
AWS-002,2026-08-25T17:15:00Z,32.17,1007.84,60.88,18.922,72.8347,14.0,False,NORMAL
AWS-003,2026-08-25T17:15:00Z,26.72,832.63,48.31,32.219,76.3234,1457.0,True,CALIBRATION_DRIFT
AWS-004,2026-08-25T17:15:00Z,34.65,977.81,36.17,26.9124,70.9022,225.0,False,NORMAL
AWS-001,2026-08-25T17:30:00Z,29.8,981.85,55.69,28.6139,77.209,216.0,False,NORMAL
AWS-002,2026-08-25T17:30:00Z,32.05,1008.03,63.45,18.922,72.8347,14.0,False,NORMAL
AWS-003,2026-08-25T17:30:00Z,26.44,833.03,50.17,32.219,76.3234,1457.0,True,CALIBRATION_DRIFT
AWS-004,2026-08-25T17:30:00Z,33.42,977.77,36.56,26.9124,70.9022,225.0,False,NORMAL
AWS-001,2026-08-25T17:45:00Z,30.67,981.65,56.34,28.6139,77.209,216.0,False,NORMAL
AWS-002,2026-08-25T17:45:00Z,31.46,1007.95,63.91,18.922,72.8347,14.0,False,NORMAL
AWS-003,2026-08-25T17:45:00Z,25.55,832.91,51.06,32.219,76.3234,1457.0,True,CALIBRATION_DRIFT
AWS-004,2026-08-25T17:45:00Z,34.5,977.68,36.77,26.9124,70.9022,225.0,False,NORMAL
AWS-001,2026-08-25T18:00:00Z,29.37,981.73,57.49,28.6139,77.209,216.0,False,NORMAL
AWS-002,2026-08-25T18:00:00Z,30.93,1008.19,65.63,18.922,72.8347,14.0,False,NORMAL
AWS-003,2026-08-25T18:00:00Z,24.27,833.07,51.78,32.219,76.3234,1457.0,True,CALIBRATION_DRIFT
AWS-004,2026-08-25T18:00:00Z,33.28,977.59,39.7,26.9124,70.9022,225.0,False,NORMAL
AWS-001,2026-08-25T18:15:00Z,29.54,981.76,58.35,28.6139,77.209,216.0,False,NORMAL
AWS-002,2026-08-25T18:15:00Z,30.6,1008.3,65.57,18.922,72.8347,14.0,False,NORMAL
AWS-003,2026-08-25T18:15:00Z,24.31,833.24,52.78,32.219,76.3234,1457.0,True,CALIBRATION_DRIFT
AWS-004,2026-08-25T18:15:00Z,32.81,977.93,42.14,26.9124,70.9022,225.0,False,NORMAL
AWS-001,2026-08-25T18:30:00Z,29.44,982.28,59.21,28.6139,77.209,216.0,False,NORMAL
AWS-002,2026-08-25T18:30:00Z,29.64,1008.6,66.32,18.922,72.8347,14.0,False,NORMAL
AWS-003,2026-08-25T18:30:00Z,25.11,833.25,54.0,32.219,76.3234,1457.0,True,CALIBRATION_DRIFT
AWS-004,2026-08-25T18:30:00Z,33.25,977.91,41.1,26.9124,70.9022,225.0,False,NORMAL
AWS-001,2026-08-25T18:45:00Z,28.68,982.42,60.72,28.6139,77.209,216.0,False,NORMAL
AWS-002,2026-08-25T18:45:00Z,28.82,1008.73,69.8,18.922,72.8347,14.0,False,NORMAL
AWS-003,2026-08-25T18:45:00Z,24.08,833.16,56.71,32.219,76.3234,1457.0,True,CALIBRATION_DRIFT
AWS-004,2026-08-25T18:45:00Z,32.24,978.24,42.18,26.9124,70.9022,225.0,False,NORMAL
AWS-001,2026-08-25T19:00:00Z,28.58,982.58,62.18,28.6139,77.209,216.0,False,NORMAL
AWS-002,2026-08-25T19:00:00Z,28.76,1009.03,70.3,18.922,72.8347,14.0,False,NORMAL
AWS-003,2026-08-25T19:00:00Z,23.0,833.8,55.15,32.219,76.3234,1457.0,True,CALIBRATION_DRIFT
AWS-004,2026-08-25T19:00:00Z,32.27,978.4,43.87,26.9124,70.9022,225.0,False,NORMAL
AWS-001,2026-08-25T19:15:00Z,27.82,982.62,63.1,28.6139,77.209,216.0,False,NORMAL
AWS-002,2026-08-25T19:15:00Z,29.27,1009.03,70.88,18.922,72.8347,14.0,False,NORMAL
AWS-003,2026-08-25T19:15:00Z,23.52,833.56,58.02,32.219,76.3234,1457.0,True,CALIBRATION_DRIFT
AWS-004,2026-08-25T19:15:00Z,32.22,978.57,46.54,26.9124,70.9022,225.0,False,NORMAL
AWS-001,2026-08-25T19:30:00Z,26.89,982.72,64.37,28.6139,77.209,216.0,False,NORMAL
AWS-002,2026-08-25T19:30:00Z,28.31,1009.22,71.65,18.922,72.8347,14.0,False,NORMAL
AWS-003,2026-08-25T19:30:00Z,23.11,834.15,58.43,32.219,76.3234,1457.0,True,CALIBRATION_DRIFT
AWS-004,2026-08-25T19:30:00Z,31.57,978.81,46.43,26.9124,70.9022,225.0,False,NORMAL
AWS-001,2026-08-25T19:45:00Z,26.99,982.86,66.16,28.6139,77.209,216.0,False,NORMAL
AWS-002,2026-08-25T19:45:00Z,28.38,1009.06,73.35,18.922,72.8347,14.0,False,NORMAL
AWS-003,2026-08-25T19:45:00Z,23.38,833.81,61.83,32.219,76.3234,1457.0,True,CALIBRATION_DRIFT
AWS-004,2026-08-25T19:45:00Z,30.33,978.81,47.19,26.9124,70.9022,225.0,False,NORMAL
AWS-001,2026-08-25T20:00:00Z,26.48,983.01,66.11,28.6139,77.209,216.0,False,NORMAL
AWS-002,2026-08-25T20:00:00Z,27.86,1009.57,76.06,18.922,72.8347,14.0,False,NORMAL
AWS-003,2026-08-25T20:00:00Z,23.27,834.21,60.73,32.219,76.3234,1457.0,True,CALIBRATION_DRIFT
AWS-004,2026-08-25T20:00:00Z,30.37,978.73,49.12,26.9124,70.9022,225.0,False,NORMAL
AWS-001,2026-08-25T20:15:00Z,26.11,983.2,68.87,28.6139,77.209,216.0,False,NORMAL
AWS-002,2026-08-25T20:15:00Z,27.72,1009.43,75.19,18.922,72.8347,14.0,False,NORMAL
AWS-003,2026-08-25T20:15:00Z,22.05,834.23,63.09,32.219,76.3234,1457.0,True,CALIBRATION_DRIFT
AWS-004,2026-08-25T20:15:00Z,30.65,979.16,50.5,26.9124,70.9022,225.0,False,NORMAL
AWS-001,2026-08-25T20:30:00Z,25.79,983.39,69.86,28.6139,77.209,216.0,False,NORMAL
AWS-002,2026-08-25T20:30:00Z,27.74,1009.61,77.92,18.922,72.8347,14.0,False,NORMAL
AWS-003,2026-08-25T20:30:00Z,22.11,833.99,64.63,32.219,76.3234,1457.0,True,CALIBRATION_DRIFT
AWS-004,2026-08-25T20:30:00Z,30.11,979.34,51.0,26.9124,70.9022,225.0,False,NORMAL
AWS-001,2026-08-25T20:45:00Z,25.73,983.32,70.82,28.6139,77.209,216.0,False,NORMAL
AWS-002,2026-08-25T20:45:00Z,26.64,1009.58,78.99,18.922,72.8347,14.0,False,NORMAL
AWS-003,2026-08-25T20:45:00Z,20.99,834.59,66.79,32.219,76.3234,1457.0,True,CALIBRATION_DRIFT
AWS-004,2026-08-25T20:45:00Z,29.31,979.43,51.54,26.9124,70.9022,225.0,False,NORMAL
AWS-001,2026-08-25T21:00:00Z,24.9,983.4,72.72,28.6139,77.209,216.0,False,NORMAL
AWS-002,2026-08-25T21:00:00Z,25.92,1010.13,80.43,18.922,72.8347,14.0,False,NORMAL
AWS-003,2026-08-25T21:00:00Z,21.11,834.66,67.09,32.219,76.3234,1457.0,True,CALIBRATION_DRIFT
AWS-004,2026-08-25T21:00:00Z,29.08,979.4,54.85,26.9124,70.9022,225.0,False,NORMAL
AWS-001,2026-08-25T21:15:00Z,24.84,983.49,73.78,28.6139,77.209,216.0,False,NORMAL
AWS-002,2026-08-25T21:15:00Z,25.92,1009.82,82.34,18.922,72.8347,14.0,False,NORMAL
AWS-003,2026-08-25T21:15:00Z,19.49,834.76,69.86,32.219,76.3234,1457.0,True,CALIBRATION_DRIFT
AWS-004,2026-08-25T21:15:00Z,28.79,979.34,55.82,26.9124,70.9022,225.0,False,NORMAL
AWS-001,2026-08-25T21:30:00Z,23.98,983.73,74.67,28.6139,77.209,216.0,False,NORMAL
AWS-002,2026-08-25T21:30:00Z,25.39,1010.06,83.14,18.922,72.8347,14.0,False,NORMAL
AWS-003,2026-08-25T21:30:00Z,20.26,834.61,69.32,32.219,76.3234,1457.0,True,CALIBRATION_DRIFT
AWS-004,2026-08-25T21:30:00Z,27.94,979.36,56.25,26.9124,70.9022,225.0,False,NORMAL
AWS-001,2026-08-25T21:45:00Z,23.98,983.63,76.42,28.6139,77.209,216.0,False,NORMAL
AWS-002,2026-08-25T21:45:00Z,25.08,1010.02,83.7,18.922,72.8347,14.0,False,NORMAL
AWS-003,2026-08-25T21:45:00Z,19.11,835.21,71.01,32.219,76.3234,1457.0,True,CALIBRATION_DRIFT
AWS-004,2026-08-25T21:45:00Z,28.09,979.61,57.21,26.9124,70.9022,225.0,False,NORMAL
AWS-001,2026-08-25T22:00:00Z,23.8,983.57,76.58,28.6139,77.209,216.0,False,NORMAL
AWS-002,2026-08-25T22:00:00Z,25.19,1009.94,85.35,18.922,72.8347,14.0,False,NORMAL
AWS-003,2026-08-25T22:00:00Z,20.09,834.68,73.7,32.219,76.3234,1457.0,True,CALIBRATION_DRIFT
AWS-004,2026-08-25T22:00:00Z,27.58,979.71,59.24,26.9124,70.9022,225.0,False,NORMAL
AWS-001,2026-08-25T22:15:00Z,23.62,983.55,78.59,28.6139,77.209,216.0,False,NORMAL
AWS-002,2026-08-25T22:15:00Z,24.8,1009.91,86.41,18.922,72.8347,14.0,False,NORMAL
AWS-003,2026-08-25T22:15:00Z,19.52,834.49,72.19,32.219,76.3234,1457.0,True,CALIBRATION_DRIFT
AWS-004,2026-08-25T22:15:00Z,26.59,979.62,60.42,26.9124,70.9022,225.0,False,NORMAL
AWS-001,2026-08-25T22:30:00Z,22.97,983.34,78.42,28.6139,77.209,216.0,False,NORMAL
AWS-002,2026-08-25T22:30:00Z,24.97,1009.54,86.77,18.922,72.8347,14.0,False,NORMAL
AWS-003,2026-08-25T22:30:00Z,18.69,834.96,74.5,32.219,76.3234,1457.0,True,CALIBRATION_DRIFT
AWS-004,2026-08-25T22:30:00Z,27.76,979.54,61.47,26.9124,70.9022,225.0,False,NORMAL
AWS-001,2026-08-25T22:45:00Z,23.15,983.56,81.3,28.6139,77.209,216.0,False,NORMAL
AWS-002,2026-08-25T22:45:00Z,23.87,1009.98,87.83,18.922,72.8347,14.0,False,NORMAL
AWS-003,2026-08-25T22:45:00Z,18.44,834.48,75.61,32.219,76.3234,1457.0,True,CALIBRATION_DRIFT
AWS-004,2026-08-25T22:45:00Z,27.05,979.39,62.34,26.9124,70.9022,225.0,False,NORMAL
AWS-001,2026-08-25T23:00:00Z,22.8,983.31,81.02,28.6139,77.209,216.0,False,NORMAL
AWS-002,2026-08-25T23:00:00Z,23.96,1009.66,89.51,18.922,72.8347,14.0,False,NORMAL
AWS-003,2026-08-25T23:00:00Z,18.17,834.17,76.96,32.219,76.3234,1457.0,True,CALIBRATION_DRIFT
AWS-004,2026-08-25T23:00:00Z,26.55,979.65,63.96,26.9124,70.9022,225.0,False,NORMAL
AWS-001,2026-08-25T23:15:00Z,22.53,983.32,82.43,28.6139,77.209,216.0,False,NORMAL
AWS-002,2026-08-25T23:15:00Z,23.25,1009.74,90.7,18.922,72.8347,14.0,False,NORMAL
AWS-003,2026-08-25T23:15:00Z,18.2,834.76,76.23,32.219,76.3234,1457.0,True,CALIBRATION_DRIFT
AWS-004,2026-08-25T23:15:00Z,26.12,979.5,63.21,26.9124,70.9022,225.0,False,NORMAL
AWS-001,2026-08-25T23:30:00Z,21.4,983.2,82.91,28.6139,77.209,216.0,False,NORMAL
AWS-002,2026-08-25T23:30:00Z,23.23,1009.91,89.92,18.922,72.8347,14.0,False,NORMAL
AWS-003,2026-08-25T23:30:00Z,17.77,834.51,77.86,32.219,76.3234,1457.0,True,CALIBRATION_DRIFT
AWS-004,2026-08-25T23:30:00Z,25.88,979.17,64.92,26.9124,70.9022,225.0,False,NORMAL
AWS-001,2026-08-25T23:45:00Z,22.38,983.2,84.07,28.6139,77.209,216.0,False,NORMAL
AWS-002,2026-08-25T23:45:00Z,23.87,1009.45,92.35,18.922,72.8347,14.0,False,NORMAL
AWS-003,2026-08-25T23:45:00Z,17.74,834.44,77.57,32.219,76.3234,1457.0,True,CALIBRATION_DRIFT
AWS-004,2026-08-25T23:45:00Z,24.92,979.17,65.01,26.9124,70.9022,225.0,False,NORMAL
AWS-001,2026-08-26T00:00:00Z,21.84,983.12,85.23,28.6139,77.209,216.0,False,NORMAL
AWS-002,2026-08-26T00:00:00Z,22.43,1009.39,92.73,18.922,72.8347,14.0,False,NORMAL
AWS-003,2026-08-26T00:00:00Z,14.11,834.27,79.65,32.219,76.3234,1457.0,False,NORMAL
AWS-004,2026-08-26T00:00:00Z,25.92,979.03,65.88,26.9124,70.9022,225.0,False,NORMAL
AWS-001,2026-08-26T00:15:00Z,21.39,982.75,84.53,28.6139,77.209,216.0,False,NORMAL
AWS-002,2026-08-26T00:15:00Z,22.63,1009.2,92.49,18.922,72.8347,14.0,False,NORMAL
AWS-003,2026-08-26T00:15:00Z,14.8,834.02,79.55,32.219,76.3234,1457.0,False,NORMAL
AWS-004,2026-08-26T00:15:00Z,25.51,978.61,66.13,26.9124,70.9022,225.0,False,NORMAL
AWS-001,2026-08-26T00:30:00Z,20.83,982.69,85.48,28.6139,77.209,216.0,False,NORMAL
AWS-002,2026-08-26T00:30:00Z,22.48,1009.09,92.89,18.922,72.8347,14.0,False,NORMAL
AWS-003,2026-08-26T00:30:00Z,14.91,834.29,81.48,32.219,76.3234,1457.0,False,NORMAL
AWS-004,2026-08-26T00:30:00Z,24.8,978.77,67.5,26.9124,70.9022,225.0,False,NORMAL
AWS-001,2026-08-26T00:45:00Z,21.0,982.48,85.92,28.6139,77.209,216.0,False,NORMAL
AWS-002,2026-08-26T00:45:00Z,22.38,1008.98,94.28,18.922,72.8347,14.0,False,NORMAL
AWS-003,2026-08-26T00:45:00Z,13.77,833.59,80.85,32.219,76.3234,1457.0,False,NORMAL
AWS-004,2026-08-26T00:45:00Z,24.61,978.71,68.19,26.9124,70.9022,225.0,False,NORMAL
AWS-001,2026-08-26T01:00:00Z,21.11,982.44,86.65,28.6139,77.209,216.0,False,NORMAL
AWS-002,2026-08-26T01:00:00Z,21.87,1008.94,94.75,18.922,72.8347,14.0,False,NORMAL
AWS-003,2026-08-26T01:00:00Z,15.24,833.32,81.88,32.219,76.3234,1457.0,False,NORMAL
AWS-004,2026-08-26T01:00:00Z,24.72,978.08,68.09,26.9124,70.9022,225.0,False,NORMAL
AWS-001,2026-08-26T01:15:00Z,20.79,982.29,86.24,28.6139,77.209,216.0,False,NORMAL
AWS-002,2026-08-26T01:15:00Z,22.44,1008.71,94.29,18.922,72.8347,14.0,False,NORMAL
AWS-003,2026-08-26T01:15:00Z,14.49,833.21,83.0,32.219,76.3234,1457.0,False,NORMAL
AWS-004,2026-08-26T01:15:00Z,25.73,977.89,69.09,26.9124,70.9022,225.0,False,NORMAL
AWS-001,2026-08-26T01:30:00Z,20.6,982.09,86.73,28.6139,77.209,216.0,False,NORMAL
AWS-002,2026-08-26T01:30:00Z,22.12,1008.45,95.41,18.922,72.8347,14.0,False,NORMAL
AWS-003,2026-08-26T01:30:00Z,14.57,833.37,82.16,32.219,76.3234,1457.0,False,NORMAL
AWS-004,2026-08-26T01:30:00Z,25.02,978.12,68.55,26.9124,70.9022,225.0,False,NORMAL
AWS-001,2026-08-26T01:45:00Z,20.76,981.98,86.45,28.6139,77.209,216.0,False,NORMAL
AWS-002,2026-08-26T01:45:00Z,22.89,1008.67,94.48,18.922,72.8347,14.0,False,NORMAL
AWS-003,2026-08-26T01:45:00Z,14.73,833.39,81.87,32.219,76.3234,1457.0,False,NORMAL
AWS-004,2026-08-26T01:45:00Z,24.46,977.89,69.72,26.9124,70.9022,225.0,False,NORMAL
AWS-001,2026-08-26T02:00:00Z,20.66,981.86,87.14,28.6139,77.209,216.0,False,NORMAL
AWS-002,2026-08-26T02:00:00Z,21.78,1008.31,95.12,18.922,72.8347,14.0,False,NORMAL
AWS-003,2026-08-26T02:00:00Z,13.14,833.02,82.46,32.219,76.3234,1457.0,False,NORMAL
AWS-004,2026-08-26T02:00:00Z,25.27,977.87,68.99,26.9124,70.9022,225.0,False,NORMAL
AWS-001,2026-08-26T02:15:00Z,20.65,981.92,86.43,28.6139,77.209,216.0,False,NORMAL
AWS-002,2026-08-26T02:15:00Z,22.25,1008.17,94.59,18.922,72.8347,14.0,False,NORMAL
AWS-003,2026-08-26T02:15:00Z,14.73,832.78,81.18,32.219,76.3234,1457.0,False,NORMAL
AWS-004,2026-08-26T02:15:00Z,24.83,977.61,69.07,26.9124,70.9022,225.0,False,NORMAL
AWS-001,2026-08-26T02:30:00Z,20.76,981.63,86.84,28.6139,77.209,216.0,False,NORMAL
AWS-002,2026-08-26T02:30:00Z,21.68,1008.03,94.64,18.922,72.8347,14.0,False,NORMAL
AWS-003,2026-08-26T02:30:00Z,14.7,833.09,81.01,32.219,76.3234,1457.0,False,NORMAL
AWS-004,2026-08-26T02:30:00Z,24.94,977.51,69.5,26.9124,70.9022,225.0,False,NORMAL
AWS-001,2026-08-26T02:45:00Z,21.31,981.58,87.49,28.6139,77.209,216.0,False,NORMAL
AWS-002,2026-08-26T02:45:00Z,21.7,1007.79,94.53,18.922,72.8347,14.0,False,NORMAL
AWS-003,2026-08-26T02:45:00Z,14.54,832.95,80.0,32.219,76.3234,1457.0,False,NORMAL
AWS-004,2026-08-26T02:45:00Z,25.36,977.62,68.87,26.9124,70.9022,225.0,False,NORMAL
AWS-001,2026-08-26T03:00:00Z,20.78,981.26,85.99,28.6139,77.209,216.0,False,NORMAL
AWS-002,2026-08-26T03:00:00Z,21.61,1007.72,94.43,18.922,72.8347,14.0,False,NORMAL
AWS-003,2026-08-26T03:00:00Z,13.96,832.99,81.1,32.219,76.3234,1457.0,False,NORMAL
AWS-004,2026-08-26T03:00:00Z,25.27,977.22,68.83,26.9124,70.9022,225.0,False,NORMAL
AWS-001,2026-08-26T03:15:00Z,21.18,981.24,85.32,28.6139,77.209,216.0,False,NORMAL
AWS-002,2026-08-26T03:15:00Z,22.66,1007.69,93.98,18.922,72.8347,14.0,False,NORMAL
AWS-003,2026-08-26T03:15:00Z,15.18,832.76,80.22,32.219,76.3234,1457.0,False,NORMAL
AWS-004,2026-08-26T03:15:00Z,24.73,977.27,67.69,26.9124,70.9022,225.0,False,NORMAL
AWS-001,2026-08-26T03:30:00Z,21.57,981.08,84.98,28.6139,77.209,216.0,False,NORMAL
AWS-002,2026-08-26T03:30:00Z,22.34,1007.81,93.67,18.922,72.8347,14.0,False,NORMAL
AWS-003,2026-08-26T03:30:00Z,14.45,832.73,80.84,32.219,76.3234,1457.0,False,NORMAL
AWS-004,2026-08-26T03:30:00Z,25.28,977.44,67.39,26.9124,70.9022,225.0,False,NORMAL
AWS-001,2026-08-26T03:45:00Z,21.13,981.15,85.14,28.6139,77.209,216.0,False,NORMAL
AWS-002,2026-08-26T03:45:00Z,23.61,1007.46,92.09,18.922,72.8347,14.0,False,NORMAL
AWS-003,2026-08-26T03:45:00Z,15.06,832.95,80.07,32.219,76.3234,1457.0,False,NORMAL
AWS-004,2026-08-26T03:45:00Z,25.33,976.99,67.77,26.9124,70.9022,225.0,False,NORMAL
AWS-001,2026-08-26T04:00:00Z,21.42,981.33,83.58,28.6139,77.209,216.0,False,NORMAL
AWS-002,2026-08-26T04:00:00Z,22.9,1007.49,92.56,18.922,72.8347,14.0,False,NORMAL
AWS-003,2026-08-26T04:00:00Z,14.71,832.51,79.91,32.219,76.3234,1457.0,False,NORMAL
AWS-004,2026-08-26T04:00:00Z,25.1,977.21,65.64,26.9124,70.9022,225.0,False,NORMAL
AWS-001,2026-08-26T04:15:00Z,21.55,981.45,84.48,28.6139,77.209,216.0,False,NORMAL
AWS-002,2026-08-26T04:15:00Z,22.16,1007.79,91.2,18.922,72.8347,14.0,False,NORMAL
AWS-003,2026-08-26T04:15:00Z,15.16,832.38,78.29,32.219,76.3234,1457.0,False,NORMAL
AWS-004,2026-08-26T04:15:00Z,25.45,977.41,65.7,26.9124,70.9022,225.0,False,NORMAL
AWS-001,2026-08-26T04:30:00Z,22.26,981.37,81.95,28.6139,77.209,216.0,False,NORMAL
AWS-002,2026-08-26T04:30:00Z,23.39,1007.87,90.27,18.922,72.8347,14.0,False,NORMAL
AWS-003,2026-08-26T04:30:00Z,15.16,832.79,78.05,32.219,76.3234,1457.0,False,NORMAL
AWS-004,2026-08-26T04:30:00Z,27.0,977.03,64.28,26.9124,70.9022,225.0,False,NORMAL
AWS-001,2026-08-26T04:45:00Z,22.37,981.4,81.95,28.6139,77.209,216.0,False,NORMAL
AWS-002,2026-08-26T04:45:00Z,23.22,1007.52,90.28,18.922,72.8347,14.0,False,NORMAL
AWS-003,2026-08-26T04:45:00Z,15.85,832.68,76.14,32.219,76.3234,1457.0,False,NORMAL
AWS-004,2026-08-26T04:45:00Z,26.16,977.43,65.31,26.9124,70.9022,225.0,False,NORMAL
AWS-001,2026-08-26T05:00:00Z,22.49,981.47,80.9,28.6139,77.209,216.0,False,NORMAL
AWS-002,2026-08-26T05:00:00Z,23.08,1008.03,88.92,18.922,72.8347,14.0,False,NORMAL
AWS-003,2026-08-26T05:00:00Z,16.02,832.79,76.18,32.219,76.3234,1457.0,False,NORMAL
AWS-004,2026-08-26T05:00:00Z,27.11,977.53,62.82,26.9124,70.9022,225.0,False,NORMAL
AWS-001,2026-08-26T05:15:00Z,23.01,981.65,80.04,28.6139,77.209,216.0,False,NORMAL
AWS-002,2026-08-26T05:15:00Z,24.02,1007.91,88.79,18.922,72.8347,14.0,False,NORMAL
AWS-003,2026-08-26T05:15:00Z,16.68,832.66,75.05,32.219,76.3234,1457.0,False,NORMAL
AWS-004,2026-08-26T05:15:00Z,26.71,977.72,61.42,26.9124,70.9022,225.0,False,NORMAL
AWS-001,2026-08-26T05:30:00Z,23.12,981.56,79.27,28.6139,77.209,216.0,False,NORMAL
AWS-002,2026-08-26T05:30:00Z,24.46,1008.1,87.48,18.922,72.8347,14.0,False,NORMAL
AWS-003,2026-08-26T05:30:00Z,17.54,833.16,74.35,32.219,76.3234,1457.0,False,NORMAL
AWS-004,2026-08-26T05:30:00Z,27.82,977.63,60.58,26.9124,70.9022,225.0,False,NORMAL
AWS-001,2026-08-26T05:45:00Z,23.71,981.77,78.25,28.6139,77.209,216.0,False,NORMAL
AWS-002,2026-08-26T05:45:00Z,24.62,1008.02,86.0,18.922,72.8347,14.0,False,NORMAL
AWS-003,2026-08-26T05:45:00Z,17.46,833.13,73.44,32.219,76.3234,1457.0,False,NORMAL
AWS-004,2026-08-26T05:45:00Z,26.89,977.61,60.89,26.9124,70.9022,225.0,False,NORMAL
AWS-001,2026-08-26T06:00:00Z,23.68,981.81,76.89,28.6139,77.209,216.0,False,NORMAL
AWS-002,2026-08-26T06:00:00Z,24.83,1008.1,85.71,18.922,72.8347,14.0,False,NORMAL
AWS-003,2026-08-26T06:00:00Z,17.28,833.01,72.33,32.219,76.3234,1457.0,False,NORMAL
AWS-004,2026-08-26T06:00:00Z,27.63,977.91,60.03,26.9124,70.9022,225.0,False,NORMAL
AWS-001,2026-08-26T06:15:00Z,23.4,981.94,75.41,28.6139,77.209,216.0,False,NORMAL
AWS-002,2026-08-26T06:15:00Z,25.64,1008.32,83.56,18.922,72.8347,14.0,False,NORMAL
AWS-003,2026-08-26T06:15:00Z,18.17,833.54,71.48,32.219,76.3234,1457.0,False,NORMAL
AWS-004,2026-08-26T06:15:00Z,28.58,977.92,57.14,26.9124,70.9022,225.0,False,NORMAL
AWS-001,2026-08-26T06:30:00Z,24.61,982.07,74.25,28.6139,77.209,216.0,False,NORMAL
AWS-002,2026-08-26T06:30:00Z,25.62,1008.46,82.87,18.922,72.8347,14.0,False,NORMAL
AWS-003,2026-08-26T06:30:00Z,17.53,833.06,70.25,32.219,76.3234,1457.0,False,NORMAL
AWS-004,2026-08-26T06:30:00Z,28.41,978.23,55.71,26.9124,70.9022,225.0,False,NORMAL
AWS-001,2026-08-26T06:45:00Z,24.41,982.51,73.9,28.6139,77.209,216.0,False,NORMAL
AWS-002,2026-08-26T06:45:00Z,25.74,1008.86,81.86,18.922,72.8347,14.0,False,NORMAL
AWS-003,2026-08-26T06:45:00Z,18.15,833.73,68.39,32.219,76.3234,1457.0,False,NORMAL
AWS-004,2026-08-26T06:45:00Z,29.24,978.09,55.71,26.9124,70.9022,225.0,False,NORMAL
AWS-001,2026-08-26T07:00:00Z,25.62,982.45,71.94,28.6139,77.209,216.0,False,NORMAL
AWS-002,2026-08-26T07:00:00Z,26.68,1008.69,80.74,18.922,72.8347,14.0,False,NORMAL
AWS-003,2026-08-26T07:00:00Z,18.91,833.84,67.81,32.219,76.3234,1457.0,False,NORMAL
AWS-004,2026-08-26T07:00:00Z,28.6,978.44,54.51,26.9124,70.9022,225.0,False,NORMAL
AWS-001,2026-08-26T07:15:00Z,26.02,982.7,70.25,28.6139,77.209,216.0,False,NORMAL
AWS-002,2026-08-26T07:15:00Z,27.29,1008.91,78.8,18.922,72.8347,14.0,False,NORMAL
AWS-003,2026-08-26T07:15:00Z,19.45,833.73,66.26,32.219,76.3234,1457.0,False,NORMAL
AWS-004,2026-08-26T07:15:00Z,29.5,978.36,52.42,26.9124,70.9022,225.0,False,NORMAL
AWS-001,2026-08-26T07:30:00Z,26.14,982.54,68.74,28.6139,77.209,216.0,False,NORMAL
AWS-002,2026-08-26T07:30:00Z,27.54,1009.14,77.13,18.922,72.8347,14.0,False,NORMAL
AWS-003,2026-08-26T07:30:00Z,19.03,834.05,63.34,32.219,76.3234,1457.0,False,NORMAL
AWS-004,2026-08-26T07:30:00Z,29.37,978.7,50.91,26.9124,70.9022,225.0,False,NORMAL
AWS-001,2026-08-26T07:45:00Z,26.55,982.89,68.78,28.6139,77.209,216.0,False,NORMAL
AWS-002,2026-08-26T07:45:00Z,27.66,1009.68,75.54,18.922,72.8347,14.0,False,NORMAL
AWS-003,2026-08-26T07:45:00Z,20.76,833.94,63.74,32.219,76.3234,1457.0,False,NORMAL
AWS-004,2026-08-26T07:45:00Z,30.85,978.78,50.59,26.9124,70.9022,225.0,False,NORMAL
AWS-001,2026-08-26T08:00:00Z,26.96,983.1,66.48,28.6139,77.209,216.0,False,NORMAL
AWS-002,2026-08-26T08:00:00Z,27.98,1009.56,74.71,18.922,72.8347,14.0,False,NORMAL
AWS-003,2026-08-26T08:00:00Z,19.55,834.17,61.46,32.219,76.3234,1457.0,False,NORMAL
AWS-004,2026-08-26T08:00:00Z,30.89,978.92,48.71,26.9124,70.9022,225.0,False,NORMAL
AWS-001,2026-08-26T08:15:00Z,27.0,983.18,64.87,28.6139,77.209,216.0,False,NORMAL
AWS-002,2026-08-26T08:15:00Z,27.86,1009.59,73.92,18.922,72.8347,14.0,False,NORMAL
AWS-003,2026-08-26T08:15:00Z,21.1,834.17,61.41,32.219,76.3234,1457.0,False,NORMAL
AWS-004,2026-08-26T08:15:00Z,31.78,978.97,47.06,26.9124,70.9022,225.0,False,NORMAL
AWS-001,2026-08-26T08:30:00Z,27.65,983.33,63.95,28.6139,77.209,216.0,False,NORMAL
AWS-002,2026-08-26T08:30:00Z,28.45,1009.64,71.79,18.922,72.8347,14.0,False,NORMAL
AWS-003,2026-08-26T08:30:00Z,20.67,834.47,59.15,32.219,76.3234,1457.0,False,NORMAL
AWS-004,2026-08-26T08:30:00Z,31.54,979.2,46.41,26.9124,70.9022,225.0,False,NORMAL
AWS-001,2026-08-26T08:45:00Z,27.61,983.45,62.5,28.6139,77.209,216.0,False,NORMAL
AWS-002,2026-08-26T08:45:00Z,29.23,1009.67,70.93,18.922,72.8347,14.0,False,NORMAL
AWS-003,2026-08-26T08:45:00Z,20.76,834.06,57.16,32.219,76.3234,1457.0,False,NORMAL
AWS-004,2026-08-26T08:45:00Z,32.12,979.25,45.35,26.9124,70.9022,225.0,False,NORMAL
AWS-001,2026-08-26T09:00:00Z,28.33,983.41,61.75,28.6139,77.209,216.0,False,NORMAL
AWS-002,2026-08-26T09:00:00Z,29.25,1009.77,69.11,18.922,72.8347,14.0,False,NORMAL
AWS-003,2026-08-26T09:00:00Z,21.25,834.79,55.8,32.219,76.3234,1457.0,False,NORMAL
AWS-004,2026-08-26T09:00:00Z,32.32,979.49,43.31,26.9124,70.9022,225.0,False,NORMAL
AWS-001,2026-08-26T09:15:00Z,28.86,983.33,60.3,28.6139,77.209,216.0,False,NORMAL
AWS-002,2026-08-26T09:15:00Z,30.82,1009.9,68.87,18.922,72.8347,14.0,False,NORMAL
AWS-003,2026-08-26T09:15:00Z,21.83,834.66,55.69,32.219,76.3234,1457.0,False,NORMAL
AWS-004,2026-08-26T09:15:00Z,32.58,979.53,42.28,26.9124,70.9022,225.0,False,NORMAL
AWS-001,2026-08-26T09:30:00Z,29.11,983.4,59.4,28.6139,77.209,216.0,False,NORMAL
AWS-002,2026-08-26T09:30:00Z,29.8,1009.81,66.71,18.922,72.8347,14.0,False,NORMAL
AWS-003,2026-08-26T09:30:00Z,22.96,834.72,54.94,32.219,76.3234,1457.0,False,NORMAL
AWS-004,2026-08-26T09:30:00Z,33.12,979.76,41.61,26.9124,70.9022,225.0,False,NORMAL
AWS-001,2026-08-26T09:45:00Z,29.57,983.6,58.51,28.6139,77.209,216.0,False,NORMAL
AWS-002,2026-08-26T09:45:00Z,30.27,1010.03,65.71,18.922,72.8347,14.0,False,NORMAL
AWS-003,2026-08-26T09:45:00Z,22.23,834.46,52.91,32.219,76.3234,1457.0,False,NORMAL
AWS-004,2026-08-26T09:45:00Z,33.35,979.58,39.34,26.9124,70.9022,225.0,False,NORMAL
AWS-001,2026-08-26T10:00:00Z,29.6,983.45,57.57,28.6139,77.209,216.0,False,NORMAL
AWS-002,2026-08-26T10:00:00Z,30.69,1009.92,64.96,18.922,72.8347,14.0,False,NORMAL
AWS-003,2026-08-26T10:00:00Z,23.33,834.47,51.98,32.219,76.3234,1457.0,False,NORMAL
AWS-004,2026-08-26T10:00:00Z,34.23,979.52,37.86,26.9124,70.9022,225.0,False,NORMAL
AWS-001,2026-08-26T10:15:00Z,30.42,983.56,55.44,28.6139,77.209,216.0,False,NORMAL
AWS-002,2026-08-26T10:15:00Z,31.23,1010.06,63.82,18.922,72.8347,14.0,False,NORMAL
AWS-003,2026-08-26T10:15:00Z,23.48,834.6,50.89,32.219,76.3234,1457.0,False,NORMAL
AWS-004,2026-08-26T10:15:00Z,34.25,979.72,38.72,26.9124,70.9022,225.0,False,NORMAL
AWS-001,2026-08-26T10:30:00Z,30.73,983.77,54.75,28.6139,77.209,216.0,False,NORMAL
AWS-002,2026-08-26T10:30:00Z,31.17,1010.06,61.67,18.922,72.8347,14.0,False,NORMAL
AWS-003,2026-08-26T10:30:00Z,23.54,834.94,49.17,32.219,76.3234,1457.0,False,NORMAL
AWS-004,2026-08-26T10:30:00Z,33.79,979.31,36.42,26.9124,70.9022,225.0,False,NORMAL
AWS-001,2026-08-26T10:45:00Z,30.4,983.37,53.25,28.6139,77.209,216.0,False,NORMAL
AWS-002,2026-08-26T10:45:00Z,31.6,1009.92,62.49,18.922,72.8347,14.0,False,NORMAL
AWS-003,2026-08-26T10:45:00Z,23.43,834.4,47.48,32.219,76.3234,1457.0,False,NORMAL
AWS-004,2026-08-26T10:45:00Z,34.37,979.43,37.02,26.9124,70.9022,225.0,False,NORMAL
AWS-001,2026-08-26T11:00:00Z,31.05,983.29,52.15,28.6139,77.209,216.0,False,NORMAL
AWS-002,2026-08-26T11:00:00Z,32.4,1009.73,61.27,18.922,72.8347,14.0,False,NORMAL
AWS-003,2026-08-26T11:00:00Z,24.92,834.66,47.08,32.219,76.3234,1457.0,False,NORMAL
AWS-004,2026-08-26T11:00:00Z,34.64,979.36,34.93,26.9124,70.9022,225.0,False,NORMAL
AWS-001,2026-08-26T11:15:00Z,30.99,983.32,51.53,28.6139,77.209,216.0,False,NORMAL
AWS-002,2026-08-26T11:15:00Z,31.94,1009.54,60.12,18.922,72.8347,14.0,False,NORMAL
AWS-003,2026-08-26T11:15:00Z,24.07,834.8,47.61,32.219,76.3234,1457.0,False,NORMAL
AWS-004,2026-08-26T11:15:00Z,35.57,979.26,34.11,26.9124,70.9022,225.0,False,NORMAL
AWS-001,2026-08-26T11:30:00Z,31.5,983.28,51.01,28.6139,77.209,216.0,False,NORMAL
AWS-002,2026-08-26T11:30:00Z,33.2,1009.34,58.39,18.922,72.8347,14.0,False,NORMAL
AWS-003,2026-08-26T11:30:00Z,25.01,834.53,46.59,32.219,76.3234,1457.0,False,NORMAL
AWS-004,2026-08-26T11:30:00Z,35.67,979.52,33.15,26.9124,70.9022,225.0,False,NORMAL
AWS-001,2026-08-26T11:45:00Z,31.9,983.19,50.35,28.6139,77.209,216.0,False,NORMAL
AWS-002,2026-08-26T11:45:00Z,33.4,1009.66,58.14,18.922,72.8347,14.0,False,NORMAL
AWS-003,2026-08-26T11:45:00Z,24.83,834.45,45.68,32.219,76.3234,1457.0,False,NORMAL
AWS-004,2026-08-26T11:45:00Z,35.97,978.93,32.18,26.9124,70.9022,225.0,False,NORMAL
AWS-001,2026-08-26T12:00:00Z,31.97,982.92,49.25,28.6139,77.209,216.0,False,NORMAL
AWS-002,2026-08-26T12:00:00Z,32.34,1009.4,57.93,18.922,72.8347,14.0,False,NORMAL
AWS-003,2026-08-26T12:00:00Z,25.04,833.97,43.87,32.219,76.3234,1457.0,False,NORMAL
AWS-004,2026-08-26T12:00:00Z,35.87,978.93,32.19,26.9124,70.9022,225.0,False,NORMAL
AWS-001,2026-08-26T12:15:00Z,32.43,983.02,49.07,28.6139,77.209,216.0,False,NORMAL
AWS-002,2026-08-26T12:15:00Z,33.28,1009.31,56.21,18.922,72.8347,14.0,False,NORMAL
AWS-003,2026-08-26T12:15:00Z,25.81,834.1,43.09,32.219,76.3234,1457.0,False,NORMAL
AWS-004,2026-08-26T12:15:00Z,36.62,978.64,30.48,26.9124,70.9022,225.0,False,NORMAL
AWS-001,2026-08-26T12:30:00Z,32.42,982.62,48.35,28.6139,77.209,216.0,False,NORMAL
AWS-002,2026-08-26T12:30:00Z,32.2,1009.3,55.84,18.922,72.8347,14.0,False,NORMAL
AWS-003,2026-08-26T12:30:00Z,26.87,833.79,43.21,32.219,76.3234,1457.0,False,NORMAL
AWS-004,2026-08-26T12:30:00Z,35.72,978.76,31.0,26.9124,70.9022,225.0,False,NORMAL
AWS-001,2026-08-26T12:45:00Z,32.36,982.56,47.98,28.6139,77.209,216.0,False,NORMAL
AWS-002,2026-08-26T12:45:00Z,34.04,1008.99,55.77,18.922,72.8347,14.0,False,NORMAL
AWS-003,2026-08-26T12:45:00Z,25.57,833.89,42.03,32.219,76.3234,1457.0,False,NORMAL
AWS-004,2026-08-26T12:45:00Z,36.07,978.7,29.48,26.9124,70.9022,225.0,False,NORMAL
AWS-001,2026-08-26T13:00:00Z,32.21,982.74,47.41,28.6139,77.209,216.0,False,NORMAL
AWS-002,2026-08-26T13:00:00Z,34.42,1008.95,55.41,18.922,72.8347,14.0,False,NORMAL
AWS-003,2026-08-26T13:00:00Z,26.17,833.72,41.42,32.219,76.3234,1457.0,False,NORMAL
AWS-004,2026-08-26T13:00:00Z,37.0,978.9,28.85,26.9124,70.9022,225.0,False,NORMAL
AWS-001,2026-08-26T13:15:00Z,32.46,982.15,47.53,28.6139,77.209,216.0,False,NORMAL
AWS-002,2026-08-26T13:15:00Z,33.49,1008.59,54.39,18.922,72.8347,14.0,False,NORMAL
AWS-003,2026-08-26T13:15:00Z,25.42,833.45,42.07,32.219,76.3234,1457.0,False,NORMAL
AWS-004,2026-08-26T13:15:00Z,36.61,978.13,28.94,26.9124,70.9022,225.0,False,NORMAL
AWS-001,2026-08-26T13:30:00Z,32.5,982.14,47.17,28.6139,77.209,216.0,False,NORMAL
AWS-002,2026-08-26T13:30:00Z,33.95,1008.36,55.24,18.922,72.8347,14.0,False,NORMAL
AWS-003,2026-08-26T13:30:00Z,26.27,833.08,41.88,32.219,76.3234,1457.0,False,NORMAL
AWS-004,2026-08-26T13:30:00Z,36.99,978.24,28.67,26.9124,70.9022,225.0,False,NORMAL
AWS-001,2026-08-26T13:45:00Z,32.65,981.99,46.85,28.6139,77.209,216.0,False,NORMAL
AWS-002,2026-08-26T13:45:00Z,34.57,1008.57,55.39,18.922,72.8347,14.0,False,NORMAL
AWS-003,2026-08-26T13:45:00Z,25.54,833.21,42.27,32.219,76.3234,1457.0,False,NORMAL
AWS-004,2026-08-26T13:45:00Z,36.89,978.04,28.9,26.9124,70.9022,225.0,False,NORMAL
AWS-001,2026-08-26T14:00:00Z,33.09,981.92,46.31,28.6139,77.209,216.0,False,NORMAL
AWS-002,2026-08-26T14:00:00Z,34.13,1008.37,55.36,18.922,72.8347,14.0,False,NORMAL
AWS-003,2026-08-26T14:00:00Z,25.71,833.26,42.78,32.219,76.3234,1457.0,False,NORMAL
AWS-004,2026-08-26T14:00:00Z,36.91,977.66,28.47,26.9124,70.9022,225.0,False,NORMAL
AWS-001,2026-08-26T14:15:00Z,32.72,981.75,47.42,28.6139,77.209,216.0,False,NORMAL
AWS-002,2026-08-26T14:15:00Z,33.96,1007.74,54.94,18.922,72.8347,14.0,False,NORMAL
AWS-003,2026-08-26T14:15:00Z,26.35,833.04,41.5,32.219,76.3234,1457.0,False,NORMAL
AWS-004,2026-08-26T14:15:00Z,37.53,977.34,28.33,26.9124,70.9022,225.0,False,NORMAL
AWS-001,2026-08-26T14:30:00Z,33.3,981.68,46.63,28.6139,77.209,216.0,False,NORMAL
AWS-002,2026-08-26T14:30:00Z,34.27,1007.97,55.38,18.922,72.8347,14.0,False,NORMAL
AWS-003,2026-08-26T14:30:00Z,26.96,833.25,40.43,32.219,76.3234,1457.0,False,NORMAL
AWS-004,2026-08-26T14:30:00Z,36.55,977.46,29.39,26.9124,70.9022,225.0,False,NORMAL
AWS-001,2026-08-26T14:45:00Z,33.09,981.34,47.56,28.6139,77.209,216.0,False,NORMAL
AWS-002,2026-08-26T14:45:00Z,33.79,1007.96,54.48,18.922,72.8347,14.0,False,NORMAL
AWS-003,2026-08-26T14:45:00Z,25.87,833.02,43.07,32.219,76.3234,1457.0,False,NORMAL
AWS-004,2026-08-26T14:45:00Z,37.45,977.48,29.38,26.9124,70.9022,225.0,False,NORMAL
AWS-001,2026-08-26T15:00:00Z,32.57,981.41,46.82,28.6139,77.209,216.0,False,NORMAL
AWS-002,2026-08-26T15:00:00Z,34.22,1007.96,55.35,18.922,72.8347,14.0,False,NORMAL
AWS-003,2026-08-26T15:00:00Z,25.81,832.54,43.32,32.219,76.3234,1457.0,False,NORMAL
AWS-004,2026-08-26T15:00:00Z,36.98,977.42,29.95,26.9124,70.9022,225.0,False,NORMAL
AWS-001,2026-08-26T15:15:00Z,31.98,981.59,48.24,28.6139,77.209,216.0,False,NORMAL
AWS-002,2026-08-26T15:15:00Z,34.15,1007.65,55.99,18.922,72.8347,14.0,False,NORMAL
AWS-003,2026-08-26T15:15:00Z,27.06,832.56,42.34,32.219,76.3234,1457.0,False,NORMAL
AWS-004,2026-08-26T15:15:00Z,36.54,977.51,28.88,26.9124,70.9022,225.0,False,NORMAL
AWS-001,2026-08-26T15:30:00Z,32.51,981.51,48.4,28.6139,77.209,216.0,False,NORMAL
AWS-002,2026-08-26T15:30:00Z,33.94,1007.75,56.52,18.922,72.8347,14.0,False,NORMAL
AWS-003,2026-08-26T15:30:00Z,26.52,832.43,43.7,32.219,76.3234,1457.0,False,NORMAL
AWS-004,2026-08-26T15:30:00Z,35.87,977.15,30.22,26.9124,70.9022,225.0,False,NORMAL
AWS-001,2026-08-26T15:45:00Z,32.37,981.35,48.72,28.6139,77.209,216.0,False,NORMAL
AWS-002,2026-08-26T15:45:00Z,32.85,1007.87,55.23,18.922,72.8347,14.0,False,NORMAL
AWS-003,2026-08-26T15:45:00Z,25.79,832.9,45.3,32.219,76.3234,1457.0,False,NORMAL
AWS-004,2026-08-26T15:45:00Z,37.29,977.16,30.41,26.9124,70.9022,225.0,False,NORMAL
AWS-001,2026-08-26T16:00:00Z,32.16,981.27,49.53,28.6139,77.209,216.0,False,NORMAL
AWS-002,2026-08-26T16:00:00Z,32.99,1007.48,57.29,18.922,72.8347,14.0,False,NORMAL
AWS-003,2026-08-26T16:00:00Z,26.06,832.54,45.15,32.219,76.3234,1457.0,False,NORMAL
AWS-004,2026-08-26T16:00:00Z,35.45,977.31,31.74,26.9124,70.9022,225.0,False,NORMAL
AWS-001,2026-08-26T16:15:00Z,32.07,981.26,50.47,28.6139,77.209,216.0,False,NORMAL
AWS-002,2026-08-26T16:15:00Z,33.78,1007.74,57.88,18.922,72.8347,14.0,False,NORMAL
AWS-003,2026-08-26T16:15:00Z,25.49,832.71,44.56,32.219,76.3234,1457.0,False,NORMAL
AWS-004,2026-08-26T16:15:00Z,36.33,977.33,32.13,26.9124,70.9022,225.0,False,NORMAL
AWS-001,2026-08-26T16:30:00Z,31.54,981.33,50.92,28.6139,77.209,216.0,False,NORMAL
AWS-002,2026-08-26T16:30:00Z,32.39,1007.63,58.53,18.922,72.8347,14.0,False,NORMAL
AWS-003,2026-08-26T16:30:00Z,24.82,832.6,46.46,32.219,76.3234,1457.0,False,NORMAL
AWS-004,2026-08-26T16:30:00Z,35.23,977.08,33.56,26.9124,70.9022,225.0,False,NORMAL
AWS-001,2026-08-26T16:45:00Z,31.17,981.17,50.89,28.6139,77.209,216.0,False,NORMAL
AWS-002,2026-08-26T16:45:00Z,33.09,1007.7,59.7,18.922,72.8347,14.0,False,NORMAL
AWS-003,2026-08-26T16:45:00Z,23.76,832.66,45.36,32.219,76.3234,1457.0,False,NORMAL
AWS-004,2026-08-26T16:45:00Z,35.49,977.77,33.94,26.9124,70.9022,225.0,False,NORMAL
AWS-001,2026-08-26T17:00:00Z,31.14,981.22,52.38,28.6139,77.209,216.0,False,NORMAL
AWS-002,2026-08-26T17:00:00Z,32.28,1007.81,60.22,18.922,72.8347,14.0,False,NORMAL
AWS-003,2026-08-26T17:00:00Z,24.4,832.78,47.54,32.219,76.3234,1457.0,False,NORMAL
AWS-004,2026-08-26T17:00:00Z,34.16,977.18,34.69,26.9124,70.9022,225.0,False,NORMAL
AWS-001,2026-08-26T17:15:00Z,30.57,981.43,53.18,28.6139,77.209,216.0,False,NORMAL
AWS-002,2026-08-26T17:15:00Z,32.19,1008.01,60.97,18.922,72.8347,14.0,False,NORMAL
AWS-003,2026-08-26T17:15:00Z,24.54,832.53,46.25,32.219,76.3234,1457.0,False,NORMAL
AWS-004,2026-08-26T17:15:00Z,35.08,976.87,35.26,26.9124,70.9022,225.0,False,NORMAL
AWS-001,2026-08-26T17:30:00Z,30.34,981.6,54.74,28.6139,77.209,216.0,False,NORMAL
AWS-002,2026-08-26T17:30:00Z,32.14,1007.98,62.95,18.922,72.8347,14.0,False,NORMAL
AWS-003,2026-08-26T17:30:00Z,24.51,833.07,49.99,32.219,76.3234,1457.0,False,NORMAL
AWS-004,2026-08-26T17:30:00Z,34.51,977.58,36.85,26.9124,70.9022,225.0,False,NORMAL
AWS-001,2026-08-26T17:45:00Z,30.5,981.8,55.63,28.6139,77.209,216.0,False,NORMAL
AWS-002,2026-08-26T17:45:00Z,31.64,1007.97,64.38,18.922,72.8347,14.0,False,NORMAL
AWS-003,2026-08-26T17:45:00Z,24.43,832.96,51.51,32.219,76.3234,1457.0,False,NORMAL
AWS-004,2026-08-26T17:45:00Z,33.8,977.74,37.35,26.9124,70.9022,225.0,False,NORMAL
AWS-001,2026-08-26T18:00:00Z,29.74,981.95,56.54,28.6139,77.209,216.0,False,NORMAL
AWS-002,2026-08-26T18:00:00Z,30.35,1008.14,64.61,18.922,72.8347,14.0,False,NORMAL
AWS-003,2026-08-26T18:00:00Z,23.45,833.48,53.01,32.219,76.3234,1457.0,False,NORMAL
AWS-004,2026-08-26T18:00:00Z,33.18,977.63,38.22,26.9124,70.9022,225.0,False,NORMAL
AWS-001,2026-08-26T18:15:00Z,29.48,982.12,57.93,28.6139,77.209,216.0,False,NORMAL
AWS-002,2026-08-26T18:15:00Z,30.49,1008.1,64.48,18.922,72.8347,14.0,False,NORMAL
AWS-003,2026-08-26T18:15:00Z,23.27,833.09,52.76,32.219,76.3234,1457.0,False,NORMAL
AWS-004,2026-08-26T18:15:00Z,33.77,978.15,40.65,26.9124,70.9022,225.0,False,NORMAL
AWS-001,2026-08-26T18:30:00Z,29.13,982.11,58.44,28.6139,77.209,216.0,False,NORMAL
AWS-002,2026-08-26T18:30:00Z,30.37,1008.47,65.79,18.922,72.8347,14.0,False,NORMAL
AWS-003,2026-08-26T18:30:00Z,23.38,833.11,53.27,32.219,76.3234,1457.0,False,NORMAL
AWS-004,2026-08-26T18:30:00Z,33.38,977.92,40.61,26.9124,70.9022,225.0,False,NORMAL
AWS-001,2026-08-26T18:45:00Z,28.88,982.25,60.39,28.6139,77.209,216.0,False,NORMAL
AWS-002,2026-08-26T18:45:00Z,29.9,1008.75,68.1,18.922,72.8347,14.0,False,NORMAL
AWS-003,2026-08-26T18:45:00Z,22.34,833.83,56.11,32.219,76.3234,1457.0,False,NORMAL
AWS-004,2026-08-26T18:45:00Z,32.77,978.05,42.44,26.9124,70.9022,225.0,False,NORMAL
AWS-001,2026-08-26T19:00:00Z,28.59,982.6,60.82,28.6139,77.209,216.0,False,NORMAL
AWS-002,2026-08-26T19:00:00Z,28.82,1008.71,69.55,18.922,72.8347,14.0,False,NORMAL
AWS-003,2026-08-26T19:00:00Z,21.42,833.82,56.41,32.219,76.3234,1457.0,False,NORMAL
AWS-004,2026-08-26T19:00:00Z,31.8,978.41,43.51,26.9124,70.9022,225.0,False,NORMAL
AWS-001,2026-08-26T19:15:00Z,28.38,982.7,63.21,28.6139,77.209,216.0,False,NORMAL
AWS-002,2026-08-26T19:15:00Z,28.73,1008.95,71.01,18.922,72.8347,14.0,False,NORMAL
AWS-003,2026-08-26T19:15:00Z,21.94,833.77,58.27,32.219,76.3234,1457.0,False,NORMAL
AWS-004,2026-08-26T19:15:00Z,31.98,978.82,44.29,26.9124,70.9022,225.0,False,NORMAL
AWS-001,2026-08-26T19:30:00Z,27.39,982.73,63.77,28.6139,77.209,216.0,False,NORMAL
AWS-002,2026-08-26T19:30:00Z,29.16,1009.07,71.24,18.922,72.8347,14.0,False,NORMAL
AWS-003,2026-08-26T19:30:00Z,22.42,833.79,59.61,32.219,76.3234,1457.0,False,NORMAL
AWS-004,2026-08-26T19:30:00Z,31.29,978.87,46.4,26.9124,70.9022,225.0,False,NORMAL
AWS-001,2026-08-26T19:45:00Z,27.1,982.93,64.8,28.6139,77.209,216.0,False,NORMAL
AWS-002,2026-08-26T19:45:00Z,28.9,1009.33,73.84,18.922,72.8347,14.0,False,NORMAL
AWS-003,2026-08-26T19:45:00Z,20.57,833.97,61.29,32.219,76.3234,1457.0,False,NORMAL
AWS-004,2026-08-26T19:45:00Z,31.46,978.73,46.83,26.9124,70.9022,225.0,False,NORMAL
AWS-001,2026-08-26T20:00:00Z,26.85,983.12,66.3,28.6139,77.209,216.0,False,NORMAL
AWS-002,2026-08-26T20:00:00Z,28.23,1009.32,75.1,18.922,72.8347,14.0,False,NORMAL
AWS-003,2026-08-26T20:00:00Z,20.74,834.32,60.67,32.219,76.3234,1457.0,False,NORMAL
AWS-004,2026-08-26T20:00:00Z,30.97,978.99,48.9,26.9124,70.9022,225.0,False,NORMAL
AWS-001,2026-08-26T20:15:00Z,26.78,983.09,68.03,28.6139,77.209,216.0,False,NORMAL
AWS-002,2026-08-26T20:15:00Z,28.77,1009.67,74.99,18.922,72.8347,14.0,False,NORMAL
AWS-003,2026-08-26T20:15:00Z,20.14,834.1,62.94,32.219,76.3234,1457.0,False,NORMAL
AWS-004,2026-08-26T20:15:00Z,30.53,979.34,49.98,26.9124,70.9022,225.0,False,NORMAL
AWS-001,2026-08-26T20:30:00Z,25.72,983.18,69.83,28.6139,77.209,216.0,False,NORMAL
AWS-002,2026-08-26T20:30:00Z,27.17,1009.9,76.91,18.922,72.8347,14.0,False,NORMAL
AWS-003,2026-08-26T20:30:00Z,20.51,834.5,64.38,32.219,76.3234,1457.0,False,NORMAL
AWS-004,2026-08-26T20:30:00Z,30.2,979.53,51.48,26.9124,70.9022,225.0,False,NORMAL
AWS-001,2026-08-26T20:45:00Z,25.54,983.52,70.51,28.6139,77.209,216.0,False,NORMAL
AWS-002,2026-08-26T20:45:00Z,27.61,1010.08,79.33,18.922,72.8347,14.0,False,NORMAL
AWS-003,2026-08-26T20:45:00Z,20.18,834.77,65.62,32.219,76.3234,1457.0,False,NORMAL
AWS-004,2026-08-26T20:45:00Z,30.18,979.17,53.24,26.9124,70.9022,225.0,False,NORMAL
AWS-001,2026-08-26T21:00:00Z,25.31,983.42,72.19,28.6139,77.209,216.0,False,NORMAL
AWS-002,2026-08-26T21:00:00Z,26.11,1010.13,79.07,18.922,72.8347,14.0,False,NORMAL
AWS-003,2026-08-26T21:00:00Z,19.11,834.74,67.55,32.219,76.3234,1457.0,False,NORMAL
AWS-004,2026-08-26T21:00:00Z,29.43,979.32,53.8,26.9124,70.9022,225.0,False,NORMAL
AWS-001,2026-08-26T21:15:00Z,25.03,983.82,73.09,28.6139,77.209,216.0,False,NORMAL
AWS-002,2026-08-26T21:15:00Z,25.17,1010.07,81.34,18.922,72.8347,14.0,False,NORMAL
AWS-003,2026-08-26T21:15:00Z,19.3,834.79,67.72,32.219,76.3234,1457.0,False,NORMAL
AWS-004,2026-08-26T21:15:00Z,28.48,979.44,54.85,26.9124,70.9022,225.0,False,NORMAL
AWS-001,2026-08-26T21:30:00Z,24.52,983.58,75.01,28.6139,77.209,216.0,False,NORMAL
AWS-002,2026-08-26T21:30:00Z,26.25,1010.28,82.44,18.922,72.8347,14.0,False,NORMAL
AWS-003,2026-08-26T21:30:00Z,17.79,835.05,68.98,32.219,76.3234,1457.0,False,NORMAL
AWS-004,2026-08-26T21:30:00Z,28.51,979.09,56.52,26.9124,70.9022,225.0,False,NORMAL
AWS-001,2026-08-26T21:45:00Z,24.27,983.6,74.93,28.6139,77.209,216.0,False,NORMAL
AWS-002,2026-08-26T21:45:00Z,25.22,1010.07,83.01,18.922,72.8347,14.0,False,NORMAL
AWS-003,2026-08-26T21:45:00Z,17.21,834.74,69.9,32.219,76.3234,1457.0,False,NORMAL
AWS-004,2026-08-26T21:45:00Z,28.02,979.2,59.0,26.9124,70.9022,225.0,False,NORMAL
AWS-001,2026-08-26T22:00:00Z,24.05,983.67,77.07,28.6139,77.209,216.0,False,NORMAL
AWS-002,2026-08-26T22:00:00Z,24.89,1009.87,84.79,18.922,72.8347,14.0,False,NORMAL
AWS-003,2026-08-26T22:00:00Z,16.94,834.79,72.07,32.219,76.3234,1457.0,False,NORMAL
AWS-004,2026-08-26T22:00:00Z,27.33,979.69,59.18,26.9124,70.9022,225.0,False,NORMAL
AWS-001,2026-08-26T22:15:00Z,23.57,983.65,76.77,28.6139,77.209,216.0,False,NORMAL
AWS-002,2026-08-26T22:15:00Z,24.39,1010.07,84.03,18.922,72.8347,14.0,False,NORMAL
AWS-003,2026-08-26T22:15:00Z,16.63,834.41,72.22,32.219,76.3234,1457.0,False,NORMAL
AWS-004,2026-08-26T22:15:00Z,27.14,979.49,58.57,26.9124,70.9022,225.0,False,NORMAL
AWS-001,2026-08-26T22:30:00Z,22.8,983.43,78.75,28.6139,77.209,216.0,False,NORMAL
AWS-002,2026-08-26T22:30:00Z,23.84,1009.86,87.97,18.922,72.8347,14.0,False,NORMAL
AWS-003,2026-08-26T22:30:00Z,16.82,834.88,74.47,32.219,76.3234,1457.0,False,NORMAL
AWS-004,2026-08-26T22:30:00Z,27.25,979.47,61.16,26.9124,70.9022,225.0,False,NORMAL
AWS-001,2026-08-26T22:45:00Z,22.9,983.64,79.29,28.6139,77.209,216.0,False,NORMAL
AWS-002,2026-08-26T22:45:00Z,23.46,1009.87,87.19,18.922,72.8347,14.0,False,NORMAL
AWS-003,2026-08-26T22:45:00Z,16.69,834.61,74.58,32.219,76.3234,1457.0,False,NORMAL
AWS-004,2026-08-26T22:45:00Z,27.71,979.39,60.99,26.9124,70.9022,225.0,False,NORMAL
AWS-001,2026-08-26T23:00:00Z,22.71,983.45,81.27,28.6139,77.209,216.0,False,NORMAL
AWS-002,2026-08-26T23:00:00Z,23.84,1009.77,88.53,18.922,72.8347,14.0,False,NORMAL
AWS-003,2026-08-26T23:00:00Z,16.54,834.52,76.71,32.219,76.3234,1457.0,False,NORMAL
AWS-004,2026-08-26T23:00:00Z,26.97,979.49,63.85,26.9124,70.9022,225.0,False,NORMAL
AWS-001,2026-08-26T23:15:00Z,22.41,983.12,81.14,28.6139,77.209,216.0,False,NORMAL
AWS-002,2026-08-26T23:15:00Z,23.68,1009.79,89.15,18.922,72.8347,14.0,False,NORMAL
AWS-003,2026-08-26T23:15:00Z,15.43,834.13,76.31,32.219,76.3234,1457.0,False,NORMAL
AWS-004,2026-08-26T23:15:00Z,26.82,979.09,64.35,26.9124,70.9022,225.0,False,NORMAL
AWS-001,2026-08-26T23:30:00Z,21.78,983.27,82.58,28.6139,77.209,216.0,False,NORMAL
AWS-002,2026-08-26T23:30:00Z,23.44,1009.3,90.01,18.922,72.8347,14.0,False,NORMAL
AWS-003,2026-08-26T23:30:00Z,15.79,834.13,78.48,32.219,76.3234,1457.0,False,NORMAL
AWS-004,2026-08-26T23:30:00Z,25.63,979.38,64.36,26.9124,70.9022,225.0,False,NORMAL
AWS-001,2026-08-26T23:45:00Z,21.7,983.1,83.9,28.6139,77.209,216.0,False,NORMAL
AWS-002,2026-08-26T23:45:00Z,23.46,1009.42,90.94,18.922,72.8347,14.0,False,NORMAL
AWS-003,2026-08-26T23:45:00Z,15.23,834.59,78.58,32.219,76.3234,1457.0,False,NORMAL
AWS-004,2026-08-26T23:45:00Z,26.47,979.41,65.9,26.9124,70.9022,225.0,False,NORMAL
AWS-001,2026-08-27T00:00:00Z,21.36,982.97,83.09,28.6139,77.209,216.0,False,NORMAL
AWS-002,2026-08-27T00:00:00Z,23.28,1009.39,91.63,18.922,72.8347,14.0,False,NORMAL
AWS-003,2026-08-27T00:00:00Z,15.79,834.39,79.47,32.219,76.3234,1457.0,False,NORMAL
AWS-004,2026-08-27T00:00:00Z,25.96,979.03,65.88,26.9124,70.9022,225.0,False,NORMAL
AWS-001,2026-08-27T00:15:00Z,21.95,982.9,85.36,28.6139,77.209,216.0,False,NORMAL
AWS-002,2026-08-27T00:15:00Z,22.44,1009.29,93.13,18.922,72.8347,14.0,False,NORMAL
AWS-003,2026-08-27T00:15:00Z,15.67,834.07,79.31,32.219,76.3234,1457.0,False,NORMAL
AWS-004,2026-08-27T00:15:00Z,25.74,978.79,67.43,26.9124,70.9022,225.0,False,NORMAL
AWS-001,2026-08-27T00:30:00Z,20.9,982.87,85.06,28.6139,77.209,216.0,False,NORMAL
AWS-002,2026-08-27T00:30:00Z,22.52,1009.2,94.26,18.922,72.8347,14.0,False,NORMAL
AWS-003,2026-08-27T00:30:00Z,14.32,833.67,80.92,32.219,76.3234,1457.0,False,NORMAL
AWS-004,2026-08-27T00:30:00Z,25.53,978.54,67.09,26.9124,70.9022,225.0,False,NORMAL
AWS-001,2026-08-27T00:45:00Z,21.12,982.51,85.89,28.6139,77.209,216.0,False,NORMAL
AWS-002,2026-08-27T00:45:00Z,21.94,1009.28,94.26,18.922,72.8347,14.0,False,NORMAL
AWS-003,2026-08-27T00:45:00Z,14.64,833.71,80.08,32.219,76.3234,1457.0,False,NORMAL
AWS-004,2026-08-27T00:45:00Z,24.82,978.6,67.49,26.9124,70.9022,225.0,False,NORMAL
AWS-001,2026-08-27T01:00:00Z,21.32,982.34,85.88,28.6139,77.209,216.0,False,NORMAL
AWS-002,2026-08-27T01:00:00Z,22.11,1009.03,94.16,18.922,72.8347,14.0,False,NORMAL
AWS-003,2026-08-27T01:00:00Z,14.18,833.84,79.66,32.219,76.3234,1457.0,False,NORMAL
AWS-004,2026-08-27T01:00:00Z,25.0,978.72,67.57,26.9124,70.9022,225.0,False,NORMAL
AWS-001,2026-08-27T01:15:00Z,20.75,982.41,86.45,28.6139,77.209,216.0,False,NORMAL
AWS-002,2026-08-27T01:15:00Z,21.72,1008.55,93.91,18.922,72.8347,14.0,False,NORMAL
AWS-003,2026-08-27T01:15:00Z,14.32,833.66,80.69,32.219,76.3234,1457.0,False,NORMAL
AWS-004,2026-08-27T01:15:00Z,24.25,978.33,67.05,26.9124,70.9022,225.0,False,NORMAL
AWS-001,2026-08-27T01:30:00Z,20.79,981.91,85.92,28.6139,77.209,216.0,False,NORMAL
AWS-002,2026-08-27T01:30:00Z,21.77,1008.36,94.79,18.922,72.8347,14.0,False,NORMAL
AWS-003,2026-08-27T01:30:00Z,15.46,833.22,81.84,32.219,76.3234,1457.0,False,NORMAL
AWS-004,2026-08-27T01:30:00Z,24.25,978.18,69.39,26.9124,70.9022,225.0,False,NORMAL
AWS-001,2026-08-27T01:45:00Z,21.1,981.98,86.09,28.6139,77.209,216.0,False,NORMAL
AWS-002,2026-08-27T01:45:00Z,22.14,1008.33,94.51,18.922,72.8347,14.0,False,NORMAL
AWS-003,2026-08-27T01:45:00Z,14.33,833.47,81.59,32.219,76.3234,1457.0,False,NORMAL
AWS-004,2026-08-27T01:45:00Z,24.45,978.25,69.79,26.9124,70.9022,225.0,False,NORMAL
AWS-001,2026-08-27T02:00:00Z,21.1,981.96,85.99,28.6139,77.209,216.0,False,NORMAL
AWS-002,2026-08-27T02:00:00Z,22.23,1008.14,94.65,18.922,72.8347,14.0,False,NORMAL
AWS-003,2026-08-27T02:00:00Z,13.7,832.98,79.58,32.219,76.3234,1457.0,False,NORMAL
AWS-004,2026-08-27T02:00:00Z,25.01,977.81,68.4,26.9124,70.9022,225.0,False,NORMAL
AWS-001,2026-08-27T02:15:00Z,21.09,981.66,86.02,28.6139,77.209,216.0,False,NORMAL
AWS-002,2026-08-27T02:15:00Z,22.2,1008.09,94.71,18.922,72.8347,14.0,False,NORMAL
AWS-003,2026-08-27T02:15:00Z,14.38,832.88,79.83,32.219,76.3234,1457.0,False,NORMAL
AWS-004,2026-08-27T02:15:00Z,25.69,977.63,69.01,26.9124,70.9022,225.0,False,NORMAL
AWS-001,2026-08-27T02:30:00Z,21.03,981.45,86.0,28.6139,77.209,216.0,False,NORMAL
AWS-002,2026-08-27T02:30:00Z,22.53,1008.01,93.67,18.922,72.8347,14.0,False,NORMAL
AWS-003,2026-08-27T02:30:00Z,14.27,833.26,81.92,32.219,76.3234,1457.0,False,NORMAL
AWS-004,2026-08-27T02:30:00Z,25.07,977.51,69.0,26.9124,70.9022,225.0,False,NORMAL
AWS-001,2026-08-27T02:45:00Z,20.89,981.6,87.34,28.6139,77.209,216.0,False,NORMAL
AWS-002,2026-08-27T02:45:00Z,22.63,1008.24,94.78,18.922,72.8347,14.0,False,NORMAL
AWS-003,2026-08-27T02:45:00Z,14.12,832.86,82.02,32.219,76.3234,1457.0,False,NORMAL
AWS-004,2026-08-27T02:45:00Z,25.17,977.61,67.94,26.9124,70.9022,225.0,False,NORMAL
AWS-001,2026-08-27T03:00:00Z,21.12,981.47,86.09,28.6139,77.209,216.0,False,NORMAL
AWS-002,2026-08-27T03:00:00Z,21.96,1007.89,93.7,18.922,72.8347,14.0,False,NORMAL
AWS-003,2026-08-27T03:00:00Z,14.86,832.82,80.57,32.219,76.3234,1457.0,False,NORMAL
AWS-004,2026-08-27T03:00:00Z,24.79,977.2,67.65,26.9124,70.9022,225.0,False,NORMAL
AWS-001,2026-08-27T03:15:00Z,21.0,981.46,85.65,28.6139,77.209,216.0,False,NORMAL
AWS-002,2026-08-27T03:15:00Z,22.63,1007.44,93.76,18.922,72.8347,14.0,False,NORMAL
AWS-003,2026-08-27T03:15:00Z,14.83,832.48,80.89,32.219,76.3234,1457.0,False,NORMAL
AWS-004,2026-08-27T03:15:00Z,25.64,977.15,67.83,26.9124,70.9022,225.0,False,NORMAL
AWS-001,2026-08-27T03:30:00Z,22.03,981.32,85.67,28.6139,77.209,216.0,False,NORMAL
AWS-002,2026-08-27T03:30:00Z,21.79,1007.5,93.42,18.922,72.8347,14.0,False,NORMAL
AWS-003,2026-08-27T03:30:00Z,15.3,832.61,80.59,32.219,76.3234,1457.0,False,NORMAL
AWS-004,2026-08-27T03:30:00Z,24.55,977.31,66.64,26.9124,70.9022,225.0,False,NORMAL
AWS-001,2026-08-27T03:45:00Z,21.8,981.21,84.27,28.6139,77.209,216.0,False,NORMAL
AWS-002,2026-08-27T03:45:00Z,22.89,1007.74,92.4,18.922,72.8347,14.0,False,NORMAL
AWS-003,2026-08-27T03:45:00Z,15.48,832.71,79.28,32.219,76.3234,1457.0,False,NORMAL
AWS-004,2026-08-27T03:45:00Z,25.89,977.48,67.04,26.9124,70.9022,225.0,False,NORMAL
AWS-001,2026-08-27T04:00:00Z,21.8,981.4,84.26,28.6139,77.209,216.0,False,NORMAL
AWS-002,2026-08-27T04:00:00Z,23.05,1007.84,92.1,18.922,72.8347,14.0,False,NORMAL
AWS-003,2026-08-27T04:00:00Z,15.54,832.62,78.71,32.219,76.3234,1457.0,False,NORMAL
AWS-004,2026-08-27T04:00:00Z,26.33,977.35,66.64,26.9124,70.9022,225.0,False,NORMAL
AWS-001,2026-08-27T04:15:00Z,21.09,981.27,83.37,28.6139,77.209,216.0,False,NORMAL
AWS-002,2026-08-27T04:15:00Z,23.09,1007.62,90.05,18.922,72.8347,14.0,False,NORMAL
AWS-003,2026-08-27T04:15:00Z,16.63,833.09,78.39,32.219,76.3234,1457.0,False,NORMAL
AWS-004,2026-08-27T04:15:00Z,25.64,977.29,64.39,26.9124,70.9022,225.0,False,NORMAL
AWS-001,2026-08-27T04:30:00Z,21.97,981.4,82.88,28.6139,77.209,216.0,False,NORMAL
AWS-002,2026-08-27T04:30:00Z,23.99,1007.79,90.1,18.922,72.8347,14.0,False,NORMAL
AWS-003,2026-08-27T04:30:00Z,15.66,832.63,77.58,32.219,76.3234,1457.0,False,NORMAL
AWS-004,2026-08-27T04:30:00Z,26.42,977.39,64.28,26.9124,70.9022,225.0,False,NORMAL
AWS-001,2026-08-27T04:45:00Z,22.27,981.45,81.5,28.6139,77.209,216.0,False,NORMAL
AWS-002,2026-08-27T04:45:00Z,24.27,1007.55,89.36,18.922,72.8347,14.0,False,NORMAL
AWS-003,2026-08-27T04:45:00Z,16.29,832.83,77.17,32.219,76.3234,1457.0,False,NORMAL
AWS-004,2026-08-27T04:45:00Z,26.39,977.41,63.45,26.9124,70.9022,225.0,False,NORMAL
AWS-001,2026-08-27T05:00:00Z,22.84,981.3,80.52,28.6139,77.209,216.0,False,NORMAL
AWS-002,2026-08-27T05:00:00Z,23.98,1007.72,89.19,18.922,72.8347,14.0,False,NORMAL
AWS-003,2026-08-27T05:00:00Z,16.74,832.77,77.04,32.219,76.3234,1457.0,False,NORMAL
AWS-004,2026-08-27T05:00:00Z,26.74,977.66,62.39,26.9124,70.9022,225.0,False,NORMAL
AWS-001,2026-08-27T05:15:00Z,22.97,981.44,79.48,28.6139,77.209,216.0,False,NORMAL
AWS-002,2026-08-27T05:15:00Z,23.8,1007.69,87.49,18.922,72.8347,14.0,False,NORMAL
AWS-003,2026-08-27T05:15:00Z,16.25,833.05,75.57,32.219,76.3234,1457.0,False,NORMAL
AWS-004,2026-08-27T05:15:00Z,27.02,977.5,62.6,26.9124,70.9022,225.0,False,NORMAL
AWS-001,2026-08-27T05:30:00Z,23.25,981.39,78.42,28.6139,77.209,216.0,False,NORMAL
AWS-002,2026-08-27T05:30:00Z,24.85,1007.83,86.78,18.922,72.8347,14.0,False,NORMAL
AWS-003,2026-08-27T05:30:00Z,16.74,833.0,74.53,32.219,76.3234,1457.0,False,NORMAL
AWS-004,2026-08-27T05:30:00Z,27.01,977.64,60.14,26.9124,70.9022,225.0,False,NORMAL
AWS-001,2026-08-27T05:45:00Z,23.52,981.81,77.8,28.6139,77.209,216.0,False,NORMAL
AWS-002,2026-08-27T05:45:00Z,24.98,1007.87,85.78,18.922,72.8347,14.0,False,NORMAL
AWS-003,2026-08-27T05:45:00Z,17.73,832.95,72.97,32.219,76.3234,1457.0,False,NORMAL
AWS-004,2026-08-27T05:45:00Z,26.92,977.6,58.44,26.9124,70.9022,225.0,False,NORMAL
AWS-001,2026-08-27T06:00:00Z,23.86,981.81,75.95,28.6139,77.209,216.0,False,NORMAL
AWS-002,2026-08-27T06:00:00Z,24.34,1008.43,83.71,18.922,72.8347,14.0,False,NORMAL
AWS-003,2026-08-27T06:00:00Z,17.06,833.17,71.5,32.219,76.3234,1457.0,False,NORMAL
AWS-004,2026-08-27T06:00:00Z,28.79,977.41,59.27,26.9124,70.9022,225.0,False,NORMAL
AWS-001,2026-08-27T06:15:00Z,24.09,982.13,75.48,28.6139,77.209,216.0,False,NORMAL
AWS-002,2026-08-27T06:15:00Z,25.19,1008.26,83.79,18.922,72.8347,14.0,False,NORMAL
AWS-003,2026-08-27T06:15:00Z,18.16,832.95,71.03,32.219,76.3234,1457.0,False,NORMAL
AWS-004,2026-08-27T06:15:00Z,28.02,978.0,57.15,26.9124,70.9022,225.0,False,NORMAL
AWS-001,2026-08-27T06:30:00Z,24.76,982.39,74.72,28.6139,77.209,216.0,False,NORMAL
AWS-002,2026-08-27T06:30:00Z,26.14,1008.44,82.81,18.922,72.8347,14.0,False,NORMAL
AWS-003,2026-08-27T06:30:00Z,18.03,833.54,68.93,32.219,76.3234,1457.0,False,NORMAL
AWS-004,2026-08-27T06:30:00Z,29.45,978.09,55.72,26.9124,70.9022,225.0,False,NORMAL
AWS-001,2026-08-27T06:45:00Z,25.31,982.31,72.81,28.6139,77.209,216.0,False,NORMAL
AWS-002,2026-08-27T06:45:00Z,25.75,1008.52,80.78,18.922,72.8347,14.0,False,NORMAL
AWS-003,2026-08-27T06:45:00Z,17.88,833.26,67.04,32.219,76.3234,1457.0,False,NORMAL
AWS-004,2026-08-27T06:45:00Z,29.37,978.43,55.29,26.9124,70.9022,225.0,False,NORMAL
AWS-001,2026-08-27T07:00:00Z,25.42,982.54,71.82,28.6139,77.209,216.0,False,NORMAL
AWS-002,2026-08-27T07:00:00Z,26.58,1008.83,79.86,18.922,72.8347,14.0,False,NORMAL
AWS-003,2026-08-27T07:00:00Z,19.09,833.56,66.7,32.219,76.3234,1457.0,False,NORMAL
AWS-004,2026-08-27T07:00:00Z,29.76,978.25,54.76,26.9124,70.9022,225.0,False,NORMAL
AWS-001,2026-08-27T07:15:00Z,25.54,982.59,70.3,28.6139,77.209,216.0,False,NORMAL
AWS-002,2026-08-27T07:15:00Z,26.81,1009.08,78.55,18.922,72.8347,14.0,False,NORMAL
AWS-003,2026-08-27T07:15:00Z,18.79,834.59,65.2,32.219,76.3234,1457.0,False,NORMAL
AWS-004,2026-08-27T07:15:00Z,30.05,978.42,52.09,26.9124,70.9022,225.0,False,NORMAL
AWS-001,2026-08-27T07:30:00Z,26.08,982.74,68.36,28.6139,77.209,216.0,False,NORMAL
AWS-002,2026-08-27T07:30:00Z,27.61,1009.26,77.08,18.922,72.8347,14.0,False,NORMAL
AWS-003,2026-08-27T07:30:00Z,19.5,833.7,63.77,32.219,76.3234,1457.0,False,NORMAL
AWS-004,2026-08-27T07:30:00Z,29.91,978.74,51.51,26.9124,70.9022,225.0,False,NORMAL
AWS-001,2026-08-27T07:45:00Z,26.4,982.6,68.1,28.6139,77.209,216.0,False,NORMAL
AWS-002,2026-08-27T07:45:00Z,27.46,1008.98,74.92,18.922,72.8347,14.0,False,NORMAL
AWS-003,2026-08-27T07:45:00Z,21.34,834.46,63.23,32.219,76.3234,1457.0,False,NORMAL
AWS-004,2026-08-27T07:45:00Z,30.71,979.03,48.99,26.9124,70.9022,225.0,False,NORMAL
AWS-001,2026-08-27T08:00:00Z,26.25,983.15,66.21,28.6139,77.209,216.0,False,NORMAL
AWS-002,2026-08-27T08:00:00Z,28.41,1009.62,74.7,18.922,72.8347,14.0,False,NORMAL
AWS-003,2026-08-27T08:00:00Z,19.98,834.25,61.21,32.219,76.3234,1457.0,False,NORMAL
AWS-004,2026-08-27T08:00:00Z,31.36,978.85,48.27,26.9124,70.9022,225.0,False,NORMAL
AWS-001,2026-08-27T08:15:00Z,27.15,983.08,64.42,28.6139,77.209,216.0,False,NORMAL
AWS-002,2026-08-27T08:15:00Z,28.35,1009.58,73.0,18.922,72.8347,14.0,False,NORMAL
AWS-003,2026-08-27T08:15:00Z,21.05,834.68,58.68,32.219,76.3234,1457.0,False,NORMAL
AWS-004,2026-08-27T08:15:00Z,31.36,979.32,47.8,26.9124,70.9022,225.0,False,NORMAL
AWS-001,2026-08-27T08:30:00Z,28.18,983.4,64.15,28.6139,77.209,216.0,False,NORMAL
AWS-002,2026-08-27T08:30:00Z,29.09,1009.62,72.12,18.922,72.8347,14.0,False,NORMAL
AWS-003,2026-08-27T08:30:00Z,20.71,834.09,58.68,32.219,76.3234,1457.0,False,NORMAL
AWS-004,2026-08-27T08:30:00Z,31.66,979.25,45.79,26.9124,70.9022,225.0,False,NORMAL
AWS-001,2026-08-27T08:45:00Z,27.84,983.36,62.45,28.6139,77.209,216.0,False,NORMAL
AWS-002,2026-08-27T08:45:00Z,28.74,1010.01,70.7,18.922,72.8347,14.0,False,NORMAL
AWS-003,2026-08-27T08:45:00Z,22.17,834.19,58.42,32.219,76.3234,1457.0,False,NORMAL
AWS-004,2026-08-27T08:45:00Z,31.81,979.24,43.18,26.9124,70.9022,225.0,False,NORMAL
AWS-001,2026-08-27T09:00:00Z,28.89,983.49,61.02,28.6139,77.209,216.0,False,NORMAL
AWS-002,2026-08-27T09:00:00Z,29.51,1009.96,69.73,18.922,72.8347,14.0,False,NORMAL
AWS-003,2026-08-27T09:00:00Z,21.49,834.45,54.97,32.219,76.3234,1457.0,False,NORMAL
AWS-004,2026-08-27T09:00:00Z,32.64,979.44,43.45,26.9124,70.9022,225.0,False,NORMAL
AWS-001,2026-08-27T09:15:00Z,28.71,983.52,60.26,28.6139,77.209,216.0,False,NORMAL
AWS-002,2026-08-27T09:15:00Z,29.61,1010.14,67.53,18.922,72.8347,14.0,False,NORMAL
AWS-003,2026-08-27T09:15:00Z,22.1,834.93,53.98,32.219,76.3234,1457.0,False,NORMAL
AWS-004,2026-08-27T09:15:00Z,32.81,979.65,42.54,26.9124,70.9022,225.0,False,NORMAL
AWS-001,2026-08-27T09:30:00Z,28.91,983.62,58.29,28.6139,77.209,216.0,False,NORMAL
AWS-002,2026-08-27T09:30:00Z,30.04,1009.84,66.54,18.922,72.8347,14.0,False,NORMAL
AWS-003,2026-08-27T09:30:00Z,23.15,834.58,55.18,32.219,76.3234,1457.0,False,NORMAL
AWS-004,2026-08-27T09:30:00Z,33.32,979.63,40.48,26.9124,70.9022,225.0,False,NORMAL
AWS-001,2026-08-27T09:45:00Z,29.67,983.43,57.87,28.6139,77.209,216.0,False,NORMAL
AWS-002,2026-08-27T09:45:00Z,30.99,1010.32,64.33,18.922,72.8347,14.0,False,NORMAL
AWS-003,2026-08-27T09:45:00Z,23.01,834.83,52.02,32.219,76.3234,1457.0,False,NORMAL
AWS-004,2026-08-27T09:45:00Z,33.65,979.65,39.83,26.9124,70.9022,225.0,False,NORMAL
AWS-001,2026-08-27T10:00:00Z,29.79,983.72,57.07,28.6139,77.209,216.0,False,NORMAL
AWS-002,2026-08-27T10:00:00Z,31.25,1010.42,64.3,18.922,72.8347,14.0,False,NORMAL
AWS-003,2026-08-27T10:00:00Z,23.73,834.63,51.31,32.219,76.3234,1457.0,False,NORMAL
AWS-004,2026-08-27T10:00:00Z,34.57,980.05,38.05,26.9124,70.9022,225.0,False,NORMAL
AWS-001,2026-08-27T10:15:00Z,30.34,983.84,55.01,28.6139,77.209,216.0,False,NORMAL
AWS-002,2026-08-27T10:15:00Z,31.58,1010.1,63.45,18.922,72.8347,14.0,False,NORMAL
AWS-003,2026-08-27T10:15:00Z,23.79,835.13,50.34,32.219,76.3234,1457.0,False,NORMAL
AWS-004,2026-08-27T10:15:00Z,34.91,979.6,37.77,26.9124,70.9022,225.0,False,NORMAL
AWS-001,2026-08-27T10:30:00Z,30.51,983.53,54.3,28.6139,77.209,216.0,False,NORMAL
AWS-002,2026-08-27T10:30:00Z,31.8,1010.03,61.49,18.922,72.8347,14.0,False,NORMAL
AWS-003,2026-08-27T10:30:00Z,24.66,834.8,49.17,32.219,76.3234,1457.0,False,NORMAL
AWS-004,2026-08-27T10:30:00Z,33.94,979.74,35.85,26.9124,70.9022,225.0,False,NORMAL
AWS-001,2026-08-27T10:45:00Z,31.27,983.68,52.91,28.6139,77.209,216.0,False,NORMAL
AWS-002,2026-08-27T10:45:00Z,31.96,1009.88,62.12,18.922,72.8347,14.0,False,NORMAL
AWS-003,2026-08-27T10:45:00Z,24.43,834.35,48.71,32.219,76.3234,1457.0,False,NORMAL
AWS-004,2026-08-27T10:45:00Z,34.83,979.33,36.05,26.9124,70.9022,225.0,False,NORMAL
AWS-001,2026-08-27T11:00:00Z,31.28,983.52,52.46,28.6139,77.209,216.0,False,NORMAL
AWS-002,2026-08-27T11:00:00Z,33.2,1009.63,60.82,18.922,72.8347,14.0,False,NORMAL
AWS-003,2026-08-27T11:00:00Z,23.82,834.54,47.73,32.219,76.3234,1457.0,False,NORMAL
AWS-004,2026-08-27T11:00:00Z,35.07,979.56,34.72,26.9124,70.9022,225.0,False,NORMAL
AWS-001,2026-08-27T11:15:00Z,31.47,983.52,50.94,28.6139,77.209,216.0,False,NORMAL
AWS-002,2026-08-27T11:15:00Z,32.6,1010.12,58.84,18.922,72.8347,14.0,False,NORMAL
AWS-003,2026-08-27T11:15:00Z,25.03,834.62,45.55,32.219,76.3234,1457.0,False,NORMAL
AWS-004,2026-08-27T11:15:00Z,35.76,979.4,33.33,26.9124,70.9022,225.0,False,NORMAL
AWS-001,2026-08-27T11:30:00Z,32.01,983.25,50.65,28.6139,77.209,216.0,False,NORMAL
AWS-002,2026-08-27T11:30:00Z,32.87,1009.56,58.39,18.922,72.8347,14.0,False,NORMAL
AWS-003,2026-08-27T11:30:00Z,25.18,833.92,46.26,32.219,76.3234,1457.0,False,NORMAL
AWS-004,2026-08-27T11:30:00Z,36.19,978.91,32.83,26.9124,70.9022,225.0,False,NORMAL
AWS-001,2026-08-27T11:45:00Z,32.25,983.28,48.84,28.6139,77.209,216.0,False,NORMAL
AWS-002,2026-08-27T11:45:00Z,33.22,1009.47,58.24,18.922,72.8347,14.0,False,NORMAL
AWS-003,2026-08-27T11:45:00Z,25.14,834.44,44.96,32.219,76.3234,1457.0,False,NORMAL
AWS-004,2026-08-27T11:45:00Z,35.6,979.24,32.21,26.9124,70.9022,225.0,False,NORMAL
AWS-001,2026-08-27T12:00:00Z,31.88,982.99,49.32,28.6139,77.209,216.0,False,NORMAL
AWS-002,2026-08-27T12:00:00Z,32.88,1009.4,57.26,18.922,72.8347,14.0,False,NORMAL
AWS-003,2026-08-27T12:00:00Z,25.29,834.23,45.08,32.219,76.3234,1457.0,False,NORMAL
AWS-004,2026-08-27T12:00:00Z,35.96,978.6,30.8,26.9124,70.9022,225.0,False,NORMAL
AWS-001,2026-08-27T12:15:00Z,32.17,982.8,47.39,28.6139,77.209,216.0,False,NORMAL
AWS-002,2026-08-27T12:15:00Z,33.15,1009.3,56.93,18.922,72.8347,14.0,False,NORMAL
AWS-003,2026-08-27T12:15:00Z,25.49,833.99,43.77,32.219,76.3234,1457.0,False,NORMAL
AWS-004,2026-08-27T12:15:00Z,36.18,978.85,30.28,26.9124,70.9022,225.0,False,NORMAL
AWS-001,2026-08-27T12:30:00Z,32.09,982.71,48.71,28.6139,77.209,216.0,False,NORMAL
AWS-002,2026-08-27T12:30:00Z,33.6,1009.5,56.17,18.922,72.8347,14.0,False,NORMAL
AWS-003,2026-08-27T12:30:00Z,26.81,834.06,43.32,32.219,76.3234,1457.0,False,NORMAL
AWS-004,2026-08-27T12:30:00Z,36.5,978.61,30.15,26.9124,70.9022,225.0,False,NORMAL
AWS-001,2026-08-27T12:45:00Z,32.32,982.78,47.05,28.6139,77.209,216.0,False,NORMAL
AWS-002,2026-08-27T12:45:00Z,34.26,1008.71,55.66,18.922,72.8347,14.0,False,NORMAL
AWS-003,2026-08-27T12:45:00Z,26.93,834.01,41.32,32.219,76.3234,1457.0,False,NORMAL
AWS-004,2026-08-27T12:45:00Z,36.99,978.33,29.98,26.9124,70.9022,225.0,False,NORMAL
AWS-001,2026-08-27T13:00:00Z,32.41,982.41,46.05,28.6139,77.209,216.0,False,NORMAL
AWS-002,2026-08-27T13:00:00Z,34.07,1008.46,54.87,18.922,72.8347,14.0,False,NORMAL
AWS-003,2026-08-27T13:00:00Z,26.13,833.61,43.02,32.219,76.3234,1457.0,False,NORMAL
AWS-004,2026-08-27T13:00:00Z,36.64,978.41,29.49,26.9124,70.9022,225.0,False,NORMAL
AWS-001,2026-08-27T13:15:00Z,32.81,982.15,47.8,28.6139,77.209,216.0,False,NORMAL
AWS-002,2026-08-27T13:15:00Z,34.11,1008.37,55.34,18.922,72.8347,14.0,False,NORMAL
AWS-003,2026-08-27T13:15:00Z,25.72,833.7,41.76,32.219,76.3234,1457.0,False,NORMAL
AWS-004,2026-08-27T13:15:00Z,36.25,978.15,28.34,26.9124,70.9022,225.0,False,NORMAL
AWS-001,2026-08-27T13:30:00Z,32.62,982.12,47.09,28.6139,77.209,216.0,False,NORMAL
AWS-002,2026-08-27T13:30:00Z,34.67,1008.44,54.44,18.922,72.8347,14.0,False,NORMAL
AWS-003,2026-08-27T13:30:00Z,25.56,833.61,40.53,32.219,76.3234,1457.0,False,NORMAL
AWS-004,2026-08-27T13:30:00Z,36.85,978.27,28.17,26.9124,70.9022,225.0,False,NORMAL
AWS-001,2026-08-27T13:45:00Z,33.29,981.89,46.71,28.6139,77.209,216.0,False,NORMAL
AWS-002,2026-08-27T13:45:00Z,33.76,1008.37,55.01,18.922,72.8347,14.0,False,NORMAL
AWS-003,2026-08-27T13:45:00Z,26.6,833.08,42.29,32.219,76.3234,1457.0,False,NORMAL
AWS-004,2026-08-27T13:45:00Z,37.38,977.92,28.74,26.9124,70.9022,225.0,False,NORMAL
AWS-001,2026-08-27T14:00:00Z,32.58,981.76,46.72,28.6139,77.209,216.0,False,NORMAL
AWS-002,2026-08-27T14:00:00Z,33.3,1008.41,54.67,18.922,72.8347,14.0,False,NORMAL
AWS-003,2026-08-27T14:00:00Z,26.22,832.88,40.18,32.219,76.3234,1457.0,False,NORMAL
AWS-004,2026-08-27T14:00:00Z,37.01,977.79,27.7,26.9124,70.9022,225.0,False,NORMAL
AWS-001,2026-08-27T14:15:00Z,32.92,981.8,45.91,28.6139,77.209,216.0,False,NORMAL
AWS-002,2026-08-27T14:15:00Z,34.13,1008.25,54.54,18.922,72.8347,14.0,False,NORMAL
AWS-003,2026-08-27T14:15:00Z,25.47,833.17,41.59,32.219,76.3234,1457.0,False,NORMAL
AWS-004,2026-08-27T14:15:00Z,36.51,977.69,28.36,26.9124,70.9022,225.0,False,NORMAL
AWS-001,2026-08-27T14:30:00Z,33.43,981.69,46.6,28.6139,77.209,216.0,False,NORMAL
AWS-002,2026-08-27T14:30:00Z,33.87,1008.06,53.97,18.922,72.8347,14.0,False,NORMAL
AWS-003,2026-08-27T14:30:00Z,26.07,832.87,40.45,32.219,76.3234,1457.0,False,NORMAL
AWS-004,2026-08-27T14:30:00Z,36.55,977.34,29.04,26.9124,70.9022,225.0,False,NORMAL
AWS-001,2026-08-27T14:45:00Z,32.71,981.6,46.73,28.6139,77.209,216.0,False,NORMAL
AWS-002,2026-08-27T14:45:00Z,34.39,1007.81,55.23,18.922,72.8347,14.0,False,NORMAL
AWS-003,2026-08-27T14:45:00Z,26.26,832.85,41.47,32.219,76.3234,1457.0,False,NORMAL
AWS-004,2026-08-27T14:45:00Z,36.98,977.42,29.52,26.9124,70.9022,225.0,False,NORMAL
AWS-001,2026-08-27T15:00:00Z,32.14,981.46,47.23,28.6139,77.209,216.0,False,NORMAL
AWS-002,2026-08-27T15:00:00Z,33.13,1007.95,55.42,18.922,72.8347,14.0,False,NORMAL
AWS-003,2026-08-27T15:00:00Z,25.32,832.9,41.98,32.219,76.3234,1457.0,False,NORMAL
AWS-004,2026-08-27T15:00:00Z,37.14,977.26,29.9,26.9124,70.9022,225.0,False,NORMAL
AWS-001,2026-08-27T15:15:00Z,32.89,981.46,47.61,28.6139,77.209,216.0,False,NORMAL
AWS-002,2026-08-27T15:15:00Z,33.48,1007.6,55.88,18.922,72.8347,14.0,False,NORMAL
AWS-003,2026-08-27T15:15:00Z,26.48,832.4,42.04,32.219,76.3234,1457.0,False,NORMAL
AWS-004,2026-08-27T15:15:00Z,36.51,977.26,29.41,26.9124,70.9022,225.0,False,NORMAL
AWS-001,2026-08-27T15:30:00Z,33.22,981.24,47.8,28.6139,77.209,216.0,False,NORMAL
AWS-002,2026-08-27T15:30:00Z,32.89,1007.68,55.07,18.922,72.8347,14.0,False,NORMAL
AWS-003,2026-08-27T15:30:00Z,26.31,832.9,42.94,32.219,76.3234,1457.0,False,NORMAL
AWS-004,2026-08-27T15:30:00Z,36.6,977.44,30.56,26.9124,70.9022,225.0,False,NORMAL
AWS-001,2026-08-27T15:45:00Z,32.2,981.32,49.11,28.6139,77.209,216.0,False,NORMAL
AWS-002,2026-08-27T15:45:00Z,34.14,1007.53,56.34,18.922,72.8347,14.0,False,NORMAL
AWS-003,2026-08-27T15:45:00Z,26.28,832.93,43.15,32.219,76.3234,1457.0,False,NORMAL
AWS-004,2026-08-27T15:45:00Z,35.88,977.44,30.06,26.9124,70.9022,225.0,False,NORMAL
AWS-001,2026-08-27T16:00:00Z,32.3,981.42,49.53,28.6139,77.209,216.0,False,NORMAL
AWS-002,2026-08-27T16:00:00Z,33.33,1007.72,56.26,18.922,72.8347,14.0,False,NORMAL
AWS-003,2026-08-27T16:00:00Z,25.63,832.35,43.48,32.219,76.3234,1457.0,False,NORMAL
AWS-004,2026-08-27T16:00:00Z,36.67,976.98,31.95,26.9124,70.9022,225.0,False,NORMAL
AWS-001,2026-08-27T16:15:00Z,31.83,981.43,49.95,28.6139,77.209,216.0,False,NORMAL
AWS-002,2026-08-27T16:15:00Z,32.67,1007.81,57.96,18.922,72.8347,14.0,False,NORMAL
AWS-003,2026-08-27T16:15:00Z,25.87,832.82,45.16,32.219,76.3234,1457.0,False,NORMAL
AWS-004,2026-08-27T16:15:00Z,35.75,977.29,31.81,26.9124,70.9022,225.0,False,NORMAL
AWS-001,2026-08-27T16:30:00Z,32.37,981.52,50.61,28.6139,77.209,216.0,False,NORMAL
AWS-002,2026-08-27T16:30:00Z,32.53,1007.41,59.09,18.922,72.8347,14.0,False,NORMAL
AWS-003,2026-08-27T16:30:00Z,25.29,833.09,45.68,32.219,76.3234,1457.0,False,NORMAL
AWS-004,2026-08-27T16:30:00Z,35.01,977.11,32.66,26.9124,70.9022,225.0,False,NORMAL
AWS-001,2026-08-27T16:45:00Z,31.58,981.28,51.34,28.6139,77.209,216.0,False,NORMAL
AWS-002,2026-08-27T16:45:00Z,31.78,1007.59,59.71,18.922,72.8347,14.0,False,NORMAL
AWS-003,2026-08-27T16:45:00Z,25.13,833.04,47.25,32.219,76.3234,1457.0,False,NORMAL
AWS-004,2026-08-27T16:45:00Z,35.1,977.51,34.33,26.9124,70.9022,225.0,False,NORMAL
AWS-001,2026-08-27T17:00:00Z,31.31,981.48,52.19,28.6139,77.209,216.0,False,NORMAL
AWS-002,2026-08-27T17:00:00Z,32.71,1007.76,60.33,18.922,72.8347,14.0,False,NORMAL
AWS-003,2026-08-27T17:00:00Z,25.8,832.78,48.17,32.219,76.3234,1457.0,False,NORMAL
AWS-004,2026-08-27T17:00:00Z,35.22,977.15,34.64,26.9124,70.9022,225.0,False,NORMAL
AWS-001,2026-08-27T17:15:00Z,31.18,981.59,53.33,28.6139,77.209,216.0,False,NORMAL
AWS-002,2026-08-27T17:15:00Z,32.31,1007.84,59.59,18.922,72.8347,14.0,False,NORMAL
AWS-003,2026-08-27T17:15:00Z,24.18,832.74,47.77,32.219,76.3234,1457.0,False,NORMAL
AWS-004,2026-08-27T17:15:00Z,34.71,977.39,34.48,26.9124,70.9022,225.0,False,NORMAL
AWS-001,2026-08-27T17:30:00Z,29.81,981.53,54.53,28.6139,77.209,216.0,False,NORMAL
AWS-002,2026-08-27T17:30:00Z,32.05,1007.95,61.54,18.922,72.8347,14.0,False,NORMAL
AWS-003,2026-08-27T17:30:00Z,24.0,833.07,48.17,32.219,76.3234,1457.0,False,NORMAL
AWS-004,2026-08-27T17:30:00Z,34.58,977.72,36.41,26.9124,70.9022,225.0,False,NORMAL
AWS-001,2026-08-27T17:45:00Z,29.93,981.87,55.72,28.6139,77.209,216.0,False,NORMAL
AWS-002,2026-08-27T17:45:00Z,31.51,1007.87,63.87,18.922,72.8347,14.0,False,NORMAL
AWS-003,2026-08-27T17:45:00Z,24.37,833.1,48.69,32.219,76.3234,1457.0,False,NORMAL
AWS-004,2026-08-27T17:45:00Z,34.65,977.61,37.81,26.9124,70.9022,225.0,False,NORMAL
AWS-001,2026-08-27T18:00:00Z,29.9,981.8,56.35,28.6139,77.209,216.0,False,NORMAL
AWS-002,2026-08-27T18:00:00Z,31.12,1008.39,64.25,18.922,72.8347,14.0,False,NORMAL
AWS-003,2026-08-27T18:00:00Z,23.7,833.09,50.56,32.219,76.3234,1457.0,False,NORMAL
AWS-004,2026-08-27T18:00:00Z,33.97,977.82,37.99,26.9124,70.9022,225.0,False,NORMAL
AWS-001,2026-08-27T18:15:00Z,29.73,982.02,57.71,28.6139,77.209,216.0,False,NORMAL
AWS-002,2026-08-27T18:15:00Z,30.37,1008.27,65.82,18.922,72.8347,14.0,False,NORMAL
AWS-003,2026-08-27T18:15:00Z,23.29,833.04,52.35,32.219,76.3234,1457.0,False,NORMAL
AWS-004,2026-08-27T18:15:00Z,33.75,978.18,38.78,26.9124,70.9022,225.0,False,NORMAL
AWS-001,2026-08-27T18:30:00Z,29.24,982.21,59.05,28.6139,77.209,216.0,False,NORMAL
AWS-002,2026-08-27T18:30:00Z,30.57,1008.39,66.49,18.922,72.8347,14.0,False,NORMAL
AWS-003,2026-08-27T18:30:00Z,22.82,833.47,52.32,32.219,76.3234,1457.0,False,NORMAL
AWS-004,2026-08-27T18:30:00Z,33.16,978.09,40.66,26.9124,70.9022,225.0,False,NORMAL
AWS-001,2026-08-27T18:45:00Z,28.46,982.24,59.94,28.6139,77.209,216.0,False,NORMAL
AWS-002,2026-08-27T18:45:00Z,29.75,1008.5,68.09,18.922,72.8347,14.0,False,NORMAL
AWS-003,2026-08-27T18:45:00Z,23.75,833.52,54.52,32.219,76.3234,1457.0,False,NORMAL
AWS-004,2026-08-27T18:45:00Z,32.71,978.13,42.7,26.9124,70.9022,225.0,False,NORMAL
AWS-001,2026-08-27T19:00:00Z,28.62,982.24,61.38,28.6139,77.209,216.0,False,NORMAL
AWS-002,2026-08-27T19:00:00Z,30.6,1009.28,69.18,18.922,72.8347,14.0,False,NORMAL
AWS-003,2026-08-27T19:00:00Z,22.1,833.78,57.19,32.219,76.3234,1457.0,False,NORMAL
AWS-004,2026-08-27T19:00:00Z,32.35,978.47,43.21,26.9124,70.9022,225.0,False,NORMAL
AWS-001,2026-08-27T19:15:00Z,28.08,982.63,63.18,28.6139,77.209,216.0,False,NORMAL
AWS-002,2026-08-27T19:15:00Z,28.85,1008.77,71.21,18.922,72.8347,14.0,False,NORMAL
AWS-003,2026-08-27T19:15:00Z,21.48,834.07,56.5,32.219,76.3234,1457.0,False,NORMAL
AWS-004,2026-08-27T19:15:00Z,32.61,978.58,46.09,26.9124,70.9022,225.0,False,NORMAL
AWS-001,2026-08-27T19:30:00Z,27.83,982.98,64.02,28.6139,77.209,216.0,False,NORMAL
AWS-002,2026-08-27T19:30:00Z,29.17,1009.13,70.67,18.922,72.8347,14.0,False,NORMAL
AWS-003,2026-08-27T19:30:00Z,20.89,833.77,59.29,32.219,76.3234,1457.0,False,NORMAL
AWS-004,2026-08-27T19:30:00Z,32.35,978.7,45.91,26.9124,70.9022,225.0,False,NORMAL
AWS-001,2026-08-27T19:45:00Z,27.52,982.84,64.86,28.6139,77.209,216.0,False,NORMAL
AWS-002,2026-08-27T19:45:00Z,28.84,1009.26,73.06,18.922,72.8347,14.0,False,NORMAL
AWS-003,2026-08-27T19:45:00Z,21.75,834.03,60.09,32.219,76.3234,1457.0,False,NORMAL
AWS-004,2026-08-27T19:45:00Z,30.87,978.81,48.43,26.9124,70.9022,225.0,False,NORMAL
AWS-001,2026-08-27T20:00:00Z,27.18,983.03,65.5,28.6139,77.209,216.0,False,NORMAL
AWS-002,2026-08-27T20:00:00Z,28.0,1009.41,74.88,18.922,72.8347,14.0,False,NORMAL
AWS-003,2026-08-27T20:00:00Z,19.95,833.9,60.22,32.219,76.3234,1457.0,False,NORMAL
AWS-004,2026-08-27T20:00:00Z,31.44,979.05,47.87,26.9124,70.9022,225.0,False,NORMAL
AWS-001,2026-08-27T20:15:00Z,26.89,983.16,68.3,28.6139,77.209,216.0,False,NORMAL
AWS-002,2026-08-27T20:15:00Z,27.55,1009.43,75.42,18.922,72.8347,14.0,False,NORMAL
AWS-003,2026-08-27T20:15:00Z,21.22,834.52,62.93,32.219,76.3234,1457.0,False,NORMAL
AWS-004,2026-08-27T20:15:00Z,31.09,979.17,49.43,26.9124,70.9022,225.0,False,NORMAL
AWS-001,2026-08-27T20:30:00Z,26.11,983.29,69.09,28.6139,77.209,216.0,False,NORMAL
AWS-002,2026-08-27T20:30:00Z,27.03,1009.75,76.98,18.922,72.8347,14.0,False,NORMAL
AWS-003,2026-08-27T20:30:00Z,19.02,834.09,63.78,32.219,76.3234,1457.0,False,NORMAL
AWS-004,2026-08-27T20:30:00Z,29.93,979.59,50.91,26.9124,70.9022,225.0,False,NORMAL
AWS-001,2026-08-27T20:45:00Z,25.64,983.25,70.2,28.6139,77.209,216.0,False,NORMAL
AWS-002,2026-08-27T20:45:00Z,26.86,1009.92,78.11,18.922,72.8347,14.0,False,NORMAL
AWS-003,2026-08-27T20:45:00Z,19.13,834.17,65.24,32.219,76.3234,1457.0,False,NORMAL
AWS-004,2026-08-27T20:45:00Z,29.47,979.37,52.45,26.9124,70.9022,225.0,False,NORMAL
AWS-001,2026-08-27T21:00:00Z,26.02,983.39,71.32,28.6139,77.209,216.0,False,NORMAL
AWS-002,2026-08-27T21:00:00Z,26.53,1009.67,79.15,18.922,72.8347,14.0,False,NORMAL
AWS-003,2026-08-27T21:00:00Z,17.99,834.49,67.7,32.219,76.3234,1457.0,False,NORMAL
AWS-004,2026-08-27T21:00:00Z,29.89,979.49,53.36,26.9124,70.9022,225.0,False,NORMAL
AWS-001,2026-08-27T21:15:00Z,24.65,983.71,73.17,28.6139,77.209,216.0,False,NORMAL
AWS-002,2026-08-27T21:15:00Z,26.97,1010.07,80.98,18.922,72.8347,14.0,False,NORMAL
AWS-003,2026-08-27T21:15:00Z,19.24,834.38,67.03,32.219,76.3234,1457.0,False,NORMAL
AWS-004,2026-08-27T21:15:00Z,29.32,979.24,54.84,26.9124,70.9022,225.0,False,NORMAL
AWS-001,2026-08-27T21:30:00Z,24.64,983.56,73.63,28.6139,77.209,216.0,False,NORMAL
AWS-002,2026-08-27T21:30:00Z,26.76,1009.96,82.87,18.922,72.8347,14.0,False,NORMAL
AWS-003,2026-08-27T21:30:00Z,19.11,834.94,70.42,32.219,76.3234,1457.0,False,NORMAL
AWS-004,2026-08-27T21:30:00Z,28.79,979.84,55.76,26.9124,70.9022,225.0,False,NORMAL
AWS-001,2026-08-27T21:45:00Z,24.52,983.65,74.51,28.6139,77.209,216.0,False,NORMAL
AWS-002,2026-08-27T21:45:00Z,25.58,1010.03,82.71,18.922,72.8347,14.0,False,NORMAL
AWS-003,2026-08-27T21:45:00Z,18.15,834.9,68.92,32.219,76.3234,1457.0,False,NORMAL
AWS-004,2026-08-27T21:45:00Z,28.06,979.74,56.24,26.9124,70.9022,225.0,False,NORMAL
AWS-001,2026-08-27T22:00:00Z,24.47,983.62,75.97,28.6139,77.209,216.0,False,NORMAL
AWS-002,2026-08-27T22:00:00Z,25.21,1010.17,84.09,18.922,72.8347,14.0,False,NORMAL
AWS-003,2026-08-27T22:00:00Z,16.96,834.6,71.93,32.219,76.3234,1457.0,False,NORMAL
AWS-004,2026-08-27T22:00:00Z,28.54,979.37,58.15,26.9124,70.9022,225.0,False,NORMAL
AWS-001,2026-08-27T22:15:00Z,24.1,983.7,77.05,28.6139,77.209,216.0,False,NORMAL
AWS-002,2026-08-27T22:15:00Z,24.41,1009.88,85.16,18.922,72.8347,14.0,False,NORMAL
AWS-003,2026-08-27T22:15:00Z,17.33,834.41,72.33,32.219,76.3234,1457.0,False,NORMAL
AWS-004,2026-08-27T22:15:00Z,28.35,979.72,59.84,26.9124,70.9022,225.0,False,NORMAL
AWS-001,2026-08-27T22:30:00Z,23.15,983.41,78.05,28.6139,77.209,216.0,False,NORMAL
AWS-002,2026-08-27T22:30:00Z,25.24,1009.98,86.42,18.922,72.8347,14.0,False,NORMAL
AWS-003,2026-08-27T22:30:00Z,16.6,834.87,73.34,32.219,76.3234,1457.0,False,NORMAL
AWS-004,2026-08-27T22:30:00Z,27.63,979.66,60.98,26.9124,70.9022,225.0,False,NORMAL
AWS-001,2026-08-27T22:45:00Z,23.45,983.47,79.82,28.6139,77.209,216.0,False,NORMAL
AWS-002,2026-08-27T22:45:00Z,24.42,1010.01,88.46,18.922,72.8347,14.0,False,NORMAL
AWS-003,2026-08-27T22:45:00Z,17.36,834.24,73.4,32.219,76.3234,1457.0,False,NORMAL
AWS-004,2026-08-27T22:45:00Z,27.38,979.5,61.26,26.9124,70.9022,225.0,False,NORMAL
AWS-001,2026-08-27T23:00:00Z,22.94,983.39,80.28,28.6139,77.209,216.0,False,NORMAL
AWS-002,2026-08-27T23:00:00Z,24.92,1009.63,87.99,18.922,72.8347,14.0,False,NORMAL
AWS-003,2026-08-27T23:00:00Z,16.74,834.31,75.64,32.219,76.3234,1457.0,False,NORMAL
AWS-004,2026-08-27T23:00:00Z,27.13,979.54,62.4,26.9124,70.9022,225.0,False,NORMAL
AWS-001,2026-08-27T23:15:00Z,22.59,983.31,81.47,28.6139,77.209,216.0,False,NORMAL
AWS-002,2026-08-27T23:15:00Z,23.57,1009.64,90.07,18.922,72.8347,14.0,False,NORMAL
AWS-003,2026-08-27T23:15:00Z,16.09,834.52,75.97,32.219,76.3234,1457.0,False,NORMAL
AWS-004,2026-08-27T23:15:00Z,26.71,979.35,63.62,26.9124,70.9022,225.0,False,NORMAL
AWS-001,2026-08-27T23:30:00Z,22.5,983.21,82.61,28.6139,77.209,216.0,False,NORMAL
AWS-002,2026-08-27T23:30:00Z,23.79,1009.55,90.5,18.922,72.8347,14.0,False,NORMAL
AWS-003,2026-08-27T23:30:00Z,15.81,834.76,77.03,32.219,76.3234,1457.0,False,NORMAL
AWS-004,2026-08-27T23:30:00Z,26.8,979.34,64.26,26.9124,70.9022,225.0,False,NORMAL
AWS-001,2026-08-27T23:45:00Z,22.48,983.35,82.76,28.6139,77.209,216.0,False,NORMAL
AWS-002,2026-08-27T23:45:00Z,23.72,1009.52,89.33,18.922,72.8347,14.0,False,NORMAL
AWS-003,2026-08-27T23:45:00Z,14.34,834.34,77.58,32.219,76.3234,1457.0,False,NORMAL
AWS-004,2026-08-27T23:45:00Z,26.02,979.15,65.69,26.9124,70.9022,225.0,False,NORMAL
AWS-001,2026-08-28T00:00:00Z,21.82,983.14,84.3,28.6139,77.209,216.0,False,NORMAL
AWS-002,2026-08-28T00:00:00Z,23.13,1009.21,91.97,18.922,72.8347,14.0,False,NORMAL
AWS-003,2026-08-28T00:00:00Z,15.77,834.26,79.19,32.219,76.3234,1457.0,False,NORMAL
AWS-004,2026-08-28T00:00:00Z,25.34,978.93,64.69,26.9124,70.9022,225.0,False,NORMAL
AWS-001,2026-08-28T00:15:00Z,21.73,982.89,84.06,28.6139,77.209,216.0,False,NORMAL
AWS-002,2026-08-28T00:15:00Z,23.11,1009.24,92.39,18.922,72.8347,14.0,False,NORMAL
AWS-003,2026-08-28T00:15:00Z,15.5,833.99,78.45,32.219,76.3234,1457.0,False,NORMAL
AWS-004,2026-08-28T00:15:00Z,25.03,979.04,66.57,26.9124,70.9022,225.0,False,NORMAL
AWS-001,2026-08-28T00:30:00Z,21.64,982.6,84.57,28.6139,77.209,216.0,False,NORMAL
AWS-002,2026-08-28T00:30:00Z,21.69,1009.21,92.03,18.922,72.8347,14.0,False,NORMAL
AWS-003,2026-08-28T00:30:00Z,15.27,833.9,80.43,32.219,76.3234,1457.0,False,NORMAL
AWS-004,2026-08-28T00:30:00Z,25.7,978.7,68.34,26.9124,70.9022,225.0,False,NORMAL
AWS-001,2026-08-28T00:45:00Z,21.26,982.52,84.8,28.6139,77.209,216.0,False,NORMAL
AWS-002,2026-08-28T00:45:00Z,22.82,1009.12,93.26,18.922,72.8347,14.0,False,NORMAL
AWS-003,2026-08-28T00:45:00Z,14.94,833.95,80.39,32.219,76.3234,1457.0,False,NORMAL
AWS-004,2026-08-28T00:45:00Z,25.27,978.33,66.8,26.9124,70.9022,225.0,False,NORMAL
AWS-001,2026-08-28T01:00:00Z,21.58,982.68,85.0,28.6139,77.209,216.0,False,NORMAL
AWS-002,2026-08-28T01:00:00Z,22.31,1008.91,93.84,18.922,72.8347,14.0,False,NORMAL
AWS-003,2026-08-28T01:00:00Z,15.02,833.68,81.11,32.219,76.3234,1457.0,False,NORMAL
AWS-004,2026-08-28T01:00:00Z,25.06,978.34,68.25,26.9124,70.9022,225.0,False,NORMAL
AWS-001,2026-08-28T01:15:00Z,21.04,982.31,86.41,28.6139,77.209,216.0,False,NORMAL
AWS-002,2026-08-28T01:15:00Z,22.57,1008.59,93.11,18.922,72.8347,14.0,False,NORMAL
AWS-003,2026-08-28T01:15:00Z,14.23,833.55,80.52,32.219,76.3234,1457.0,False,NORMAL
AWS-004,2026-08-28T01:15:00Z,25.75,978.5,67.53,26.9124,70.9022,225.0,False,NORMAL
AWS-001,2026-08-28T01:30:00Z,20.91,982.27,85.42,28.6139,77.209,216.0,False,NORMAL
AWS-002,2026-08-28T01:30:00Z,21.7,1008.51,94.08,18.922,72.8347,14.0,False,NORMAL
AWS-003,2026-08-28T01:30:00Z,15.29,833.46,81.33,32.219,76.3234,1457.0,False,NORMAL
AWS-004,2026-08-28T01:30:00Z,24.81,978.09,67.7,26.9124,70.9022,225.0,False,NORMAL
AWS-001,2026-08-28T01:45:00Z,20.8,982.01,86.66,28.6139,77.209,216.0,False,NORMAL
AWS-002,2026-08-28T01:45:00Z,22.38,1008.56,94.74,18.922,72.8347,14.0,False,NORMAL
AWS-003,2026-08-28T01:45:00Z,15.04,833.05,82.57,32.219,76.3234,1457.0,False,NORMAL
AWS-004,2026-08-28T01:45:00Z,24.93,978.09,68.08,26.9124,70.9022,225.0,False,NORMAL
AWS-001,2026-08-28T02:00:00Z,20.69,981.85,85.22,28.6139,77.209,216.0,False,NORMAL
AWS-002,2026-08-28T02:00:00Z,22.27,1008.47,94.2,18.922,72.8347,14.0,False,NORMAL
AWS-003,2026-08-28T02:00:00Z,15.06,833.04,80.18,32.219,76.3234,1457.0,False,NORMAL
AWS-004,2026-08-28T02:00:00Z,25.38,977.62,68.92,26.9124,70.9022,225.0,False,NORMAL
AWS-001,2026-08-28T02:15:00Z,21.2,981.66,86.49,28.6139,77.209,216.0,False,NORMAL
AWS-002,2026-08-28T02:15:00Z,22.31,1007.93,93.74,18.922,72.8347,14.0,False,NORMAL
AWS-003,2026-08-28T02:15:00Z,14.6,832.95,81.62,32.219,76.3234,1457.0,False,NORMAL
AWS-004,2026-08-28T02:15:00Z,25.3,977.62,68.37,26.9124,70.9022,225.0,False,NORMAL
AWS-001,2026-08-28T02:30:00Z,21.47,981.61,86.15,28.6139,77.209,216.0,False,NORMAL
AWS-002,2026-08-28T02:30:00Z,22.85,1007.73,93.33,18.922,72.8347,14.0,False,NORMAL
AWS-003,2026-08-28T02:30:00Z,14.98,832.82,80.98,32.219,76.3234,1457.0,False,NORMAL
AWS-004,2026-08-28T02:30:00Z,25.28,977.32,69.13,26.9124,70.9022,225.0,False,NORMAL
AWS-001,2026-08-28T02:45:00Z,21.35,981.49,85.83,28.6139,77.209,216.0,False,NORMAL
AWS-002,2026-08-28T02:45:00Z,22.94,1007.97,93.84,18.922,72.8347,14.0,False,NORMAL
AWS-003,2026-08-28T02:45:00Z,14.72,832.36,80.68,32.219,76.3234,1457.0,False,NORMAL
AWS-004,2026-08-28T02:45:00Z,25.26,977.46,68.12,26.9124,70.9022,225.0,False,NORMAL
AWS-001,2026-08-28T03:00:00Z,21.81,981.32,85.49,28.6139,77.209,216.0,False,NORMAL
AWS-002,2026-08-28T03:00:00Z,21.92,1007.78,93.06,18.922,72.8347,14.0,False,NORMAL
AWS-003,2026-08-28T03:00:00Z,15.14,832.62,79.94,32.219,76.3234,1457.0,False,NORMAL
AWS-004,2026-08-28T03:00:00Z,24.92,977.47,68.16,26.9124,70.9022,225.0,False,NORMAL
AWS-001,2026-08-28T03:15:00Z,21.83,981.32,85.32,28.6139,77.209,216.0,False,NORMAL
AWS-002,2026-08-28T03:15:00Z,22.71,1007.83,93.09,18.922,72.8347,14.0,False,NORMAL
AWS-003,2026-08-28T03:15:00Z,14.78,832.83,81.17,32.219,76.3234,1457.0,False,NORMAL
AWS-004,2026-08-28T03:15:00Z,24.72,977.3,68.04,26.9124,70.9022,225.0,False,NORMAL
AWS-001,2026-08-28T03:30:00Z,21.95,981.29,84.78,28.6139,77.209,216.0,False,NORMAL
AWS-002,2026-08-28T03:30:00Z,23.02,1007.92,92.86,18.922,72.8347,14.0,False,NORMAL
AWS-003,2026-08-28T03:30:00Z,15.2,833.11,79.65,32.219,76.3234,1457.0,False,NORMAL
AWS-004,2026-08-28T03:30:00Z,25.65,977.1,66.87,26.9124,70.9022,225.0,False,NORMAL
AWS-001,2026-08-28T03:45:00Z,21.91,981.36,84.08,28.6139,77.209,216.0,False,NORMAL
AWS-002,2026-08-28T03:45:00Z,22.95,1007.82,92.01,18.922,72.8347,14.0,False,NORMAL
AWS-003,2026-08-28T03:45:00Z,16.04,832.5,80.23,32.219,76.3234,1457.0,False,NORMAL
AWS-004,2026-08-28T03:45:00Z,26.0,977.18,65.67,26.9124,70.9022,225.0,False,NORMAL
AWS-001,2026-08-28T04:00:00Z,21.67,981.45,83.6,28.6139,77.209,216.0,False,NORMAL
AWS-002,2026-08-28T04:00:00Z,22.75,1007.55,90.8,18.922,72.8347,14.0,False,NORMAL
AWS-003,2026-08-28T04:00:00Z,15.63,832.88,79.13,32.219,76.3234,1457.0,False,NORMAL
AWS-004,2026-08-28T04:00:00Z,25.59,977.21,66.47,26.9124,70.9022,225.0,False,NORMAL
AWS-001,2026-08-28T04:15:00Z,22.16,981.47,82.71,28.6139,77.209,216.0,False,NORMAL
AWS-002,2026-08-28T04:15:00Z,23.65,1007.55,90.02,18.922,72.8347,14.0,False,NORMAL
AWS-003,2026-08-28T04:15:00Z,15.3,832.53,77.94,32.219,76.3234,1457.0,False,NORMAL
AWS-004,2026-08-28T04:15:00Z,26.35,977.34,64.86,26.9124,70.9022,225.0,False,NORMAL
AWS-001,2026-08-28T04:30:00Z,22.95,981.03,82.01,28.6139,77.209,216.0,False,NORMAL
AWS-002,2026-08-28T04:30:00Z,23.82,1007.62,89.91,18.922,72.8347,14.0,False,NORMAL
AWS-003,2026-08-28T04:30:00Z,16.3,832.77,78.08,32.219,76.3234,1457.0,False,NORMAL
AWS-004,2026-08-28T04:30:00Z,25.53,977.34,64.5,26.9124,70.9022,225.0,False,NORMAL
AWS-001,2026-08-28T04:45:00Z,22.25,981.42,81.7,28.6139,77.209,216.0,False,NORMAL
AWS-002,2026-08-28T04:45:00Z,23.71,1007.52,89.21,18.922,72.8347,14.0,False,NORMAL
AWS-003,2026-08-28T04:45:00Z,15.35,832.8,75.95,32.219,76.3234,1457.0,False,NORMAL
AWS-004,2026-08-28T04:45:00Z,26.85,977.12,63.96,26.9124,70.9022,225.0,False,NORMAL
AWS-001,2026-08-28T05:00:00Z,22.77,981.34,80.49,28.6139,77.209,216.0,False,NORMAL
AWS-002,2026-08-28T05:00:00Z,23.94,1007.91,88.56,18.922,72.8347,14.0,False,NORMAL
AWS-003,2026-08-28T05:00:00Z,16.14,833.01,76.73,32.219,76.3234,1457.0,False,NORMAL
AWS-004,2026-08-28T05:00:00Z,27.01,977.58,61.59,26.9124,70.9022,225.0,False,NORMAL
AWS-001,2026-08-28T05:15:00Z,23.54,981.34,78.86,28.6139,77.209,216.0,False,NORMAL
AWS-002,2026-08-28T05:15:00Z,24.15,1007.98,87.81,18.922,72.8347,14.0,False,NORMAL
AWS-003,2026-08-28T05:15:00Z,17.33,832.9,74.3,32.219,76.3234,1457.0,False,NORMAL
AWS-004,2026-08-28T05:15:00Z,27.16,977.52,61.61,26.9124,70.9022,225.0,False,NORMAL
AWS-001,2026-08-28T05:30:00Z,23.17,981.55,78.54,28.6139,77.209,216.0,False,NORMAL
AWS-002,2026-08-28T05:30:00Z,24.79,1007.98,86.83,18.922,72.8347,14.0,False,NORMAL
AWS-003,2026-08-28T05:30:00Z,17.22,832.74,73.44,32.219,76.3234,1457.0,False,NORMAL
AWS-004,2026-08-28T05:30:00Z,28.0,977.38,60.72,26.9124,70.9022,225.0,False,NORMAL
AWS-001,2026-08-28T05:45:00Z,23.9,981.76,77.51,28.6139,77.209,216.0,False,NORMAL
AWS-002,2026-08-28T05:45:00Z,25.83,1007.8,85.54,18.922,72.8347,14.0,False,NORMAL
AWS-003,2026-08-28T05:45:00Z,17.14,833.01,71.58,32.219,76.3234,1457.0,False,NORMAL
AWS-004,2026-08-28T05:45:00Z,27.54,977.83,59.19,26.9124,70.9022,225.0,False,NORMAL
AWS-001,2026-08-28T06:00:00Z,24.14,981.89,76.39,28.6139,77.209,216.0,False,NORMAL
AWS-002,2026-08-28T06:00:00Z,25.02,1007.99,84.51,18.922,72.8347,14.0,False,NORMAL
AWS-003,2026-08-28T06:00:00Z,17.31,833.12,71.71,32.219,76.3234,1457.0,False,NORMAL
AWS-004,2026-08-28T06:00:00Z,28.25,977.86,58.78,26.9124,70.9022,225.0,False,NORMAL
AWS-001,2026-08-28T06:15:00Z,24.84,982.03,74.79,28.6139,77.209,216.0,False,NORMAL
AWS-002,2026-08-28T06:15:00Z,25.12,1008.26,82.95,18.922,72.8347,14.0,False,NORMAL
AWS-003,2026-08-28T06:15:00Z,17.83,833.14,70.95,32.219,76.3234,1457.0,False,NORMAL
AWS-004,2026-08-28T06:15:00Z,28.58,977.87,56.47,26.9124,70.9022,225.0,False,NORMAL
AWS-001,2026-08-28T06:30:00Z,24.69,982.05,74.2,28.6139,77.209,216.0,False,NORMAL
AWS-002,2026-08-28T06:30:00Z,25.66,1008.44,81.39,18.922,72.8347,14.0,False,NORMAL
AWS-003,2026-08-28T06:30:00Z,17.61,833.06,67.69,32.219,76.3234,1457.0,False,NORMAL
AWS-004,2026-08-28T06:30:00Z,29.0,978.3,55.68,26.9124,70.9022,225.0,False,NORMAL
AWS-001,2026-08-28T06:45:00Z,25.37,982.26,72.7,28.6139,77.209,216.0,False,NORMAL
AWS-002,2026-08-28T06:45:00Z,26.63,1008.38,80.51,18.922,72.8347,14.0,False,NORMAL
AWS-003,2026-08-28T06:45:00Z,18.9,833.33,67.6,32.219,76.3234,1457.0,False,NORMAL
AWS-004,2026-08-28T06:45:00Z,29.02,978.59,54.35,26.9124,70.9022,225.0,False,NORMAL
AWS-001,2026-08-28T07:00:00Z,25.7,982.62,71.45,28.6139,77.209,216.0,False,NORMAL
AWS-002,2026-08-28T07:00:00Z,26.54,1008.73,79.57,18.922,72.8347,14.0,False,NORMAL
AWS-003,2026-08-28T07:00:00Z,19.38,833.57,65.45,32.219,76.3234,1457.0,False,NORMAL
AWS-004,2026-08-28T07:00:00Z,29.62,978.47,53.47,26.9124,70.9022,225.0,False,NORMAL
AWS-001,2026-08-28T07:15:00Z,26.39,982.64,70.63,28.6139,77.209,216.0,False,NORMAL
AWS-002,2026-08-28T07:15:00Z,27.1,1009.2,77.02,18.922,72.8347,14.0,False,NORMAL
AWS-003,2026-08-28T07:15:00Z,18.27,833.88,65.23,32.219,76.3234,1457.0,False,NORMAL
AWS-004,2026-08-28T07:15:00Z,29.84,978.63,52.6,26.9124,70.9022,225.0,False,NORMAL
AWS-001,2026-08-28T07:30:00Z,26.08,982.62,68.77,28.6139,77.209,216.0,False,NORMAL
AWS-002,2026-08-28T07:30:00Z,28.49,1009.39,75.98,18.922,72.8347,14.0,False,NORMAL
AWS-003,2026-08-28T07:30:00Z,19.57,833.92,64.04,32.219,76.3234,1457.0,False,NORMAL
AWS-004,2026-08-28T07:30:00Z,30.45,978.59,50.99,26.9124,70.9022,225.0,False,NORMAL
AWS-001,2026-08-28T07:45:00Z,26.89,982.94,68.02,28.6139,77.209,216.0,False,NORMAL
AWS-002,2026-08-28T07:45:00Z,28.31,1009.52,76.13,18.922,72.8347,14.0,False,NORMAL
AWS-003,2026-08-28T07:45:00Z,20.01,833.68,62.49,32.219,76.3234,1457.0,False,NORMAL
AWS-004,2026-08-28T07:45:00Z,30.06,979.02,50.8,26.9124,70.9022,225.0,False,NORMAL
AWS-001,2026-08-28T08:00:00Z,27.49,983.01,66.89,28.6139,77.209,216.0,False,NORMAL
AWS-002,2026-08-28T08:00:00Z,28.27,1009.33,74.62,18.922,72.8347,14.0,False,NORMAL
AWS-003,2026-08-28T08:00:00Z,20.81,834.13,60.88,32.219,76.3234,1457.0,False,NORMAL
AWS-004,2026-08-28T08:00:00Z,30.9,979.13,48.26,26.9124,70.9022,225.0,False,NORMAL
AWS-001,2026-08-28T08:15:00Z,28.02,983.06,65.52,28.6139,77.209,216.0,False,NORMAL
AWS-002,2026-08-28T08:15:00Z,28.44,1009.7,72.94,18.922,72.8347,14.0,False,NORMAL
AWS-003,2026-08-28T08:15:00Z,19.7,834.52,58.95,32.219,76.3234,1457.0,False,NORMAL
AWS-004,2026-08-28T08:15:00Z,31.43,979.24,46.97,26.9124,70.9022,225.0,False,NORMAL
AWS-001,2026-08-28T08:30:00Z,28.05,983.29,63.45,28.6139,77.209,216.0,False,NORMAL
AWS-002,2026-08-28T08:30:00Z,28.46,1009.78,71.78,18.922,72.8347,14.0,False,NORMAL
AWS-003,2026-08-28T08:30:00Z,21.31,834.5,60.25,32.219,76.3234,1457.0,False,NORMAL
AWS-004,2026-08-28T08:30:00Z,32.28,979.08,44.57,26.9124,70.9022,225.0,False,NORMAL
AWS-001,2026-08-28T08:45:00Z,28.7,983.31,62.67,28.6139,77.209,216.0,False,NORMAL
AWS-002,2026-08-28T08:45:00Z,30.75,1009.75,69.47,18.922,72.8347,14.0,False,NORMAL
AWS-003,2026-08-28T08:45:00Z,20.98,834.24,57.72,32.219,76.3234,1457.0,False,NORMAL
AWS-004,2026-08-28T08:45:00Z,33.44,979.18,42.79,26.9124,70.9022,225.0,False,NORMAL
AWS-001,2026-08-28T09:00:00Z,28.36,983.88,60.6,28.6139,77.209,216.0,False,NORMAL
AWS-002,2026-08-28T09:00:00Z,30.09,1009.87,68.62,18.922,72.8347,14.0,False,NORMAL
AWS-003,2026-08-28T09:00:00Z,22.56,834.44,56.53,32.219,76.3234,1457.0,False,NORMAL
AWS-004,2026-08-28T09:00:00Z,32.42,979.46,43.87,26.9124,70.9022,225.0,False,NORMAL
AWS-001,2026-08-28T09:15:00Z,28.81,983.73,59.3,28.6139,77.209,216.0,False,NORMAL
AWS-002,2026-08-28T09:15:00Z,30.77,1009.8,68.41,18.922,72.8347,14.0,False,NORMAL
AWS-003,2026-08-28T09:15:00Z,22.83,834.55,52.82,32.219,76.3234,1457.0,False,NORMAL
AWS-004,2026-08-28T09:15:00Z,32.66,979.4,41.42,26.9124,70.9022,225.0,False,NORMAL
AWS-001,2026-08-28T09:30:00Z,29.73,983.52,58.77,28.6139,77.209,216.0,False,NORMAL
AWS-002,2026-08-28T09:30:00Z,31.25,1009.9,65.88,18.922,72.8347,14.0,False,NORMAL
AWS-003,2026-08-28T09:30:00Z,23.17,834.6,53.83,32.219,76.3234,1457.0,False,NORMAL
AWS-004,2026-08-28T09:30:00Z,33.31,979.54,41.84,26.9124,70.9022,225.0,False,NORMAL
AWS-001,2026-08-28T09:45:00Z,29.67,983.85,56.98,28.6139,77.209,216.0,False,NORMAL
AWS-002,2026-08-28T09:45:00Z,31.19,1009.96,65.72,18.922,72.8347,14.0,False,NORMAL
AWS-003,2026-08-28T09:45:00Z,23.64,834.56,51.48,32.219,76.3234,1457.0,False,NORMAL
AWS-004,2026-08-28T09:45:00Z,34.0,979.65,39.14,26.9124,70.9022,225.0,False,NORMAL
AWS-001,2026-08-28T10:00:00Z,30.19,983.57,56.26,28.6139,77.209,216.0,False,NORMAL
AWS-002,2026-08-28T10:00:00Z,31.29,1009.87,63.36,18.922,72.8347,14.0,False,NORMAL
AWS-003,2026-08-28T10:00:00Z,23.69,834.51,51.43,32.219,76.3234,1457.0,False,NORMAL
AWS-004,2026-08-28T10:00:00Z,34.43,979.56,37.9,26.9124,70.9022,225.0,False,NORMAL
AWS-001,2026-08-28T10:15:00Z,31.15,983.67,54.67,28.6139,77.209,216.0,False,NORMAL
AWS-002,2026-08-28T10:15:00Z,31.65,1009.89,63.0,18.922,72.8347,14.0,False,NORMAL
AWS-003,2026-08-28T10:15:00Z,24.58,834.83,50.41,32.219,76.3234,1457.0,False,NORMAL
AWS-004,2026-08-28T10:15:00Z,34.01,979.68,36.27,26.9124,70.9022,225.0,False,NORMAL
AWS-001,2026-08-28T10:30:00Z,30.73,983.78,53.68,28.6139,77.209,216.0,False,NORMAL
AWS-002,2026-08-28T10:30:00Z,32.45,1009.91,61.87,18.922,72.8347,14.0,False,NORMAL
AWS-003,2026-08-28T10:30:00Z,23.83,834.89,47.3,32.219,76.3234,1457.0,False,NORMAL
AWS-004,2026-08-28T10:30:00Z,34.92,979.63,36.35,26.9124,70.9022,225.0,False,NORMAL
AWS-001,2026-08-28T10:45:00Z,30.91,983.68,53.03,28.6139,77.209,216.0,False,NORMAL
AWS-002,2026-08-28T10:45:00Z,32.32,1010.03,60.89,18.922,72.8347,14.0,False,NORMAL
AWS-003,2026-08-28T10:45:00Z,24.95,834.81,48.01,32.219,76.3234,1457.0,False,NORMAL
AWS-004,2026-08-28T10:45:00Z,36.1,979.38,35.0,26.9124,70.9022,225.0,False,NORMAL
AWS-001,2026-08-28T11:00:00Z,31.78,983.43,51.6,28.6139,77.209,216.0,False,NORMAL
AWS-002,2026-08-28T11:00:00Z,32.61,1009.55,60.5,18.922,72.8347,14.0,False,NORMAL
AWS-003,2026-08-28T11:00:00Z,25.65,834.65,47.49,32.219,76.3234,1457.0,False,NORMAL
AWS-004,2026-08-28T11:00:00Z,35.32,979.46,34.13,26.9124,70.9022,225.0,False,NORMAL
AWS-001,2026-08-28T11:15:00Z,31.01,983.42,51.06,28.6139,77.209,216.0,False,NORMAL
AWS-002,2026-08-28T11:15:00Z,33.23,1009.53,59.32,18.922,72.8347,14.0,False,NORMAL
AWS-003,2026-08-28T11:15:00Z,25.24,834.48,46.05,32.219,76.3234,1457.0,False,NORMAL
AWS-004,2026-08-28T11:15:00Z,35.12,979.23,33.13,26.9124,70.9022,225.0,False,NORMAL
AWS-001,2026-08-28T11:30:00Z,32.47,983.39,50.15,28.6139,77.209,216.0,False,NORMAL
AWS-002,2026-08-28T11:30:00Z,33.08,1009.7,58.65,18.922,72.8347,14.0,False,NORMAL
AWS-003,2026-08-28T11:30:00Z,25.1,834.51,44.02,32.219,76.3234,1457.0,False,NORMAL
AWS-004,2026-08-28T11:30:00Z,36.16,979.09,32.19,26.9124,70.9022,225.0,False,NORMAL
AWS-001,2026-08-28T11:45:00Z,32.02,983.15,49.51,28.6139,77.209,216.0,False,NORMAL
AWS-002,2026-08-28T11:45:00Z,32.87,1009.34,57.67,18.922,72.8347,14.0,False,NORMAL
AWS-003,2026-08-28T11:45:00Z,27.63,834.23,44.2,32.219,76.3234,1457.0,False,NORMAL
AWS-004,2026-08-28T11:45:00Z,36.1,978.98,30.67,26.9124,70.9022,225.0,False,NORMAL
AWS-001,2026-08-28T12:00:00Z,32.64,983.04,49.16,28.6139,77.209,216.0,False,NORMAL
AWS-002,2026-08-28T12:00:00Z,33.22,1009.6,56.88,18.922,72.8347,14.0,False,NORMAL
AWS-003,2026-08-28T12:00:00Z,26.31,834.13,43.78,32.219,76.3234,1457.0,False,NORMAL
AWS-004,2026-08-28T12:00:00Z,36.16,978.92,30.37,26.9124,70.9022,225.0,False,NORMAL
AWS-001,2026-08-28T12:15:00Z,32.27,982.9,48.41,28.6139,77.209,216.0,False,NORMAL
AWS-002,2026-08-28T12:15:00Z,34.38,1009.21,55.98,18.922,72.8347,14.0,False,NORMAL
AWS-003,2026-08-28T12:15:00Z,26.03,834.15,43.7,32.219,76.3234,1457.0,False,NORMAL
AWS-004,2026-08-28T12:15:00Z,37.2,978.94,31.08,26.9124,70.9022,225.0,False,NORMAL
AWS-001,2026-08-28T12:30:00Z,33.12,982.76,47.95,28.6139,77.209,216.0,False,NORMAL
AWS-002,2026-08-28T12:30:00Z,34.25,1009.3,54.63,18.922,72.8347,14.0,False,NORMAL
AWS-003,2026-08-28T12:30:00Z,26.31,834.19,41.77,32.219,76.3234,1457.0,False,NORMAL
AWS-004,2026-08-28T12:30:00Z,36.58,978.74,28.95,26.9124,70.9022,225.0,False,NORMAL
AWS-001,2026-08-28T12:45:00Z,32.54,982.5,46.89,28.6139,77.209,216.0,False,NORMAL
AWS-002,2026-08-28T12:45:00Z,33.91,1008.95,54.52,18.922,72.8347,14.0,False,NORMAL
AWS-003,2026-08-28T12:45:00Z,26.18,833.97,42.36,32.219,76.3234,1457.0,False,NORMAL
AWS-004,2026-08-28T12:45:00Z,36.67,978.42,27.76,26.9124,70.9022,225.0,False,NORMAL
AWS-001,2026-08-28T13:00:00Z,33.47,982.65,47.31,28.6139,77.209,216.0,False,NORMAL
AWS-002,2026-08-28T13:00:00Z,34.59,1008.62,55.54,18.922,72.8347,14.0,False,NORMAL
AWS-003,2026-08-28T13:00:00Z,26.65,833.69,41.43,32.219,76.3234,1457.0,False,NORMAL
AWS-004,2026-08-28T13:00:00Z,37.66,978.2,28.54,26.9124,70.9022,225.0,False,NORMAL
AWS-001,2026-08-28T13:15:00Z,33.08,982.38,46.38,28.6139,77.209,216.0,False,NORMAL
AWS-002,2026-08-28T13:15:00Z,34.41,1008.75,54.9,18.922,72.8347,14.0,False,NORMAL
AWS-003,2026-08-28T13:15:00Z,26.23,833.45,41.52,32.219,76.3234,1457.0,False,NORMAL
AWS-004,2026-08-28T13:15:00Z,37.61,977.91,29.54,26.9124,70.9022,225.0,False,NORMAL
AWS-001,2026-08-28T13:30:00Z,32.78,981.98,46.58,28.6139,77.209,216.0,False,NORMAL
AWS-002,2026-08-28T13:30:00Z,34.02,1008.44,54.82,18.922,72.8347,14.0,False,NORMAL
AWS-003,2026-08-28T13:30:00Z,26.68,833.31,41.16,32.219,76.3234,1457.0,False,NORMAL
AWS-004,2026-08-28T13:30:00Z,36.63,977.82,28.21,26.9124,70.9022,225.0,False,NORMAL
AWS-001,2026-08-28T13:45:00Z,33.36,982.2,45.8,28.6139,77.209,216.0,False,NORMAL
AWS-002,2026-08-28T13:45:00Z,34.89,1008.64,54.54,18.922,72.8347,14.0,False,NORMAL
AWS-003,2026-08-28T13:45:00Z,25.91,832.7,42.16,32.219,76.3234,1457.0,False,NORMAL
AWS-004,2026-08-28T13:45:00Z,37.38,977.86,30.22,26.9124,70.9022,225.0,False,NORMAL
AWS-001,2026-08-28T14:00:00Z,33.51,981.8,46.17,28.6139,77.209,216.0,False,NORMAL
AWS-002,2026-08-28T14:00:00Z,34.31,1008.23,54.36,18.922,72.8347,14.0,False,NORMAL
AWS-003,2026-08-28T14:00:00Z,27.52,833.28,40.74,32.219,76.3234,1457.0,False,NORMAL
AWS-004,2026-08-28T14:00:00Z,36.84,977.58,28.57,26.9124,70.9022,225.0,False,NORMAL
AWS-001,2026-08-28T14:15:00Z,33.44,981.67,45.72,28.6139,77.209,216.0,False,NORMAL
AWS-002,2026-08-28T14:15:00Z,34.64,1008.4,53.71,18.922,72.8347,14.0,False,NORMAL
AWS-003,2026-08-28T14:15:00Z,26.23,832.79,41.58,32.219,76.3234,1457.0,False,NORMAL
AWS-004,2026-08-28T14:15:00Z,37.21,977.74,29.19,26.9124,70.9022,225.0,False,NORMAL
AWS-001,2026-08-28T14:30:00Z,33.43,981.72,46.29,28.6139,77.209,216.0,False,NORMAL
AWS-002,2026-08-28T14:30:00Z,34.58,1007.94,54.09,18.922,72.8347,14.0,False,NORMAL
AWS-003,2026-08-28T14:30:00Z,26.32,833.03,40.3,32.219,76.3234,1457.0,False,NORMAL
AWS-004,2026-08-28T14:30:00Z,37.53,977.44,27.99,26.9124,70.9022,225.0,False,NORMAL
AWS-001,2026-08-28T14:45:00Z,33.14,981.48,46.47,28.6139,77.209,216.0,False,NORMAL
AWS-002,2026-08-28T14:45:00Z,34.36,1007.94,55.35,18.922,72.8347,14.0,False,NORMAL
AWS-003,2026-08-28T14:45:00Z,26.32,833.11,40.97,32.219,76.3234,1457.0,False,NORMAL
AWS-004,2026-08-28T14:45:00Z,37.58,977.35,28.32,26.9124,70.9022,225.0,False,NORMAL
AWS-001,2026-08-28T15:00:00Z,33.39,981.41,46.41,28.6139,77.209,216.0,False,NORMAL
AWS-002,2026-08-28T15:00:00Z,34.17,1007.64,54.41,18.922,72.8347,14.0,False,NORMAL
AWS-003,2026-08-28T15:00:00Z,26.27,832.37,42.89,32.219,76.3234,1457.0,False,NORMAL
AWS-004,2026-08-28T15:00:00Z,37.24,977.21,28.67,26.9124,70.9022,225.0,False,NORMAL
AWS-001,2026-08-28T15:15:00Z,32.56,981.29,47.51,28.6139,77.209,216.0,False,NORMAL
AWS-002,2026-08-28T15:15:00Z,33.33,1007.76,55.0,18.922,72.8347,14.0,False,NORMAL
AWS-003,2026-08-28T15:15:00Z,26.25,832.43,40.98,32.219,76.3234,1457.0,False,NORMAL
AWS-004,2026-08-28T15:15:00Z,37.72,977.44,29.39,26.9124,70.9022,225.0,False,NORMAL
AWS-001,2026-08-28T15:30:00Z,32.15,981.5,47.49,28.6139,77.209,216.0,False,NORMAL
AWS-002,2026-08-28T15:30:00Z,34.51,1007.74,56.0,18.922,72.8347,14.0,False,NORMAL
AWS-003,2026-08-28T15:30:00Z,26.1,832.91,42.59,32.219,76.3234,1457.0,False,NORMAL
AWS-004,2026-08-28T15:30:00Z,36.76,977.19,30.01,26.9124,70.9022,225.0,False,NORMAL
AWS-001,2026-08-28T15:45:00Z,32.46,981.3,47.74,28.6139,77.209,216.0,False,NORMAL
AWS-002,2026-08-28T15:45:00Z,34.43,1007.4,57.13,18.922,72.8347,14.0,False,NORMAL
AWS-003,2026-08-28T15:45:00Z,26.86,832.91,42.79,32.219,76.3234,1457.0,False,NORMAL
AWS-004,2026-08-28T15:45:00Z,36.62,977.4,30.73,26.9124,70.9022,225.0,False,NORMAL
AWS-001,2026-08-28T16:00:00Z,32.76,981.36,49.05,28.6139,77.209,216.0,False,NORMAL
AWS-002,2026-08-28T16:00:00Z,33.18,1007.67,56.62,18.922,72.8347,14.0,False,NORMAL
AWS-003,2026-08-28T16:00:00Z,25.85,832.71,43.52,32.219,76.3234,1457.0,False,NORMAL
AWS-004,2026-08-28T16:00:00Z,36.45,977.4,30.15,26.9124,70.9022,225.0,False,NORMAL
AWS-001,2026-08-28T16:15:00Z,32.56,981.42,49.66,28.6139,77.209,216.0,False,NORMAL
AWS-002,2026-08-28T16:15:00Z,33.06,1007.75,57.01,18.922,72.8347,14.0,False,NORMAL
AWS-003,2026-08-28T16:15:00Z,25.22,832.56,44.1,32.219,76.3234,1457.0,False,NORMAL
AWS-004,2026-08-28T16:15:00Z,35.7,977.08,31.24,26.9124,70.9022,225.0,False,NORMAL
AWS-001,2026-08-28T16:30:00Z,32.12,981.39,49.74,28.6139,77.209,216.0,False,NORMAL
AWS-002,2026-08-28T16:30:00Z,33.13,1007.39,57.78,18.922,72.8347,14.0,False,NORMAL
AWS-003,2026-08-28T16:30:00Z,25.3,832.64,44.95,32.219,76.3234,1457.0,False,NORMAL
AWS-004,2026-08-28T16:30:00Z,36.42,977.34,32.49,26.9124,70.9022,225.0,False,NORMAL
AWS-001,2026-08-28T16:45:00Z,31.54,981.28,50.71,28.6139,77.209,216.0,False,NORMAL
AWS-002,2026-08-28T16:45:00Z,32.78,1007.39,59.06,18.922,72.8347,14.0,False,NORMAL
AWS-003,2026-08-28T16:45:00Z,25.52,832.83,45.43,32.219,76.3234,1457.0,False,NORMAL
AWS-004,2026-08-28T16:45:00Z,35.26,977.34,32.83,26.9124,70.9022,225.0,False,NORMAL
AWS-001,2026-08-28T17:00:00Z,31.67,981.51,51.86,28.6139,77.209,216.0,False,NORMAL
AWS-002,2026-08-28T17:00:00Z,32.67,1007.67,61.29,18.922,72.8347,14.0,False,NORMAL
AWS-003,2026-08-28T17:00:00Z,24.78,832.98,47.11,32.219,76.3234,1457.0,False,NORMAL
AWS-004,2026-08-28T17:00:00Z,35.93,977.16,33.55,26.9124,70.9022,225.0,False,NORMAL
AWS-001,2026-08-28T17:15:00Z,31.47,981.57,53.57,28.6139,77.209,216.0,False,NORMAL
AWS-002,2026-08-28T17:15:00Z,32.61,1008.09,60.54,18.922,72.8347,14.0,False,NORMAL
AWS-003,2026-08-28T17:15:00Z,24.92,832.82,47.71,32.219,76.3234,1457.0,False,NORMAL
AWS-004,2026-08-28T17:15:00Z,35.46,977.4,34.02,26.9124,70.9022,225.0,False,NORMAL
AWS-001,2026-08-28T17:30:00Z,31.06,981.71,52.96,28.6139,77.209,216.0,False,NORMAL
AWS-002,2026-08-28T17:30:00Z,32.38,1007.63,62.49,18.922,72.8347,14.0,False,NORMAL
AWS-003,2026-08-28T17:30:00Z,24.76,832.89,48.77,32.219,76.3234,1457.0,False,NORMAL
AWS-004,2026-08-28T17:30:00Z,35.42,977.64,36.46,26.9124,70.9022,225.0,False,NORMAL
AWS-001,2026-08-28T17:45:00Z,30.45,981.68,53.96,28.6139,77.209,216.0,False,NORMAL
AWS-002,2026-08-28T17:45:00Z,31.87,1008.15,63.65,18.922,72.8347,14.0,False,NORMAL
AWS-003,2026-08-28T17:45:00Z,24.22,832.72,49.4,32.219,76.3234,1457.0,False,NORMAL
AWS-004,2026-08-28T17:45:00Z,34.28,977.75,37.42,26.9124,70.9022,225.0,False,NORMAL
AWS-001,2026-08-28T18:00:00Z,30.61,981.98,55.38,28.6139,77.209,216.0,False,NORMAL
AWS-002,2026-08-28T18:00:00Z,30.89,1008.12,63.67,18.922,72.8347,14.0,False,NORMAL
AWS-003,2026-08-28T18:00:00Z,23.82,833.33,51.97,32.219,76.3234,1457.0,False,NORMAL
AWS-004,2026-08-28T18:00:00Z,34.51,977.91,37.86,26.9124,70.9022,225.0,False,NORMAL
AWS-001,2026-08-28T18:15:00Z,29.92,982.14,57.13,28.6139,77.209,216.0,False,NORMAL
AWS-002,2026-08-28T18:15:00Z,30.93,1008.55,64.27,18.922,72.8347,14.0,False,NORMAL
AWS-003,2026-08-28T18:15:00Z,22.81,833.33,53.5,32.219,76.3234,1457.0,False,NORMAL
AWS-004,2026-08-28T18:15:00Z,33.94,977.85,38.74,26.9124,70.9022,225.0,False,NORMAL
AWS-001,2026-08-28T18:30:00Z,29.52,982.01,57.98,28.6139,77.209,216.0,False,NORMAL
AWS-002,2026-08-28T18:30:00Z,30.21,1008.49,66.52,18.922,72.8347,14.0,False,NORMAL
AWS-003,2026-08-28T18:30:00Z,22.93,833.11,53.23,32.219,76.3234,1457.0,False,NORMAL
AWS-004,2026-08-28T18:30:00Z,33.41,978.0,39.24,26.9124,70.9022,225.0,False,NORMAL
AWS-001,2026-08-28T18:45:00Z,29.28,982.36,59.28,28.6139,77.209,216.0,False,NORMAL
AWS-002,2026-08-28T18:45:00Z,30.95,1008.78,68.4,18.922,72.8347,14.0,False,NORMAL
AWS-003,2026-08-28T18:45:00Z,22.71,833.33,53.97,32.219,76.3234,1457.0,False,NORMAL
AWS-004,2026-08-28T18:45:00Z,32.28,978.43,41.32,26.9124,70.9022,225.0,False,NORMAL
AWS-001,2026-08-28T19:00:00Z,28.54,982.71,60.79,28.6139,77.209,216.0,False,NORMAL
AWS-002,2026-08-28T19:00:00Z,29.78,1008.65,69.01,18.922,72.8347,14.0,False,NORMAL
AWS-003,2026-08-28T19:00:00Z,22.78,833.6,56.22,32.219,76.3234,1457.0,False,NORMAL
AWS-004,2026-08-28T19:00:00Z,32.35,978.83,41.93,26.9124,70.9022,225.0,False,NORMAL
AWS-001,2026-08-28T19:15:00Z,28.6,982.71,62.11,28.6139,77.209,216.0,False,NORMAL
AWS-002,2026-08-28T19:15:00Z,29.68,1009.1,69.53,18.922,72.8347,14.0,False,NORMAL
AWS-003,2026-08-28T19:15:00Z,22.2,833.87,55.79,32.219,76.3234,1457.0,False,NORMAL
AWS-004,2026-08-28T19:15:00Z,32.61,978.36,43.83,26.9124,70.9022,225.0,False,NORMAL
AWS-001,2026-08-28T19:30:00Z,27.92,982.93,63.3,28.6139,77.209,216.0,False,NORMAL
AWS-002,2026-08-28T19:30:00Z,29.64,1009.22,71.37,18.922,72.8347,14.0,False,NORMAL
AWS-003,2026-08-28T19:30:00Z,21.54,833.99,59.87,32.219,76.3234,1457.0,False,NORMAL
AWS-004,2026-08-28T19:30:00Z,32.37,978.67,45.26,26.9124,70.9022,225.0,False,NORMAL
AWS-001,2026-08-28T19:45:00Z,27.68,982.83,64.74,28.6139,77.209,216.0,False,NORMAL
AWS-002,2026-08-28T19:45:00Z,28.98,1009.26,72.15,18.922,72.8347,14.0,False,NORMAL
AWS-003,2026-08-28T19:45:00Z,20.13,833.87,60.16,32.219,76.3234,1457.0,False,NORMAL
AWS-004,2026-08-28T19:45:00Z,31.18,978.92,46.72,26.9124,70.9022,225.0,False,NORMAL
AWS-001,2026-08-28T20:00:00Z,27.22,983.27,66.33,28.6139,77.209,216.0,False,NORMAL
AWS-002,2026-08-28T20:00:00Z,28.14,1009.68,73.26,18.922,72.8347,14.0,False,NORMAL
AWS-003,2026-08-28T20:00:00Z,21.22,834.05,60.39,32.219,76.3234,1457.0,False,NORMAL
AWS-004,2026-08-28T20:00:00Z,31.7,979.1,48.26,26.9124,70.9022,225.0,False,NORMAL
AWS-001,2026-08-28T20:15:00Z,27.05,983.19,67.54,28.6139,77.209,216.0,False,NORMAL
AWS-002,2026-08-28T20:15:00Z,28.98,1009.52,76.18,18.922,72.8347,14.0,False,NORMAL
AWS-003,2026-08-28T20:15:00Z,19.72,834.49,61.72,32.219,76.3234,1457.0,False,NORMAL
AWS-004,2026-08-28T20:15:00Z,31.16,979.12,49.31,26.9124,70.9022,225.0,False,NORMAL
AWS-001,2026-08-28T20:30:00Z,26.36,983.22,69.16,28.6139,77.209,216.0,False,NORMAL
AWS-002,2026-08-28T20:30:00Z,28.11,1009.89,75.92,18.922,72.8347,14.0,False,NORMAL
AWS-003,2026-08-28T20:30:00Z,20.2,834.43,63.88,32.219,76.3234,1457.0,False,NORMAL
AWS-004,2026-08-28T20:30:00Z,31.11,979.22,50.58,26.9124,70.9022,225.0,False,NORMAL
AWS-001,2026-08-28T20:45:00Z,26.6,983.44,70.18,28.6139,77.209,216.0,False,NORMAL
AWS-002,2026-08-28T20:45:00Z,27.37,1009.75,77.53,18.922,72.8347,14.0,False,NORMAL
AWS-003,2026-08-28T20:45:00Z,19.24,834.55,64.84,32.219,76.3234,1457.0,False,NORMAL
AWS-004,2026-08-28T20:45:00Z,30.31,978.96,52.38,26.9124,70.9022,225.0,False,NORMAL
AWS-001,2026-08-28T21:00:00Z,25.79,983.55,70.69,28.6139,77.209,216.0,False,NORMAL
AWS-002,2026-08-28T21:00:00Z,27.69,1009.9,78.33,18.922,72.8347,14.0,False,NORMAL
AWS-003,2026-08-28T21:00:00Z,19.21,834.43,66.07,32.219,76.3234,1457.0,False,NORMAL
AWS-004,2026-08-28T21:00:00Z,30.13,979.35,52.51,26.9124,70.9022,225.0,False,NORMAL
AWS-001,2026-08-28T21:15:00Z,24.69,983.74,72.46,28.6139,77.209,216.0,False,NORMAL
AWS-002,2026-08-28T21:15:00Z,26.04,1009.87,80.33,18.922,72.8347,14.0,False,NORMAL
AWS-003,2026-08-28T21:15:00Z,20.16,834.6,66.08,32.219,76.3234,1457.0,False,NORMAL
AWS-004,2026-08-28T21:15:00Z,29.09,979.61,55.38,26.9124,70.9022,225.0,False,NORMAL
AWS-001,2026-08-28T21:30:00Z,25.42,983.48,73.47,28.6139,77.209,216.0,False,NORMAL
AWS-002,2026-08-28T21:30:00Z,26.81,1009.94,81.57,18.922,72.8347,14.0,False,NORMAL
AWS-003,2026-08-28T21:30:00Z,19.04,834.71,69.91,32.219,76.3234,1457.0,False,NORMAL
AWS-004,2026-08-28T21:30:00Z,28.54,979.56,55.99,26.9124,70.9022,225.0,False,NORMAL
AWS-001,2026-08-28T21:45:00Z,24.33,983.6,75.09,28.6139,77.209,216.0,False,NORMAL
AWS-002,2026-08-28T21:45:00Z,25.3,1009.91,81.75,18.922,72.8347,14.0,False,NORMAL
AWS-003,2026-08-28T21:45:00Z,18.09,834.66,68.43,32.219,76.3234,1457.0,False,NORMAL
AWS-004,2026-08-28T21:45:00Z,28.89,979.6,56.77,26.9124,70.9022,225.0,False,NORMAL
AWS-001,2026-08-28T22:00:00Z,24.23,983.63,76.1,28.6139,77.209,216.0,False,NORMAL
AWS-002,2026-08-28T22:00:00Z,25.16,1009.95,84.66,18.922,72.8347,14.0,False,NORMAL
AWS-003,2026-08-28T22:00:00Z,18.45,834.63,71.37,32.219,76.3234,1457.0,False,NORMAL
AWS-004,2026-08-28T22:00:00Z,28.86,979.94,58.74,26.9124,70.9022,225.0,False,NORMAL
AWS-001,2026-08-28T22:15:00Z,23.84,983.57,76.81,28.6139,77.209,216.0,False,NORMAL
AWS-002,2026-08-28T22:15:00Z,25.4,1009.96,84.31,18.922,72.8347,14.0,False,NORMAL
AWS-003,2026-08-28T22:15:00Z,18.38,834.95,72.25,32.219,76.3234,1457.0,False,NORMAL
AWS-004,2026-08-28T22:15:00Z,27.67,979.59,59.23,26.9124,70.9022,225.0,False,NORMAL
AWS-001,2026-08-28T22:30:00Z,23.8,983.52,77.28,28.6139,77.209,216.0,False,NORMAL
AWS-002,2026-08-28T22:30:00Z,25.18,1009.83,86.74,18.922,72.8347,14.0,False,NORMAL
AWS-003,2026-08-28T22:30:00Z,17.52,834.84,74.3,32.219,76.3234,1457.0,False,NORMAL
AWS-004,2026-08-28T22:30:00Z,27.97,979.61,60.66,26.9124,70.9022,225.0,False,NORMAL
AWS-001,2026-08-28T22:45:00Z,23.7,983.58,79.09,28.6139,77.209,216.0,False,NORMAL
AWS-002,2026-08-28T22:45:00Z,24.12,1009.92,87.23,18.922,72.8347,14.0,False,NORMAL
AWS-003,2026-08-28T22:45:00Z,16.79,834.84,74.03,32.219,76.3234,1457.0,False,NORMAL
AWS-004,2026-08-28T22:45:00Z,26.75,979.43,61.11,26.9124,70.9022,225.0,False,NORMAL
AWS-001,2026-08-28T23:00:00Z,23.25,983.58,79.51,28.6139,77.209,216.0,False,NORMAL
AWS-002,2026-08-28T23:00:00Z,24.36,1009.93,87.0,18.922,72.8347,14.0,False,NORMAL
AWS-003,2026-08-28T23:00:00Z,16.05,834.9,76.16,32.219,76.3234,1457.0,False,NORMAL
AWS-004,2026-08-28T23:00:00Z,27.46,979.43,61.88,26.9124,70.9022,225.0,False,NORMAL
AWS-001,2026-08-28T23:15:00Z,22.42,983.32,80.95,28.6139,77.209,216.0,False,NORMAL
AWS-002,2026-08-28T23:15:00Z,24.6,1009.76,89.2,18.922,72.8347,14.0,False,NORMAL
AWS-003,2026-08-28T23:15:00Z,16.58,834.36,76.3,32.219,76.3234,1457.0,False,NORMAL
AWS-004,2026-08-28T23:15:00Z,26.68,979.08,62.7,26.9124,70.9022,225.0,False,NORMAL
AWS-001,2026-08-28T23:30:00Z,22.59,983.27,81.74,28.6139,77.209,216.0,False,NORMAL
AWS-002,2026-08-28T23:30:00Z,23.71,1009.46,89.69,18.922,72.8347,14.0,False,NORMAL
AWS-003,2026-08-28T23:30:00Z,16.29,834.37,75.62,32.219,76.3234,1457.0,False,NORMAL
AWS-004,2026-08-28T23:30:00Z,25.73,979.11,63.35,26.9124,70.9022,225.0,False,NORMAL
AWS-001,2026-08-28T23:45:00Z,22.46,983.25,82.84,28.6139,77.209,216.0,False,NORMAL
AWS-002,2026-08-28T23:45:00Z,24.19,1009.78,90.23,18.922,72.8347,14.0,False,NORMAL
AWS-003,2026-08-28T23:45:00Z,15.16,834.24,76.93,32.219,76.3234,1457.0,False,NORMAL
AWS-004,2026-08-28T23:45:00Z,25.87,979.14,64.44,26.9124,70.9022,225.0,False,NORMAL
AWS-001,2026-08-29T00:00:00Z,22.62,983.36,83.18,28.6139,77.209,216.0,False,NORMAL
AWS-002,2026-08-29T00:00:00Z,23.22,1009.15,91.74,18.922,72.8347,14.0,False,NORMAL
AWS-003,2026-08-29T00:00:00Z,16.16,833.84,78.62,32.219,76.3234,1457.0,False,NORMAL
AWS-004,2026-08-29T00:00:00Z,25.84,979.08,66.06,26.9124,70.9022,225.0,False,NORMAL
AWS-001,2026-08-29T00:15:00Z,21.89,983.09,83.43,28.6139,77.209,216.0,False,NORMAL
AWS-002,2026-08-29T00:15:00Z,22.87,1009.14,91.34,18.922,72.8347,14.0,False,NORMAL
AWS-003,2026-08-29T00:15:00Z,15.52,834.36,79.8,32.219,76.3234,1457.0,False,NORMAL
AWS-004,2026-08-29T00:15:00Z,26.08,979.12,66.05,26.9124,70.9022,225.0,False,NORMAL
AWS-001,2026-08-29T00:30:00Z,21.59,982.57,84.27,28.6139,77.209,216.0,False,NORMAL
AWS-002,2026-08-29T00:30:00Z,23.17,1009.36,92.81,18.922,72.8347,14.0,False,NORMAL
AWS-003,2026-08-29T00:30:00Z,15.3,833.92,79.25,32.219,76.3234,1457.0,False,NORMAL
AWS-004,2026-08-29T00:30:00Z,26.76,978.87,67.02,26.9124,70.9022,225.0,False,NORMAL
AWS-001,2026-08-29T00:45:00Z,22.33,982.72,85.29,28.6139,77.209,216.0,False,NORMAL
AWS-002,2026-08-29T00:45:00Z,22.62,1009.08,92.06,18.922,72.8347,14.0,False,NORMAL
AWS-003,2026-08-29T00:45:00Z,16.38,833.82,79.35,32.219,76.3234,1457.0,False,NORMAL
AWS-004,2026-08-29T00:45:00Z,25.76,978.3,66.82,26.9124,70.9022,225.0,False,NORMAL
AWS-001,2026-08-29T01:00:00Z,21.64,982.57,85.0,28.6139,77.209,216.0,False,NORMAL
AWS-002,2026-08-29T01:00:00Z,22.96,1008.72,93.48,18.922,72.8347,14.0,False,NORMAL
AWS-003,2026-08-29T01:00:00Z,15.52,833.72,78.55,32.219,76.3234,1457.0,False,NORMAL
AWS-004,2026-08-29T01:00:00Z,25.43,978.42,67.64,26.9124,70.9022,225.0,False,NORMAL
AWS-001,2026-08-29T01:15:00Z,21.31,982.34,85.16,28.6139,77.209,216.0,False,NORMAL
AWS-002,2026-08-29T01:15:00Z,22.12,1008.59,93.74,18.922,72.8347,14.0,False,NORMAL
AWS-003,2026-08-29T01:15:00Z,14.2,833.3,80.9,32.219,76.3234,1457.0,False,NORMAL
AWS-004,2026-08-29T01:15:00Z,25.66,978.26,67.84,26.9124,70.9022,225.0,False,NORMAL
AWS-001,2026-08-29T01:30:00Z,21.62,982.08,85.72,28.6139,77.209,216.0,False,NORMAL
AWS-002,2026-08-29T01:30:00Z,22.58,1008.45,94.02,18.922,72.8347,14.0,False,NORMAL
AWS-003,2026-08-29T01:30:00Z,15.23,833.17,80.21,32.219,76.3234,1457.0,False,NORMAL
AWS-004,2026-08-29T01:30:00Z,25.75,977.9,66.94,26.9124,70.9022,225.0,False,NORMAL
AWS-001,2026-08-29T01:45:00Z,21.01,981.99,85.89,28.6139,77.209,216.0,False,NORMAL
AWS-002,2026-08-29T01:45:00Z,23.41,1008.28,92.32,18.922,72.8347,14.0,False,NORMAL
AWS-003,2026-08-29T01:45:00Z,15.64,833.24,80.33,32.219,76.3234,1457.0,False,NORMAL
AWS-004,2026-08-29T01:45:00Z,26.15,977.86,68.24,26.9124,70.9022,225.0,False,NORMAL
AWS-001,2026-08-29T02:00:00Z,21.34,982.05,86.58,28.6139,77.209,216.0,False,NORMAL
AWS-002,2026-08-29T02:00:00Z,22.15,1008.0,93.82,18.922,72.8347,14.0,False,NORMAL
AWS-003,2026-08-29T02:00:00Z,15.36,833.23,80.33,32.219,76.3234,1457.0,False,NORMAL
AWS-004,2026-08-29T02:00:00Z,25.98,977.97,67.49,26.9124,70.9022,225.0,False,NORMAL
AWS-001,2026-08-29T02:15:00Z,21.78,981.72,85.76,28.6139,77.209,216.0,False,NORMAL
AWS-002,2026-08-29T02:15:00Z,23.31,1007.99,91.66,18.922,72.8347,14.0,False,NORMAL
AWS-003,2026-08-29T02:15:00Z,14.83,833.12,81.31,32.219,76.3234,1457.0,False,NORMAL
AWS-004,2026-08-29T02:15:00Z,25.6,977.91,67.87,26.9124,70.9022,225.0,False,NORMAL
AWS-001,2026-08-29T02:30:00Z,21.1,981.47,85.87,28.6139,77.209,216.0,False,NORMAL
AWS-002,2026-08-29T02:30:00Z,22.38,1007.89,95.61,18.922,72.8347,14.0,False,NORMAL
AWS-003,2026-08-29T02:30:00Z,15.52,832.85,79.97,32.219,76.3234,1457.0,False,NORMAL
AWS-004,2026-08-29T02:30:00Z,25.36,977.65,67.07,26.9124,70.9022,225.0,False,NORMAL
AWS-001,2026-08-29T02:45:00Z,21.88,981.56,85.14,28.6139,77.209,216.0,False,NORMAL
AWS-002,2026-08-29T02:45:00Z,22.82,1007.74,93.46,18.922,72.8347,14.0,False,NORMAL
AWS-003,2026-08-29T02:45:00Z,15.4,832.8,80.75,32.219,76.3234,1457.0,False,NORMAL
AWS-004,2026-08-29T02:45:00Z,25.13,977.27,67.94,26.9124,70.9022,225.0,False,NORMAL
AWS-001,2026-08-29T03:00:00Z,21.52,981.38,85.2,28.6139,77.209,216.0,False,NORMAL
AWS-002,2026-08-29T03:00:00Z,22.5,1007.76,93.78,18.922,72.8347,14.0,False,NORMAL
AWS-003,2026-08-29T03:00:00Z,15.12,832.48,81.26,32.219,76.3234,1457.0,False,NORMAL
AWS-004,2026-08-29T03:00:00Z,25.63,977.11,65.64,26.9124,70.9022,225.0,False,NORMAL
AWS-001,2026-08-29T03:15:00Z,21.7,981.37,85.57,28.6139,77.209,216.0,False,NORMAL
AWS-002,2026-08-29T03:15:00Z,22.84,1007.67,93.05,18.922,72.8347,14.0,False,NORMAL
AWS-003,2026-08-29T03:15:00Z,16.01,832.82,79.51,32.219,76.3234,1457.0,False,NORMAL
AWS-004,2026-08-29T03:15:00Z,26.0,977.13,67.56,26.9124,70.9022,225.0,False,NORMAL
AWS-001,2026-08-29T03:30:00Z,21.92,981.03,84.81,28.6139,77.209,216.0,False,NORMAL
AWS-002,2026-08-29T03:30:00Z,23.01,1007.85,92.58,18.922,72.8347,14.0,False,NORMAL
AWS-003,2026-08-29T03:30:00Z,15.64,832.81,80.44,32.219,76.3234,1457.0,False,NORMAL
AWS-004,2026-08-29T03:30:00Z,26.27,977.26,67.08,26.9124,70.9022,225.0,False,NORMAL
AWS-001,2026-08-29T03:45:00Z,22.05,981.41,83.19,28.6139,77.209,216.0,False,NORMAL
AWS-002,2026-08-29T03:45:00Z,24.45,1007.54,91.31,18.922,72.8347,14.0,False,NORMAL
AWS-003,2026-08-29T03:45:00Z,15.64,832.67,78.77,32.219,76.3234,1457.0,False,NORMAL
AWS-004,2026-08-29T03:45:00Z,26.57,977.27,64.69,26.9124,70.9022,225.0,False,NORMAL
AWS-001,2026-08-29T04:00:00Z,22.24,981.33,83.41,28.6139,77.209,216.0,False,NORMAL
AWS-002,2026-08-29T04:00:00Z,23.2,1007.62,91.83,18.922,72.8347,14.0,False,NORMAL
AWS-003,2026-08-29T04:00:00Z,15.82,832.85,76.47,32.219,76.3234,1457.0,False,NORMAL
AWS-004,2026-08-29T04:00:00Z,26.26,977.42,64.74,26.9124,70.9022,225.0,False,NORMAL
AWS-001,2026-08-29T04:15:00Z,22.97,981.4,82.45,28.6139,77.209,216.0,False,NORMAL
AWS-002,2026-08-29T04:15:00Z,23.95,1007.48,90.06,18.922,72.8347,14.0,False,NORMAL
AWS-003,2026-08-29T04:15:00Z,16.23,832.65,78.36,32.219,76.3234,1457.0,False,NORMAL
AWS-004,2026-08-29T04:15:00Z,26.32,977.04,64.73,26.9124,70.9022,225.0,False,NORMAL
AWS-001,2026-08-29T04:30:00Z,22.74,981.28,81.4,28.6139,77.209,216.0,False,NORMAL
AWS-002,2026-08-29T04:30:00Z,24.38,1007.41,89.95,18.922,72.8347,14.0,False,NORMAL
AWS-003,2026-08-29T04:30:00Z,16.21,832.7,76.77,32.219,76.3234,1457.0,False,NORMAL
AWS-004,2026-08-29T04:30:00Z,26.81,977.02,64.15,26.9124,70.9022,225.0,False,NORMAL
AWS-001,2026-08-29T04:45:00Z,22.13,981.51,80.62,28.6139,77.209,216.0,False,NORMAL
AWS-002,2026-08-29T04:45:00Z,24.36,1007.88,89.1,18.922,72.8347,14.0,False,NORMAL
AWS-003,2026-08-29T04:45:00Z,16.52,832.81,77.02,32.219,76.3234,1457.0,False,NORMAL
AWS-004,2026-08-29T04:45:00Z,27.26,977.33,62.77,26.9124,70.9022,225.0,False,NORMAL
AWS-001,2026-08-29T05:00:00Z,23.39,981.67,79.56,28.6139,77.209,216.0,False,NORMAL
AWS-002,2026-08-29T05:00:00Z,23.9,1007.88,88.6,18.922,72.8347,14.0,False,NORMAL
AWS-003,2026-08-29T05:00:00Z,15.37,832.63,75.43,32.219,76.3234,1457.0,False,NORMAL
AWS-004,2026-08-29T05:00:00Z,27.56,977.5,61.38,26.9124,70.9022,225.0,False,NORMAL
AWS-001,2026-08-29T05:15:00Z,23.65,981.56,78.13,28.6139,77.209,216.0,False,NORMAL
AWS-002,2026-08-29T05:15:00Z,23.92,1008.25,87.41,18.922,72.8347,14.0,False,NORMAL
AWS-003,2026-08-29T05:15:00Z,17.7,832.78,74.06,32.219,76.3234,1457.0,False,NORMAL
AWS-004,2026-08-29T05:15:00Z,27.5,977.5,60.47,26.9124,70.9022,225.0,False,NORMAL
AWS-001,2026-08-29T05:30:00Z,24.01,981.57,78.8,28.6139,77.209,216.0,False,NORMAL
AWS-002,2026-08-29T05:30:00Z,24.74,1008.27,85.75,18.922,72.8347,14.0,False,NORMAL
AWS-003,2026-08-29T05:30:00Z,18.05,833.26,73.44,32.219,76.3234,1457.0,False,NORMAL
AWS-004,2026-08-29T05:30:00Z,27.88,977.75,59.95,26.9124,70.9022,225.0,False,NORMAL
AWS-001,2026-08-29T05:45:00Z,23.83,981.64,75.77,28.6139,77.209,216.0,False,NORMAL
AWS-002,2026-08-29T05:45:00Z,25.73,1007.9,85.04,18.922,72.8347,14.0,False,NORMAL
AWS-003,2026-08-29T05:45:00Z,17.34,833.09,72.36,32.219,76.3234,1457.0,False,NORMAL
AWS-004,2026-08-29T05:45:00Z,27.83,977.85,59.79,26.9124,70.9022,225.0,False,NORMAL
AWS-001,2026-08-29T06:00:00Z,24.14,981.95,75.73,28.6139,77.209,216.0,False,NORMAL
AWS-002,2026-08-29T06:00:00Z,25.4,1008.34,84.75,18.922,72.8347,14.0,False,NORMAL
AWS-003,2026-08-29T06:00:00Z,17.76,833.12,71.16,32.219,76.3234,1457.0,False,NORMAL
AWS-004,2026-08-29T06:00:00Z,28.72,977.82,58.73,26.9124,70.9022,225.0,False,NORMAL
AWS-001,2026-08-29T06:15:00Z,24.26,982.08,74.14,28.6139,77.209,216.0,False,NORMAL
AWS-002,2026-08-29T06:15:00Z,25.87,1008.18,83.03,18.922,72.8347,14.0,False,NORMAL
AWS-003,2026-08-29T06:15:00Z,17.79,833.43,69.87,32.219,76.3234,1457.0,False,NORMAL
AWS-004,2026-08-29T06:15:00Z,28.5,977.99,55.26,26.9124,70.9022,225.0,False,NORMAL
AWS-001,2026-08-29T06:30:00Z,24.97,982.14,72.8,28.6139,77.209,216.0,False,NORMAL
AWS-002,2026-08-29T06:30:00Z,26.3,1008.53,81.57,18.922,72.8347,14.0,False,NORMAL
AWS-003,2026-08-29T06:30:00Z,19.19,833.59,69.01,32.219,76.3234,1457.0,False,NORMAL
AWS-004,2026-08-29T06:30:00Z,29.45,978.39,54.92,26.9124,70.9022,225.0,False,NORMAL
AWS-001,2026-08-29T06:45:00Z,25.69,982.34,72.51,28.6139,77.209,216.0,False,NORMAL
AWS-002,2026-08-29T06:45:00Z,26.46,1008.54,79.32,18.922,72.8347,14.0,False,NORMAL
AWS-003,2026-08-29T06:45:00Z,18.87,833.9,66.52,32.219,76.3234,1457.0,False,NORMAL
AWS-004,2026-08-29T06:45:00Z,29.77,978.31,54.3,26.9124,70.9022,225.0,False,NORMAL
AWS-001,2026-08-29T07:00:00Z,26.25,982.5,70.62,28.6139,77.209,216.0,False,NORMAL
AWS-002,2026-08-29T07:00:00Z,26.72,1008.73,78.48,18.922,72.8347,14.0,False,NORMAL
AWS-003,2026-08-29T07:00:00Z,19.63,833.59,66.91,32.219,76.3234,1457.0,False,NORMAL
AWS-004,2026-08-29T07:00:00Z,30.0,978.25,53.04,26.9124,70.9022,225.0,False,NORMAL
AWS-001,2026-08-29T07:15:00Z,26.35,982.67,69.52,28.6139,77.209,216.0,False,NORMAL
AWS-002,2026-08-29T07:15:00Z,27.3,1009.18,77.86,18.922,72.8347,14.0,False,NORMAL
AWS-003,2026-08-29T07:15:00Z,19.14,833.63,65.89,32.219,76.3234,1457.0,False,NORMAL
AWS-004,2026-08-29T07:15:00Z,30.38,978.93,51.57,26.9124,70.9022,225.0,False,NORMAL
AWS-001,2026-08-29T07:30:00Z,26.52,982.73,68.29,28.6139,77.209,216.0,False,NORMAL
AWS-002,2026-08-29T07:30:00Z,27.7,1009.33,76.51,18.922,72.8347,14.0,False,NORMAL
AWS-003,2026-08-29T07:30:00Z,20.8,833.85,63.8,32.219,76.3234,1457.0,False,NORMAL
AWS-004,2026-08-29T07:30:00Z,30.74,978.76,50.77,26.9124,70.9022,225.0,False,NORMAL
AWS-001,2026-08-29T07:45:00Z,27.34,983.02,67.63,28.6139,77.209,216.0,False,NORMAL
AWS-002,2026-08-29T07:45:00Z,27.96,1009.24,76.69,18.922,72.8347,14.0,False,NORMAL
AWS-003,2026-08-29T07:45:00Z,19.93,834.18,62.62,32.219,76.3234,1457.0,False,NORMAL
AWS-004,2026-08-29T07:45:00Z,31.03,979.09,49.24,26.9124,70.9022,225.0,False,NORMAL
AWS-001,2026-08-29T08:00:00Z,27.62,982.86,66.33,28.6139,77.209,216.0,False,NORMAL
AWS-002,2026-08-29T08:00:00Z,28.88,1009.64,73.74,18.922,72.8347,14.0,False,NORMAL
AWS-003,2026-08-29T08:00:00Z,20.89,834.04,61.14,32.219,76.3234,1457.0,False,NORMAL
AWS-004,2026-08-29T08:00:00Z,30.74,978.87,47.96,26.9124,70.9022,225.0,False,NORMAL
AWS-001,2026-08-29T08:15:00Z,28.43,983.31,64.34,28.6139,77.209,216.0,False,NORMAL
AWS-002,2026-08-29T08:15:00Z,28.66,1009.74,72.42,18.922,72.8347,14.0,False,NORMAL
AWS-003,2026-08-29T08:15:00Z,20.79,834.0,59.7,32.219,76.3234,1457.0,False,NORMAL
AWS-004,2026-08-29T08:15:00Z,31.31,979.04,46.6,26.9124,70.9022,225.0,False,NORMAL
AWS-001,2026-08-29T08:30:00Z,28.27,983.33,63.11,28.6139,77.209,216.0,False,NORMAL
AWS-002,2026-08-29T08:30:00Z,29.59,1009.8,71.32,18.922,72.8347,14.0,False,NORMAL
AWS-003,2026-08-29T08:30:00Z,21.18,834.51,59.03,32.219,76.3234,1457.0,False,NORMAL
AWS-004,2026-08-29T08:30:00Z,32.01,979.32,45.23,26.9124,70.9022,225.0,False,NORMAL
AWS-001,2026-08-29T08:45:00Z,28.73,983.35,61.87,28.6139,77.209,216.0,False,NORMAL
AWS-002,2026-08-29T08:45:00Z,30.33,1009.62,69.71,18.922,72.8347,14.0,False,NORMAL
AWS-003,2026-08-29T08:45:00Z,22.95,834.3,56.62,32.219,76.3234,1457.0,False,NORMAL
AWS-004,2026-08-29T08:45:00Z,31.62,979.33,43.55,26.9124,70.9022,225.0,False,NORMAL
AWS-001,2026-08-29T09:00:00Z,29.06,983.59,61.28,28.6139,77.209,216.0,False,NORMAL
AWS-002,2026-08-29T09:00:00Z,30.5,1009.86,68.35,18.922,72.8347,14.0,False,NORMAL
AWS-003,2026-08-29T09:00:00Z,22.89,834.66,55.62,32.219,76.3234,1457.0,False,NORMAL
AWS-004,2026-08-29T09:00:00Z,32.99,979.18,42.96,26.9124,70.9022,225.0,False,NORMAL
AWS-001,2026-08-29T09:15:00Z,30.04,983.44,59.64,28.6139,77.209,216.0,False,NORMAL
AWS-002,2026-08-29T09:15:00Z,30.33,1009.85,67.48,18.922,72.8347,14.0,False,NORMAL
AWS-003,2026-08-29T09:15:00Z,22.12,834.67,54.25,32.219,76.3234,1457.0,False,NORMAL
AWS-004,2026-08-29T09:15:00Z,34.04,979.45,41.6,26.9124,70.9022,225.0,False,NORMAL
AWS-001,2026-08-29T09:30:00Z,29.84,983.66,57.45,28.6139,77.209,216.0,False,NORMAL
AWS-002,2026-08-29T09:30:00Z,30.81,1009.95,65.53,18.922,72.8347,14.0,False,NORMAL
AWS-003,2026-08-29T09:30:00Z,23.48,834.76,53.48,32.219,76.3234,1457.0,False,NORMAL
AWS-004,2026-08-29T09:30:00Z,34.02,979.66,39.8,26.9124,70.9022,225.0,False,NORMAL
AWS-001,2026-08-29T09:45:00Z,29.8,983.72,56.54,28.6139,77.209,216.0,False,NORMAL
AWS-002,2026-08-29T09:45:00Z,31.71,1010.36,64.85,18.922,72.8347,14.0,False,NORMAL
AWS-003,2026-08-29T09:45:00Z,23.21,834.67,53.16,32.219,76.3234,1457.0,False,NORMAL
AWS-004,2026-08-29T09:45:00Z,34.44,979.55,37.86,26.9124,70.9022,225.0,False,NORMAL
AWS-001,2026-08-29T10:00:00Z,30.92,983.75,55.7,28.6139,77.209,216.0,False,NORMAL
AWS-002,2026-08-29T10:00:00Z,30.78,1010.32,63.22,18.922,72.8347,14.0,False,NORMAL
AWS-003,2026-08-29T10:00:00Z,24.18,834.68,50.4,32.219,76.3234,1457.0,False,NORMAL
AWS-004,2026-08-29T10:00:00Z,34.19,979.56,37.41,26.9124,70.9022,225.0,False,NORMAL
AWS-001,2026-08-29T10:15:00Z,31.23,983.75,54.61,28.6139,77.209,216.0,False,NORMAL
AWS-002,2026-08-29T10:15:00Z,31.96,1009.9,62.92,18.922,72.8347,14.0,False,NORMAL
AWS-003,2026-08-29T10:15:00Z,24.59,834.14,49.28,32.219,76.3234,1457.0,False,NORMAL
AWS-004,2026-08-29T10:15:00Z,34.67,979.44,36.85,26.9124,70.9022,225.0,False,NORMAL
AWS-001,2026-08-29T10:30:00Z,31.21,983.61,53.71,28.6139,77.209,216.0,False,NORMAL
AWS-002,2026-08-29T10:30:00Z,32.43,1009.8,60.98,18.922,72.8347,14.0,False,NORMAL
AWS-003,2026-08-29T10:30:00Z,23.89,834.56,48.41,32.219,76.3234,1457.0,False,NORMAL
AWS-004,2026-08-29T10:30:00Z,35.08,979.41,35.57,26.9124,70.9022,225.0,False,NORMAL
AWS-001,2026-08-29T10:45:00Z,32.06,983.45,52.65,28.6139,77.209,216.0,False,NORMAL
AWS-002,2026-08-29T10:45:00Z,32.42,1009.9,61.6,18.922,72.8347,14.0,False,NORMAL
AWS-003,2026-08-29T10:45:00Z,25.86,834.46,48.3,32.219,76.3234,1457.0,False,NORMAL
AWS-004,2026-08-29T10:45:00Z,34.99,979.62,35.01,26.9124,70.9022,225.0,False,NORMAL
AWS-001,2026-08-29T11:00:00Z,31.55,983.31,51.65,28.6139,77.209,216.0,False,NORMAL
AWS-002,2026-08-29T11:00:00Z,33.13,1009.94,59.94,18.922,72.8347,14.0,False,NORMAL
AWS-003,2026-08-29T11:00:00Z,24.94,834.53,46.52,32.219,76.3234,1457.0,False,NORMAL
AWS-004,2026-08-29T11:00:00Z,35.2,979.42,32.67,26.9124,70.9022,225.0,False,NORMAL
AWS-001,2026-08-29T11:15:00Z,32.01,983.29,50.94,28.6139,77.209,216.0,False,NORMAL
AWS-002,2026-08-29T11:15:00Z,33.51,1009.57,59.37,18.922,72.8347,14.0,False,NORMAL
AWS-003,2026-08-29T11:15:00Z,25.54,834.32,46.07,32.219,76.3234,1457.0,False,NORMAL
AWS-004,2026-08-29T11:15:00Z,36.46,979.28,31.77,26.9124,70.9022,225.0,False,NORMAL
AWS-001,2026-08-29T11:30:00Z,32.73,983.35,49.24,28.6139,77.209,216.0,False,NORMAL
AWS-002,2026-08-29T11:30:00Z,33.54,1009.56,57.34,18.922,72.8347,14.0,False,NORMAL
AWS-003,2026-08-29T11:30:00Z,26.06,834.4,45.81,32.219,76.3234,1457.0,False,NORMAL
AWS-004,2026-08-29T11:30:00Z,36.0,979.48,32.03,26.9124,70.9022,225.0,False,NORMAL
AWS-001,2026-08-29T11:45:00Z,32.26,983.14,48.72,28.6139,77.209,216.0,False,NORMAL
AWS-002,2026-08-29T11:45:00Z,33.88,1009.53,56.51,18.922,72.8347,14.0,False,NORMAL
AWS-003,2026-08-29T11:45:00Z,26.72,834.21,43.58,32.219,76.3234,1457.0,False,NORMAL
AWS-004,2026-08-29T11:45:00Z,36.32,979.31,30.77,26.9124,70.9022,225.0,False,NORMAL
AWS-001,2026-08-29T12:00:00Z,32.68,983.06,48.66,28.6139,77.209,216.0,False,NORMAL
AWS-002,2026-08-29T12:00:00Z,33.33,1009.06,56.92,18.922,72.8347,14.0,False,NORMAL
AWS-003,2026-08-29T12:00:00Z,26.08,833.85,43.61,32.219,76.3234,1457.0,False,NORMAL
AWS-004,2026-08-29T12:00:00Z,37.43,978.76,31.32,26.9124,70.9022,225.0,False,NORMAL
AWS-001,2026-08-29T12:15:00Z,32.81,982.68,48.27,28.6139,77.209,216.0,False,NORMAL
AWS-002,2026-08-29T12:15:00Z,34.23,1009.26,55.28,18.922,72.8347,14.0,False,NORMAL
AWS-003,2026-08-29T12:15:00Z,26.17,834.1,43.69,32.219,76.3234,1457.0,False,NORMAL
AWS-004,2026-08-29T12:15:00Z,37.46,978.93,29.96,26.9124,70.9022,225.0,False,NORMAL
AWS-001,2026-08-29T12:30:00Z,32.93,982.84,46.86,28.6139,77.209,216.0,False,NORMAL
AWS-002,2026-08-29T12:30:00Z,34.51,1009.11,55.23,18.922,72.8347,14.0,False,NORMAL
AWS-003,2026-08-29T12:30:00Z,26.2,833.72,41.78,32.219,76.3234,1457.0,False,NORMAL
AWS-004,2026-08-29T12:30:00Z,37.36,978.62,29.68,26.9124,70.9022,225.0,False,NORMAL
AWS-001,2026-08-29T12:45:00Z,33.15,982.6,46.3,28.6139,77.209,216.0,False,NORMAL
AWS-002,2026-08-29T12:45:00Z,34.26,1008.97,54.26,18.922,72.8347,14.0,False,NORMAL
AWS-003,2026-08-29T12:45:00Z,27.37,834.19,41.56,32.219,76.3234,1457.0,False,NORMAL
AWS-004,2026-08-29T12:45:00Z,36.8,978.84,29.73,26.9124,70.9022,225.0,False,NORMAL
AWS-001,2026-08-29T13:00:00Z,33.81,982.64,46.09,28.6139,77.209,216.0,False,NORMAL
AWS-002,2026-08-29T13:00:00Z,34.62,1008.76,54.0,18.922,72.8347,14.0,False,NORMAL
AWS-003,2026-08-29T13:00:00Z,27.28,833.59,39.88,32.219,76.3234,1457.0,False,NORMAL
AWS-004,2026-08-29T13:00:00Z,38.04,978.27,28.8,26.9124,70.9022,225.0,False,NORMAL
AWS-001,2026-08-29T13:15:00Z,33.1,982.38,46.24,28.6139,77.209,216.0,False,NORMAL
AWS-002,2026-08-29T13:15:00Z,34.2,1008.7,53.57,18.922,72.8347,14.0,False,NORMAL
AWS-003,2026-08-29T13:15:00Z,25.94,833.81,40.36,32.219,76.3234,1457.0,False,NORMAL
AWS-004,2026-08-29T13:15:00Z,37.38,978.19,29.04,26.9124,70.9022,225.0,False,NORMAL
AWS-001,2026-08-29T13:30:00Z,33.95,981.89,46.06,28.6139,77.209,216.0,False,NORMAL
AWS-002,2026-08-29T13:30:00Z,34.27,1008.4,53.51,18.922,72.8347,14.0,False,NORMAL
AWS-003,2026-08-29T13:30:00Z,27.5,833.51,41.61,32.219,76.3234,1457.0,False,NORMAL
AWS-004,2026-08-29T13:30:00Z,37.34,978.31,27.16,26.9124,70.9022,225.0,False,NORMAL
AWS-001,2026-08-29T13:45:00Z,33.51,981.88,44.83,28.6139,77.209,216.0,False,NORMAL
AWS-002,2026-08-29T13:45:00Z,34.87,1008.45,53.01,18.922,72.8347,14.0,False,NORMAL
AWS-003,2026-08-29T13:45:00Z,27.0,833.34,40.9,32.219,76.3234,1457.0,False,NORMAL
AWS-004,2026-08-29T13:45:00Z,37.72,977.68,27.67,26.9124,70.9022,225.0,False,NORMAL
AWS-001,2026-08-29T14:00:00Z,32.86,981.89,45.9,28.6139,77.209,216.0,False,NORMAL
AWS-002,2026-08-29T14:00:00Z,35.06,1008.37,54.05,18.922,72.8347,14.0,False,NORMAL
AWS-003,2026-08-29T14:00:00Z,27.7,833.29,40.31,32.219,76.3234,1457.0,False,NORMAL
AWS-004,2026-08-29T14:00:00Z,37.76,978.15,27.93,26.9124,70.9022,225.0,False,NORMAL
AWS-001,2026-08-29T14:15:00Z,33.24,981.82,45.41,28.6139,77.209,216.0,False,NORMAL
AWS-002,2026-08-29T14:15:00Z,34.55,1007.95,54.82,18.922,72.8347,14.0,False,NORMAL
AWS-003,2026-08-29T14:15:00Z,27.27,832.88,41.02,32.219,76.3234,1457.0,False,NORMAL
AWS-004,2026-08-29T14:15:00Z,37.24,977.59,27.0,26.9124,70.9022,225.0,False,NORMAL
AWS-001,2026-08-29T14:30:00Z,33.55,981.57,46.68,28.6139,77.209,216.0,False,NORMAL
AWS-002,2026-08-29T14:30:00Z,34.76,1007.92,53.8,18.922,72.8347,14.0,False,NORMAL
AWS-003,2026-08-29T14:30:00Z,26.44,833.15,42.38,32.219,76.3234,1457.0,False,NORMAL
AWS-004,2026-08-29T14:30:00Z,37.69,977.47,27.56,26.9124,70.9022,225.0,False,NORMAL
AWS-001,2026-08-29T14:45:00Z,33.51,981.63,46.24,28.6139,77.209,216.0,False,NORMAL
AWS-002,2026-08-29T14:45:00Z,35.21,1008.03,54.11,18.922,72.8347,14.0,False,NORMAL
AWS-003,2026-08-29T14:45:00Z,27.21,832.38,41.47,32.219,76.3234,1457.0,False,NORMAL
AWS-004,2026-08-29T14:45:00Z,37.56,977.45,28.23,26.9124,70.9022,225.0,False,NORMAL
AWS-001,2026-08-29T15:00:00Z,33.68,981.68,46.13,28.6139,77.209,216.0,False,NORMAL
AWS-002,2026-08-29T15:00:00Z,34.4,1007.95,54.5,18.922,72.8347,14.0,False,NORMAL
AWS-003,2026-08-29T15:00:00Z,27.63,832.5,40.34,32.219,76.3234,1457.0,False,NORMAL
AWS-004,2026-08-29T15:00:00Z,37.22,977.39,27.81,26.9124,70.9022,225.0,False,NORMAL
AWS-001,2026-08-29T15:15:00Z,33.38,981.41,46.39,28.6139,77.209,216.0,False,NORMAL
AWS-002,2026-08-29T15:15:00Z,34.47,1007.68,55.23,18.922,72.8347,14.0,False,NORMAL
AWS-003,2026-08-29T15:15:00Z,25.84,832.98,41.8,32.219,76.3234,1457.0,False,NORMAL
AWS-004,2026-08-29T15:15:00Z,37.59,977.31,28.52,26.9124,70.9022,225.0,False,NORMAL
AWS-001,2026-08-29T15:30:00Z,32.94,981.43,47.33,28.6139,77.209,216.0,False,NORMAL
AWS-002,2026-08-29T15:30:00Z,34.49,1007.64,55.01,18.922,72.8347,14.0,False,NORMAL
AWS-003,2026-08-29T15:30:00Z,25.98,832.57,42.41,32.219,76.3234,1457.0,False,NORMAL
AWS-004,2026-08-29T15:30:00Z,37.11,977.22,29.6,26.9124,70.9022,225.0,False,NORMAL
AWS-001,2026-08-29T15:45:00Z,33.02,981.42,47.65,28.6139,77.209,216.0,False,NORMAL
AWS-002,2026-08-29T15:45:00Z,33.99,1007.56,55.96,18.922,72.8347,14.0,False,NORMAL
AWS-003,2026-08-29T15:45:00Z,27.15,832.56,42.13,32.219,76.3234,1457.0,False,NORMAL
AWS-004,2026-08-29T15:45:00Z,36.83,977.41,29.39,26.9124,70.9022,225.0,False,NORMAL
AWS-001,2026-08-29T16:00:00Z,32.53,981.21,49.14,28.6139,77.209,216.0,False,NORMAL
AWS-002,2026-08-29T16:00:00Z,33.49,1007.55,56.39,18.922,72.8347,14.0,False,NORMAL
AWS-003,2026-08-29T16:00:00Z,26.22,833.03,43.75,32.219,76.3234,1457.0,False,NORMAL
AWS-004,2026-08-29T16:00:00Z,36.46,977.35,30.36,26.9124,70.9022,225.0,False,NORMAL
AWS-001,2026-08-29T16:15:00Z,31.91,981.23,48.94,28.6139,77.209,216.0,False,NORMAL
AWS-002,2026-08-29T16:15:00Z,34.59,1007.71,57.59,18.922,72.8347,14.0,False,NORMAL
AWS-003,2026-08-29T16:15:00Z,26.09,832.66,42.33,32.219,76.3234,1457.0,False,NORMAL
AWS-004,2026-08-29T16:15:00Z,36.2,977.46,31.26,26.9124,70.9022,225.0,False,NORMAL
AWS-001,2026-08-29T16:30:00Z,32.67,981.19,49.87,28.6139,77.209,216.0,False,NORMAL
AWS-002,2026-08-29T16:30:00Z,33.91,1007.66,58.39,18.922,72.8347,14.0,False,NORMAL
AWS-003,2026-08-29T16:30:00Z,25.92,832.86,45.84,32.219,76.3234,1457.0,False,NORMAL
AWS-004,2026-08-29T16:30:00Z,36.57,977.15,31.92,26.9124,70.9022,225.0,False,NORMAL
AWS-001,2026-08-29T16:45:00Z,31.71,981.57,51.21,28.6139,77.209,216.0,False,NORMAL
AWS-002,2026-08-29T16:45:00Z,33.84,1007.72,59.3,18.922,72.8347,14.0,False,NORMAL
AWS-003,2026-08-29T16:45:00Z,26.3,833.08,44.61,32.219,76.3234,1457.0,False,NORMAL
AWS-004,2026-08-29T16:45:00Z,36.56,977.36,31.59,26.9124,70.9022,225.0,False,NORMAL
AWS-001,2026-08-29T17:00:00Z,31.57,981.47,51.32,28.6139,77.209,216.0,False,NORMAL
AWS-002,2026-08-29T17:00:00Z,32.67,1007.98,59.62,18.922,72.8347,14.0,False,NORMAL
AWS-003,2026-08-29T17:00:00Z,25.47,832.8,46.79,32.219,76.3234,1457.0,False,NORMAL
AWS-004,2026-08-29T17:00:00Z,35.92,977.5,33.24,26.9124,70.9022,225.0,False,NORMAL
AWS-001,2026-08-29T17:15:00Z,31.63,981.71,53.25,28.6139,77.209,216.0,False,NORMAL
AWS-002,2026-08-29T17:15:00Z,33.15,1007.83,59.89,18.922,72.8347,14.0,False,NORMAL
AWS-003,2026-08-29T17:15:00Z,25.48,832.88,47.6,32.219,76.3234,1457.0,False,NORMAL
AWS-004,2026-08-29T17:15:00Z,34.98,977.42,34.07,26.9124,70.9022,225.0,False,NORMAL
AWS-001,2026-08-29T17:30:00Z,31.28,981.51,52.73,28.6139,77.209,216.0,False,NORMAL
AWS-002,2026-08-29T17:30:00Z,31.81,1008.32,61.44,18.922,72.8347,14.0,False,NORMAL
AWS-003,2026-08-29T17:30:00Z,24.61,833.0,48.14,32.219,76.3234,1457.0,False,NORMAL
AWS-004,2026-08-29T17:30:00Z,35.1,977.46,36.29,26.9124,70.9022,225.0,False,NORMAL
AWS-001,2026-08-29T17:45:00Z,31.06,981.68,55.3,28.6139,77.209,216.0,False,NORMAL
AWS-002,2026-08-29T17:45:00Z,32.02,1008.12,62.45,18.922,72.8347,14.0,False,NORMAL
AWS-003,2026-08-29T17:45:00Z,24.04,833.31,50.83,32.219,76.3234,1457.0,False,NORMAL
AWS-004,2026-08-29T17:45:00Z,35.2,977.74,36.72,26.9124,70.9022,225.0,False,NORMAL
AWS-001,2026-08-29T18:00:00Z,30.53,981.88,55.23,28.6139,77.209,216.0,False,NORMAL
AWS-002,2026-08-29T18:00:00Z,32.0,1008.33,64.05,18.922,72.8347,14.0,False,NORMAL
AWS-003,2026-08-29T18:00:00Z,23.56,833.48,51.66,32.219,76.3234,1457.0,False,NORMAL
AWS-004,2026-08-29T18:00:00Z,34.77,977.53,37.33,26.9124,70.9022,225.0,False,NORMAL
AWS-001,2026-08-29T18:15:00Z,30.21,981.79,56.84,28.6139,77.209,216.0,False,NORMAL
AWS-002,2026-08-29T18:15:00Z,31.1,1008.12,63.09,18.922,72.8347,14.0,False,NORMAL
AWS-003,2026-08-29T18:15:00Z,23.35,833.08,51.17,32.219,76.3234,1457.0,False,NORMAL
AWS-004,2026-08-29T18:15:00Z,34.33,978.04,38.37,26.9124,70.9022,225.0,False,NORMAL
AWS-001,2026-08-29T18:30:00Z,29.65,982.26,57.04,28.6139,77.209,216.0,False,NORMAL
AWS-002,2026-08-29T18:30:00Z,31.16,1008.45,65.41,18.922,72.8347,14.0,False,NORMAL
AWS-003,2026-08-29T18:30:00Z,23.96,833.67,52.85,32.219,76.3234,1457.0,False,NORMAL
AWS-004,2026-08-29T18:30:00Z,34.08,977.93,39.87,26.9124,70.9022,225.0,False,NORMAL
AWS-001,2026-08-29T18:45:00Z,29.26,982.19,58.69,28.6139,77.209,216.0,False,NORMAL
AWS-002,2026-08-29T18:45:00Z,30.74,1008.91,67.71,18.922,72.8347,14.0,False,NORMAL
AWS-003,2026-08-29T18:45:00Z,22.7,833.56,54.13,32.219,76.3234,1457.0,False,NORMAL
AWS-004,2026-08-29T18:45:00Z,33.32,978.2,41.07,26.9124,70.9022,225.0,False,NORMAL
AWS-001,2026-08-29T19:00:00Z,29.01,982.33,61.05,28.6139,77.209,216.0,False,NORMAL
AWS-002,2026-08-29T19:00:00Z,30.86,1008.85,69.57,18.922,72.8347,14.0,False,NORMAL
AWS-003,2026-08-29T19:00:00Z,22.64,833.96,56.38,32.219,76.3234,1457.0,False,NORMAL
AWS-004,2026-08-29T19:00:00Z,33.09,978.29,42.64,26.9124,70.9022,225.0,False,NORMAL
AWS-001,2026-08-29T19:15:00Z,28.87,982.71,62.03,28.6139,77.209,216.0,False,NORMAL
AWS-002,2026-08-29T19:15:00Z,29.88,1009.07,69.52,18.922,72.8347,14.0,False,NORMAL
AWS-003,2026-08-29T19:15:00Z,21.79,833.86,56.75,32.219,76.3234,1457.0,False,NORMAL
AWS-004,2026-08-29T19:15:00Z,32.98,978.41,43.87,26.9124,70.9022,225.0,False,NORMAL
AWS-001,2026-08-29T19:30:00Z,28.97,982.6,63.02,28.6139,77.209,216.0,False,NORMAL
AWS-002,2026-08-29T19:30:00Z,29.6,1009.24,71.41,18.922,72.8347,14.0,False,NORMAL
AWS-003,2026-08-29T19:30:00Z,22.1,833.92,56.7,32.219,76.3234,1457.0,False,NORMAL
AWS-004,2026-08-29T19:30:00Z,32.92,978.8,44.63,26.9124,70.9022,225.0,False,NORMAL
AWS-001,2026-08-29T19:45:00Z,28.26,982.86,64.04,28.6139,77.209,216.0,False,NORMAL
AWS-002,2026-08-29T19:45:00Z,28.84,1009.22,72.45,18.922,72.8347,14.0,False,NORMAL
AWS-003,2026-08-29T19:45:00Z,21.04,834.13,58.17,32.219,76.3234,1457.0,False,NORMAL
AWS-004,2026-08-29T19:45:00Z,32.2,978.88,45.49,26.9124,70.9022,225.0,False,NORMAL
AWS-001,2026-08-29T20:00:00Z,27.85,982.89,64.92,28.6139,77.209,216.0,False,NORMAL
AWS-002,2026-08-29T20:00:00Z,29.25,1009.2,74.03,18.922,72.8347,14.0,False,NORMAL
AWS-003,2026-08-29T20:00:00Z,20.68,834.24,62.02,32.219,76.3234,1457.0,False,NORMAL
AWS-004,2026-08-29T20:00:00Z,31.67,979.09,47.52,26.9124,70.9022,225.0,False,NORMAL
AWS-001,2026-08-29T20:15:00Z,26.96,983.11,67.03,28.6139,77.209,216.0,False,NORMAL
AWS-002,2026-08-29T20:15:00Z,28.36,1009.53,73.98,18.922,72.8347,14.0,False,NORMAL
AWS-003,2026-08-29T20:15:00Z,21.16,834.23,60.94,32.219,76.3234,1457.0,False,NORMAL
AWS-004,2026-08-29T20:15:00Z,30.92,978.9,49.72,26.9124,70.9022,225.0,False,NORMAL
AWS-001,2026-08-29T20:30:00Z,26.64,983.29,68.27,28.6139,77.209,216.0,False,NORMAL
AWS-002,2026-08-29T20:30:00Z,28.12,1009.75,76.31,18.922,72.8347,14.0,False,NORMAL
AWS-003,2026-08-29T20:30:00Z,19.95,834.41,63.97,32.219,76.3234,1457.0,False,NORMAL
AWS-004,2026-08-29T20:30:00Z,31.35,979.2,50.95,26.9124,70.9022,225.0,False,NORMAL
AWS-001,2026-08-29T20:45:00Z,27.12,983.39,68.55,28.6139,77.209,216.0,False,NORMAL
AWS-002,2026-08-29T20:45:00Z,27.54,1009.86,77.18,18.922,72.8347,14.0,False,NORMAL
AWS-003,2026-08-29T20:45:00Z,20.58,834.74,65.94,32.219,76.3234,1457.0,False,NORMAL
AWS-004,2026-08-29T20:45:00Z,31.33,978.96,51.3,26.9124,70.9022,225.0,False,NORMAL
AWS-001,2026-08-29T21:00:00Z,26.19,983.35,70.62,28.6139,77.209,216.0,False,NORMAL
AWS-002,2026-08-29T21:00:00Z,27.16,1009.99,78.92,18.922,72.8347,14.0,False,NORMAL
AWS-003,2026-08-29T21:00:00Z,19.6,834.35,65.5,32.219,76.3234,1457.0,False,NORMAL
AWS-004,2026-08-29T21:00:00Z,29.54,979.53,52.08,26.9124,70.9022,225.0,False,NORMAL
AWS-001,2026-08-29T21:15:00Z,26.03,983.53,71.62,28.6139,77.209,216.0,False,NORMAL
AWS-002,2026-08-29T21:15:00Z,26.61,1009.98,80.3,18.922,72.8347,14.0,False,NORMAL
AWS-003,2026-08-29T21:15:00Z,18.83,834.66,67.62,32.219,76.3234,1457.0,False,NORMAL
AWS-004,2026-08-29T21:15:00Z,29.68,979.51,53.69,26.9124,70.9022,225.0,False,NORMAL
AWS-001,2026-08-29T21:30:00Z,25.26,983.71,73.99,28.6139,77.209,216.0,False,NORMAL
AWS-002,2026-08-29T21:30:00Z,26.44,1010.25,80.52,18.922,72.8347,14.0,False,NORMAL
AWS-003,2026-08-29T21:30:00Z,18.41,834.46,69.34,32.219,76.3234,1457.0,False,NORMAL
AWS-004,2026-08-29T21:30:00Z,29.18,979.43,54.71,26.9124,70.9022,225.0,False,NORMAL
AWS-001,2026-08-29T21:45:00Z,24.82,983.53,74.39,28.6139,77.209,216.0,False,NORMAL
AWS-002,2026-08-29T21:45:00Z,26.52,1010.13,82.23,18.922,72.8347,14.0,False,NORMAL
AWS-003,2026-08-29T21:45:00Z,18.79,834.52,69.55,32.219,76.3234,1457.0,False,NORMAL
AWS-004,2026-08-29T21:45:00Z,28.28,979.64,58.09,26.9124,70.9022,225.0,False,NORMAL
AWS-001,2026-08-29T22:00:00Z,24.45,983.75,75.56,28.6139,77.209,216.0,False,NORMAL
AWS-002,2026-08-29T22:00:00Z,25.67,1010.08,83.62,18.922,72.8347,14.0,False,NORMAL
AWS-003,2026-08-29T22:00:00Z,17.86,834.95,70.58,32.219,76.3234,1457.0,False,NORMAL
AWS-004,2026-08-29T22:00:00Z,28.48,979.48,56.29,26.9124,70.9022,225.0,False,NORMAL
AWS-001,2026-08-29T22:15:00Z,23.83,983.56,76.52,28.6139,77.209,216.0,False,NORMAL
AWS-002,2026-08-29T22:15:00Z,25.27,1009.92,84.85,18.922,72.8347,14.0,False,NORMAL
AWS-003,2026-08-29T22:15:00Z,17.85,834.83,72.44,32.219,76.3234,1457.0,False,NORMAL
AWS-004,2026-08-29T22:15:00Z,28.01,979.56,59.06,26.9124,70.9022,225.0,False,NORMAL
AWS-001,2026-08-29T22:30:00Z,23.65,983.75,77.2,28.6139,77.209,216.0,False,NORMAL
AWS-002,2026-08-29T22:30:00Z,24.48,1010.02,84.63,18.922,72.8347,14.0,False,NORMAL
AWS-003,2026-08-29T22:30:00Z,17.37,835.21,72.84,32.219,76.3234,1457.0,False,NORMAL
AWS-004,2026-08-29T22:30:00Z,27.87,979.72,59.55,26.9124,70.9022,225.0,False,NORMAL
AWS-001,2026-08-29T22:45:00Z,23.47,983.56,78.61,28.6139,77.209,216.0,False,NORMAL
AWS-002,2026-08-29T22:45:00Z,24.25,1009.86,86.32,18.922,72.8347,14.0,False,NORMAL
AWS-003,2026-08-29T22:45:00Z,17.79,834.85,73.61,32.219,76.3234,1457.0,False,NORMAL
AWS-004,2026-08-29T22:45:00Z,27.44,979.43,60.71,26.9124,70.9022,225.0,False,NORMAL
AWS-001,2026-08-29T23:00:00Z,23.62,983.56,80.06,28.6139,77.209,216.0,False,NORMAL
AWS-002,2026-08-29T23:00:00Z,24.85,1009.72,87.09,18.922,72.8347,14.0,False,NORMAL
AWS-003,2026-08-29T23:00:00Z,16.82,834.43,75.02,32.219,76.3234,1457.0,False,NORMAL
AWS-004,2026-08-29T23:00:00Z,27.62,979.09,61.02,26.9124,70.9022,225.0,False,NORMAL
AWS-001,2026-08-29T23:15:00Z,23.22,983.1,79.79,28.6139,77.209,216.0,False,NORMAL
AWS-002,2026-08-29T23:15:00Z,24.39,1009.84,88.92,18.922,72.8347,14.0,False,NORMAL
AWS-003,2026-08-29T23:15:00Z,16.73,834.5,76.03,32.219,76.3234,1457.0,False,NORMAL
AWS-004,2026-08-29T23:15:00Z,27.36,979.82,62.68,26.9124,70.9022,225.0,False,NORMAL
AWS-001,2026-08-29T23:30:00Z,23.02,983.39,81.68,28.6139,77.209,216.0,False,NORMAL
AWS-002,2026-08-29T23:30:00Z,24.54,1009.75,89.58,18.922,72.8347,14.0,False,NORMAL
AWS-003,2026-08-29T23:30:00Z,16.32,834.59,77.39,32.219,76.3234,1457.0,False,NORMAL
AWS-004,2026-08-29T23:30:00Z,26.78,979.44,63.34,26.9124,70.9022,225.0,False,NORMAL
AWS-001,2026-08-29T23:45:00Z,22.94,983.18,81.41,28.6139,77.209,216.0,False,NORMAL
AWS-002,2026-08-29T23:45:00Z,23.57,1009.24,89.74,18.922,72.8347,14.0,False,NORMAL
AWS-003,2026-08-29T23:45:00Z,15.67,834.57,77.55,32.219,76.3234,1457.0,False,NORMAL
AWS-004,2026-08-29T23:45:00Z,26.12,979.05,63.69,26.9124,70.9022,225.0,False,NORMAL
AWS-001,2026-08-30T00:00:00Z,22.71,982.86,82.5,28.6139,77.209,216.0,False,NORMAL
AWS-002,2026-08-30T00:00:00Z,22.95,1009.26,91.67,18.922,72.8347,14.0,False,NORMAL
AWS-003,2026-08-30T00:00:00Z,16.27,833.87,77.71,32.219,76.3234,1457.0,False,NORMAL
AWS-004,2026-08-30T00:00:00Z,26.98,978.87,64.48,26.9124,70.9022,225.0,False,NORMAL
AWS-001,2026-08-30T00:15:00Z,22.42,982.88,83.66,28.6139,77.209,216.0,False,NORMAL
AWS-002,2026-08-30T00:15:00Z,23.48,1009.28,91.62,18.922,72.8347,14.0,False,NORMAL
AWS-003,2026-08-30T00:15:00Z,15.79,834.23,77.98,32.219,76.3234,1457.0,False,NORMAL
AWS-004,2026-08-30T00:15:00Z,26.67,978.93,64.0,26.9124,70.9022,225.0,False,NORMAL
AWS-001,2026-08-30T00:30:00Z,21.65,982.75,84.07,28.6139,77.209,216.0,False,NORMAL
AWS-002,2026-08-30T00:30:00Z,23.59,1009.34,92.27,18.922,72.8347,14.0,False,NORMAL
AWS-003,2026-08-30T00:30:00Z,16.42,833.94,79.5,32.219,76.3234,1457.0,False,NORMAL
AWS-004,2026-08-30T00:30:00Z,26.35,978.53,65.85,26.9124,70.9022,225.0,False,NORMAL
AWS-001,2026-08-30T00:45:00Z,21.67,982.72,84.18,28.6139,77.209,216.0,False,NORMAL
AWS-002,2026-08-30T00:45:00Z,23.4,1009.23,92.8,18.922,72.8347,14.0,False,NORMAL
AWS-003,2026-08-30T00:45:00Z,16.05,833.93,79.54,32.219,76.3234,1457.0,False,NORMAL
AWS-004,2026-08-30T00:45:00Z,26.26,978.62,67.24,26.9124,70.9022,225.0,False,NORMAL
AWS-001,2026-08-30T01:00:00Z,22.17,982.48,85.07,28.6139,77.209,216.0,False,NORMAL
AWS-002,2026-08-30T01:00:00Z,22.87,1008.89,92.89,18.922,72.8347,14.0,False,NORMAL
AWS-003,2026-08-30T01:00:00Z,15.95,833.19,78.41,32.219,76.3234,1457.0,False,NORMAL
AWS-004,2026-08-30T01:00:00Z,26.44,978.4,66.74,26.9124,70.9022,225.0,False,NORMAL
AWS-001,2026-08-30T01:15:00Z,21.43,982.26,85.16,28.6139,77.209,216.0,False,NORMAL
AWS-002,2026-08-30T01:15:00Z,23.21,1008.81,92.98,18.922,72.8347,14.0,False,NORMAL
AWS-003,2026-08-30T01:15:00Z,15.41,833.62,78.88,32.219,76.3234,1457.0,False,NORMAL
AWS-004,2026-08-30T01:15:00Z,26.22,978.2,67.35,26.9124,70.9022,225.0,False,NORMAL
AWS-001,2026-08-30T01:30:00Z,21.95,982.09,85.89,28.6139,77.209,216.0,False,NORMAL
AWS-002,2026-08-30T01:30:00Z,22.97,1008.47,93.07,18.922,72.8347,14.0,False,NORMAL
AWS-003,2026-08-30T01:30:00Z,15.7,833.4,81.58,32.219,76.3234,1457.0,False,NORMAL
AWS-004,2026-08-30T01:30:00Z,25.66,978.17,67.02,26.9124,70.9022,225.0,False,NORMAL
AWS-001,2026-08-30T01:45:00Z,21.83,982.05,85.94,28.6139,77.209,216.0,False,NORMAL
AWS-002,2026-08-30T01:45:00Z,23.19,1008.36,94.12,18.922,72.8347,14.0,False,NORMAL
AWS-003,2026-08-30T01:45:00Z,14.88,833.62,79.6,32.219,76.3234,1457.0,False,NORMAL
AWS-004,2026-08-30T01:45:00Z,25.33,977.95,67.72,26.9124,70.9022,225.0,False,NORMAL
AWS-001,2026-08-30T02:00:00Z,21.84,982.0,85.08,28.6139,77.209,216.0,False,NORMAL
AWS-002,2026-08-30T02:00:00Z,23.33,1008.52,92.85,18.922,72.8347,14.0,False,NORMAL
AWS-003,2026-08-30T02:00:00Z,14.9,833.04,79.78,32.219,76.3234,1457.0,False,NORMAL
AWS-004,2026-08-30T02:00:00Z,25.64,977.69,67.44,26.9124,70.9022,225.0,False,NORMAL
AWS-001,2026-08-30T02:15:00Z,22.15,981.49,85.38,28.6139,77.209,216.0,False,NORMAL
AWS-002,2026-08-30T02:15:00Z,22.53,1007.92,94.04,18.922,72.8347,14.0,False,NORMAL
AWS-003,2026-08-30T02:15:00Z,16.18,833.29,80.5,32.219,76.3234,1457.0,False,NORMAL
AWS-004,2026-08-30T02:15:00Z,24.98,977.65,67.39,26.9124,70.9022,225.0,False,NORMAL
AWS-001,2026-08-30T02:30:00Z,21.43,981.58,84.93,28.6139,77.209,216.0,False,NORMAL
AWS-002,2026-08-30T02:30:00Z,24.01,1008.08,93.57,18.922,72.8347,14.0,False,NORMAL
AWS-003,2026-08-30T02:30:00Z,15.61,832.92,80.95,32.219,76.3234,1457.0,False,NORMAL
AWS-004,2026-08-30T02:30:00Z,25.19,977.34,66.62,26.9124,70.9022,225.0,False,NORMAL
AWS-001,2026-08-30T02:45:00Z,21.65,981.48,84.91,28.6139,77.209,216.0,False,NORMAL
AWS-002,2026-08-30T02:45:00Z,23.15,1007.97,92.14,18.922,72.8347,14.0,False,NORMAL
AWS-003,2026-08-30T02:45:00Z,15.7,833.01,79.6,32.219,76.3234,1457.0,False,NORMAL
AWS-004,2026-08-30T02:45:00Z,26.23,977.35,67.82,26.9124,70.9022,225.0,False,NORMAL
AWS-001,2026-08-30T03:00:00Z,22.41,981.29,84.76,28.6139,77.209,216.0,False,NORMAL
AWS-002,2026-08-30T03:00:00Z,23.74,1007.73,93.15,18.922,72.8347,14.0,False,NORMAL
AWS-003,2026-08-30T03:00:00Z,14.69,832.67,79.02,32.219,76.3234,1457.0,False,NORMAL
AWS-004,2026-08-30T03:00:00Z,26.1,977.35,66.57,26.9124,70.9022,225.0,False,NORMAL
AWS-001,2026-08-30T03:15:00Z,21.59,981.29,84.98,28.6139,77.209,216.0,False,NORMAL
AWS-002,2026-08-30T03:15:00Z,23.08,1007.58,91.44,18.922,72.8347,14.0,False,NORMAL
AWS-003,2026-08-30T03:15:00Z,15.71,832.26,80.61,32.219,76.3234,1457.0,False,NORMAL
AWS-004,2026-08-30T03:15:00Z,26.48,977.05,65.93,26.9124,70.9022,225.0,False,NORMAL
AWS-001,2026-08-30T03:30:00Z,22.03,981.27,84.19,28.6139,77.209,216.0,False,NORMAL
AWS-002,2026-08-30T03:30:00Z,23.68,1007.6,91.66,18.922,72.8347,14.0,False,NORMAL
AWS-003,2026-08-30T03:30:00Z,15.92,832.31,79.13,32.219,76.3234,1457.0,False,NORMAL
AWS-004,2026-08-30T03:30:00Z,27.04,977.17,66.07,26.9124,70.9022,225.0,False,NORMAL
AWS-001,2026-08-30T03:45:00Z,22.66,981.34,83.92,28.6139,77.209,216.0,False,NORMAL
AWS-002,2026-08-30T03:45:00Z,23.0,1007.85,90.39,18.922,72.8347,14.0,False,NORMAL
AWS-003,2026-08-30T03:45:00Z,15.75,833.11,79.38,32.219,76.3234,1457.0,False,NORMAL
AWS-004,2026-08-30T03:45:00Z,26.75,977.48,65.19,26.9124,70.9022,225.0,False,NORMAL
AWS-001,2026-08-30T04:00:00Z,22.82,981.25,82.68,28.6139,77.209,216.0,False,NORMAL
AWS-002,2026-08-30T04:00:00Z,23.47,1007.46,90.81,18.922,72.8347,14.0,False,NORMAL
AWS-003,2026-08-30T04:00:00Z,17.04,832.69,78.42,32.219,76.3234,1457.0,False,NORMAL
AWS-004,2026-08-30T04:00:00Z,26.54,977.25,65.05,26.9124,70.9022,225.0,False,NORMAL
AWS-001,2026-08-30T04:15:00Z,22.88,981.23,82.04,28.6139,77.209,216.0,False,NORMAL
AWS-002,2026-08-30T04:15:00Z,24.39,1007.31,90.95,18.922,72.8347,14.0,False,NORMAL
AWS-003,2026-08-30T04:15:00Z,15.61,832.4,77.81,32.219,76.3234,1457.0,False,NORMAL
AWS-004,2026-08-30T04:15:00Z,26.8,977.43,64.42,26.9124,70.9022,225.0,False,NORMAL
AWS-001,2026-08-30T04:30:00Z,22.41,981.41,81.42,28.6139,77.209,216.0,False,NORMAL
AWS-002,2026-08-30T04:30:00Z,23.8,1007.85,88.52,18.922,72.8347,14.0,False,NORMAL
AWS-003,2026-08-30T04:30:00Z,16.79,832.82,76.91,32.219,76.3234,1457.0,False,NORMAL
AWS-004,2026-08-30T04:30:00Z,26.72,977.21,62.84,26.9124,70.9022,225.0,False,NORMAL
AWS-001,2026-08-30T04:45:00Z,23.66,981.23,79.77,28.6139,77.209,216.0,False,NORMAL
AWS-002,2026-08-30T04:45:00Z,24.79,1007.64,87.61,18.922,72.8347,14.0,False,NORMAL
AWS-003,2026-08-30T04:45:00Z,16.48,832.81,76.2,32.219,76.3234,1457.0,False,NORMAL
AWS-004,2026-08-30T04:45:00Z,27.56,977.48,62.15,26.9124,70.9022,225.0,False,NORMAL
AWS-001,2026-08-30T05:00:00Z,23.0,981.33,79.33,28.6139,77.209,216.0,False,NORMAL
AWS-002,2026-08-30T05:00:00Z,24.52,1007.38,88.05,18.922,72.8347,14.0,False,NORMAL
AWS-003,2026-08-30T05:00:00Z,17.52,832.71,75.2,32.219,76.3234,1457.0,False,NORMAL
AWS-004,2026-08-30T05:00:00Z,26.86,977.22,61.53,26.9124,70.9022,225.0,False,NORMAL
AWS-001,2026-08-30T05:15:00Z,23.4,981.54,77.99,28.6139,77.209,216.0,False,NORMAL
AWS-002,2026-08-30T05:15:00Z,25.23,1007.99,86.84,18.922,72.8347,14.0,False,NORMAL
AWS-003,2026-08-30T05:15:00Z,16.86,832.91,73.02,32.219,76.3234,1457.0,False,NORMAL
AWS-004,2026-08-30T05:15:00Z,27.3,977.62,59.99,26.9124,70.9022,225.0,False,NORMAL
AWS-001,2026-08-30T05:30:00Z,23.69,981.73,78.36,28.6139,77.209,216.0,False,NORMAL
AWS-002,2026-08-30T05:30:00Z,24.97,1007.96,85.72,18.922,72.8347,14.0,False,NORMAL
AWS-003,2026-08-30T05:30:00Z,17.28,832.99,71.44,32.219,76.3234,1457.0,False,NORMAL
AWS-004,2026-08-30T05:30:00Z,28.21,977.96,60.41,26.9124,70.9022,225.0,False,NORMAL
AWS-001,2026-08-30T05:45:00Z,24.3,981.57,77.17,28.6139,77.209,216.0,False,NORMAL
AWS-002,2026-08-30T05:45:00Z,24.69,1008.06,83.97,18.922,72.8347,14.0,False,NORMAL
AWS-003,2026-08-30T05:45:00Z,18.68,833.19,71.26,32.219,76.3234,1457.0,False,NORMAL
AWS-004,2026-08-30T05:45:00Z,28.58,977.52,58.04,26.9124,70.9022,225.0,False,NORMAL
AWS-001,2026-08-30T06:00:00Z,24.75,982.12,75.06,28.6139,77.209,216.0,False,NORMAL
AWS-002,2026-08-30T06:00:00Z,25.93,1008.3,83.72,18.922,72.8347,14.0,False,NORMAL
AWS-003,2026-08-30T06:00:00Z,18.53,833.23,70.61,32.219,76.3234,1457.0,False,NORMAL
AWS-004,2026-08-30T06:00:00Z,28.27,977.76,57.68,26.9124,70.9022,225.0,False,NORMAL
AWS-001,2026-08-30T06:15:00Z,25.39,981.96,74.17,28.6139,77.209,216.0,False,NORMAL
AWS-002,2026-08-30T06:15:00Z,26.02,1008.54,81.69,18.922,72.8347,14.0,False,NORMAL
AWS-003,2026-08-30T06:15:00Z,18.51,833.14,70.62,32.219,76.3234,1457.0,False,NORMAL
AWS-004,2026-08-30T06:15:00Z,29.64,978.04,54.81,26.9124,70.9022,225.0,False,NORMAL
AWS-001,2026-08-30T06:30:00Z,26.12,982.17,73.11,28.6139,77.209,216.0,False,NORMAL
AWS-002,2026-08-30T06:30:00Z,26.91,1008.52,81.27,18.922,72.8347,14.0,False,NORMAL
AWS-003,2026-08-30T06:30:00Z,19.86,833.25,67.71,32.219,76.3234,1457.0,False,NORMAL
AWS-004,2026-08-30T06:30:00Z,29.14,978.24,55.73,26.9124,70.9022,225.0,False,NORMAL
AWS-001,2026-08-30T06:45:00Z,25.41,982.34,71.82,28.6139,77.209,216.0,False,NORMAL
AWS-002,2026-08-30T06:45:00Z,27.01,1008.55,79.6,18.922,72.8347,14.0,False,NORMAL
AWS-003,2026-08-30T06:45:00Z,19.62,833.36,66.87,32.219,76.3234,1457.0,False,NORMAL
AWS-004,2026-08-30T06:45:00Z,30.11,978.24,54.26,26.9124,70.9022,225.0,False,NORMAL
AWS-001,2026-08-30T07:00:00Z,26.58,982.68,70.77,28.6139,77.209,216.0,False,NORMAL
AWS-002,2026-08-30T07:00:00Z,28.1,1008.72,78.5,18.922,72.8347,14.0,False,NORMAL
AWS-003,2026-08-30T07:00:00Z,19.87,833.5,65.81,32.219,76.3234,1457.0,False,NORMAL
AWS-004,2026-08-30T07:00:00Z,30.4,978.56,51.98,26.9124,70.9022,225.0,False,NORMAL
AWS-001,2026-08-30T07:15:00Z,26.88,982.89,69.15,28.6139,77.209,216.0,False,NORMAL
AWS-002,2026-08-30T07:15:00Z,27.74,1009.01,76.6,18.922,72.8347,14.0,False,NORMAL
AWS-003,2026-08-30T07:15:00Z,20.18,833.5,63.98,32.219,76.3234,1457.0,False,NORMAL
AWS-004,2026-08-30T07:15:00Z,30.08,978.65,51.28,26.9124,70.9022,225.0,False,NORMAL
AWS-001,2026-08-30T07:30:00Z,26.16,982.82,68.02,28.6139,77.209,216.0,False,NORMAL
AWS-002,2026-08-30T07:30:00Z,28.51,1008.95,76.44,18.922,72.8347,14.0,False,NORMAL
AWS-003,2026-08-30T07:30:00Z,19.55,833.82,61.78,32.219,76.3234,1457.0,False,NORMAL
AWS-004,2026-08-30T07:30:00Z,31.26,978.9,48.9,26.9124,70.9022,225.0,False,NORMAL
AWS-001,2026-08-30T07:45:00Z,27.93,982.8,67.14,28.6139,77.209,216.0,False,NORMAL
AWS-002,2026-08-30T07:45:00Z,28.36,1009.44,75.29,18.922,72.8347,14.0,False,NORMAL
AWS-003,2026-08-30T07:45:00Z,20.82,833.86,61.93,32.219,76.3234,1457.0,False,NORMAL
AWS-004,2026-08-30T07:45:00Z,31.34,978.79,48.63,26.9124,70.9022,225.0,False,NORMAL
AWS-001,2026-08-30T08:00:00Z,28.18,982.92,65.61,28.6139,77.209,216.0,False,NORMAL
AWS-002,2026-08-30T08:00:00Z,28.87,1009.72,73.58,18.922,72.8347,14.0,False,NORMAL
AWS-003,2026-08-30T08:00:00Z,21.24,834.09,60.06,32.219,76.3234,1457.0,False,NORMAL
AWS-004,2026-08-30T08:00:00Z,31.78,978.97,47.72,26.9124,70.9022,225.0,False,NORMAL
AWS-001,2026-08-30T08:15:00Z,28.14,982.89,63.67,28.6139,77.209,216.0,False,NORMAL
AWS-002,2026-08-30T08:15:00Z,28.66,1009.47,71.67,18.922,72.8347,14.0,False,NORMAL
AWS-003,2026-08-30T08:15:00Z,20.93,834.47,60.08,32.219,76.3234,1457.0,False,NORMAL
AWS-004,2026-08-30T08:15:00Z,32.13,979.25,45.75,26.9124,70.9022,225.0,False,NORMAL
AWS-001,2026-08-30T08:30:00Z,28.45,983.39,62.52,28.6139,77.209,216.0,False,NORMAL
AWS-002,2026-08-30T08:30:00Z,30.19,1009.72,70.37,18.922,72.8347,14.0,False,NORMAL
AWS-003,2026-08-30T08:30:00Z,22.23,834.27,57.64,32.219,76.3234,1457.0,False,NORMAL
AWS-004,2026-08-30T08:30:00Z,32.52,979.4,44.25,26.9124,70.9022,225.0,False,NORMAL
AWS-001,2026-08-30T08:45:00Z,29.48,983.24,61.27,28.6139,77.209,216.0,False,NORMAL
AWS-002,2026-08-30T08:45:00Z,30.69,1010.04,68.49,18.922,72.8347,14.0,False,NORMAL
AWS-003,2026-08-30T08:45:00Z,23.12,834.34,55.66,32.219,76.3234,1457.0,False,NORMAL
AWS-004,2026-08-30T08:45:00Z,32.49,979.29,43.2,26.9124,70.9022,225.0,False,NORMAL
AWS-001,2026-08-30T09:00:00Z,29.89,983.43,59.45,28.6139,77.209,216.0,False,NORMAL
AWS-002,2026-08-30T09:00:00Z,30.66,1009.78,69.06,18.922,72.8347,14.0,False,NORMAL
AWS-003,2026-08-30T09:00:00Z,22.86,834.43,55.8,32.219,76.3234,1457.0,False,NORMAL
AWS-004,2026-08-30T09:00:00Z,32.4,979.35,42.93,26.9124,70.9022,225.0,False,NORMAL
AWS-001,2026-08-30T09:15:00Z,29.97,983.58,59.02,28.6139,77.209,216.0,False,NORMAL
AWS-002,2026-08-30T09:15:00Z,31.1,1009.96,67.1,18.922,72.8347,14.0,False,NORMAL
AWS-003,2026-08-30T09:15:00Z,23.43,834.67,53.05,32.219,76.3234,1457.0,False,NORMAL
AWS-004,2026-08-30T09:15:00Z,33.47,979.58,40.38,26.9124,70.9022,225.0,False,NORMAL
AWS-001,2026-08-30T09:30:00Z,30.01,983.53,57.77,28.6139,77.209,216.0,False,NORMAL
AWS-002,2026-08-30T09:30:00Z,31.68,1010.14,65.91,18.922,72.8347,14.0,False,NORMAL
AWS-003,2026-08-30T09:30:00Z,23.89,834.72,53.9,32.219,76.3234,1457.0,False,NORMAL
AWS-004,2026-08-30T09:30:00Z,34.34,979.54,38.55,26.9124,70.9022,225.0,False,NORMAL
AWS-001,2026-08-30T09:45:00Z,30.58,983.79,56.4,28.6139,77.209,216.0,False,NORMAL
AWS-002,2026-08-30T09:45:00Z,31.44,1009.87,64.3,18.922,72.8347,14.0,False,NORMAL
AWS-003,2026-08-30T09:45:00Z,23.48,834.53,51.14,32.219,76.3234,1457.0,False,NORMAL
AWS-004,2026-08-30T09:45:00Z,35.05,979.43,38.2,26.9124,70.9022,225.0,False,NORMAL
AWS-001,2026-08-30T10:00:00Z,30.85,983.38,55.33,28.6139,77.209,216.0,False,NORMAL
AWS-002,2026-08-30T10:00:00Z,31.81,1009.9,62.86,18.922,72.8347,14.0,False,NORMAL
AWS-003,2026-08-30T10:00:00Z,24.77,834.53,48.79,32.219,76.3234,1457.0,False,NORMAL
AWS-004,2026-08-30T10:00:00Z,34.09,979.7,36.97,26.9124,70.9022,225.0,False,NORMAL
AWS-001,2026-08-30T10:15:00Z,31.15,983.58,54.24,28.6139,77.209,216.0,False,NORMAL
AWS-002,2026-08-30T10:15:00Z,32.5,1009.89,60.71,18.922,72.8347,14.0,False,NORMAL
AWS-003,2026-08-30T10:15:00Z,24.56,834.65,49.15,32.219,76.3234,1457.0,False,NORMAL
AWS-004,2026-08-30T10:15:00Z,35.14,979.45,36.07,26.9124,70.9022,225.0,False,NORMAL
AWS-001,2026-08-30T10:30:00Z,31.27,983.6,53.17,28.6139,77.209,216.0,False,NORMAL
AWS-002,2026-08-30T10:30:00Z,32.22,1010.17,61.68,18.922,72.8347,14.0,False,NORMAL
AWS-003,2026-08-30T10:30:00Z,24.74,834.61,48.02,32.219,76.3234,1457.0,False,NORMAL
AWS-004,2026-08-30T10:30:00Z,35.37,979.91,34.06,26.9124,70.9022,225.0,False,NORMAL
AWS-001,2026-08-30T10:45:00Z,31.51,983.56,51.87,28.6139,77.209,216.0,False,NORMAL
AWS-002,2026-08-30T10:45:00Z,32.54,1009.95,59.79,18.922,72.8347,14.0,False,NORMAL
AWS-003,2026-08-30T10:45:00Z,24.95,834.21,47.09,32.219,76.3234,1457.0,False,NORMAL
AWS-004,2026-08-30T10:45:00Z,35.65,979.4,33.24,26.9124,70.9022,225.0,False,NORMAL
AWS-001,2026-08-30T11:00:00Z,31.78,983.43,51.04,28.6139,77.209,216.0,False,NORMAL
AWS-002,2026-08-30T11:00:00Z,33.2,1009.6,58.98,18.922,72.8347,14.0,False,NORMAL
AWS-003,2026-08-30T11:00:00Z,24.77,835.2,46.68,32.219,76.3234,1457.0,False,NORMAL
AWS-004,2026-08-30T11:00:00Z,35.88,979.47,33.11,26.9124,70.9022,225.0,False,NORMAL
AWS-001,2026-08-30T11:15:00Z,32.53,983.54,49.9,28.6139,77.209,216.0,False,NORMAL
AWS-002,2026-08-30T11:15:00Z,33.31,1009.59,58.28,18.922,72.8347,14.0,False,NORMAL
AWS-003,2026-08-30T11:15:00Z,25.5,834.66,44.76,32.219,76.3234,1457.0,False,NORMAL
AWS-004,2026-08-30T11:15:00Z,35.46,979.37,33.1,26.9124,70.9022,225.0,False,NORMAL
AWS-001,2026-08-30T11:30:00Z,32.77,983.43,49.58,28.6139,77.209,216.0,False,NORMAL
AWS-002,2026-08-30T11:30:00Z,34.04,1009.71,57.2,18.922,72.8347,14.0,False,NORMAL
AWS-003,2026-08-30T11:30:00Z,25.78,834.36,44.54,32.219,76.3234,1457.0,False,NORMAL
AWS-004,2026-08-30T11:30:00Z,36.51,979.16,31.26,26.9124,70.9022,225.0,False,NORMAL
AWS-001,2026-08-30T11:45:00Z,32.65,983.14,49.55,28.6139,77.209,216.0,False,NORMAL
AWS-002,2026-08-30T11:45:00Z,34.44,1009.62,57.22,18.922,72.8347,14.0,False,NORMAL
AWS-003,2026-08-30T11:45:00Z,26.37,834.06,44.53,32.219,76.3234,1457.0,False,NORMAL
AWS-004,2026-08-30T11:45:00Z,36.79,979.17,30.37,26.9124,70.9022,225.0,False,NORMAL
AWS-001,2026-08-30T12:00:00Z,33.07,982.89,47.92,28.6139,77.209,216.0,False,NORMAL
AWS-002,2026-08-30T12:00:00Z,34.31,1009.21,55.55,18.922,72.8347,14.0,False,NORMAL
AWS-003,2026-08-30T12:00:00Z,27.07,834.06,43.1,32.219,76.3234,1457.0,False,NORMAL
AWS-004,2026-08-30T12:00:00Z,37.6,979.14,30.12,26.9124,70.9022,225.0,False,NORMAL
AWS-001,2026-08-30T12:15:00Z,32.94,983.01,47.3,28.6139,77.209,216.0,False,NORMAL
AWS-002,2026-08-30T12:15:00Z,34.44,1009.23,54.89,18.922,72.8347,14.0,False,NORMAL
AWS-003,2026-08-30T12:15:00Z,27.01,834.25,41.96,32.219,76.3234,1457.0,False,NORMAL
AWS-004,2026-08-30T12:15:00Z,36.93,978.95,30.14,26.9124,70.9022,225.0,False,NORMAL
AWS-001,2026-08-30T12:30:00Z,33.59,982.73,46.81,28.6139,77.209,216.0,False,NORMAL
AWS-002,2026-08-30T12:30:00Z,35.16,1009.21,54.89,18.922,72.8347,14.0,False,NORMAL
AWS-003,2026-08-30T12:30:00Z,27.35,834.19,42.37,32.219,76.3234,1457.0,False,NORMAL
AWS-004,2026-08-30T12:30:00Z,36.98,978.82,28.07,26.9124,70.9022,225.0,False,NORMAL
AWS-001,2026-08-30T12:45:00Z,33.51,982.62,46.65,28.6139,77.209,216.0,False,NORMAL
AWS-002,2026-08-30T12:45:00Z,35.08,1009.32,53.43,18.922,72.8347,14.0,False,NORMAL
AWS-003,2026-08-30T12:45:00Z,26.63,833.5,41.53,32.219,76.3234,1457.0,False,NORMAL
AWS-004,2026-08-30T12:45:00Z,37.36,978.56,26.96,26.9124,70.9022,225.0,False,NORMAL
AWS-001,2026-08-30T13:00:00Z,33.76,982.44,46.19,28.6139,77.209,216.0,False,NORMAL
AWS-002,2026-08-30T13:00:00Z,34.79,1008.83,52.62,18.922,72.8347,14.0,False,NORMAL
AWS-003,2026-08-30T13:00:00Z,27.43,833.66,41.07,32.219,76.3234,1457.0,False,NORMAL
AWS-004,2026-08-30T13:00:00Z,37.43,978.57,27.16,26.9124,70.9022,225.0,False,NORMAL
AWS-001,2026-08-30T13:15:00Z,33.76,982.36,46.53,28.6139,77.209,216.0,False,NORMAL
AWS-002,2026-08-30T13:15:00Z,35.56,1008.53,53.65,18.922,72.8347,14.0,False,NORMAL
AWS-003,2026-08-30T13:15:00Z,26.6,833.69,40.63,32.219,76.3234,1457.0,False,NORMAL
AWS-004,2026-08-30T13:15:00Z,37.9,978.19,29.01,26.9124,70.9022,225.0,False,NORMAL
AWS-001,2026-08-30T13:30:00Z,33.87,982.21,45.42,28.6139,77.209,216.0,False,NORMAL
AWS-002,2026-08-30T13:30:00Z,34.75,1008.62,52.42,18.922,72.8347,14.0,False,NORMAL
AWS-003,2026-08-30T13:30:00Z,28.3,833.11,40.34,32.219,76.3234,1457.0,False,NORMAL
AWS-004,2026-08-30T13:30:00Z,38.08,978.19,27.77,26.9124,70.9022,225.0,False,NORMAL
AWS-001,2026-08-30T13:45:00Z,33.75,982.12,44.68,28.6139,77.209,216.0,False,NORMAL
AWS-002,2026-08-30T13:45:00Z,34.61,1008.29,53.28,18.922,72.8347,14.0,False,NORMAL
AWS-003,2026-08-30T13:45:00Z,27.55,832.9,41.32,32.219,76.3234,1457.0,False,NORMAL
AWS-004,2026-08-30T13:45:00Z,38.31,977.96,27.24,26.9124,70.9022,225.0,False,NORMAL
AWS-001,2026-08-30T14:00:00Z,34.27,981.85,44.98,28.6139,77.209,216.0,False,NORMAL
AWS-002,2026-08-30T14:00:00Z,33.98,1008.08,52.92,18.922,72.8347,14.0,False,NORMAL
AWS-003,2026-08-30T14:00:00Z,27.58,833.2,40.67,32.219,76.3234,1457.0,False,NORMAL
AWS-004,2026-08-30T14:00:00Z,37.77,977.8,27.46,26.9124,70.9022,225.0,False,NORMAL
AWS-001,2026-08-30T14:15:00Z,33.88,981.72,44.49,28.6139,77.209,216.0,False,NORMAL
AWS-002,2026-08-30T14:15:00Z,34.84,1008.24,54.04,18.922,72.8347,14.0,False,NORMAL
AWS-003,2026-08-30T14:15:00Z,27.15,832.75,40.56,32.219,76.3234,1457.0,False,NORMAL
AWS-004,2026-08-30T14:15:00Z,37.67,977.49,26.95,26.9124,70.9022,225.0,False,NORMAL
AWS-001,2026-08-30T14:30:00Z,33.73,981.73,45.24,28.6139,77.209,216.0,False,NORMAL
AWS-002,2026-08-30T14:30:00Z,35.37,1008.11,53.29,18.922,72.8347,14.0,False,NORMAL
AWS-003,2026-08-30T14:30:00Z,27.0,832.58,40.17,32.219,76.3234,1457.0,False,NORMAL
AWS-004,2026-08-30T14:30:00Z,37.24,977.75,26.87,26.9124,70.9022,225.0,False,NORMAL
AWS-001,2026-08-30T14:45:00Z,33.77,981.63,46.0,28.6139,77.209,216.0,False,NORMAL
AWS-002,2026-08-30T14:45:00Z,35.09,1008.11,53.35,18.922,72.8347,14.0,False,NORMAL
AWS-003,2026-08-30T14:45:00Z,26.43,832.73,40.83,32.219,76.3234,1457.0,False,NORMAL
AWS-004,2026-08-30T14:45:00Z,36.74,977.43,28.36,26.9124,70.9022,225.0,False,NORMAL
AWS-001,2026-08-30T15:00:00Z,33.57,981.25,45.79,28.6139,77.209,216.0,False,NORMAL
AWS-002,2026-08-30T15:00:00Z,34.39,1007.82,54.3,18.922,72.8347,14.0,False,NORMAL
AWS-003,2026-08-30T15:00:00Z,27.35,832.97,40.47,32.219,76.3234,1457.0,False,NORMAL
AWS-004,2026-08-30T15:00:00Z,37.94,977.52,27.98,26.9124,70.9022,225.0,False,NORMAL
AWS-001,2026-08-30T15:15:00Z,33.32,981.48,46.13,28.6139,77.209,216.0,False,NORMAL
AWS-002,2026-08-30T15:15:00Z,34.76,1007.78,54.53,18.922,72.8347,14.0,False,NORMAL
AWS-003,2026-08-30T15:15:00Z,26.77,832.81,42.64,32.219,76.3234,1457.0,False,NORMAL
AWS-004,2026-08-30T15:15:00Z,37.28,977.23,28.08,26.9124,70.9022,225.0,False,NORMAL
AWS-001,2026-08-30T15:30:00Z,33.02,981.41,46.72,28.6139,77.209,216.0,False,NORMAL
AWS-002,2026-08-30T15:30:00Z,34.8,1007.79,54.84,18.922,72.8347,14.0,False,NORMAL
AWS-003,2026-08-30T15:30:00Z,26.88,832.73,40.67,32.219,76.3234,1457.0,False,NORMAL
AWS-004,2026-08-30T15:30:00Z,37.65,977.14,28.7,26.9124,70.9022,225.0,False,NORMAL
AWS-001,2026-08-30T15:45:00Z,33.13,981.29,48.12,28.6139,77.209,216.0,False,NORMAL
AWS-002,2026-08-30T15:45:00Z,35.35,1007.81,55.7,18.922,72.8347,14.0,False,NORMAL
AWS-003,2026-08-30T15:45:00Z,25.75,832.44,42.14,32.219,76.3234,1457.0,False,NORMAL
AWS-004,2026-08-30T15:45:00Z,38.18,977.14,29.67,26.9124,70.9022,225.0,False,NORMAL
AWS-001,2026-08-30T16:00:00Z,33.57,981.35,47.51,28.6139,77.209,216.0,False,NORMAL
AWS-002,2026-08-30T16:00:00Z,33.99,1007.71,56.19,18.922,72.8347,14.0,False,NORMAL
AWS-003,2026-08-30T16:00:00Z,26.97,832.39,43.03,32.219,76.3234,1457.0,False,NORMAL
AWS-004,2026-08-30T16:00:00Z,37.66,977.03,30.09,26.9124,70.9022,225.0,False,NORMAL
AWS-001,2026-08-30T16:15:00Z,32.51,981.47,48.31,28.6139,77.209,216.0,False,NORMAL
AWS-002,2026-08-30T16:15:00Z,33.63,1007.66,56.89,18.922,72.8347,14.0,False,NORMAL
AWS-003,2026-08-30T16:15:00Z,26.79,832.69,44.33,32.219,76.3234,1457.0,False,NORMAL
AWS-004,2026-08-30T16:15:00Z,37.05,977.21,29.97,26.9124,70.9022,225.0,False,NORMAL
AWS-001,2026-08-30T16:30:00Z,32.93,981.17,49.47,28.6139,77.209,216.0,False,NORMAL
AWS-002,2026-08-30T16:30:00Z,33.12,1007.68,56.54,18.922,72.8347,14.0,False,NORMAL
AWS-003,2026-08-30T16:30:00Z,26.71,832.78,44.21,32.219,76.3234,1457.0,False,NORMAL
AWS-004,2026-08-30T16:30:00Z,37.03,977.06,31.11,26.9124,70.9022,225.0,False,NORMAL
AWS-001,2026-08-30T16:45:00Z,32.29,981.5,50.11,28.6139,77.209,216.0,False,NORMAL
AWS-002,2026-08-30T16:45:00Z,34.32,1007.89,57.77,18.922,72.8347,14.0,False,NORMAL
AWS-003,2026-08-30T16:45:00Z,26.05,832.85,46.08,32.219,76.3234,1457.0,False,NORMAL
AWS-004,2026-08-30T16:45:00Z,35.83,977.17,31.9,26.9124,70.9022,225.0,False,NORMAL
AWS-001,2026-08-30T17:00:00Z,31.95,981.57,51.43,28.6139,77.209,216.0,False,NORMAL
AWS-002,2026-08-30T17:00:00Z,33.11,1007.9,59.69,18.922,72.8347,14.0,False,NORMAL
AWS-003,2026-08-30T17:00:00Z,25.2,832.98,46.18,32.219,76.3234,1457.0,False,NORMAL
AWS-004,2026-08-30T17:00:00Z,36.57,977.12,34.38,26.9124,70.9022,225.0,False,NORMAL
AWS-001,2026-08-30T17:15:00Z,31.39,981.55,51.84,28.6139,77.209,216.0,False,NORMAL
AWS-002,2026-08-30T17:15:00Z,33.47,1007.75,59.74,18.922,72.8347,14.0,False,NORMAL
AWS-003,2026-08-30T17:15:00Z,23.94,832.65,47.31,32.219,76.3234,1457.0,False,NORMAL
AWS-004,2026-08-30T17:15:00Z,35.68,977.62,33.95,26.9124,70.9022,225.0,False,NORMAL
AWS-001,2026-08-30T17:30:00Z,31.3,981.61,52.78,28.6139,77.209,216.0,False,NORMAL
AWS-002,2026-08-30T17:30:00Z,32.58,1007.61,61.34,18.922,72.8347,14.0,False,NORMAL
AWS-003,2026-08-30T17:30:00Z,24.48,833.08,48.96,32.219,76.3234,1457.0,False,NORMAL
AWS-004,2026-08-30T17:30:00Z,35.33,977.51,35.51,26.9124,70.9022,225.0,False,NORMAL
AWS-001,2026-08-30T17:45:00Z,31.06,981.69,53.77,28.6139,77.209,216.0,False,NORMAL
AWS-002,2026-08-30T17:45:00Z,32.27,1008.23,62.23,18.922,72.8347,14.0,False,NORMAL
AWS-003,2026-08-30T17:45:00Z,25.0,832.99,48.67,32.219,76.3234,1457.0,False,NORMAL
AWS-004,2026-08-30T17:45:00Z,35.71,977.44,36.2,26.9124,70.9022,225.0,False,NORMAL
AWS-001,2026-08-30T18:00:00Z,31.3,981.78,55.29,28.6139,77.209,216.0,False,NORMAL
AWS-002,2026-08-30T18:00:00Z,32.63,1008.24,62.64,18.922,72.8347,14.0,False,NORMAL
AWS-003,2026-08-30T18:00:00Z,25.11,833.44,49.39,32.219,76.3234,1457.0,False,NORMAL
AWS-004,2026-08-30T18:00:00Z,35.06,977.48,37.11,26.9124,70.9022,225.0,False,NORMAL
AWS-001,2026-08-30T18:15:00Z,30.89,982.09,57.07,28.6139,77.209,216.0,False,NORMAL
AWS-002,2026-08-30T18:15:00Z,31.73,1008.43,63.97,18.922,72.8347,14.0,False,NORMAL
AWS-003,2026-08-30T18:15:00Z,24.16,832.99,52.34,32.219,76.3234,1457.0,False,NORMAL
AWS-004,2026-08-30T18:15:00Z,35.02,977.66,39.13,26.9124,70.9022,225.0,False,NORMAL
AWS-001,2026-08-30T18:30:00Z,30.53,982.34,57.24,28.6139,77.209,216.0,False,NORMAL
AWS-002,2026-08-30T18:30:00Z,31.4,1008.68,64.37,18.922,72.8347,14.0,False,NORMAL
AWS-003,2026-08-30T18:30:00Z,23.46,833.18,52.19,32.219,76.3234,1457.0,False,NORMAL
AWS-004,2026-08-30T18:30:00Z,33.97,978.0,39.24,26.9124,70.9022,225.0,False,NORMAL
AWS-001,2026-08-30T18:45:00Z,29.82,982.13,58.27,28.6139,77.209,216.0,False,NORMAL
AWS-002,2026-08-30T18:45:00Z,31.67,1008.56,66.36,18.922,72.8347,14.0,False,NORMAL
AWS-003,2026-08-30T18:45:00Z,22.82,833.8,54.8,32.219,76.3234,1457.0,False,NORMAL
AWS-004,2026-08-30T18:45:00Z,34.1,978.19,39.91,26.9124,70.9022,225.0,False,NORMAL
AWS-001,2026-08-30T19:00:00Z,29.77,982.39,59.89,28.6139,77.209,216.0,False,NORMAL
AWS-002,2026-08-30T19:00:00Z,30.97,1008.7,67.65,18.922,72.8347,14.0,False,NORMAL
AWS-003,2026-08-30T19:00:00Z,23.0,833.73,55.14,32.219,76.3234,1457.0,False,NORMAL
AWS-004,2026-08-30T19:00:00Z,33.28,978.42,42.13,26.9124,70.9022,225.0,False,NORMAL
AWS-001,2026-08-30T19:15:00Z,28.74,982.64,62.04,28.6139,77.209,216.0,False,NORMAL
AWS-002,2026-08-30T19:15:00Z,30.53,1008.93,69.17,18.922,72.8347,14.0,False,NORMAL
AWS-003,2026-08-30T19:15:00Z,22.1,833.8,56.19,32.219,76.3234,1457.0,False,NORMAL
AWS-004,2026-08-30T19:15:00Z,32.98,978.46,43.28,26.9124,70.9022,225.0,False,NORMAL
AWS-001,2026-08-30T19:30:00Z,28.95,982.78,62.5,28.6139,77.209,216.0,False,NORMAL
AWS-002,2026-08-30T19:30:00Z,29.58,1009.01,70.09,18.922,72.8347,14.0,False,NORMAL
AWS-003,2026-08-30T19:30:00Z,21.72,833.83,57.12,32.219,76.3234,1457.0,False,NORMAL
AWS-004,2026-08-30T19:30:00Z,32.63,978.71,43.93,26.9124,70.9022,225.0,False,NORMAL
AWS-001,2026-08-30T19:45:00Z,28.57,982.99,64.37,28.6139,77.209,216.0,False,NORMAL
AWS-002,2026-08-30T19:45:00Z,29.19,1009.6,71.91,18.922,72.8347,14.0,False,NORMAL
AWS-003,2026-08-30T19:45:00Z,22.29,834.08,58.11,32.219,76.3234,1457.0,False,NORMAL
AWS-004,2026-08-30T19:45:00Z,32.37,978.86,46.16,26.9124,70.9022,225.0,False,NORMAL
AWS-001,2026-08-30T20:00:00Z,28.13,983.05,64.93,28.6139,77.209,216.0,False,NORMAL
AWS-002,2026-08-30T20:00:00Z,29.21,1009.24,73.04,18.922,72.8347,14.0,False,NORMAL
AWS-003,2026-08-30T20:00:00Z,20.61,834.4,59.71,32.219,76.3234,1457.0,False,NORMAL
AWS-004,2026-08-30T20:00:00Z,32.15,978.75,46.99,26.9124,70.9022,225.0,False,NORMAL
AWS-001,2026-08-30T20:15:00Z,27.54,982.92,67.02,28.6139,77.209,216.0,False,NORMAL
AWS-002,2026-08-30T20:15:00Z,28.63,1009.39,74.4,18.922,72.8347,14.0,False,NORMAL
AWS-003,2026-08-30T20:15:00Z,21.87,834.36,61.21,32.219,76.3234,1457.0,False,NORMAL
AWS-004,2026-08-30T20:15:00Z,31.2,979.17,48.71,26.9124,70.9022,225.0,False,NORMAL
AWS-001,2026-08-30T20:30:00Z,27.37,983.28,67.92,28.6139,77.209,216.0,False,NORMAL
AWS-002,2026-08-30T20:30:00Z,27.56,1009.57,75.55,18.922,72.8347,14.0,False,NORMAL
AWS-003,2026-08-30T20:30:00Z,20.49,834.35,62.67,32.219,76.3234,1457.0,False,NORMAL
AWS-004,2026-08-30T20:30:00Z,31.36,979.35,49.08,26.9124,70.9022,225.0,False,NORMAL
AWS-001,2026-08-30T20:45:00Z,26.57,983.28,68.46,28.6139,77.209,216.0,False,NORMAL
AWS-002,2026-08-30T20:45:00Z,28.38,1009.91,76.93,18.922,72.8347,14.0,False,NORMAL
AWS-003,2026-08-30T20:45:00Z,20.0,834.2,63.48,32.219,76.3234,1457.0,False,NORMAL
AWS-004,2026-08-30T20:45:00Z,30.6,979.2,50.19,26.9124,70.9022,225.0,False,NORMAL
AWS-001,2026-08-30T21:00:00Z,26.4,983.28,70.6,28.6139,77.209,216.0,False,NORMAL
AWS-002,2026-08-30T21:00:00Z,27.53,1009.6,77.96,18.922,72.8347,14.0,False,NORMAL
AWS-003,2026-08-30T21:00:00Z,20.26,834.73,64.81,32.219,76.3234,1457.0,False,NORMAL
AWS-004,2026-08-30T21:00:00Z,31.19,979.37,50.85,26.9124,70.9022,225.0,False,NORMAL
AWS-001,2026-08-30T21:15:00Z,25.93,983.34,71.55,28.6139,77.209,216.0,False,NORMAL
AWS-002,2026-08-30T21:15:00Z,27.15,1010.04,79.66,18.922,72.8347,14.0,False,NORMAL
AWS-003,2026-08-30T21:15:00Z,18.86,834.53,66.18,32.219,76.3234,1457.0,False,NORMAL
AWS-004,2026-08-30T21:15:00Z,29.75,979.45,52.74,26.9124,70.9022,225.0,False,NORMAL
AWS-001,2026-08-30T21:30:00Z,25.68,983.56,73.4,28.6139,77.209,216.0,False,NORMAL
AWS-002,2026-08-30T21:30:00Z,27.23,1010.1,80.61,18.922,72.8347,14.0,False,NORMAL
AWS-003,2026-08-30T21:30:00Z,19.82,834.66,66.4,32.219,76.3234,1457.0,False,NORMAL
AWS-004,2026-08-30T21:30:00Z,30.21,979.34,55.67,26.9124,70.9022,225.0,False,NORMAL
AWS-001,2026-08-30T21:45:00Z,25.02,983.73,74.1,28.6139,77.209,216.0,False,NORMAL
AWS-002,2026-08-30T21:45:00Z,26.55,1010.3,81.71,18.922,72.8347,14.0,False,NORMAL
AWS-003,2026-08-30T21:45:00Z,18.96,834.72,68.41,32.219,76.3234,1457.0,False,NORMAL
AWS-004,2026-08-30T21:45:00Z,29.31,979.59,56.01,26.9124,70.9022,225.0,False,NORMAL
AWS-001,2026-08-30T22:00:00Z,25.11,983.45,75.18,28.6139,77.209,216.0,False,NORMAL
AWS-002,2026-08-30T22:00:00Z,26.31,1009.94,82.67,18.922,72.8347,14.0,False,NORMAL
AWS-003,2026-08-30T22:00:00Z,17.98,834.44,70.97,32.219,76.3234,1457.0,False,NORMAL
AWS-004,2026-08-30T22:00:00Z,29.1,979.56,56.91,26.9124,70.9022,225.0,False,NORMAL
AWS-001,2026-08-30T22:15:00Z,24.88,983.69,76.45,28.6139,77.209,216.0,False,NORMAL
AWS-002,2026-08-30T22:15:00Z,25.71,1009.88,83.77,18.922,72.8347,14.0,False,NORMAL
AWS-003,2026-08-30T22:15:00Z,18.14,834.53,70.97,32.219,76.3234,1457.0,False,NORMAL
AWS-004,2026-08-30T22:15:00Z,29.22,979.51,58.75,26.9124,70.9022,225.0,False,NORMAL
AWS-001,2026-08-30T22:30:00Z,24.81,983.62,76.26,28.6139,77.209,216.0,False,NORMAL
AWS-002,2026-08-30T22:30:00Z,25.93,1009.96,85.26,18.922,72.8347,14.0,False,NORMAL
AWS-003,2026-08-30T22:30:00Z,18.44,834.64,72.5,32.219,76.3234,1457.0,False,NORMAL
AWS-004,2026-08-30T22:30:00Z,28.81,979.06,58.44,26.9124,70.9022,225.0,False,NORMAL
AWS-001,2026-08-30T22:45:00Z,24.3,983.67,78.89,28.6139,77.209,216.0,False,NORMAL
AWS-002,2026-08-30T22:45:00Z,25.26,1010.13,86.18,18.922,72.8347,14.0,False,NORMAL
AWS-003,2026-08-30T22:45:00Z,17.92,834.77,73.23,32.219,76.3234,1457.0,False,NORMAL
AWS-004,2026-08-30T22:45:00Z,27.55,979.54,58.96,26.9124,70.9022,225.0,False,NORMAL
AWS-001,2026-08-30T23:00:00Z,23.9,983.48,78.95,28.6139,77.209,216.0,False,NORMAL
AWS-002,2026-08-30T23:00:00Z,24.88,1010.26,87.26,18.922,72.8347,14.0,False,NORMAL
AWS-003,2026-08-30T23:00:00Z,17.69,834.45,73.53,32.219,76.3234,1457.0,False,NORMAL
AWS-004,2026-08-30T23:00:00Z,27.75,979.51,62.1,26.9124,70.9022,225.0,False,NORMAL
AWS-001,2026-08-30T23:15:00Z,23.72,983.23,79.86,28.6139,77.209,216.0,False,NORMAL
AWS-002,2026-08-30T23:15:00Z,24.71,1009.61,88.13,18.922,72.8347,14.0,False,NORMAL
AWS-003,2026-08-30T23:15:00Z,17.31,834.72,74.04,32.219,76.3234,1457.0,False,NORMAL
AWS-004,2026-08-30T23:15:00Z,27.52,979.42,62.67,26.9124,70.9022,225.0,False,NORMAL
AWS-001,2026-08-30T23:30:00Z,22.83,983.44,81.08,28.6139,77.209,216.0,False,NORMAL
AWS-002,2026-08-30T23:30:00Z,24.75,1009.75,89.8,18.922,72.8347,14.0,False,NORMAL
AWS-003,2026-08-30T23:30:00Z,16.72,834.4,76.39,32.219,76.3234,1457.0,False,NORMAL
AWS-004,2026-08-30T23:30:00Z,27.92,979.23,61.51,26.9124,70.9022,225.0,False,NORMAL
AWS-001,2026-08-30T23:45:00Z,22.91,983.07,82.64,28.6139,77.209,216.0,False,NORMAL
AWS-002,2026-08-30T23:45:00Z,23.99,1009.52,89.52,18.922,72.8347,14.0,False,NORMAL
AWS-003,2026-08-30T23:45:00Z,16.36,834.28,77.22,32.219,76.3234,1457.0,False,NORMAL
AWS-004,2026-08-30T23:45:00Z,27.61,979.04,63.76,26.9124,70.9022,225.0,False,NORMAL
