timestamp,station_id,temperature,pressure,humidity,latitude,longitude,elevation,source_type,provider
2023-07-01T00:00:00+00:00,KTLX,9.34,1012.0,76.1,35.3331,-97.2778,370.0,NOAA_ISD,NOAA NEXRAD AWS Open Data
2023-07-01T00:00:00+00:00,KOKX,6.84,1050.0,88.1,40.8656,-72.8628,20.0,NOAA_ISD,NOAA NEXRAD AWS Open Data
2023-07-01T00:00:00+00:00,KAMX,15.14,1052.0,94.1,25.6111,-80.4128,4.0,NOAA_ISD,NOAA NEXRAD AWS Open Data
2023-07-01T00:00:00+00:00,KATX,5.14,1036.0,91.1,48.1947,-122.4944,151.0,NOAA_ISD,NOAA NEXRAD AWS Open Data
2023-07-01T00:00:00+00:00,KFWS,11.44,1030.0,71.1,32.5731,-97.3031,207.0,NOAA_ISD,NOAA NEXRAD AWS Open Data
2023-07-01T00:00:00+00:00,KDMX,7.84,1020.0,76.1,41.7311,-93.7228,299.0,NOAA_ISD,NOAA NEXRAD AWS Open Data
2023-07-01T01:00:00+00:00,KTLX,8.54,1010.9,73.3,35.3331,-97.2778,370.0,NOAA_ISD,NOAA NEXRAD AWS Open Data
2023-07-01T01:00:00+00:00,KOKX,6.04,1048.8,85.3,40.8656,-72.8628,20.0,NOAA_ISD,NOAA NEXRAD AWS Open Data
2023-07-01T01:00:00+00:00,KAMX,14.34,1050.8,91.3,25.6111,-80.4128,4.0,NOAA_ISD,NOAA NEXRAD AWS Open Data
2023-07-01T01:00:00+00:00,KATX,4.34,1034.8,88.3,48.1947,-122.4944,151.0,NOAA_ISD,NOAA NEXRAD AWS Open Data
2023-07-01T01:00:00+00:00,KFWS,10.64,1028.8,68.3,32.5731,-97.3031,207.0,NOAA_ISD,NOAA NEXRAD AWS Open Data
2023-07-01T01:00:00+00:00,KDMX,7.04,1018.9,73.3,41.7311,-93.7228,299.0,NOAA_ISD,NOAA NEXRAD AWS Open Data
2023-07-01T02:00:00+00:00,KTLX,8.4,1010.0,70.8,35.3331,-97.2778,370.0,NOAA_ISD,NOAA NEXRAD AWS Open Data
2023-07-01T02:00:00+00:00,KOKX,5.9,1048.0,82.8,40.8656,-72.8628,20.0,NOAA_ISD,NOAA NEXRAD AWS Open Data
2023-07-01T02:00:00+00:00,KAMX,14.2,1050.0,88.8,25.6111,-80.4128,4.0,NOAA_ISD,NOAA NEXRAD AWS Open Data
2023-07-01T02:00:00+00:00,KATX,4.2,1034.0,85.8,48.1947,-122.4944,151.0,NOAA_ISD,NOAA NEXRAD AWS Open Data
2023-07-01T02:00:00+00:00,KFWS,10.5,1028.0,65.8,32.5731,-97.3031,207.0,NOAA_ISD,NOAA NEXRAD AWS Open Data
2023-07-01T02:00:00+00:00,KDMX,6.9,1018.0,70.8,41.7311,-93.7228,299.0,NOAA_ISD,NOAA NEXRAD AWS Open Data
2023-07-01T03:00:00+00:00,KTLX,8.94,1009.8,76.0,35.3331,-97.2778,370.0,NOAA_ISD,NOAA NEXRAD AWS Open Data
2023-07-01T03:00:00+00:00,KOKX,6.44,1047.8,88.0,40.8656,-72.8628,20.0,NOAA_ISD,NOAA NEXRAD AWS Open Data
2023-07-01T03:00:00+00:00,KAMX,14.74,1049.8,94.0,25.6111,-80.4128,4.0,NOAA_ISD,NOAA NEXRAD AWS Open Data
2023-07-01T03:00:00+00:00,KATX,4.74,1033.8,91.0,48.1947,-122.4944,151.0,NOAA_ISD,NOAA NEXRAD AWS Open Data
2023-07-01T03:00:00+00:00,KFWS,11.04,1027.8,71.0,32.5731,-97.3031,207.0,NOAA_ISD,NOAA NEXRAD AWS Open Data
2023-07-01T03:00:00+00:00,KDMX,7.44,1017.8,76.0,41.7311,-93.7228,299.0,NOAA_ISD,NOAA NEXRAD AWS Open Data
2023-07-01T04:00:00+00:00,KTLX,10.14,1010.2,73.6,35.3331,-97.2778,370.0,NOAA_ISD,NOAA NEXRAD AWS Open Data
2023-07-01T04:00:00+00:00,KOKX,7.64,1048.2,85.6,40.8656,-72.8628,20.0,NOAA_ISD,NOAA NEXRAD AWS Open Data
2023-07-01T04:00:00+00:00,KAMX,15.94,1050.2,91.6,25.6111,-80.4128,4.0,NOAA_ISD,NOAA NEXRAD AWS Open Data
2023-07-01T04:00:00+00:00,KATX,5.94,1034.2,88.6,48.1947,-122.4944,151.0,NOAA_ISD,NOAA NEXRAD AWS Open Data
2023-07-01T04:00:00+00:00,KFWS,12.24,1028.2,68.6,32.5731,-97.3031,207.0,NOAA_ISD,NOAA NEXRAD AWS Open Data
2023-07-01T04:00:00+00:00,KDMX,8.64,1018.2,73.6,41.7311,-93.7228,299.0,NOAA_ISD,NOAA NEXRAD AWS Open Data
2023-07-01T05:00:00+00:00,KTLX,10.93,1011.2,71.3,35.3331,-97.2778,370.0,NOAA_ISD,NOAA NEXRAD AWS Open Data
2023-07-01T05:00:00+00:00,KOKX,8.43,1049.2,83.3,40.8656,-72.8628,20.0,NOAA_ISD,NOAA NEXRAD AWS Open Data
2023-07-01T05:00:00+00:00,KAMX,16.73,1051.2,89.3,25.6111,-80.4128,4.0,NOAA_ISD,NOAA NEXRAD AWS Open Data
2023-07-01T05:00:00+00:00,KATX,6.73,1035.2,86.3,48.1947,-122.4944,151.0,NOAA_ISD,NOAA NEXRAD AWS Open Data
2023-07-01T05:00:00+00:00,KFWS,13.03,1029.2,66.3,32.5731,-97.3031,207.0,NOAA_ISD,NOAA NEXRAD AWS Open Data
2023-07-01T05:00:00+00:00,KDMX,9.43,1019.2,71.3,41.7311,-93.7228,299.0,NOAA_ISD,NOAA NEXRAD AWS Open Data
2023-07-01T06:00:00+00:00,KTLX,13.2,1012.6,76.7,35.3331,-97.2778,370.0,NOAA_ISD,NOAA NEXRAD AWS Open Data
2023-07-01T06:00:00+00:00,KOKX,10.7,1050.6,88.7,40.8656,-72.8628,20.0,NOAA_ISD,NOAA NEXRAD AWS Open Data
2023-07-01T06:00:00+00:00,KAMX,19.0,1052.6,94.7,25.6111,-80.4128,4.0,NOAA_ISD,NOAA NEXRAD AWS Open Data
2023-07-01T06:00:00+00:00,KATX,9.0,1036.6,91.7,48.1947,-122.4944,151.0,NOAA_ISD,NOAA NEXRAD AWS Open Data
2023-07-01T06:00:00+00:00,KFWS,15.3,1030.6,71.7,32.5731,-97.3031,207.0,NOAA_ISD,NOAA NEXRAD AWS Open Data
2023-07-01T06:00:00+00:00,KDMX,11.7,1020.6,76.7,41.7311,-93.7228,299.0,NOAA_ISD,NOAA NEXRAD AWS Open Data
2023-07-01T07:00:00+00:00,KTLX,15.81,1013.2,74.6,35.3331,-97.2778,370.0,NOAA_ISD,NOAA NEXRAD AWS Open Data
2023-07-01T07:00:00+00:00,KOKX,13.31,1051.2,86.6,40.8656,-72.8628,20.0,NOAA_ISD,NOAA NEXRAD AWS Open Data
2023-07-01T07:00:00+00:00,KAMX,21.61,1053.2,92.6,25.6111,-80.4128,4.0,NOAA_ISD,NOAA NEXRAD AWS Open Data
2023-07-01T07:00:00+00:00,KATX,11.61,1037.2,89.6,48.1947,-122.4944,151.0,NOAA_ISD,NOAA NEXRAD AWS Open Data
2023-07-01T07:00:00+00:00,KFWS,17.91,1031.2,69.6,32.5731,-97.3031,207.0,NOAA_ISD,NOAA NEXRAD AWS Open Data
2023-07-01T07:00:00+00:00,KDMX,14.31,1021.2,74.6,41.7311,-93.7228,299.0,NOAA_ISD,NOAA NEXRAD AWS Open Data
2023-07-01T08:00:00+00:00,KTLX,18.6,1014.3,72.7,35.3331,-97.2778,370.0,NOAA_ISD,NOAA NEXRAD AWS Open Data
2023-07-01T08:00:00+00:00,KOKX,16.1,1052.3,84.7,40.8656,-72.8628,20.0,NOAA_ISD,NOAA NEXRAD AWS Open Data
2023-07-01T08:00:00+00:00,KAMX,24.4,1054.3,90.7,25.6111,-80.4128,4.0,NOAA_ISD,NOAA NEXRAD AWS Open Data
2023-07-01T08:00:00+00:00,KATX,14.4,1038.3,87.7,48.1947,-122.4944,151.0,NOAA_ISD,NOAA NEXRAD AWS Open Data
2023-07-01T08:00:00+00:00,KFWS,20.7,1032.3,67.7,32.5731,-97.3031,207.0,NOAA_ISD,NOAA NEXRAD AWS Open Data
2023-07-01T08:00:00+00:00,KDMX,17.1,1022.3,72.7,41.7311,-93.7228,299.0,NOAA_ISD,NOAA NEXRAD AWS Open Data
2023-07-01T09:00:00+00:00,KTLX,21.39,1014.7,78.0,35.3331,-97.2778,370.0,NOAA_ISD,NOAA NEXRAD AWS Open Data
2023-07-01T09:00:00+00:00,KOKX,18.89,1052.7,90.0,40.8656,-72.8628,20.0,NOAA_ISD,NOAA NEXRAD AWS Open Data
2023-07-01T09:00:00+00:00,KAMX,27.19,1054.7,96.0,25.6111,-80.4128,4.0,NOAA_ISD,NOAA NEXRAD AWS Open Data
2023-07-01T09:00:00+00:00,KATX,17.19,1038.7,93.0,48.1947,-122.4944,151.0,NOAA_ISD,NOAA NEXRAD AWS Open Data
2023-07-01T09:00:00+00:00,KFWS,23.49,1032.7,73.0,32.5731,-97.3031,207.0,NOAA_ISD,NOAA NEXRAD AWS Open Data
2023-07-01T09:00:00+00:00,KDMX,19.89,1022.7,78.0,41.7311,-93.7228,299.0,NOAA_ISD,NOAA NEXRAD AWS Open Data
2023-07-01T10:00:00+00:00,KTLX,23.0,1014.5,75.8,35.3331,-97.2778,370.0,NOAA_ISD,NOAA NEXRAD AWS Open Data
2023-07-01T10:00:00+00:00,KOKX,20.5,1052.5,87.8,40.8656,-72.8628,20.0,NOAA_ISD,NOAA NEXRAD AWS Open Data
2023-07-01T10:00:00+00:00,KAMX,28.8,1054.5,93.8,25.6111,-80.4128,4.0,NOAA_ISD,NOAA NEXRAD AWS Open Data
2023-07-01T10:00:00+00:00,KATX,18.8,1038.5,90.8,48.1947,-122.4944,151.0,NOAA_ISD,NOAA NEXRAD AWS Open Data
2023-07-01T10:00:00+00:00,KFWS,25.1,1032.5,70.8,32.5731,-97.3031,207.0,NOAA_ISD,NOAA NEXRAD AWS Open Data
2023-07-01T10:00:00+00:00,KDMX,21.5,1022.5,75.8,41.7311,-93.7228,299.0,NOAA_ISD,NOAA NEXRAD AWS Open Data
2023-07-01T11:00:00+00:00,KTLX,25.27,1013.6,73.8,35.3331,-97.2778,370.0,NOAA_ISD,NOAA NEXRAD AWS Open Data
2023-07-01T11:00:00+00:00,KOKX,22.77,1051.7,85.8,40.8656,-72.8628,20.0,NOAA_ISD,NOAA NEXRAD AWS Open Data
2023-07-01T11:00:00+00:00,KAMX,31.07,1053.7,91.8,25.6111,-80.4128,4.0,NOAA_ISD,NOAA NEXRAD AWS Open Data
2023-07-01T11:00:00+00:00,KATX,21.07,1037.7,88.8,48.1947,-122.4944,151.0,NOAA_ISD,NOAA NEXRAD AWS Open Data
2023-07-01T11:00:00+00:00,KFWS,27.37,1031.7,68.8,32.5731,-97.3031,207.0,NOAA_ISD,NOAA NEXRAD AWS Open Data
2023-07-01T11:00:00+00:00,KDMX,23.77,1021.6,73.8,41.7311,-93.7228,299.0,NOAA_ISD,NOAA NEXRAD AWS Open Data
2023-07-01T12:00:00+00:00,KTLX,27.06,1012.5,78.8,35.3331,-97.2778,370.0,NOAA_ISD,NOAA NEXRAD AWS Open Data
2023-07-01T12:00:00+00:00,KOKX,24.56,1050.5,90.8,40.8656,-72.8628,20.0,NOAA_ISD,NOAA NEXRAD AWS Open Data
2023-07-01T12:00:00+00:00,KAMX,32.86,1052.5,96.8,25.6111,-80.4128,4.0,NOAA_ISD,NOAA NEXRAD AWS Open Data
2023-07-01T12:00:00+00:00,KATX,22.86,1036.5,93.8,48.1947,-122.4944,151.0,NOAA_ISD,NOAA NEXRAD AWS Open Data
2023-07-01T12:00:00+00:00,KFWS,29.16,1030.5,73.8,32.5731,-97.3031,207.0,NOAA_ISD,NOAA NEXRAD AWS Open Data
2023-07-01T12:00:00+00:00,KDMX,25.56,1020.5,78.8,41.7311,-93.7228,299.0,NOAA_ISD,NOAA NEXRAD AWS Open Data
2023-07-01T13:00:00+00:00,KTLX,28.26,1011.4,76.6,35.3331,-97.2778,370.0,NOAA_ISD,NOAA NEXRAD AWS Open Data
2023-07-01T13:00:00+00:00,KOKX,25.76,1049.3,88.6,40.8656,-72.8628,20.0,NOAA_ISD,NOAA NEXRAD AWS Open Data
2023-07-01T13:00:00+00:00,KAMX,34.06,1051.3,94.6,25.6111,-80.4128,4.0,NOAA_ISD,NOAA NEXRAD AWS Open Data
2023-07-01T13:00:00+00:00,KATX,24.06,1035.3,91.6,48.1947,-122.4944,151.0,NOAA_ISD,NOAA NEXRAD AWS Open Data
2023-07-01T13:00:00+00:00,KFWS,30.36,1029.3,71.6,32.5731,-97.3031,207.0,NOAA_ISD,NOAA NEXRAD AWS Open Data
2023-07-01T13:00:00+00:00,KDMX,26.76,1019.4,76.6,41.7311,-93.7228,299.0,NOAA_ISD,NOAA NEXRAD AWS Open Data
2023-07-01T14:00:00+00:00,KTLX,28.8,1009.8,74.4,35.3331,-97.2778,370.0,NOAA_ISD,NOAA NEXRAD AWS Open Data
2023-07-01T14:00:00+00:00,KOKX,26.3,1047.8,86.4,40.8656,-72.8628,20.0,NOAA_ISD,NOAA NEXRAD AWS Open Data
2023-07-01T14:00:00+00:00,KAMX,34.6,1049.8,92.4,25.6111,-80.4128,4.0,NOAA_ISD,NOAA NEXRAD AWS Open Data
2023-07-01T14:00:00+00:00,KATX,24.6,1033.8,89.4,48.1947,-122.4944,151.0,NOAA_ISD,NOAA NEXRAD AWS Open Data
2023-07-01T14:00:00+00:00,KFWS,30.9,1027.8,69.4,32.5731,-97.3031,207.0,NOAA_ISD,NOAA NEXRAD AWS Open Data
2023-07-01T14:00:00+00:00,KDMX,27.3,1017.8,74.4,41.7311,-93.7228,299.0,NOAA_ISD,NOAA NEXRAD AWS Open Data
2023-07-01T15:00:00+00:00,KTLX,27.66,1009.6,78.9,35.3331,-97.2778,370.0,NOAA_ISD,NOAA NEXRAD AWS Open Data
2023-07-01T15:00:00+00:00,KOKX,25.16,1047.6,90.9,40.8656,-72.8628,20.0,NOAA_ISD,NOAA NEXRAD AWS Open Data
2023-07-01T15:00:00+00:00,KAMX,33.46,1049.6,96.9,25.6111,-80.4128,4.0,NOAA_ISD,NOAA NEXRAD AWS Open Data
2023-07-01T15:00:00+00:00,KATX,23.46,1033.6,93.9,48.1947,-122.4944,151.0,NOAA_ISD,NOAA NEXRAD AWS Open Data
2023-07-01T15:00:00+00:00,KFWS,29.76,1027.6,73.9,32.5731,-97.3031,207.0,NOAA_ISD,NOAA NEXRAD AWS Open Data
2023-07-01T15:00:00+00:00,KDMX,26.16,1017.6,78.9,41.7311,-93.7228,299.0,NOAA_ISD,NOAA NEXRAD AWS Open Data
2023-07-01T16:00:00+00:00,KTLX,26.86,1010.0,76.4,35.3331,-97.2778,370.0,NOAA_ISD,NOAA NEXRAD AWS Open Data
2023-07-01T16:00:00+00:00,KOKX,24.36,1048.0,88.4,40.8656,-72.8628,20.0,NOAA_ISD,NOAA NEXRAD AWS Open Data
2023-07-01T16:00:00+00:00,KAMX,32.66,1050.0,94.4,25.6111,-80.4128,4.0,NOAA_ISD,NOAA NEXRAD AWS Open Data
2023-07-01T16:00:00+00:00,KATX,22.66,1034.0,91.4,48.1947,-122.4944,151.0,NOAA_ISD,NOAA NEXRAD AWS Open Data
2023-07-01T16:00:00+00:00,KFWS,28.96,1028.0,71.4,32.5731,-97.3031,207.0,NOAA_ISD,NOAA NEXRAD AWS Open Data
2023-07-01T16:00:00+00:00,KDMX,25.36,1018.0,76.4,41.7311,-93.7228,299.0,NOAA_ISD,NOAA NEXRAD AWS Open Data
2023-07-01T17:00:00+00:00,KTLX,25.47,1011.0,73.9,35.3331,-97.2778,370.0,NOAA_ISD,NOAA NEXRAD AWS Open Data
2023-07-01T17:00:00+00:00,KOKX,22.97,1049.0,85.9,40.8656,-72.8628,20.0,NOAA_ISD,NOAA NEXRAD AWS Open Data
2023-07-01T17:00:00+00:00,KAMX,31.27,1051.0,91.9,25.6111,-80.4128,4.0,NOAA_ISD,NOAA NEXRAD AWS Open Data
2023-07-01T17:00:00+00:00,KATX,21.27,1035.0,88.9,48.1947,-122.4944,151.0,NOAA_ISD,NOAA NEXRAD AWS Open Data
2023-07-01T17:00:00+00:00,KFWS,27.57,1029.0,68.9,32.5731,-97.3031,207.0,NOAA_ISD,NOAA NEXRAD AWS Open Data
2023-07-01T17:00:00+00:00,KDMX,23.97,1019.0,73.9,41.7311,-93.7228,299.0,NOAA_ISD,NOAA NEXRAD AWS Open Data
2023-07-01T18:00:00+00:00,KTLX,23.6,1012.4,78.3,35.3331,-97.2778,370.0,NOAA_ISD,NOAA NEXRAD AWS Open Data
2023-07-01T18:00:00+00:00,KOKX,21.1,1050.4,90.3,40.8656,-72.8628,20.0,NOAA_ISD,NOAA NEXRAD AWS Open Data
2023-07-01T18:00:00+00:00,KAMX,29.4,1052.4,96.3,25.6111,-80.4128,4.0,NOAA_ISD,NOAA NEXRAD AWS Open Data
2023-07-01T18:00:00+00:00,KATX,19.4,1036.4,93.3,48.1947,-122.4944,151.0,NOAA_ISD,NOAA NEXRAD AWS Open Data
2023-07-01T18:00:00+00:00,KFWS,25.7,1030.4,73.3,32.5731,-97.3031,207.0,NOAA_ISD,NOAA NEXRAD AWS Open Data
2023-07-01T18:00:00+00:00,KDMX,22.1,1020.4,78.3,41.7311,-93.7228,299.0,NOAA_ISD,NOAA NEXRAD AWS Open Data
2023-07-01T19:00:00+00:00,KTLX,21.39,1013.8,75.5,35.3331,-97.2778,370.0,NOAA_ISD,NOAA NEXRAD AWS Open Data
2023-07-01T19:00:00+00:00,KOKX,18.89,1051.8,87.5,40.8656,-72.8628,20.0,NOAA_ISD,NOAA NEXRAD AWS Open Data
2023-07-01T19:00:00+00:00,KAMX,27.19,1053.8,93.5,25.6111,-80.4128,4.0,NOAA_ISD,NOAA NEXRAD AWS Open Data
2023-07-01T19:00:00+00:00,KATX,17.19,1037.8,90.5,48.1947,-122.4944,151.0,NOAA_ISD,NOAA NEXRAD AWS Open Data
2023-07-01T19:00:00+00:00,KFWS,23.49,1031.8,70.5,32.5731,-97.3031,207.0,NOAA_ISD,NOAA NEXRAD AWS Open Data
2023-07-01T19:00:00+00:00,KDMX,19.89,1021.8,75.5,41.7311,-93.7228,299.0,NOAA_ISD,NOAA NEXRAD AWS Open Data
2023-07-01T20:00:00+00:00,KTLX,18.0,1014.8,72.6,35.3331,-97.2778,370.0,NOAA_ISD,NOAA NEXRAD AWS Open Data
2023-07-01T20:00:00+00:00,KOKX,15.5,1052.8,84.6,40.8656,-72.8628,20.0,NOAA_ISD,NOAA NEXRAD AWS Open Data
2023-07-01T20:00:00+00:00,KAMX,23.8,1054.8,90.6,25.6111,-80.4128,4.0,NOAA_ISD,NOAA NEXRAD AWS Open Data
2023-07-01T20:00:00+00:00,KATX,13.8,1038.8,87.6,48.1947,-122.4944,151.0,NOAA_ISD,NOAA NEXRAD AWS Open Data
2023-07-01T20:00:00+00:00,KFWS,20.1,1032.8,67.6,32.5731,-97.3031,207.0,NOAA_ISD,NOAA NEXRAD AWS Open Data
2023-07-01T20:00:00+00:00,KDMX,16.5,1022.8,72.6,41.7311,-93.7228,299.0,NOAA_ISD,NOAA NEXRAD AWS Open Data
2023-07-01T21:00:00+00:00,KTLX,15.61,1014.5,77.1,35.3331,-97.2778,370.0,NOAA_ISD,NOAA NEXRAD AWS Open Data
2023-07-01T21:00:00+00:00,KOKX,13.11,1052.5,89.1,40.8656,-72.8628,20.0,NOAA_ISD,NOAA NEXRAD AWS Open Data
2023-07-01T21:00:00+00:00,KAMX,21.41,1054.5,95.1,25.6111,-80.4128,4.0,NOAA_ISD,NOAA NEXRAD AWS Open Data
2023-07-01T21:00:00+00:00,KATX,11.41,1038.5,92.1,48.1947,-122.4944,151.0,NOAA_ISD,NOAA NEXRAD AWS Open Data
2023-07-01T21:00:00+00:00,KFWS,17.71,1032.5,72.1,32.5731,-97.3031,207.0,NOAA_ISD,NOAA NEXRAD AWS Open Data
2023-07-01T21:00:00+00:00,KDMX,14.11,1022.5,77.1,41.7311,-93.7228,299.0,NOAA_ISD,NOAA NEXRAD AWS Open Data
2023-07-01T22:00:00+00:00,KTLX,13.4,1014.3,74.2,35.3331,-97.2778,370.0,NOAA_ISD,NOAA NEXRAD AWS Open Data
2023-07-01T22:00:00+00:00,KOKX,10.9,1052.3,86.2,40.8656,-72.8628,20.0,NOAA_ISD,NOAA NEXRAD AWS Open Data
2023-07-01T22:00:00+00:00,KAMX,19.2,1054.3,92.2,25.6111,-80.4128,4.0,NOAA_ISD,NOAA NEXRAD AWS Open Data
2023-07-01T22:00:00+00:00,KATX,9.2,1038.3,89.2,48.1947,-122.4944,151.0,NOAA_ISD,NOAA NEXRAD AWS Open Data
2023-07-01T22:00:00+00:00,KFWS,15.5,1032.3,69.2,32.5731,-97.3031,207.0,NOAA_ISD,NOAA NEXRAD AWS Open Data
2023-07-01T22:00:00+00:00,KDMX,11.9,1022.3,74.2,41.7311,-93.7228,299.0,NOAA_ISD,NOAA NEXRAD AWS Open Data
2023-07-01T23:00:00+00:00,KTLX,11.53,1013.5,71.4,35.3331,-97.2778,370.0,NOAA_ISD,NOAA NEXRAD AWS Open Data
2023-07-01T23:00:00+00:00,KOKX,9.03,1051.5,83.4,40.8656,-72.8628,20.0,NOAA_ISD,NOAA NEXRAD AWS Open Data
2023-07-01T23:00:00+00:00,KAMX,17.33,1053.5,89.4,25.6111,-80.4128,4.0,NOAA_ISD,NOAA NEXRAD AWS Open Data
2023-07-01T23:00:00+00:00,KATX,7.33,1037.5,86.4,48.1947,-122.4944,151.0,NOAA_ISD,NOAA NEXRAD AWS Open Data
2023-07-01T23:00:00+00:00,KFWS,13.63,1031.5,66.4,32.5731,-97.3031,207.0,NOAA_ISD,NOAA NEXRAD AWS Open Data
2023-07-01T23:00:00+00:00,KDMX,10.03,1021.5,71.4,41.7311,-93.7228,299.0,NOAA_ISD,NOAA NEXRAD AWS Open Data
2023-07-02T00:00:00+00:00,KTLX,10.14,1012.3,76.2,35.3331,-97.2778,370.0,NOAA_ISD,NOAA NEXRAD AWS Open Data
2023-07-02T00:00:00+00:00,KOKX,7.64,1050.3,88.2,40.8656,-72.8628,20.0,NOAA_ISD,NOAA NEXRAD AWS Open Data
2023-07-02T00:00:00+00:00,KAMX,15.94,1052.3,94.2,25.6111,-80.4128,4.0,NOAA_ISD,NOAA NEXRAD AWS Open Data
2023-07-02T00:00:00+00:00,KATX,5.94,1036.3,91.2,48.1947,-122.4944,151.0,NOAA_ISD,NOAA NEXRAD AWS Open Data
2023-07-02T00:00:00+00:00,KFWS,12.24,1030.3,71.2,32.5731,-97.3031,207.0,NOAA_ISD,NOAA NEXRAD AWS Open Data
2023-07-02T00:00:00+00:00,KDMX,8.64,1020.3,76.2,41.7311,-93.7228,299.0,NOAA_ISD,NOAA NEXRAD AWS Open Data
2023-07-02T01:00:00+00:00,KTLX,8.34,1011.1,73.3,35.3331,-97.2778,370.0,NOAA_ISD,NOAA NEXRAD AWS Open Data
2023-07-02T01:00:00+00:00,KOKX,5.84,1049.2,85.3,40.8656,-72.8628,20.0,NOAA_ISD,NOAA NEXRAD AWS Open Data
2023-07-02T01:00:00+00:00,KAMX,14.14,1051.2,91.3,25.6111,-80.4128,4.0,NOAA_ISD,NOAA NEXRAD AWS Open Data
2023-07-02T01:00:00+00:00,KATX,4.14,1035.2,88.3,48.1947,-122.4944,151.0,NOAA_ISD,NOAA NEXRAD AWS Open Data
2023-07-02T01:00:00+00:00,KFWS,10.44,1029.2,68.3,32.5731,-97.3031,207.0,NOAA_ISD,NOAA NEXRAD AWS Open Data
2023-07-02T01:00:00+00:00,KDMX,6.84,1019.1,73.3,41.7311,-93.7228,299.0,NOAA_ISD,NOAA NEXRAD AWS Open Data
2023-07-02T02:00:00+00:00,KTLX,8.2,1010.3,70.7,35.3331,-97.2778,370.0,NOAA_ISD,NOAA NEXRAD AWS Open Data
2023-07-02T02:00:00+00:00,KOKX,5.7,1048.3,82.7,40.8656,-72.8628,20.0,NOAA_ISD,NOAA NEXRAD AWS Open Data
2023-07-02T02:00:00+00:00,KAMX,14.0,1050.3,88.7,25.6111,-80.4128,4.0,NOAA_ISD,NOAA NEXRAD AWS Open Data
2023-07-02T02:00:00+00:00,KATX,4.0,1034.3,85.7,48.1947,-122.4944,151.0,NOAA_ISD,NOAA NEXRAD AWS Open Data
2023-07-02T02:00:00+00:00,KFWS,10.3,1028.3,65.7,32.5731,-97.3031,207.0,NOAA_ISD,NOAA NEXRAD AWS Open Data
2023-07-02T02:00:00+00:00,KDMX,6.7,1018.3,70.7,41.7311,-93.7228,299.0,NOAA_ISD,NOAA NEXRAD AWS Open Data
2023-07-02T03:00:00+00:00,KTLX,8.74,1010.1,76.0,35.3331,-97.2778,370.0,NOAA_ISD,NOAA NEXRAD AWS Open Data
2023-07-02T03:00:00+00:00,KOKX,6.24,1048.1,88.0,40.8656,-72.8628,20.0,NOAA_ISD,NOAA NEXRAD AWS Open Data
2023-07-02T03:00:00+00:00,KAMX,14.54,1050.1,94.0,25.6111,-80.4128,4.0,NOAA_ISD,NOAA NEXRAD AWS Open Data
2023-07-02T03:00:00+00:00,KATX,4.54,1034.1,91.0,48.1947,-122.4944,151.0,NOAA_ISD,NOAA NEXRAD AWS Open Data
2023-07-02T03:00:00+00:00,KFWS,10.84,1028.1,71.0,32.5731,-97.3031,207.0,NOAA_ISD,NOAA NEXRAD AWS Open Data
2023-07-02T03:00:00+00:00,KDMX,7.24,1018.1,76.0,41.7311,-93.7228,299.0,NOAA_ISD,NOAA NEXRAD AWS Open Data
2023-07-02T04:00:00+00:00,KTLX,9.94,1009.8,73.6,35.3331,-97.2778,370.0,NOAA_ISD,NOAA NEXRAD AWS Open Data
2023-07-02T04:00:00+00:00,KOKX,7.44,1047.8,85.6,40.8656,-72.8628,20.0,NOAA_ISD,NOAA NEXRAD AWS Open Data
2023-07-02T04:00:00+00:00,KAMX,15.74,1049.8,91.6,25.6111,-80.4128,4.0,NOAA_ISD,NOAA NEXRAD AWS Open Data
2023-07-02T04:00:00+00:00,KATX,5.74,1033.8,88.6,48.1947,-122.4944,151.0,NOAA_ISD,NOAA NEXRAD AWS Open Data
2023-07-02T04:00:00+00:00,KFWS,12.04,1027.8,68.6,32.5731,-97.3031,207.0,NOAA_ISD,NOAA NEXRAD AWS Open Data
2023-07-02T04:00:00+00:00,KDMX,8.44,1017.8,73.6,41.7311,-93.7228,299.0,NOAA_ISD,NOAA NEXRAD AWS Open Data
2023-07-02T05:00:00+00:00,KTLX,11.73,1010.9,71.4,35.3331,-97.2778,370.0,NOAA_ISD,NOAA NEXRAD AWS Open Data
2023-07-02T05:00:00+00:00,KOKX,9.23,1048.8,83.4,40.8656,-72.8628,20.0,NOAA_ISD,NOAA NEXRAD AWS Open Data
2023-07-02T05:00:00+00:00,KAMX,17.53,1050.8,89.4,25.6111,-80.4128,4.0,NOAA_ISD,NOAA NEXRAD AWS Open Data
2023-07-02T05:00:00+00:00,KATX,7.53,1034.8,86.4,48.1947,-122.4944,151.0,NOAA_ISD,NOAA NEXRAD AWS Open Data
2023-07-02T05:00:00+00:00,KFWS,13.83,1028.8,66.4,32.5731,-97.3031,207.0,NOAA_ISD,NOAA NEXRAD AWS Open Data
2023-07-02T05:00:00+00:00,KDMX,10.23,1018.9,71.4,41.7311,-93.7228,299.0,NOAA_ISD,NOAA NEXRAD AWS Open Data
2023-07-02T06:00:00+00:00,KTLX,13.0,1012.2,76.7,35.3331,-97.2778,370.0,NOAA_ISD,NOAA NEXRAD AWS Open Data
2023-07-02T06:00:00+00:00,KOKX,10.5,1050.2,88.7,40.8656,-72.8628,20.0,NOAA_ISD,NOAA NEXRAD AWS Open Data
2023-07-02T06:00:00+00:00,KAMX,18.8,1052.2,94.7,25.6111,-80.4128,4.0,NOAA_ISD,NOAA NEXRAD AWS Open Data
2023-07-02T06:00:00+00:00,KATX,8.8,1036.2,91.7,48.1947,-122.4944,151.0,NOAA_ISD,NOAA NEXRAD AWS Open Data
2023-07-02T06:00:00+00:00,KFWS,15.1,1030.2,71.7,32.5731,-97.3031,207.0,NOAA_ISD,NOAA NEXRAD AWS Open Data
2023-07-02T06:00:00+00:00,KDMX,11.5,1020.2,76.7,41.7311,-93.7228,299.0,NOAA_ISD,NOAA NEXRAD AWS Open Data
2023-07-02T07:00:00+00:00,KTLX,15.61,1013.5,74.6,35.3331,-97.2778,370.0,NOAA_ISD,NOAA NEXRAD AWS Open Data
2023-07-02T07:00:00+00:00,KOKX,13.11,1051.5,86.6,40.8656,-72.8628,20.0,NOAA_ISD,NOAA NEXRAD AWS Open Data
2023-07-02T07:00:00+00:00,KAMX,21.41,1053.5,92.6,25.6111,-80.4128,4.0,NOAA_ISD,NOAA NEXRAD AWS Open Data
2023-07-02T07:00:00+00:00,KATX,11.41,1037.5,89.6,48.1947,-122.4944,151.0,NOAA_ISD,NOAA NEXRAD AWS Open Data
2023-07-02T07:00:00+00:00,KFWS,17.71,1031.5,69.6,32.5731,-97.3031,207.0,NOAA_ISD,NOAA NEXRAD AWS Open Data
2023-07-02T07:00:00+00:00,KDMX,14.11,1021.5,74.6,41.7311,-93.7228,299.0,NOAA_ISD,NOAA NEXRAD AWS Open Data
2023-07-02T08:00:00+00:00,KTLX,18.4,1014.6,72.7,35.3331,-97.2778,370.0,NOAA_ISD,NOAA NEXRAD AWS Open Data
2023-07-02T08:00:00+00:00,KOKX,15.9,1052.6,84.7,40.8656,-72.8628,20.0,NOAA_ISD,NOAA NEXRAD AWS Open Data
2023-07-02T08:00:00+00:00,KAMX,24.2,1054.6,90.7,25.6111,-80.4128,4.0,NOAA_ISD,NOAA NEXRAD AWS Open Data
2023-07-02T08:00:00+00:00,KATX,14.2,1038.6,87.7,48.1947,-122.4944,151.0,NOAA_ISD,NOAA NEXRAD AWS Open Data
2023-07-02T08:00:00+00:00,KFWS,20.5,1032.6,67.7,32.5731,-97.3031,207.0,NOAA_ISD,NOAA NEXRAD AWS Open Data
2023-07-02T08:00:00+00:00,KDMX,16.9,1022.6,72.7,41.7311,-93.7228,299.0,NOAA_ISD,NOAA NEXRAD AWS Open Data
2023-07-02T09:00:00+00:00,KTLX,21.19,1015.0,77.9,35.3331,-97.2778,370.0,NOAA_ISD,NOAA NEXRAD AWS Open Data
2023-07-02T09:00:00+00:00,KOKX,18.69,1053.0,89.9,40.8656,-72.8628,20.0,NOAA_ISD,NOAA NEXRAD AWS Open Data
2023-07-02T09:00:00+00:00,KAMX,26.99,1055.0,95.9,25.6111,-80.4128,4.0,NOAA_ISD,NOAA NEXRAD AWS Open Data
2023-07-02T09:00:00+00:00,KATX,16.99,1039.0,92.9,48.1947,-122.4944,151.0,NOAA_ISD,NOAA NEXRAD AWS Open Data
2023-07-02T09:00:00+00:00,KFWS,23.29,1033.0,72.9,32.5731,-97.3031,207.0,NOAA_ISD,NOAA NEXRAD AWS Open Data
2023-07-02T09:00:00+00:00,KDMX,19.69,1023.0,77.9,41.7311,-93.7228,299.0,NOAA_ISD,NOAA NEXRAD AWS Open Data
2023-07-02T10:00:00+00:00,KTLX,23.8,1014.8,75.9,35.3331,-97.2778,370.0,NOAA_ISD,NOAA NEXRAD AWS Open Data
2023-07-02T10:00:00+00:00,KOKX,21.3,1052.8,87.9,40.8656,-72.8628,20.0,NOAA_ISD,NOAA NEXRAD AWS Open Data
2023-07-02T10:00:00+00:00,KAMX,29.6,1054.8,93.9,25.6111,-80.4128,4.0,NOAA_ISD,NOAA NEXRAD AWS Open Data
2023-07-02T10:00:00+00:00,KATX,19.6,1038.8,90.9,48.1947,-122.4944,151.0,NOAA_ISD,NOAA NEXRAD AWS Open Data
2023-07-02T10:00:00+00:00,KFWS,25.9,1032.8,70.9,32.5731,-97.3031,207.0,NOAA_ISD,NOAA NEXRAD AWS Open Data
2023-07-02T10:00:00+00:00,KDMX,22.3,1022.8,75.9,41.7311,-93.7228,299.0,NOAA_ISD,NOAA NEXRAD AWS Open Data
2023-07-02T11:00:00+00:00,KTLX,25.07,1013.2,73.8,35.3331,-97.2778,370.0,NOAA_ISD,NOAA NEXRAD AWS Open Data
2023-07-02T11:00:00+00:00,KOKX,22.57,1051.2,85.8,40.8656,-72.8628,20.0,NOAA_ISD,NOAA NEXRAD AWS Open Data
2023-07-02T11:00:00+00:00,KAMX,30.87,1053.2,91.8,25.6111,-80.4128,4.0,NOAA_ISD,NOAA NEXRAD AWS Open Data
2023-07-02T11:00:00+00:00,KATX,20.87,1037.2,88.8,48.1947,-122.4944,151.0,NOAA_ISD,NOAA NEXRAD AWS Open Data
2023-07-02T11:00:00+00:00,KFWS,27.17,1031.2,68.8,32.5731,-97.3031,207.0,NOAA_ISD,NOAA NEXRAD AWS Open Data
2023-07-02T11:00:00+00:00,KDMX,23.57,1021.2,73.8,41.7311,-93.7228,299.0,NOAA_ISD,NOAA NEXRAD AWS Open Data
2023-07-02T12:00:00+00:00,KTLX,26.86,1012.1,78.8,35.3331,-97.2778,370.0,NOAA_ISD,NOAA NEXRAD AWS Open Data
2023-07-02T12:00:00+00:00,KOKX,24.36,1050.1,90.8,40.8656,-72.8628,20.0,NOAA_ISD,NOAA NEXRAD AWS Open Data
2023-07-02T12:00:00+00:00,KAMX,32.66,1052.1,96.8,25.6111,-80.4128,4.0,NOAA_ISD,NOAA NEXRAD AWS Open Data
2023-07-02T12:00:00+00:00,KATX,22.66,1036.1,93.8,48.1947,-122.4944,151.0,NOAA_ISD,NOAA NEXRAD AWS Open Data
2023-07-02T12:00:00+00:00,KFWS,28.96,1030.1,73.8,32.5731,-97.3031,207.0,NOAA_ISD,NOAA NEXRAD AWS Open Data
2023-07-02T12:00:00+00:00,KDMX,25.36,1020.1,78.8,41.7311,-93.7228,299.0,NOAA_ISD,NOAA NEXRAD AWS Open Data
2023-07-02T13:00:00+00:00,KTLX,28.06,1011.0,76.6,35.3331,-97.2778,370.0,NOAA_ISD,NOAA NEXRAD AWS Open Data
2023-07-02T13:00:00+00:00,KOKX,25.56,1049.0,88.6,40.8656,-72.8628,20.0,NOAA_ISD,NOAA NEXRAD AWS Open Data
2023-07-02T13:00:00+00:00,KAMX,33.86,1051.0,94.6,25.6111,-80.4128,4.0,NOAA_ISD,NOAA NEXRAD AWS Open Data
2023-07-02T13:00:00+00:00,KATX,23.86,1035.0,91.6,48.1947,-122.4944,151.0,NOAA_ISD,NOAA NEXRAD AWS Open Data
2023-07-02T13:00:00+00:00,KFWS,30.16,1029.0,71.6,32.5731,-97.3031,207.0,NOAA_ISD,NOAA NEXRAD AWS Open Data
2023-07-02T13:00:00+00:00,KDMX,26.56,1019.0,76.6,41.7311,-93.7228,299.0,NOAA_ISD,NOAA NEXRAD AWS Open Data
2023-07-02T14:00:00+00:00,KTLX,28.6,1010.1,74.4,35.3331,-97.2778,370.0,NOAA_ISD,NOAA NEXRAD AWS Open Data
2023-07-02T14:00:00+00:00,KOKX,26.1,1048.1,86.4,40.8656,-72.8628,20.0,NOAA_ISD,NOAA NEXRAD AWS Open Data
2023-07-02T14:00:00+00:00,KAMX,34.4,1050.1,92.4,25.6111,-80.4128,4.0,NOAA_ISD,NOAA NEXRAD AWS Open Data
2023-07-02T14:00:00+00:00,KATX,24.4,1034.1,89.4,48.1947,-122.4944,151.0,NOAA_ISD,NOAA NEXRAD AWS Open Data
2023-07-02T14:00:00+00:00,KFWS,30.7,1028.1,69.4,32.5731,-97.3031,207.0,NOAA_ISD,NOAA NEXRAD AWS Open Data
2023-07-02T14:00:00+00:00,KDMX,27.1,1018.1,74.4,41.7311,-93.7228,299.0,NOAA_ISD,NOAA NEXRAD AWS Open Data
2023-07-02T15:00:00+00:00,KTLX,28.46,1009.9,79.0,35.3331,-97.2778,370.0,NOAA_ISD,NOAA NEXRAD AWS Open Data
2023-07-02T15:00:00+00:00,KOKX,25.96,1047.9,91.0,40.8656,-72.8628,20.0,NOAA_ISD,NOAA NEXRAD AWS Open Data
2023-07-02T15:00:00+00:00,KAMX,34.26,1049.9,97.0,25.6111,-80.4128,4.0,NOAA_ISD,NOAA NEXRAD AWS Open Data
2023-07-02T15:00:00+00:00,KATX,24.26,1033.9,94.0,48.1947,-122.4944,151.0,NOAA_ISD,NOAA NEXRAD AWS Open Data
2023-07-02T15:00:00+00:00,KFWS,30.56,1027.9,74.0,32.5731,-97.3031,207.0,NOAA_ISD,NOAA NEXRAD AWS Open Data
2023-07-02T15:00:00+00:00,KDMX,26.96,1017.9,79.0,41.7311,-93.7228,299.0,NOAA_ISD,NOAA NEXRAD AWS Open Data
2023-07-02T16:00:00+00:00,KTLX,26.66,1010.3,76.4,35.3331,-97.2778,370.0,NOAA_ISD,NOAA NEXRAD AWS Open Data
2023-07-02T16:00:00+00:00,KOKX,24.16,1048.3,88.4,40.8656,-72.8628,20.0,NOAA_ISD,NOAA NEXRAD AWS Open Data
2023-07-02T16:00:00+00:00,KAMX,32.46,1050.3,94.4,25.6111,-80.4128,4.0,NOAA_ISD,NOAA NEXRAD AWS Open Data
2023-07-02T16:00:00+00:00,KATX,22.46,1034.3,91.4,48.1947,-122.4944,151.0,NOAA_ISD,NOAA NEXRAD AWS Open Data
2023-07-02T16:00:00+00:00,KFWS,28.76,1028.3,71.4,32.5731,-97.3031,207.0,NOAA_ISD,NOAA NEXRAD AWS Open Data
2023-07-02T16:00:00+00:00,KDMX,25.16,1018.3,76.4,41.7311,-93.7228,299.0,NOAA_ISD,NOAA NEXRAD AWS Open Data
2023-07-02T17:00:00+00:00,KTLX,25.27,1011.4,73.8,35.3331,-97.2778,370.0,NOAA_ISD,NOAA NEXRAD AWS Open Data
2023-07-02T17:00:00+00:00,KOKX,22.77,1049.3,85.8,40.8656,-72.8628,20.0,NOAA_ISD,NOAA NEXRAD AWS Open Data
2023-07-02T17:00:00+00:00,KAMX,31.07,1051.3,91.8,25.6111,-80.4128,4.0,NOAA_ISD,NOAA NEXRAD AWS Open Data
2023-07-02T17:00:00+00:00,KATX,21.07,1035.3,88.8,48.1947,-122.4944,151.0,NOAA_ISD,NOAA NEXRAD AWS Open Data
2023-07-02T17:00:00+00:00,KFWS,27.37,1029.3,68.8,32.5731,-97.3031,207.0,NOAA_ISD,NOAA NEXRAD AWS Open Data
2023-07-02T17:00:00+00:00,KDMX,23.77,1019.4,73.8,41.7311,-93.7228,299.0,NOAA_ISD,NOAA NEXRAD AWS Open Data
2023-07-02T18:00:00+00:00,KTLX,23.4,1012.0,78.3,35.3331,-97.2778,370.0,NOAA_ISD,NOAA NEXRAD AWS Open Data
2023-07-02T18:00:00+00:00,KOKX,20.9,1050.0,90.3,40.8656,-72.8628,20.0,NOAA_ISD,NOAA NEXRAD AWS Open Data
2023-07-02T18:00:00+00:00,KAMX,29.2,1052.0,96.3,25.6111,-80.4128,4.0,NOAA_ISD,NOAA NEXRAD AWS Open Data
2023-07-02T18:00:00+00:00,KATX,19.2,1036.0,93.3,48.1947,-122.4944,151.0,NOAA_ISD,NOAA NEXRAD AWS Open Data
2023-07-02T18:00:00+00:00,KFWS,25.5,1030.0,73.3,32.5731,-97.3031,207.0,NOAA_ISD,NOAA NEXRAD AWS Open Data
2023-07-02T18:00:00+00:00,KDMX,21.9,1020.0,78.3,41.7311,-93.7228,299.0,NOAA_ISD,NOAA NEXRAD AWS Open Data
2023-07-02T19:00:00+00:00,KTLX,21.19,1013.4,75.5,35.3331,-97.2778,370.0,NOAA_ISD,NOAA NEXRAD AWS Open Data
2023-07-02T19:00:00+00:00,KOKX,18.69,1051.3,87.5,40.8656,-72.8628,20.0,NOAA_ISD,NOAA NEXRAD AWS Open Data
2023-07-02T19:00:00+00:00,KAMX,26.99,1053.3,93.5,25.6111,-80.4128,4.0,NOAA_ISD,NOAA NEXRAD AWS Open Data
2023-07-02T19:00:00+00:00,KATX,16.99,1037.3,90.5,48.1947,-122.4944,151.0,NOAA_ISD,NOAA NEXRAD AWS Open Data
2023-07-02T19:00:00+00:00,KFWS,23.29,1031.3,70.5,32.5731,-97.3031,207.0,NOAA_ISD,NOAA NEXRAD AWS Open Data
2023-07-02T19:00:00+00:00,KDMX,19.69,1021.4,75.5,41.7311,-93.7228,299.0,NOAA_ISD,NOAA NEXRAD AWS Open Data
2023-07-02T20:00:00+00:00,KTLX,18.8,1014.4,72.7,35.3331,-97.2778,370.0,NOAA_ISD,NOAA NEXRAD AWS Open Data
2023-07-02T20:00:00+00:00,KOKX,16.3,1052.4,84.7,40.8656,-72.8628,20.0,NOAA_ISD,NOAA NEXRAD AWS Open Data
2023-07-02T20:00:00+00:00,KAMX,24.6,1054.4,90.7,25.6111,-80.4128,4.0,NOAA_ISD,NOAA NEXRAD AWS Open Data
2023-07-02T20:00:00+00:00,KATX,14.6,1038.4,87.7,48.1947,-122.4944,151.0,NOAA_ISD,NOAA NEXRAD AWS Open Data
2023-07-02T20:00:00+00:00,KFWS,20.9,1032.4,67.7,32.5731,-97.3031,207.0,NOAA_ISD,NOAA NEXRAD AWS Open Data
2023-07-02T20:00:00+00:00,KDMX,17.3,1022.4,72.7,41.7311,-93.7228,299.0,NOAA_ISD,NOAA NEXRAD AWS Open Data
2023-07-02T21:00:00+00:00,KTLX,15.41,1014.8,77.1,35.3331,-97.2778,370.0,NOAA_ISD,NOAA NEXRAD AWS Open Data
2023-07-02T21:00:00+00:00,KOKX,12.91,1052.8,89.1,40.8656,-72.8628,20.0,NOAA_ISD,NOAA NEXRAD AWS Open Data
2023-07-02T21:00:00+00:00,KAMX,21.21,1054.8,95.1,25.6111,-80.4128,4.0,NOAA_ISD,NOAA NEXRAD AWS Open Data
2023-07-02T21:00:00+00:00,KATX,11.21,1038.8,92.1,48.1947,-122.4944,151.0,NOAA_ISD,NOAA NEXRAD AWS Open Data
2023-07-02T21:00:00+00:00,KFWS,17.51,1032.8,72.1,32.5731,-97.3031,207.0,NOAA_ISD,NOAA NEXRAD AWS Open Data
2023-07-02T21:00:00+00:00,KDMX,13.91,1022.8,77.1,41.7311,-93.7228,299.0,NOAA_ISD,NOAA NEXRAD AWS Open Data
2023-07-02T22:00:00+00:00,KTLX,13.2,1014.6,74.2,35.3331,-97.2778,370.0,NOAA_ISD,NOAA NEXRAD AWS Open Data
2023-07-02T22:00:00+00:00,KOKX,10.7,1052.6,86.2,40.8656,-72.8628,20.0,NOAA_ISD,NOAA NEXRAD AWS Open Data
2023-07-02T22:00:00+00:00,KAMX,19.0,1054.6,92.2,25.6111,-80.4128,4.0,NOAA_ISD,NOAA NEXRAD AWS Open Data
2023-07-02T22:00:00+00:00,KATX,9.0,1038.6,89.2,48.1947,-122.4944,151.0,NOAA_ISD,NOAA NEXRAD AWS Open Data
2023-07-02T22:00:00+00:00,KFWS,15.3,1032.6,69.2,32.5731,-97.3031,207.0,NOAA_ISD,NOAA NEXRAD AWS Open Data
2023-07-02T22:00:00+00:00,KDMX,11.7,1022.6,74.2,41.7311,-93.7228,299.0,NOAA_ISD,NOAA NEXRAD AWS Open Data
2023-07-02T23:00:00+00:00,KTLX,11.33,1013.8,71.3,35.3331,-97.2778,370.0,NOAA_ISD,NOAA NEXRAD AWS Open Data
2023-07-02T23:00:00+00:00,KOKX,8.83,1051.8,83.3,40.8656,-72.8628,20.0,NOAA_ISD,NOAA NEXRAD AWS Open Data
2023-07-02T23:00:00+00:00,KAMX,17.13,1053.8,89.3,25.6111,-80.4128,4.0,NOAA_ISD,NOAA NEXRAD AWS Open Data
2023-07-02T23:00:00+00:00,KATX,7.13,1037.8,86.3,48.1947,-122.4944,151.0,NOAA_ISD,NOAA NEXRAD AWS Open Data
2023-07-02T23:00:00+00:00,KFWS,13.43,1031.8,66.3,32.5731,-97.3031,207.0,NOAA_ISD,NOAA NEXRAD AWS Open Data
2023-07-02T23:00:00+00:00,KDMX,9.83,1021.8,71.3,41.7311,-93.7228,299.0,NOAA_ISD,NOAA NEXRAD AWS Open Data
2023-07-03T00:00:00+00:00,KTLX,9.94,1012.6,76.2,35.3331,-97.2778,370.0,NOAA_ISD,NOAA NEXRAD AWS Open Data
2023-07-03T00:00:00+00:00,KOKX,7.44,1050.6,88.2,40.8656,-72.8628,20.0,NOAA_ISD,NOAA NEXRAD AWS Open Data
2023-07-03T00:00:00+00:00,KAMX,15.74,1052.6,94.2,25.6111,-80.4128,4.0,NOAA_ISD,NOAA NEXRAD AWS Open Data
2023-07-03T00:00:00+00:00,KATX,5.74,1036.6,91.2,48.1947,-122.4944,151.0,NOAA_ISD,NOAA NEXRAD AWS Open Data
2023-07-03T00:00:00+00:00,KFWS,12.04,1030.6,71.2,32.5731,-97.3031,207.0,NOAA_ISD,NOAA NEXRAD AWS Open Data
2023-07-03T00:00:00+00:00,KDMX,8.44,1020.6,76.2,41.7311,-93.7228,299.0,NOAA_ISD,NOAA NEXRAD AWS Open Data
2023-07-03T01:00:00+00:00,KTLX,9.14,1010.8,73.5,35.3331,-97.2778,370.0,NOAA_ISD,NOAA NEXRAD AWS Open Data
2023-07-03T01:00:00+00:00,KOKX,6.64,1048.8,85.5,40.8656,-72.8628,20.0,NOAA_ISD,NOAA NEXRAD AWS Open Data
2023-07-03T01:00:00+00:00,KAMX,14.94,1050.8,91.5,25.6111,-80.4128,4.0,NOAA_ISD,NOAA NEXRAD AWS Open Data
2023-07-03T01:00:00+00:00,KATX,4.94,1034.8,88.5,48.1947,-122.4944,151.0,NOAA_ISD,NOAA NEXRAD AWS Open Data
2023-07-03T01:00:00+00:00,KFWS,11.24,1028.8,68.5,32.5731,-97.3031,207.0,NOAA_ISD,NOAA NEXRAD AWS Open Data
2023-07-03T01:00:00+00:00,KDMX,7.64,1018.8,73.5,41.7311,-93.7228,299.0,NOAA_ISD,NOAA NEXRAD AWS Open Data
2023-07-03T02:00:00+00:00,KTLX,8.0,1009.9,70.7,35.3331,-97.2778,370.0,NOAA_ISD,NOAA NEXRAD AWS Open Data
2023-07-03T02:00:00+00:00,KOKX,5.5,1047.9,82.7,40.8656,-72.8628,20.0,NOAA_ISD,NOAA NEXRAD AWS Open Data
2023-07-03T02:00:00+00:00,KAMX,13.8,1049.9,88.7,25.6111,-80.4128,4.0,NOAA_ISD,NOAA NEXRAD AWS Open Data
2023-07-03T02:00:00+00:00,KATX,3.8,1033.9,85.7,48.1947,-122.4944,151.0,NOAA_ISD,NOAA NEXRAD AWS Open Data
2023-07-03T02:00:00+00:00,KFWS,10.1,1027.9,65.7,32.5731,-97.3031,207.0,NOAA_ISD,NOAA NEXRAD AWS Open Data
2023-07-03T02:00:00+00:00,KDMX,6.5,1017.9,70.7,41.7311,-93.7228,299.0,NOAA_ISD,NOAA NEXRAD AWS Open Data
2023-07-03T03:00:00+00:00,KTLX,8.54,1009.7,76.0,35.3331,-97.2778,370.0,NOAA_ISD,NOAA NEXRAD AWS Open Data
2023-07-03T03:00:00+00:00,KOKX,6.04,1047.7,88.0,40.8656,-72.8628,20.0,NOAA_ISD,NOAA NEXRAD AWS Open Data
2023-07-03T03:00:00+00:00,KAMX,14.34,1049.7,94.0,25.6111,-80.4128,4.0,NOAA_ISD,NOAA NEXRAD AWS Open Data
2023-07-03T03:00:00+00:00,KATX,4.34,1033.7,91.0,48.1947,-122.4944,151.0,NOAA_ISD,NOAA NEXRAD AWS Open Data
2023-07-03T03:00:00+00:00,KFWS,10.64,1027.7,71.0,32.5731,-97.3031,207.0,NOAA_ISD,NOAA NEXRAD AWS Open Data
2023-07-03T03:00:00+00:00,KDMX,7.04,1017.7,76.0,41.7311,-93.7228,299.0,NOAA_ISD,NOAA NEXRAD AWS Open Data
2023-07-03T04:00:00+00:00,KTLX,9.74,1010.1,73.5,35.3331,-97.2778,370.0,NOAA_ISD,NOAA NEXRAD AWS Open Data
2023-07-03T04:00:00+00:00,KOKX,7.24,1048.1,85.5,40.8656,-72.8628,20.0,NOAA_ISD,NOAA NEXRAD AWS Open Data
2023-07-03T04:00:00+00:00,KAMX,15.54,1050.1,91.5,25.6111,-80.4128,4.0,NOAA_ISD,NOAA NEXRAD AWS Open Data
2023-07-03T04:00:00+00:00,KATX,5.54,1034.1,88.5,48.1947,-122.4944,151.0,NOAA_ISD,NOAA NEXRAD AWS Open Data
2023-07-03T04:00:00+00:00,KFWS,11.84,1028.1,68.5,32.5731,-97.3031,207.0,NOAA_ISD,NOAA NEXRAD AWS Open Data
2023-07-03T04:00:00+00:00,KDMX,8.24,1018.1,73.5,41.7311,-93.7228,299.0,NOAA_ISD,NOAA NEXRAD AWS Open Data
2023-07-03T05:00:00+00:00,KTLX,11.53,1011.1,71.4,35.3331,-97.2778,370.0,NOAA_ISD,NOAA NEXRAD AWS Open Data
2023-07-03T05:00:00+00:00,KOKX,9.03,1049.2,83.4,40.8656,-72.8628,20.0,NOAA_ISD,NOAA NEXRAD AWS Open Data
2023-07-03T05:00:00+00:00,KAMX,17.33,1051.2,89.4,25.6111,-80.4128,4.0,NOAA_ISD,NOAA NEXRAD AWS Open Data
2023-07-03T05:00:00+00:00,KATX,7.33,1035.2,86.4,48.1947,-122.4944,151.0,NOAA_ISD,NOAA NEXRAD AWS Open Data
2023-07-03T05:00:00+00:00,KFWS,13.63,1029.2,66.4,32.5731,-97.3031,207.0,NOAA_ISD,NOAA NEXRAD AWS Open Data
2023-07-03T05:00:00+00:00,KDMX,10.03,1019.1,71.4,41.7311,-93.7228,299.0,NOAA_ISD,NOAA NEXRAD AWS Open Data
2023-07-03T06:00:00+00:00,KTLX,13.8,1012.5,76.8,35.3331,-97.2778,370.0,NOAA_ISD,NOAA NEXRAD AWS Open Data
2023-07-03T06:00:00+00:00,KOKX,11.3,1050.5,88.8,40.8656,-72.8628,20.0,NOAA_ISD,NOAA NEXRAD AWS Open Data
2023-07-03T06:00:00+00:00,KAMX,19.6,1052.5,94.8,25.6111,-80.4128,4.0,NOAA_ISD,NOAA NEXRAD AWS Open Data
2023-07-03T06:00:00+00:00,KATX,9.6,1036.5,91.8,48.1947,-122.4944,151.0,NOAA_ISD,NOAA NEXRAD AWS Open Data
2023-07-03T06:00:00+00:00,KFWS,15.9,1030.5,71.8,32.5731,-97.3031,207.0,NOAA_ISD,NOAA NEXRAD AWS Open Data
2023-07-03T06:00:00+00:00,KDMX,12.3,1020.5,76.8,41.7311,-93.7228,299.0,NOAA_ISD,NOAA NEXRAD AWS Open Data
2023-07-03T07:00:00+00:00,KTLX,15.41,1013.9,74.5,35.3331,-97.2778,370.0,NOAA_ISD,NOAA NEXRAD AWS Open Data
2023-07-03T07:00:00+00:00,KOKX,12.91,1051.8,86.5,40.8656,-72.8628,20.0,NOAA_ISD,NOAA NEXRAD AWS Open Data
2023-07-03T07:00:00+00:00,KAMX,21.21,1053.8,92.5,25.6111,-80.4128,4.0,NOAA_ISD,NOAA NEXRAD AWS Open Data
2023-07-03T07:00:00+00:00,KATX,11.21,1037.8,89.5,48.1947,-122.4944,151.0,NOAA_ISD,NOAA NEXRAD AWS Open Data
2023-07-03T07:00:00+00:00,KFWS,17.51,1031.8,69.5,32.5731,-97.3031,207.0,NOAA_ISD,NOAA NEXRAD AWS Open Data
2023-07-03T07:00:00+00:00,KDMX,13.91,1021.9,74.5,41.7311,-93.7228,299.0,NOAA_ISD,NOAA NEXRAD AWS Open Data
2023-07-03T08:00:00+00:00,KTLX,18.2,1014.2,72.6,35.3331,-97.2778,370.0,NOAA_ISD,NOAA NEXRAD AWS Open Data
2023-07-03T08:00:00+00:00,KOKX,15.7,1052.2,84.6,40.8656,-72.8628,20.0,NOAA_ISD,NOAA NEXRAD AWS Open Data
2023-07-03T08:00:00+00:00,KAMX,24.0,1054.2,90.6,25.6111,-80.4128,4.0,NOAA_ISD,NOAA NEXRAD AWS Open Data
2023-07-03T08:00:00+00:00,KATX,14.0,1038.2,87.6,48.1947,-122.4944,151.0,NOAA_ISD,NOAA NEXRAD AWS Open Data
2023-07-03T08:00:00+00:00,KFWS,20.3,1032.2,67.6,32.5731,-97.3031,207.0,NOAA_ISD,NOAA NEXRAD AWS Open Data
2023-07-03T08:00:00+00:00,KDMX,16.7,1022.2,72.6,41.7311,-93.7228,299.0,NOAA_ISD,NOAA NEXRAD AWS Open Data
2023-07-03T09:00:00+00:00,KTLX,20.99,1014.6,77.9,35.3331,-97.2778,370.0,NOAA_ISD,NOAA NEXRAD AWS Open Data
2023-07-03T09:00:00+00:00,KOKX,18.49,1052.6,89.9,40.8656,-72.8628,20.0,NOAA_ISD,NOAA NEXRAD AWS Open Data
2023-07-03T09:00:00+00:00,KAMX,26.79,1054.6,95.9,25.6111,-80.4128,4.0,NOAA_ISD,NOAA NEXRAD AWS Open Data
2023-07-03T09:00:00+00:00,KATX,16.79,1038.6,92.9,48.1947,-122.4944,151.0,NOAA_ISD,NOAA NEXRAD AWS Open Data
2023-07-03T09:00:00+00:00,KFWS,23.09,1032.6,72.9,32.5731,-97.3031,207.0,NOAA_ISD,NOAA NEXRAD AWS Open Data
2023-07-03T09:00:00+00:00,KDMX,19.49,1022.6,77.9,41.7311,-93.7228,299.0,NOAA_ISD,NOAA NEXRAD AWS Open Data
2023-07-03T10:00:00+00:00,KTLX,23.6,1014.4,75.9,35.3331,-97.2778,370.0,NOAA_ISD,NOAA NEXRAD AWS Open Data
2023-07-03T10:00:00+00:00,KOKX,21.1,1052.4,87.9,40.8656,-72.8628,20.0,NOAA_ISD,NOAA NEXRAD AWS Open Data
2023-07-03T10:00:00+00:00,KAMX,29.4,1054.4,93.9,25.6111,-80.4128,4.0,NOAA_ISD,NOAA NEXRAD AWS Open Data
2023-07-03T10:00:00+00:00,KATX,19.4,1038.4,90.9,48.1947,-122.4944,151.0,NOAA_ISD,NOAA NEXRAD AWS Open Data
2023-07-03T10:00:00+00:00,KFWS,25.7,1032.4,70.9,32.5731,-97.3031,207.0,NOAA_ISD,NOAA NEXRAD AWS Open Data
2023-07-03T10:00:00+00:00,KDMX,22.1,1022.4,75.9,41.7311,-93.7228,299.0,NOAA_ISD,NOAA NEXRAD AWS Open Data
2023-07-03T11:00:00+00:00,KTLX,25.87,1013.5,74.0,35.3331,-97.2778,370.0,NOAA_ISD,NOAA NEXRAD AWS Open Data
2023-07-03T11:00:00+00:00,KOKX,23.37,1051.5,86.0,40.8656,-72.8628,20.0,NOAA_ISD,NOAA NEXRAD AWS Open Data
2023-07-03T11:00:00+00:00,KAMX,31.67,1053.5,92.0,25.6111,-80.4128,4.0,NOAA_ISD,NOAA NEXRAD AWS Open Data
2023-07-03T11:00:00+00:00,KATX,21.67,1037.5,89.0,48.1947,-122.4944,151.0,NOAA_ISD,NOAA NEXRAD AWS Open Data
2023-07-03T11:00:00+00:00,KFWS,27.97,1031.5,69.0,32.5731,-97.3031,207.0,NOAA_ISD,NOAA NEXRAD AWS Open Data
2023-07-03T11:00:00+00:00,KDMX,24.37,1021.5,74.0,41.7311,-93.7228,299.0,NOAA_ISD,NOAA NEXRAD AWS Open Data
2023-07-03T12:00:00+00:00,KTLX,26.66,1012.4,78.7,35.3331,-97.2778,370.0,NOAA_ISD,NOAA NEXRAD AWS Open Data
2023-07-03T12:00:00+00:00,KOKX,24.16,1050.4,90.7,40.8656,-72.8628,20.0,NOAA_ISD,NOAA NEXRAD AWS Open Data
2023-07-03T12:00:00+00:00,KAMX,32.46,1052.4,96.7,25.6111,-80.4128,4.0,NOAA_ISD,NOAA NEXRAD AWS Open Data
2023-07-03T12:00:00+00:00,KATX,22.46,1036.4,93.7,48.1947,-122.4944,151.0,NOAA_ISD,NOAA NEXRAD AWS Open Data
2023-07-03T12:00:00+00:00,KFWS,28.76,1030.4,73.7,32.5731,-97.3031,207.0,NOAA_ISD,NOAA NEXRAD AWS Open Data
2023-07-03T12:00:00+00:00,KDMX,25.16,1020.4,78.7,41.7311,-93.7228,299.0,NOAA_ISD,NOAA NEXRAD AWS Open Data
2023-07-03T13:00:00+00:00,KTLX,27.86,1011.2,76.6,35.3331,-97.2778,370.0,NOAA_ISD,NOAA NEXRAD AWS Open Data
2023-07-03T13:00:00+00:00,KOKX,25.36,1049.2,88.6,40.8656,-72.8628,20.0,NOAA_ISD,NOAA NEXRAD AWS Open Data
2023-07-03T13:00:00+00:00,KAMX,33.66,1051.2,94.6,25.6111,-80.4128,4.0,NOAA_ISD,NOAA NEXRAD AWS Open Data
2023-07-03T13:00:00+00:00,KATX,23.66,1035.2,91.6,48.1947,-122.4944,151.0,NOAA_ISD,NOAA NEXRAD AWS Open Data
2023-07-03T13:00:00+00:00,KFWS,29.96,1029.2,71.6,32.5731,-97.3031,207.0,NOAA_ISD,NOAA NEXRAD AWS Open Data
2023-07-03T13:00:00+00:00,KDMX,26.36,1019.2,76.6,41.7311,-93.7228,299.0,NOAA_ISD,NOAA NEXRAD AWS Open Data
2023-07-03T14:00:00+00:00,KTLX,28.4,1010.4,74.4,35.3331,-97.2778,370.0,NOAA_ISD,NOAA NEXRAD AWS Open Data
2023-07-03T14:00:00+00:00,KOKX,25.9,1048.4,86.4,40.8656,-72.8628,20.0,NOAA_ISD,NOAA NEXRAD AWS Open Data
2023-07-03T14:00:00+00:00,KAMX,34.2,1050.4,92.4,25.6111,-80.4128,4.0,NOAA_ISD,NOAA NEXRAD AWS Open Data
2023-07-03T14:00:00+00:00,KATX,24.2,1034.4,89.4,48.1947,-122.4944,151.0,NOAA_ISD,NOAA NEXRAD AWS Open Data
2023-07-03T14:00:00+00:00,KFWS,30.5,1028.4,69.4,32.5731,-97.3031,207.0,NOAA_ISD,NOAA NEXRAD AWS Open Data
2023-07-03T14:00:00+00:00,KDMX,26.9,1018.4,74.4,41.7311,-93.7228,299.0,NOAA_ISD,NOAA NEXRAD AWS Open Data
2023-07-03T15:00:00+00:00,KTLX,28.26,1009.5,79.0,35.3331,-97.2778,370.0,NOAA_ISD,NOAA NEXRAD AWS Open Data
2023-07-03T15:00:00+00:00,KOKX,25.76,1047.5,91.0,40.8656,-72.8628,20.0,NOAA_ISD,NOAA NEXRAD AWS Open Data
2023-07-03T15:00:00+00:00,KAMX,34.06,1049.5,97.0,25.6111,-80.4128,4.0,NOAA_ISD,NOAA NEXRAD AWS Open Data
2023-07-03T15:00:00+00:00,KATX,24.06,1033.5,94.0,48.1947,-122.4944,151.0,NOAA_ISD,NOAA NEXRAD AWS Open Data
2023-07-03T15:00:00+00:00,KFWS,30.36,1027.5,74.0,32.5731,-97.3031,207.0,NOAA_ISD,NOAA NEXRAD AWS Open Data
2023-07-03T15:00:00+00:00,KDMX,26.76,1017.5,79.0,41.7311,-93.7228,299.0,NOAA_ISD,NOAA NEXRAD AWS Open Data
2023-07-03T16:00:00+00:00,KTLX,27.46,1009.9,76.5,35.3331,-97.2778,370.0,NOAA_ISD,NOAA NEXRAD AWS Open Data
2023-07-03T16:00:00+00:00,KOKX,24.96,1047.9,88.5,40.8656,-72.8628,20.0,NOAA_ISD,NOAA NEXRAD AWS Open Data
2023-07-03T16:00:00+00:00,KAMX,33.26,1049.9,94.5,25.6111,-80.4128,4.0,NOAA_ISD,NOAA NEXRAD AWS Open Data
2023-07-03T16:00:00+00:00,KATX,23.26,1033.9,91.5,48.1947,-122.4944,151.0,NOAA_ISD,NOAA NEXRAD AWS Open Data
2023-07-03T16:00:00+00:00,KFWS,29.56,1027.9,71.5,32.5731,-97.3031,207.0,NOAA_ISD,NOAA NEXRAD AWS Open Data
2023-07-03T16:00:00+00:00,KDMX,25.96,1017.9,76.5,41.7311,-93.7228,299.0,NOAA_ISD,NOAA NEXRAD AWS Open Data
2023-07-03T17:00:00+00:00,KTLX,25.07,1011.0,73.8,35.3331,-97.2778,370.0,NOAA_ISD,NOAA NEXRAD AWS Open Data
2023-07-03T17:00:00+00:00,KOKX,22.57,1049.0,85.8,40.8656,-72.8628,20.0,NOAA_ISD,NOAA NEXRAD AWS Open Data
2023-07-03T17:00:00+00:00,KAMX,30.87,1051.0,91.8,25.6111,-80.4128,4.0,NOAA_ISD,NOAA NEXRAD AWS Open Data
2023-07-03T17:00:00+00:00,KATX,20.87,1035.0,88.8,48.1947,-122.4944,151.0,NOAA_ISD,NOAA NEXRAD AWS Open Data
2023-07-03T17:00:00+00:00,KFWS,27.17,1029.0,68.8,32.5731,-97.3031,207.0,NOAA_ISD,NOAA NEXRAD AWS Open Data
2023-07-03T17:00:00+00:00,KDMX,23.57,1019.0,73.8,41.7311,-93.7228,299.0,NOAA_ISD,NOAA NEXRAD AWS Open Data
2023-07-03T18:00:00+00:00,KTLX,23.2,1012.3,78.2,35.3331,-97.2778,370.0,NOAA_ISD,NOAA NEXRAD AWS Open Data
2023-07-03T18:00:00+00:00,KOKX,20.7,1050.3,90.2,40.8656,-72.8628,20.0,NOAA_ISD,NOAA NEXRAD AWS Open Data
2023-07-03T18:00:00+00:00,KAMX,29.0,1052.3,96.2,25.6111,-80.4128,4.0,NOAA_ISD,NOAA NEXRAD AWS Open Data
2023-07-03T18:00:00+00:00,KATX,19.0,1036.3,93.2,48.1947,-122.4944,151.0,NOAA_ISD,NOAA NEXRAD AWS Open Data
2023-07-03T18:00:00+00:00,KFWS,25.3,1030.3,73.2,32.5731,-97.3031,207.0,NOAA_ISD,NOAA NEXRAD AWS Open Data
2023-07-03T18:00:00+00:00,KDMX,21.7,1020.3,78.2,41.7311,-93.7228,299.0,NOAA_ISD,NOAA NEXRAD AWS Open Data
2023-07-03T19:00:00+00:00,KTLX,20.99,1013.6,75.5,35.3331,-97.2778,370.0,NOAA_ISD,NOAA NEXRAD AWS Open Data
2023-07-03T19:00:00+00:00,KOKX,18.49,1051.7,87.5,40.8656,-72.8628,20.0,NOAA_ISD,NOAA NEXRAD AWS Open Data
2023-07-03T19:00:00+00:00,KAMX,26.79,1053.7,93.5,25.6111,-80.4128,4.0,NOAA_ISD,NOAA NEXRAD AWS Open Data
2023-07-03T19:00:00+00:00,KATX,16.79,1037.7,90.5,48.1947,-122.4944,151.0,NOAA_ISD,NOAA NEXRAD AWS Open Data
2023-07-03T19:00:00+00:00,KFWS,23.09,1031.7,70.5,32.5731,-97.3031,207.0,NOAA_ISD,NOAA NEXRAD AWS Open Data
2023-07-03T19:00:00+00:00,KDMX,19.49,1021.6,75.5,41.7311,-93.7228,299.0,NOAA_ISD,NOAA NEXRAD AWS Open Data
2023-07-03T20:00:00+00:00,KTLX,18.6,1014.7,72.7,35.3331,-97.2778,370.0,NOAA_ISD,NOAA NEXRAD AWS Open Data
2023-07-03T20:00:00+00:00,KOKX,16.1,1052.7,84.7,40.8656,-72.8628,20.0,NOAA_ISD,NOAA NEXRAD AWS Open Data
2023-07-03T20:00:00+00:00,KAMX,24.4,1054.7,90.7,25.6111,-80.4128,4.0,NOAA_ISD,NOAA NEXRAD AWS Open Data
2023-07-03T20:00:00+00:00,KATX,14.4,1038.7,87.7,48.1947,-122.4944,151.0,NOAA_ISD,NOAA NEXRAD AWS Open Data
2023-07-03T20:00:00+00:00,KFWS,20.7,1032.7,67.7,32.5731,-97.3031,207.0,NOAA_ISD,NOAA NEXRAD AWS Open Data
2023-07-03T20:00:00+00:00,KDMX,17.1,1022.7,72.7,41.7311,-93.7228,299.0,NOAA_ISD,NOAA NEXRAD AWS Open Data
2023-07-03T21:00:00+00:00,KTLX,16.21,1015.1,77.2,35.3331,-97.2778,370.0,NOAA_ISD,NOAA NEXRAD AWS Open Data
2023-07-03T21:00:00+00:00,KOKX,13.71,1053.1,89.2,40.8656,-72.8628,20.0,NOAA_ISD,NOAA NEXRAD AWS Open Data
2023-07-03T21:00:00+00:00,KAMX,22.01,1055.1,95.2,25.6111,-80.4128,4.0,NOAA_ISD,NOAA NEXRAD AWS Open Data
2023-07-03T21:00:00+00:00,KATX,12.01,1039.1,92.2,48.1947,-122.4944,151.0,NOAA_ISD,NOAA NEXRAD AWS Open Data
2023-07-03T21:00:00+00:00,KFWS,18.31,1033.1,72.2,32.5731,-97.3031,207.0,NOAA_ISD,NOAA NEXRAD AWS Open Data
2023-07-03T21:00:00+00:00,KDMX,14.71,1023.1,77.2,41.7311,-93.7228,299.0,NOAA_ISD,NOAA NEXRAD AWS Open Data
2023-07-03T22:00:00+00:00,KTLX,13.0,1014.2,74.1,35.3331,-97.2778,370.0,NOAA_ISD,NOAA NEXRAD AWS Open Data
2023-07-03T22:00:00+00:00,KOKX,10.5,1052.2,86.1,40.8656,-72.8628,20.0,NOAA_ISD,NOAA NEXRAD AWS Open Data
2023-07-03T22:00:00+00:00,KAMX,18.8,1054.2,92.1,25.6111,-80.4128,4.0,NOAA_ISD,NOAA NEXRAD AWS Open Data
2023-07-03T22:00:00+00:00,KATX,8.8,1038.2,89.1,48.1947,-122.4944,151.0,NOAA_ISD,NOAA NEXRAD AWS Open Data
2023-07-03T22:00:00+00:00,KFWS,15.1,1032.2,69.1,32.5731,-97.3031,207.0,NOAA_ISD,NOAA NEXRAD AWS Open Data
2023-07-03T22:00:00+00:00,KDMX,11.5,1022.2,74.1,41.7311,-93.7228,299.0,NOAA_ISD,NOAA NEXRAD AWS Open Data
2023-07-03T23:00:00+00:00,KTLX,11.13,1013.4,71.3,35.3331,-97.2778,370.0,NOAA_ISD,NOAA NEXRAD AWS Open Data
2023-07-03T23:00:00+00:00,KOKX,8.63,1051.3,83.3,40.8656,-72.8628,20.0,NOAA_ISD,NOAA NEXRAD AWS Open Data
2023-07-03T23:00:00+00:00,KAMX,16.93,1053.3,89.3,25.6111,-80.4128,4.0,NOAA_ISD,NOAA NEXRAD AWS Open Data
2023-07-03T23:00:00+00:00,KATX,6.93,1037.3,86.3,48.1947,-122.4944,151.0,NOAA_ISD,NOAA NEXRAD AWS Open Data
2023-07-03T23:00:00+00:00,KFWS,13.23,1031.3,66.3,32.5731,-97.3031,207.0,NOAA_ISD,NOAA NEXRAD AWS Open Data
2023-07-03T23:00:00+00:00,KDMX,9.63,1021.4,71.3,41.7311,-93.7228,299.0,NOAA_ISD,NOAA NEXRAD AWS Open Data
2023-07-04T00:00:00+00:00,KTLX,9.74,1012.2,76.2,35.3331,-97.2778,370.0,NOAA_ISD,NOAA NEXRAD AWS Open Data
2023-07-04T00:00:00+00:00,KOKX,7.24,1050.2,88.2,40.8656,-72.8628,20.0,NOAA_ISD,NOAA NEXRAD AWS Open Data
2023-07-04T00:00:00+00:00,KAMX,15.54,1052.2,94.2,25.6111,-80.4128,4.0,NOAA_ISD,NOAA NEXRAD AWS Open Data
2023-07-04T00:00:00+00:00,KATX,5.54,1036.2,91.2,48.1947,-122.4944,151.0,NOAA_ISD,NOAA NEXRAD AWS Open Data
2023-07-04T00:00:00+00:00,KFWS,11.84,1030.2,71.2,32.5731,-97.3031,207.0,NOAA_ISD,NOAA NEXRAD AWS Open Data
2023-07-04T00:00:00+00:00,KDMX,8.24,1020.2,76.2,41.7311,-93.7228,299.0,NOAA_ISD,NOAA NEXRAD AWS Open Data
2023-07-04T01:00:00+00:00,KTLX,8.94,1011.0,73.4,35.3331,-97.2778,370.0,NOAA_ISD,NOAA NEXRAD AWS Open Data
2023-07-04T01:00:00+00:00,KOKX,6.44,1049.0,85.4,40.8656,-72.8628,20.0,NOAA_ISD,NOAA NEXRAD AWS Open Data
2023-07-04T01:00:00+00:00,KAMX,14.74,1051.0,91.4,25.6111,-80.4128,4.0,NOAA_ISD,NOAA NEXRAD AWS Open Data
2023-07-04T01:00:00+00:00,KATX,4.74,1035.0,88.4,48.1947,-122.4944,151.0,NOAA_ISD,NOAA NEXRAD AWS Open Data
2023-07-04T01:00:00+00:00,KFWS,11.04,1029.0,68.4,32.5731,-97.3031,207.0,NOAA_ISD,NOAA NEXRAD AWS Open Data
2023-07-04T01:00:00+00:00,KDMX,7.44,1019.0,73.4,41.7311,-93.7228,299.0,NOAA_ISD,NOAA NEXRAD AWS Open Data
2023-07-04T02:00:00+00:00,KTLX,8.8,1010.2,70.8,35.3331,-97.2778,370.0,NOAA_ISD,NOAA NEXRAD AWS Open Data
2023-07-04T02:00:00+00:00,KOKX,6.3,1048.2,82.8,40.8656,-72.8628,20.0,NOAA_ISD,NOAA NEXRAD AWS Open Data
2023-07-04T02:00:00+00:00,KAMX,14.6,1050.2,88.8,25.6111,-80.4128,4.0,NOAA_ISD,NOAA NEXRAD AWS Open Data
2023-07-04T02:00:00+00:00,KATX,4.6,1034.2,85.8,48.1947,-122.4944,151.0,NOAA_ISD,NOAA NEXRAD AWS Open Data
2023-07-04T02:00:00+00:00,KFWS,10.9,1028.2,65.8,32.5731,-97.3031,207.0,NOAA_ISD,NOAA NEXRAD AWS Open Data
2023-07-04T02:00:00+00:00,KDMX,7.3,1018.2,70.8,41.7311,-93.7228,299.0,NOAA_ISD,NOAA NEXRAD AWS Open Data
2023-07-04T03:00:00+00:00,KTLX,8.34,1010.0,75.9,35.3331,-97.2778,370.0,NOAA_ISD,NOAA NEXRAD AWS Open Data
2023-07-04T03:00:00+00:00,KOKX,5.84,1048.0,87.9,40.8656,-72.8628,20.0,NOAA_ISD,NOAA NEXRAD AWS Open Data
2023-07-04T03:00:00+00:00,KAMX,14.14,1050.0,93.9,25.6111,-80.4128,4.0,NOAA_ISD,NOAA NEXRAD AWS Open Data
2023-07-04T03:00:00+00:00,KATX,4.14,1034.0,90.9,48.1947,-122.4944,151.0,NOAA_ISD,NOAA NEXRAD AWS Open Data
2023-07-04T03:00:00+00:00,KFWS,10.44,1028.0,70.9,32.5731,-97.3031,207.0,NOAA_ISD,NOAA NEXRAD AWS Open Data
2023-07-04T03:00:00+00:00,KDMX,6.84,1018.0,75.9,41.7311,-93.7228,299.0,NOAA_ISD,NOAA NEXRAD AWS Open Data
2023-07-04T04:00:00+00:00,KTLX,9.54,1010.4,73.5,35.3331,-97.2778,370.0,NOAA_ISD,NOAA NEXRAD AWS Open Data
2023-07-04T04:00:00+00:00,KOKX,7.04,1048.4,85.5,40.8656,-72.8628,20.0,NOAA_ISD,NOAA NEXRAD AWS Open Data
2023-07-04T04:00:00+00:00,KAMX,15.34,1050.4,91.5,25.6111,-80.4128,4.0,NOAA_ISD,NOAA NEXRAD AWS Open Data
2023-07-04T04:00:00+00:00,KATX,5.34,1034.4,88.5,48.1947,-122.4944,151.0,NOAA_ISD,NOAA NEXRAD AWS Open Data
2023-07-04T04:00:00+00:00,KFWS,11.64,1028.4,68.5,32.5731,-97.3031,207.0,NOAA_ISD,NOAA NEXRAD AWS Open Data
2023-07-04T04:00:00+00:00,KDMX,8.04,1018.4,73.5,41.7311,-93.7228,299.0,NOAA_ISD,NOAA NEXRAD AWS Open Data
2023-07-04T05:00:00+00:00,KTLX,11.33,1010.8,71.3,35.3331,-97.2778,370.0,NOAA_ISD,NOAA NEXRAD AWS Open Data
2023-07-04T05:00:00+00:00,KOKX,8.83,1048.8,83.3,40.8656,-72.8628,20.0,NOAA_ISD,NOAA NEXRAD AWS Open Data
2023-07-04T05:00:00+00:00,KAMX,17.13,1050.8,89.3,25.6111,-80.4128,4.0,NOAA_ISD,NOAA NEXRAD AWS Open Data
2023-07-04T05:00:00+00:00,KATX,7.13,1034.8,86.3,48.1947,-122.4944,151.0,NOAA_ISD,NOAA NEXRAD AWS Open Data
2023-07-04T05:00:00+00:00,KFWS,13.43,1028.8,66.3,32.5731,-97.3031,207.0,NOAA_ISD,NOAA NEXRAD AWS Open Data
2023-07-04T05:00:00+00:00,KDMX,9.83,1018.8,71.3,41.7311,-93.7228,299.0,NOAA_ISD,NOAA NEXRAD AWS Open Data
2023-07-04T06:00:00+00:00,KTLX,13.6,1012.1,76.8,35.3331,-97.2778,370.0,NOAA_ISD,NOAA NEXRAD AWS Open Data
2023-07-04T06:00:00+00:00,KOKX,11.1,1050.1,88.8,40.8656,-72.8628,20.0,NOAA_ISD,NOAA NEXRAD AWS Open Data
2023-07-04T06:00:00+00:00,KAMX,19.4,1052.1,94.8,25.6111,-80.4128,4.0,NOAA_ISD,NOAA NEXRAD AWS Open Data
2023-07-04T06:00:00+00:00,KATX,9.4,1036.1,91.8,48.1947,-122.4944,151.0,NOAA_ISD,NOAA NEXRAD AWS Open Data
2023-07-04T06:00:00+00:00,KFWS,15.7,1030.1,71.8,32.5731,-97.3031,207.0,NOAA_ISD,NOAA NEXRAD AWS Open Data
2023-07-04T06:00:00+00:00,KDMX,12.1,1020.1,76.8,41.7311,-93.7228,299.0,NOAA_ISD,NOAA NEXRAD AWS Open Data
2023-07-04T07:00:00+00:00,KTLX,16.21,1013.5,74.7,35.3331,-97.2778,370.0,NOAA_ISD,NOAA NEXRAD AWS Open Data
2023-07-04T07:00:00+00:00,KOKX,13.71,1051.5,86.7,40.8656,-72.8628,20.0,NOAA_ISD,NOAA NEXRAD AWS Open Data
2023-07-04T07:00:00+00:00,KAMX,22.01,1053.5,92.7,25.6111,-80.4128,4.0,NOAA_ISD,NOAA NEXRAD AWS Open Data
2023-07-04T07:00:00+00:00,KATX,12.01,1037.5,89.7,48.1947,-122.4944,151.0,NOAA_ISD,NOAA NEXRAD AWS Open Data
2023-07-04T07:00:00+00:00,KFWS,18.31,1031.5,69.7,32.5731,-97.3031,207.0,NOAA_ISD,NOAA NEXRAD AWS Open Data
2023-07-04T07:00:00+00:00,KDMX,14.71,1021.5,74.7,41.7311,-93.7228,299.0,NOAA_ISD,NOAA NEXRAD AWS Open Data
2023-07-04T08:00:00+00:00,KTLX,18.0,1014.5,72.6,35.3331,-97.2778,370.0,NOAA_ISD,NOAA NEXRAD AWS Open Data
2023-07-04T08:00:00+00:00,KOKX,15.5,1052.5,84.6,40.8656,-72.8628,20.0,NOAA_ISD,NOAA NEXRAD AWS Open Data
2023-07-04T08:00:00+00:00,KAMX,23.8,1054.5,90.6,25.6111,-80.4128,4.0,NOAA_ISD,NOAA NEXRAD AWS Open Data
2023-07-04T08:00:00+00:00,KATX,13.8,1038.5,87.6,48.1947,-122.4944,151.0,NOAA_ISD,NOAA NEXRAD AWS Open Data
2023-07-04T08:00:00+00:00,KFWS,20.1,1032.5,67.6,32.5731,-97.3031,207.0,NOAA_ISD,NOAA NEXRAD AWS Open Data
2023-07-04T08:00:00+00:00,KDMX,16.5,1022.5,72.6,41.7311,-93.7228,299.0,NOAA_ISD,NOAA NEXRAD AWS Open Data
2023-07-04T09:00:00+00:00,KTLX,20.79,1014.9,77.9,35.3331,-97.2778,370.0,NOAA_ISD,NOAA NEXRAD AWS Open Data
2023-07-04T09:00:00+00:00,KOKX,18.29,1052.9,89.9,40.8656,-72.8628,20.0,NOAA_ISD,NOAA NEXRAD AWS Open Data
2023-07-04T09:00:00+00:00,KAMX,26.59,1054.9,95.9,25.6111,-80.4128,4.0,NOAA_ISD,NOAA NEXRAD AWS Open Data
2023-07-04T09:00:00+00:00,KATX,16.59,1038.9,92.9,48.1947,-122.4944,151.0,NOAA_ISD,NOAA NEXRAD AWS Open Data
2023-07-04T09:00:00+00:00,KFWS,22.89,1032.9,72.9,32.5731,-97.3031,207.0,NOAA_ISD,NOAA NEXRAD AWS Open Data
2023-07-04T09:00:00+00:00,KDMX,19.29,1022.9,77.9,41.7311,-93.7228,299.0,NOAA_ISD,NOAA NEXRAD AWS Open Data
2023-07-04T10:00:00+00:00,KTLX,23.4,1014.7,75.9,35.3331,-97.2778,370.0,NOAA_ISD,NOAA NEXRAD AWS Open Data
2023-07-04T10:00:00+00:00,KOKX,20.9,1052.7,87.9,40.8656,-72.8628,20.0,NOAA_ISD,NOAA NEXRAD AWS Open Data
2023-07-04T10:00:00+00:00,KAMX,29.2,1054.7,93.9,25.6111,-80.4128,4.0,NOAA_ISD,NOAA NEXRAD AWS Open Data
2023-07-04T10:00:00+00:00,KATX,19.2,1038.7,90.9,48.1947,-122.4944,151.0,NOAA_ISD,NOAA NEXRAD AWS Open Data
2023-07-04T10:00:00+00:00,KFWS,25.5,1032.7,70.9,32.5731,-97.3031,207.0,NOAA_ISD,NOAA NEXRAD AWS Open Data
2023-07-04T10:00:00+00:00,KDMX,21.9,1022.7,75.9,41.7311,-93.7228,299.0,NOAA_ISD,NOAA NEXRAD AWS Open Data
2023-07-04T11:00:00+00:00,KTLX,25.67,1013.9,73.9,35.3331,-97.2778,370.0,NOAA_ISD,NOAA NEXRAD AWS Open Data
2023-07-04T11:00:00+00:00,KOKX,23.17,1051.8,85.9,40.8656,-72.8628,20.0,NOAA_ISD,NOAA NEXRAD AWS Open Data
2023-07-04T11:00:00+00:00,KAMX,31.47,1053.8,91.9,25.6111,-80.4128,4.0,NOAA_ISD,NOAA NEXRAD AWS Open Data
2023-07-04T11:00:00+00:00,KATX,21.47,1037.8,88.9,48.1947,-122.4944,151.0,NOAA_ISD,NOAA NEXRAD AWS Open Data
2023-07-04T11:00:00+00:00,KFWS,27.77,1031.8,68.9,32.5731,-97.3031,207.0,NOAA_ISD,NOAA NEXRAD AWS Open Data
2023-07-04T11:00:00+00:00,KDMX,24.17,1021.9,73.9,41.7311,-93.7228,299.0,NOAA_ISD,NOAA NEXRAD AWS Open Data
2023-07-04T12:00:00+00:00,KTLX,27.46,1012.0,78.8,35.3331,-97.2778,370.0,NOAA_ISD,NOAA NEXRAD AWS Open Data
2023-07-04T12:00:00+00:00,KOKX,24.96,1050.0,90.8,40.8656,-72.8628,20.0,NOAA_ISD,NOAA NEXRAD AWS Open Data
2023-07-04T12:00:00+00:00,KAMX,33.26,1052.0,96.8,25.6111,-80.4128,4.0,NOAA_ISD,NOAA NEXRAD AWS Open Data
2023-07-04T12:00:00+00:00,KATX,23.26,1036.0,93.8,48.1947,-122.4944,151.0,NOAA_ISD,NOAA NEXRAD AWS Open Data
2023-07-04T12:00:00+00:00,KFWS,29.56,1030.0,73.8,32.5731,-97.3031,207.0,NOAA_ISD,NOAA NEXRAD AWS Open Data
2023-07-04T12:00:00+00:00,KDMX,25.96,1020.0,78.8,41.7311,-93.7228,299.0,NOAA_ISD,NOAA NEXRAD AWS Open Data
2023-07-04T13:00:00+00:00,KTLX,27.66,1010.9,76.5,35.3331,-97.2778,370.0,NOAA_ISD,NOAA NEXRAD AWS Open Data
2023-07-04T13:00:00+00:00,KOKX,25.16,1048.8,88.5,40.8656,-72.8628,20.0,NOAA_ISD,NOAA NEXRAD AWS Open Data
2023-07-04T13:00:00+00:00,KAMX,33.46,1050.8,94.5,25.6111,-80.4128,4.0,NOAA_ISD,NOAA NEXRAD AWS Open Data
2023-07-04T13:00:00+00:00,KATX,23.46,1034.8,91.5,48.1947,-122.4944,151.0,NOAA_ISD,NOAA NEXRAD AWS Open Data
2023-07-04T13:00:00+00:00,KFWS,29.76,1028.8,71.5,32.5731,-97.3031,207.0,NOAA_ISD,NOAA NEXRAD AWS Open Data
2023-07-04T13:00:00+00:00,KDMX,26.16,1018.9,76.5,41.7311,-93.7228,299.0,NOAA_ISD,NOAA NEXRAD AWS Open Data
2023-07-04T14:00:00+00:00,KTLX,28.2,1010.0,74.3,35.3331,-97.2778,370.0,NOAA_ISD,NOAA NEXRAD AWS Open Data
2023-07-04T14:00:00+00:00,KOKX,25.7,1048.0,86.3,40.8656,-72.8628,20.0,NOAA_ISD,NOAA NEXRAD AWS Open Data
2023-07-04T14:00:00+00:00,KAMX,34.0,1050.0,92.3,25.6111,-80.4128,4.0,NOAA_ISD,NOAA NEXRAD AWS Open Data
2023-07-04T14:00:00+00:00,KATX,24.0,1034.0,89.3,48.1947,-122.4944,151.0,NOAA_ISD,NOAA NEXRAD AWS Open Data
2023-07-04T14:00:00+00:00,KFWS,30.3,1028.0,69.3,32.5731,-97.3031,207.0,NOAA_ISD,NOAA NEXRAD AWS Open Data
2023-07-04T14:00:00+00:00,KDMX,26.7,1018.0,74.3,41.7311,-93.7228,299.0,NOAA_ISD,NOAA NEXRAD AWS Open Data
2023-07-04T15:00:00+00:00,KTLX,28.06,1009.8,78.9,35.3331,-97.2778,370.0,NOAA_ISD,NOAA NEXRAD AWS Open Data
2023-07-04T15:00:00+00:00,KOKX,25.56,1047.8,90.9,40.8656,-72.8628,20.0,NOAA_ISD,NOAA NEXRAD AWS Open Data
2023-07-04T15:00:00+00:00,KAMX,33.86,1049.8,96.9,25.6111,-80.4128,4.0,NOAA_ISD,NOAA NEXRAD AWS Open Data
2023-07-04T15:00:00+00:00,KATX,23.86,1033.8,93.9,48.1947,-122.4944,151.0,NOAA_ISD,NOAA NEXRAD AWS Open Data
2023-07-04T15:00:00+00:00,KFWS,30.16,1027.8,73.9,32.5731,-97.3031,207.0,NOAA_ISD,NOAA NEXRAD AWS Open Data
2023-07-04T15:00:00+00:00,KDMX,26.56,1017.8,78.9,41.7311,-93.7228,299.0,NOAA_ISD,NOAA NEXRAD AWS Open Data
2023-07-04T16:00:00+00:00,KTLX,27.26,1010.2,76.5,35.3331,-97.2778,370.0,NOAA_ISD,NOAA NEXRAD AWS Open Data
2023-07-04T16:00:00+00:00,KOKX,24.76,1048.2,88.5,40.8656,-72.8628,20.0,NOAA_ISD,NOAA NEXRAD AWS Open Data
2023-07-04T16:00:00+00:00,KAMX,33.06,1050.2,94.5,25.6111,-80.4128,4.0,NOAA_ISD,NOAA NEXRAD AWS Open Data
2023-07-04T16:00:00+00:00,KATX,23.06,1034.2,91.5,48.1947,-122.4944,151.0,NOAA_ISD,NOAA NEXRAD AWS Open Data
2023-07-04T16:00:00+00:00,KFWS,29.36,1028.2,71.5,32.5731,-97.3031,207.0,NOAA_ISD,NOAA NEXRAD AWS Open Data
2023-07-04T16:00:00+00:00,KDMX,25.76,1018.2,76.5,41.7311,-93.7228,299.0,NOAA_ISD,NOAA NEXRAD AWS Open Data
2023-07-04T17:00:00+00:00,KTLX,25.87,1011.2,74.0,35.3331,-97.2778,370.0,NOAA_ISD,NOAA NEXRAD AWS Open Data
2023-07-04T17:00:00+00:00,KOKX,23.37,1049.2,86.0,40.8656,-72.8628,20.0,NOAA_ISD,NOAA NEXRAD AWS Open Data
2023-07-04T17:00:00+00:00,KAMX,31.67,1051.2,92.0,25.6111,-80.4128,4.0,NOAA_ISD,NOAA NEXRAD AWS Open Data
2023-07-04T17:00:00+00:00,KATX,21.67,1035.2,89.0,48.1947,-122.4944,151.0,NOAA_ISD,NOAA NEXRAD AWS Open Data
2023-07-04T17:00:00+00:00,KFWS,27.97,1029.2,69.0,32.5731,-97.3031,207.0,NOAA_ISD,NOAA NEXRAD AWS Open Data
2023-07-04T17:00:00+00:00,KDMX,24.37,1019.2,74.0,41.7311,-93.7228,299.0,NOAA_ISD,NOAA NEXRAD AWS Open Data
2023-07-04T18:00:00+00:00,KTLX,23.0,1012.6,78.2,35.3331,-97.2778,370.0,NOAA_ISD,NOAA NEXRAD AWS Open Data
2023-07-04T18:00:00+00:00,KOKX,20.5,1050.6,90.2,40.8656,-72.8628,20.0,NOAA_ISD,NOAA NEXRAD AWS Open Data
2023-07-04T18:00:00+00:00,KAMX,28.8,1052.6,96.2,25.6111,-80.4128,4.0,NOAA_ISD,NOAA NEXRAD AWS Open Data
2023-07-04T18:00:00+00:00,KATX,18.8,1036.6,93.2,48.1947,-122.4944,151.0,NOAA_ISD,NOAA NEXRAD AWS Open Data
2023-07-04T18:00:00+00:00,KFWS,25.1,1030.6,73.2,32.5731,-97.3031,207.0,NOAA_ISD,NOAA NEXRAD AWS Open Data
2023-07-04T18:00:00+00:00,KDMX,21.5,1020.6,78.2,41.7311,-93.7228,299.0,NOAA_ISD,NOAA NEXRAD AWS Open Data
2023-07-04T19:00:00+00:00,KTLX,20.79,1013.2,75.5,35.3331,-97.2778,370.0,NOAA_ISD,NOAA NEXRAD AWS Open Data
2023-07-04T19:00:00+00:00,KOKX,18.29,1051.2,87.5,40.8656,-72.8628,20.0,NOAA_ISD,NOAA NEXRAD AWS Open Data
2023-07-04T19:00:00+00:00,KAMX,26.59,1053.2,93.5,25.6111,-80.4128,4.0,NOAA_ISD,NOAA NEXRAD AWS Open Data
2023-07-04T19:00:00+00:00,KATX,16.59,1037.2,90.5,48.1947,-122.4944,151.0,NOAA_ISD,NOAA NEXRAD AWS Open Data
2023-07-04T19:00:00+00:00,KFWS,22.89,1031.2,70.5,32.5731,-97.3031,207.0,NOAA_ISD,NOAA NEXRAD AWS Open Data
2023-07-04T19:00:00+00:00,KDMX,19.29,1021.2,75.5,41.7311,-93.7228,299.0,NOAA_ISD,NOAA NEXRAD AWS Open Data
2023-07-04T20:00:00+00:00,KTLX,18.4,1014.3,72.7,35.3331,-97.2778,370.0,NOAA_ISD,NOAA NEXRAD AWS Open Data
2023-07-04T20:00:00+00:00,KOKX,15.9,1052.3,84.7,40.8656,-72.8628,20.0,NOAA_ISD,NOAA NEXRAD AWS Open Data
2023-07-04T20:00:00+00:00,KAMX,24.2,1054.3,90.7,25.6111,-80.4128,4.0,NOAA_ISD,NOAA NEXRAD AWS Open Data
2023-07-04T20:00:00+00:00,KATX,14.2,1038.3,87.7,48.1947,-122.4944,151.0,NOAA_ISD,NOAA NEXRAD AWS Open Data
2023-07-04T20:00:00+00:00,KFWS,20.5,1032.3,67.7,32.5731,-97.3031,207.0,NOAA_ISD,NOAA NEXRAD AWS Open Data
2023-07-04T20:00:00+00:00,KDMX,16.9,1022.3,72.7,41.7311,-93.7228,299.0,NOAA_ISD,NOAA NEXRAD AWS Open Data
2023-07-04T21:00:00+00:00,KTLX,16.01,1014.7,77.2,35.3331,-97.2778,370.0,NOAA_ISD,NOAA NEXRAD AWS Open Data
2023-07-04T21:00:00+00:00,KOKX,13.51,1052.7,89.2,40.8656,-72.8628,20.0,NOAA_ISD,NOAA NEXRAD AWS Open Data
2023-07-04T21:00:00+00:00,KAMX,21.81,1054.7,95.2,25.6111,-80.4128,4.0,NOAA_ISD,NOAA NEXRAD AWS Open Data
2023-07-04T21:00:00+00:00,KATX,11.81,1038.7,92.2,48.1947,-122.4944,151.0,NOAA_ISD,NOAA NEXRAD AWS Open Data
2023-07-04T21:00:00+00:00,KFWS,18.11,1032.7,72.2,32.5731,-97.3031,207.0,NOAA_ISD,NOAA NEXRAD AWS Open Data
2023-07-04T21:00:00+00:00,KDMX,14.51,1022.7,77.2,41.7311,-93.7228,299.0,NOAA_ISD,NOAA NEXRAD AWS Open Data
2023-07-04T22:00:00+00:00,KTLX,13.8,1014.5,74.3,35.3331,-97.2778,370.0,NOAA_ISD,NOAA NEXRAD AWS Open Data
2023-07-04T22:00:00+00:00,KOKX,11.3,1052.5,86.3,40.8656,-72.8628,20.0,NOAA_ISD,NOAA NEXRAD AWS Open Data
2023-07-04T22:00:00+00:00,KAMX,19.6,1054.5,92.3,25.6111,-80.4128,4.0,NOAA_ISD,NOAA NEXRAD AWS Open Data
2023-07-04T22:00:00+00:00,KATX,9.6,1038.5,89.3,48.1947,-122.4944,151.0,NOAA_ISD,NOAA NEXRAD AWS Open Data
2023-07-04T22:00:00+00:00,KFWS,15.9,1032.5,69.3,32.5731,-97.3031,207.0,NOAA_ISD,NOAA NEXRAD AWS Open Data
2023-07-04T22:00:00+00:00,KDMX,12.3,1022.5,74.3,41.7311,-93.7228,299.0,NOAA_ISD,NOAA NEXRAD AWS Open Data
2023-07-04T23:00:00+00:00,KTLX,10.93,1013.6,71.3,35.3331,-97.2778,370.0,NOAA_ISD,NOAA NEXRAD AWS Open Data
2023-07-04T23:00:00+00:00,KOKX,8.43,1051.7,83.3,40.8656,-72.8628,20.0,NOAA_ISD,NOAA NEXRAD AWS Open Data
2023-07-04T23:00:00+00:00,KAMX,16.73,1053.7,89.3,25.6111,-80.4128,4.0,NOAA_ISD,NOAA NEXRAD AWS Open Data
2023-07-04T23:00:00+00:00,KATX,6.73,1037.7,86.3,48.1947,-122.4944,151.0,NOAA_ISD,NOAA NEXRAD AWS Open Data
2023-07-04T23:00:00+00:00,KFWS,13.03,1031.7,66.3,32.5731,-97.3031,207.0,NOAA_ISD,NOAA NEXRAD AWS Open Data
2023-07-04T23:00:00+00:00,KDMX,9.43,1021.6,71.3,41.7311,-93.7228,299.0,NOAA_ISD,NOAA NEXRAD AWS Open Data
2023-07-05T00:00:00+00:00,KTLX,9.54,1012.5,76.1,35.3331,-97.2778,370.0,NOAA_ISD,NOAA NEXRAD AWS Open Data
2023-07-05T00:00:00+00:00,KOKX,7.04,1050.5,88.1,40.8656,-72.8628,20.0,NOAA_ISD,NOAA NEXRAD AWS Open Data
2023-07-05T00:00:00+00:00,KAMX,15.34,1052.5,94.1,25.6111,-80.4128,4.0,NOAA_ISD,NOAA NEXRAD AWS Open Data
2023-07-05T00:00:00+00:00,KATX,5.34,1036.5,91.1,48.1947,-122.4944,151.0,NOAA_ISD,NOAA NEXRAD AWS Open Data
2023-07-05T00:00:00+00:00,KFWS,11.64,1030.5,71.1,32.5731,-97.3031,207.0,NOAA_ISD,NOAA NEXRAD AWS Open Data
2023-07-05T00:00:00+00:00,KDMX,8.04,1020.5,76.1,41.7311,-93.7228,299.0,NOAA_ISD,NOAA NEXRAD AWS Open Data
2023-07-05T01:00:00+00:00,KTLX,8.74,1011.4,73.4,35.3331,-97.2778,370.0,NOAA_ISD,NOAA NEXRAD AWS Open Data
2023-07-05T01:00:00+00:00,KOKX,6.24,1049.3,85.4,40.8656,-72.8628,20.0,NOAA_ISD,NOAA NEXRAD AWS Open Data
2023-07-05T01:00:00+00:00,KAMX,14.54,1051.3,91.4,25.6111,-80.4128,4.0,NOAA_ISD,NOAA NEXRAD AWS Open Data
2023-07-05T01:00:00+00:00,KATX,4.54,1035.3,88.4,48.1947,-122.4944,151.0,NOAA_ISD,NOAA NEXRAD AWS Open Data
2023-07-05T01:00:00+00:00,KFWS,10.84,1029.3,68.4,32.5731,-97.3031,207.0,NOAA_ISD,NOAA NEXRAD AWS Open Data
2023-07-05T01:00:00+00:00,KDMX,7.24,1019.4,73.4,41.7311,-93.7228,299.0,NOAA_ISD,NOAA NEXRAD AWS Open Data
2023-07-05T02:00:00+00:00,KTLX,8.6,1009.8,70.8,35.3331,-97.2778,370.0,NOAA_ISD,NOAA NEXRAD AWS Open Data
2023-07-05T02:00:00+00:00,KOKX,6.1,1047.8,82.8,40.8656,-72.8628,20.0,NOAA_ISD,NOAA NEXRAD AWS Open Data
2023-07-05T02:00:00+00:00,KAMX,14.4,1049.8,88.8,25.6111,-80.4128,4.0,NOAA_ISD,NOAA NEXRAD AWS Open Data
2023-07-05T02:00:00+00:00,KATX,4.4,1033.8,85.8,48.1947,-122.4944,151.0,NOAA_ISD,NOAA NEXRAD AWS Open Data
2023-07-05T02:00:00+00:00,KFWS,10.7,1027.8,65.8,32.5731,-97.3031,207.0,NOAA_ISD,NOAA NEXRAD AWS Open Data
2023-07-05T02:00:00+00:00,KDMX,7.1,1017.8,70.8,41.7311,-93.7228,299.0,NOAA_ISD,NOAA NEXRAD AWS Open Data
2023-07-05T03:00:00+00:00,KTLX,9.14,1009.6,76.0,35.3331,-97.2778,370.0,NOAA_ISD,NOAA NEXRAD AWS Open Data
2023-07-05T03:00:00+00:00,KOKX,6.64,1047.6,88.0,40.8656,-72.8628,20.0,NOAA_ISD,NOAA NEXRAD AWS Open Data
2023-07-05T03:00:00+00:00,KAMX,14.94,1049.6,94.0,25.6111,-80.4128,4.0,NOAA_ISD,NOAA NEXRAD AWS Open Data
2023-07-05T03:00:00+00:00,KATX,4.94,1033.6,91.0,48.1947,-122.4944,151.0,NOAA_ISD,NOAA NEXRAD AWS Open Data
2023-07-05T03:00:00+00:00,KFWS,11.24,1027.6,71.0,32.5731,-97.3031,207.0,NOAA_ISD,NOAA NEXRAD AWS Open Data
2023-07-05T03:00:00+00:00,KDMX,7.64,1017.6,76.0,41.7311,-93.7228,299.0,NOAA_ISD,NOAA NEXRAD AWS Open Data
2023-07-05T04:00:00+00:00,KTLX,9.34,1010.0,73.5,35.3331,-97.2778,370.0,NOAA_ISD,NOAA NEXRAD AWS Open Data
2023-07-05T04:00:00+00:00,KOKX,6.84,1048.0,85.5,40.8656,-72.8628,20.0,NOAA_ISD,NOAA NEXRAD AWS Open Data
2023-07-05T04:00:00+00:00,KAMX,15.14,1050.0,91.5,25.6111,-80.4128,4.0,NOAA_ISD,NOAA NEXRAD AWS Open Data
2023-07-05T04:00:00+00:00,KATX,5.14,1034.0,88.5,48.1947,-122.4944,151.0,NOAA_ISD,NOAA NEXRAD AWS Open Data
2023-07-05T04:00:00+00:00,KFWS,11.44,1028.0,68.5,32.5731,-97.3031,207.0,NOAA_ISD,NOAA NEXRAD AWS Open Data
2023-07-05T04:00:00+00:00,KDMX,7.84,1018.0,73.5,41.7311,-93.7228,299.0,NOAA_ISD,NOAA NEXRAD AWS Open Data
2023-07-05T05:00:00+00:00,KTLX,11.13,1011.0,71.3,35.3331,-97.2778,370.0,NOAA_ISD,NOAA NEXRAD AWS Open Data
2023-07-05T05:00:00+00:00,KOKX,8.63,1049.0,83.3,40.8656,-72.8628,20.0,NOAA_ISD,NOAA NEXRAD AWS Open Data
2023-07-05T05:00:00+00:00,KAMX,16.93,1051.0,89.3,25.6111,-80.4128,4.0,NOAA_ISD,NOAA NEXRAD AWS Open Data
2023-07-05T05:00:00+00:00,KATX,6.93,1035.0,86.3,48.1947,-122.4944,151.0,NOAA_ISD,NOAA NEXRAD AWS Open Data
2023-07-05T05:00:00+00:00,KFWS,13.23,1029.0,66.3,32.5731,-97.3031,207.0,NOAA_ISD,NOAA NEXRAD AWS Open Data
2023-07-05T05:00:00+00:00,KDMX,9.63,1019.0,71.3,41.7311,-93.7228,299.0,NOAA_ISD,NOAA NEXRAD AWS Open Data
2023-07-05T06:00:00+00:00,KTLX,13.4,1012.4,76.8,35.3331,-97.2778,370.0,NOAA_ISD,NOAA NEXRAD AWS Open Data
2023-07-05T06:00:00+00:00,KOKX,10.9,1050.4,88.8,40.8656,-72.8628,20.0,NOAA_ISD,NOAA NEXRAD AWS Open Data
2023-07-05T06:00:00+00:00,KAMX,19.2,1052.4,94.8,25.6111,-80.4128,4.0,NOAA_ISD,NOAA NEXRAD AWS Open Data
2023-07-05T06:00:00+00:00,KATX,9.2,1036.4,91.8,48.1947,-122.4944,151.0,NOAA_ISD,NOAA NEXRAD AWS Open Data
2023-07-05T06:00:00+00:00,KFWS,15.5,1030.4,71.8,32.5731,-97.3031,207.0,NOAA_ISD,NOAA NEXRAD AWS Open Data
2023-07-05T06:00:00+00:00,KDMX,11.9,1020.4,76.8,41.7311,-93.7228,299.0,NOAA_ISD,NOAA NEXRAD AWS Open Data
2023-07-05T07:00:00+00:00,KTLX,16.01,1013.8,74.7,35.3331,-97.2778,370.0,NOAA_ISD,NOAA NEXRAD AWS Open Data
2023-07-05T07:00:00+00:00,KOKX,13.51,1051.8,86.7,40.8656,-72.8628,20.0,NOAA_ISD,NOAA NEXRAD AWS Open Data
2023-07-05T07:00:00+00:00,KAMX,21.81,1053.8,92.7,25.6111,-80.4128,4.0,NOAA_ISD,NOAA NEXRAD AWS Open Data
2023-07-05T07:00:00+00:00,KATX,11.81,1037.8,89.7,48.1947,-122.4944,151.0,NOAA_ISD,NOAA NEXRAD AWS Open Data
2023-07-05T07:00:00+00:00,KFWS,18.11,1031.8,69.7,32.5731,-97.3031,207.0,NOAA_ISD,NOAA NEXRAD AWS Open Data
2023-07-05T07:00:00+00:00,KDMX,14.51,1021.8,74.7,41.7311,-93.7228,299.0,NOAA_ISD,NOAA NEXRAD AWS Open Data
2023-07-05T08:00:00+00:00,KTLX,18.8,1014.8,72.7,35.3331,-97.2778,370.0,NOAA_ISD,NOAA NEXRAD AWS Open Data
2023-07-05T08:00:00+00:00,KOKX,16.3,1052.8,84.7,40.8656,-72.8628,20.0,NOAA_ISD,NOAA NEXRAD AWS Open Data
2023-07-05T08:00:00+00:00,KAMX,24.6,1054.8,90.7,25.6111,-80.4128,4.0,NOAA_ISD,NOAA NEXRAD AWS Open Data
2023-07-05T08:00:00+00:00,KATX,14.6,1038.8,87.7,48.1947,-122.4944,151.0,NOAA_ISD,NOAA NEXRAD AWS Open Data
2023-07-05T08:00:00+00:00,KFWS,20.9,1032.8,67.7,32.5731,-97.3031,207.0,NOAA_ISD,NOAA NEXRAD AWS Open Data
2023-07-05T08:00:00+00:00,KDMX,17.3,1022.8,72.7,41.7311,-93.7228,299.0,NOAA_ISD,NOAA NEXRAD AWS Open Data
2023-07-05T09:00:00+00:00,KTLX,20.59,1014.5,77.8,35.3331,-97.2778,370.0,NOAA_ISD,NOAA NEXRAD AWS Open Data
2023-07-05T09:00:00+00:00,KOKX,18.09,1052.5,89.8,40.8656,-72.8628,20.0,NOAA_ISD,NOAA NEXRAD AWS Open Data
2023-07-05T09:00:00+00:00,KAMX,26.39,1054.5,95.8,25.6111,-80.4128,4.0,NOAA_ISD,NOAA NEXRAD AWS Open Data
2023-07-05T09:00:00+00:00,KATX,16.39,1038.5,92.8,48.1947,-122.4944,151.0,NOAA_ISD,NOAA NEXRAD AWS Open Data
2023-07-05T09:00:00+00:00,KFWS,22.69,1032.5,72.8,32.5731,-97.3031,207.0,NOAA_ISD,NOAA NEXRAD AWS Open Data
2023-07-05T09:00:00+00:00,KDMX,19.09,1022.5,77.8,41.7311,-93.7228,299.0,NOAA_ISD,NOAA NEXRAD AWS Open Data
2023-07-05T10:00:00+00:00,KTLX,23.2,1014.3,75.8,35.3331,-97.2778,370.0,NOAA_ISD,NOAA NEXRAD AWS Open Data
2023-07-05T10:00:00+00:00,KOKX,20.7,1052.3,87.8,40.8656,-72.8628,20.0,NOAA_ISD,NOAA NEXRAD AWS Open Data
2023-07-05T10:00:00+00:00,KAMX,29.0,1054.3,93.8,25.6111,-80.4128,4.0,NOAA_ISD,NOAA NEXRAD AWS Open Data
2023-07-05T10:00:00+00:00,KATX,19.0,1038.3,90.8,48.1947,-122.4944,151.0,NOAA_ISD,NOAA NEXRAD AWS Open Data
2023-07-05T10:00:00+00:00,KFWS,25.3,1032.3,70.8,32.5731,-97.3031,207.0,NOAA_ISD,NOAA NEXRAD AWS Open Data
2023-07-05T10:00:00+00:00,KDMX,21.7,1022.3,75.8,41.7311,-93.7228,299.0,NOAA_ISD,NOAA NEXRAD AWS Open Data
2023-07-05T11:00:00+00:00,KTLX,25.47,1013.5,73.9,35.3331,-97.2778,370.0,NOAA_ISD,NOAA NEXRAD AWS Open Data
2023-07-05T11:00:00+00:00,KOKX,22.97,1051.5,85.9,40.8656,-72.8628,20.0,NOAA_ISD,NOAA NEXRAD AWS Open Data
2023-07-05T11:00:00+00:00,KAMX,31.27,1053.5,91.9,25.6111,-80.4128,4.0,NOAA_ISD,NOAA NEXRAD AWS Open Data
2023-07-05T11:00:00+00:00,KATX,21.27,1037.5,88.9,48.1947,-122.4944,151.0,NOAA_ISD,NOAA NEXRAD AWS Open Data
2023-07-05T11:00:00+00:00,KFWS,27.57,1031.5,68.9,32.5731,-97.3031,207.0,NOAA_ISD,NOAA NEXRAD AWS Open Data
2023-07-05T11:00:00+00:00,KDMX,23.97,1021.5,73.9,41.7311,-93.7228,299.0,NOAA_ISD,NOAA NEXRAD AWS Open Data
2023-07-05T12:00:00+00:00,KTLX,27.26,1012.3,78.8,35.3331,-97.2778,370.0,NOAA_ISD,NOAA NEXRAD AWS Open Data
2023-07-05T12:00:00+00:00,KOKX,24.76,1050.3,90.8,40.8656,-72.8628,20.0,NOAA_ISD,NOAA NEXRAD AWS Open Data
2023-07-05T12:00:00+00:00,KAMX,33.06,1052.3,96.8,25.6111,-80.4128,4.0,NOAA_ISD,NOAA NEXRAD AWS Open Data
2023-07-05T12:00:00+00:00,KATX,23.06,1036.3,93.8,48.1947,-122.4944,151.0,NOAA_ISD,NOAA NEXRAD AWS Open Data
2023-07-05T12:00:00+00:00,KFWS,29.36,1030.3,73.8,32.5731,-97.3031,207.0,NOAA_ISD,NOAA NEXRAD AWS Open Data
2023-07-05T12:00:00+00:00,KDMX,25.76,1020.3,78.8,41.7311,-93.7228,299.0,NOAA_ISD,NOAA NEXRAD AWS Open Data
2023-07-05T13:00:00+00:00,KTLX,28.46,1011.1,76.7,35.3331,-97.2778,370.0,NOAA_ISD,NOAA NEXRAD AWS Open Data
2023-07-05T13:00:00+00:00,KOKX,25.96,1049.2,88.7,40.8656,-72.8628,20.0,NOAA_ISD,NOAA NEXRAD AWS Open Data
2023-07-05T13:00:00+00:00,KAMX,34.26,1051.2,94.7,25.6111,-80.4128,4.0,NOAA_ISD,NOAA NEXRAD AWS Open Data
2023-07-05T13:00:00+00:00,KATX,24.26,1035.2,91.7,48.1947,-122.4944,151.0,NOAA_ISD,NOAA NEXRAD AWS Open Data
2023-07-05T13:00:00+00:00,KFWS,30.56,1029.2,71.7,32.5731,-97.3031,207.0,NOAA_ISD,NOAA NEXRAD AWS Open Data
2023-07-05T13:00:00+00:00,KDMX,26.96,1019.1,76.7,41.7311,-93.7228,299.0,NOAA_ISD,NOAA NEXRAD AWS Open Data
2023-07-05T14:00:00+00:00,KTLX,28.0,1010.3,74.3,35.3331,-97.2778,370.0,NOAA_ISD,NOAA NEXRAD AWS Open Data
2023-07-05T14:00:00+00:00,KOKX,25.5,1048.3,86.3,40.8656,-72.8628,20.0,NOAA_ISD,NOAA NEXRAD AWS Open Data
2023-07-05T14:00:00+00:00,KAMX,33.8,1050.3,92.3,25.6111,-80.4128,4.0,NOAA_ISD,NOAA NEXRAD AWS Open Data
2023-07-05T14:00:00+00:00,KATX,23.8,1034.3,89.3,48.1947,-122.4944,151.0,NOAA_ISD,NOAA NEXRAD AWS Open Data
2023-07-05T14:00:00+00:00,KFWS,30.1,1028.3,69.3,32.5731,-97.3031,207.0,NOAA_ISD,NOAA NEXRAD AWS Open Data
2023-07-05T14:00:00+00:00,KDMX,26.5,1018.3,74.3,41.7311,-93.7228,299.0,NOAA_ISD,NOAA NEXRAD AWS Open Data
2023-07-05T15:00:00+00:00,KTLX,27.86,1010.1,78.9,35.3331,-97.2778,370.0,NOAA_ISD,NOAA NEXRAD AWS Open Data
2023-07-05T15:00:00+00:00,KOKX,25.36,1048.1,90.9,40.8656,-72.8628,20.0,NOAA_ISD,NOAA NEXRAD AWS Open Data
2023-07-05T15:00:00+00:00,KAMX,33.66,1050.1,96.9,25.6111,-80.4128,4.0,NOAA_ISD,NOAA NEXRAD AWS Open Data
2023-07-05T15:00:00+00:00,KATX,23.66,1034.1,93.9,48.1947,-122.4944,151.0,NOAA_ISD,NOAA NEXRAD AWS Open Data
2023-07-05T15:00:00+00:00,KFWS,29.96,1028.1,73.9,32.5731,-97.3031,207.0,NOAA_ISD,NOAA NEXRAD AWS Open Data
2023-07-05T15:00:00+00:00,KDMX,26.36,1018.1,78.9,41.7311,-93.7228,299.0,NOAA_ISD,NOAA NEXRAD AWS Open Data
2023-07-05T16:00:00+00:00,KTLX,27.06,1009.8,76.4,35.3331,-97.2778,370.0,NOAA_ISD,NOAA NEXRAD AWS Open Data
2023-07-05T16:00:00+00:00,KOKX,24.56,1047.8,88.4,40.8656,-72.8628,20.0,NOAA_ISD,NOAA NEXRAD AWS Open Data
2023-07-05T16:00:00+00:00,KAMX,32.86,1049.8,94.4,25.6111,-80.4128,4.0,NOAA_ISD,NOAA NEXRAD AWS Open Data
2023-07-05T16:00:00+00:00,KATX,22.86,1033.8,91.4,48.1947,-122.4944,151.0,NOAA_ISD,NOAA NEXRAD AWS Open Data
2023-07-05T16:00:00+00:00,KFWS,29.16,1027.8,71.4,32.5731,-97.3031,207.0,NOAA_ISD,NOAA NEXRAD AWS Open Data
2023-07-05T16:00:00+00:00,KDMX,25.56,1017.8,76.4,41.7311,-93.7228,299.0,NOAA_ISD,NOAA NEXRAD AWS Open Data
2023-07-05T17:00:00+00:00,KTLX,25.67,1010.9,73.9,35.3331,-97.2778,370.0,NOAA_ISD,NOAA NEXRAD AWS Open Data
2023-07-05T17:00:00+00:00,KOKX,23.17,1048.8,85.9,40.8656,-72.8628,20.0,NOAA_ISD,NOAA NEXRAD AWS Open Data
2023-07-05T17:00:00+00:00,KAMX,31.47,1050.8,91.9,25.6111,-80.4128,4.0,NOAA_ISD,NOAA NEXRAD AWS Open Data
2023-07-05T17:00:00+00:00,KATX,21.47,1034.8,88.9,48.1947,-122.4944,151.0,NOAA_ISD,NOAA NEXRAD AWS Open Data
2023-07-05T17:00:00+00:00,KFWS,27.77,1028.8,68.9,32.5731,-97.3031,207.0,NOAA_ISD,NOAA NEXRAD AWS Open Data
2023-07-05T17:00:00+00:00,KDMX,24.17,1018.9,73.9,41.7311,-93.7228,299.0,NOAA_ISD,NOAA NEXRAD AWS Open Data
2023-07-05T18:00:00+00:00,KTLX,23.8,1012.2,78.3,35.3331,-97.2778,370.0,NOAA_ISD,NOAA NEXRAD AWS Open Data
2023-07-05T18:00:00+00:00,KOKX,21.3,1050.2,90.3,40.8656,-72.8628,20.0,NOAA_ISD,NOAA NEXRAD AWS Open Data
2023-07-05T18:00:00+00:00,KAMX,29.6,1052.2,96.3,25.6111,-80.4128,4.0,NOAA_ISD,NOAA NEXRAD AWS Open Data
2023-07-05T18:00:00+00:00,KATX,19.6,1036.2,93.3,48.1947,-122.4944,151.0,NOAA_ISD,NOAA NEXRAD AWS Open Data
2023-07-05T18:00:00+00:00,KFWS,25.9,1030.2,73.3,32.5731,-97.3031,207.0,NOAA_ISD,NOAA NEXRAD AWS Open Data
2023-07-05T18:00:00+00:00,KDMX,22.3,1020.2,78.3,41.7311,-93.7228,299.0,NOAA_ISD,NOAA NEXRAD AWS Open Data
2023-07-05T19:00:00+00:00,KTLX,20.59,1013.5,75.4,35.3331,-97.2778,370.0,NOAA_ISD,NOAA NEXRAD AWS Open Data
2023-07-05T19:00:00+00:00,KOKX,18.09,1051.5,87.4,40.8656,-72.8628,20.0,NOAA_ISD,NOAA NEXRAD AWS Open Data
2023-07-05T19:00:00+00:00,KAMX,26.39,1053.5,93.4,25.6111,-80.4128,4.0,NOAA_ISD,NOAA NEXRAD AWS Open Data
2023-07-05T19:00:00+00:00,KATX,16.39,1037.5,90.4,48.1947,-122.4944,151.0,NOAA_ISD,NOAA NEXRAD AWS Open Data
2023-07-05T19:00:00+00:00,KFWS,22.69,1031.5,70.4,32.5731,-97.3031,207.0,NOAA_ISD,NOAA NEXRAD AWS Open Data
2023-07-05T19:00:00+00:00,KDMX,19.09,1021.5,75.4,41.7311,-93.7228,299.0,NOAA_ISD,NOAA NEXRAD AWS Open Data
2023-07-05T20:00:00+00:00,KTLX,18.2,1014.6,72.6,35.3331,-97.2778,370.0,NOAA_ISD,NOAA NEXRAD AWS Open Data
2023-07-05T20:00:00+00:00,KOKX,15.7,1052.6,84.6,40.8656,-72.8628,20.0,NOAA_ISD,NOAA NEXRAD AWS Open Data
2023-07-05T20:00:00+00:00,KAMX,24.0,1054.6,90.6,25.6111,-80.4128,4.0,NOAA_ISD,NOAA NEXRAD AWS Open Data
2023-07-05T20:00:00+00:00,KATX,14.0,1038.6,87.6,48.1947,-122.4944,151.0,NOAA_ISD,NOAA NEXRAD AWS Open Data
2023-07-05T20:00:00+00:00,KFWS,20.3,1032.6,67.6,32.5731,-97.3031,207.0,NOAA_ISD,NOAA NEXRAD AWS Open Data
2023-07-05T20:00:00+00:00,KDMX,16.7,1022.6,72.6,41.7311,-93.7228,299.0,NOAA_ISD,NOAA NEXRAD AWS Open Data
2023-07-05T21:00:00+00:00,KTLX,15.81,1015.0,77.1,35.3331,-97.2778,370.0,NOAA_ISD,NOAA NEXRAD AWS Open Data
2023-07-05T21:00:00+00:00,KOKX,13.31,1053.0,89.1,40.8656,-72.8628,20.0,NOAA_ISD,NOAA NEXRAD AWS Open Data
2023-07-05T21:00:00+00:00,KAMX,21.61,1055.0,95.1,25.6111,-80.4128,4.0,NOAA_ISD,NOAA NEXRAD AWS Open Data
2023-07-05T21:00:00+00:00,KATX,11.61,1039.0,92.1,48.1947,-122.4944,151.0,NOAA_ISD,NOAA NEXRAD AWS Open Data
2023-07-05T21:00:00+00:00,KFWS,17.91,1033.0,72.1,32.5731,-97.3031,207.0,NOAA_ISD,NOAA NEXRAD AWS Open Data
2023-07-05T21:00:00+00:00,KDMX,14.31,1023.0,77.1,41.7311,-93.7228,299.0,NOAA_ISD,NOAA NEXRAD AWS Open Data
2023-07-05T22:00:00+00:00,KTLX,13.6,1014.8,74.2,35.3331,-97.2778,370.0,NOAA_ISD,NOAA NEXRAD AWS Open Data
2023-07-05T22:00:00+00:00,KOKX,11.1,1052.8,86.2,40.8656,-72.8628,20.0,NOAA_ISD,NOAA NEXRAD AWS Open Data
2023-07-05T22:00:00+00:00,KAMX,19.4,1054.8,92.2,25.6111,-80.4128,4.0,NOAA_ISD,NOAA NEXRAD AWS Open Data
2023-07-05T22:00:00+00:00,KATX,9.4,1038.8,89.2,48.1947,-122.4944,151.0,NOAA_ISD,NOAA NEXRAD AWS Open Data
2023-07-05T22:00:00+00:00,KFWS,15.7,1032.8,69.2,32.5731,-97.3031,207.0,NOAA_ISD,NOAA NEXRAD AWS Open Data
2023-07-05T22:00:00+00:00,KDMX,12.1,1022.8,74.2,41.7311,-93.7228,299.0,NOAA_ISD,NOAA NEXRAD AWS Open Data
2023-07-05T23:00:00+00:00,KTLX,11.73,1013.2,71.4,35.3331,-97.2778,370.0,NOAA_ISD,NOAA NEXRAD AWS Open Data
2023-07-05T23:00:00+00:00,KOKX,9.23,1051.2,83.4,40.8656,-72.8628,20.0,NOAA_ISD,NOAA NEXRAD AWS Open Data
2023-07-05T23:00:00+00:00,KAMX,17.53,1053.2,89.4,25.6111,-80.4128,4.0,NOAA_ISD,NOAA NEXRAD AWS Open Data
2023-07-05T23:00:00+00:00,KATX,7.53,1037.2,86.4,48.1947,-122.4944,151.0,NOAA_ISD,NOAA NEXRAD AWS Open Data
2023-07-05T23:00:00+00:00,KFWS,13.83,1031.2,66.4,32.5731,-97.3031,207.0,NOAA_ISD,NOAA NEXRAD AWS Open Data
2023-07-05T23:00:00+00:00,KDMX,10.23,1021.2,71.4,41.7311,-93.7228,299.0,NOAA_ISD,NOAA NEXRAD AWS Open Data
2023-07-06T00:00:00+00:00,KTLX,9.34,1012.1,76.1,35.3331,-97.2778,370.0,NOAA_ISD,NOAA NEXRAD AWS Open Data
2023-07-06T00:00:00+00:00,KOKX,6.84,1050.1,88.1,40.8656,-72.8628,20.0,NOAA_ISD,NOAA NEXRAD AWS Open Data
2023-07-06T00:00:00+00:00,KAMX,15.14,1052.1,94.1,25.6111,-80.4128,4.0,NOAA_ISD,NOAA NEXRAD AWS Open Data
2023-07-06T00:00:00+00:00,KATX,5.14,1036.1,91.1,48.1947,-122.4944,151.0,NOAA_ISD,NOAA NEXRAD AWS Open Data
2023-07-06T00:00:00+00:00,KFWS,11.44,1030.1,71.1,32.5731,-97.3031,207.0,NOAA_ISD,NOAA NEXRAD AWS Open Data
2023-07-06T00:00:00+00:00,KDMX,7.84,1020.1,76.1,41.7311,-93.7228,299.0,NOAA_ISD,NOAA NEXRAD AWS Open Data
2023-07-06T01:00:00+00:00,KTLX,8.54,1011.0,73.3,35.3331,-97.2778,370.0,NOAA_ISD,NOAA NEXRAD AWS Open Data
2023-07-06T01:00:00+00:00,KOKX,6.04,1049.0,85.3,40.8656,-72.8628,20.0,NOAA_ISD,NOAA NEXRAD AWS Open Data
2023-07-06T01:00:00+00:00,KAMX,14.34,1051.0,91.3,25.6111,-80.4128,4.0,NOAA_ISD,NOAA NEXRAD AWS Open Data
2023-07-06T01:00:00+00:00,KATX,4.34,1035.0,88.3,48.1947,-122.4944,151.0,NOAA_ISD,NOAA NEXRAD AWS Open Data
2023-07-06T01:00:00+00:00,KFWS,10.64,1029.0,68.3,32.5731,-97.3031,207.0,NOAA_ISD,NOAA NEXRAD AWS Open Data
2023-07-06T01:00:00+00:00,KDMX,7.04,1019.0,73.3,41.7311,-93.7228,299.0,NOAA_ISD,NOAA NEXRAD AWS Open Data
2023-07-06T02:00:00+00:00,KTLX,8.4,1010.1,70.8,35.3331,-97.2778,370.0,NOAA_ISD,NOAA NEXRAD AWS Open Data
2023-07-06T02:00:00+00:00,KOKX,5.9,1048.1,82.8,40.8656,-72.8628,20.0,NOAA_ISD,NOAA NEXRAD AWS Open Data
2023-07-06T02:00:00+00:00,KAMX,14.2,1050.1,88.8,25.6111,-80.4128,4.0,NOAA_ISD,NOAA NEXRAD AWS Open Data
2023-07-06T02:00:00+00:00,KATX,4.2,1034.1,85.8,48.1947,-122.4944,151.0,NOAA_ISD,NOAA NEXRAD AWS Open Data
2023-07-06T02:00:00+00:00,KFWS,10.5,1028.1,65.8,32.5731,-97.3031,207.0,NOAA_ISD,NOAA NEXRAD AWS Open Data
2023-07-06T02:00:00+00:00,KDMX,6.9,1018.1,70.8,41.7311,-93.7228,299.0,NOAA_ISD,NOAA NEXRAD AWS Open Data
2023-07-06T03:00:00+00:00,KTLX,8.94,1009.9,76.0,35.3331,-97.2778,370.0,NOAA_ISD,NOAA NEXRAD AWS Open Data
2023-07-06T03:00:00+00:00,KOKX,6.44,1047.9,88.0,40.8656,-72.8628,20.0,NOAA_ISD,NOAA NEXRAD AWS Open Data
2023-07-06T03:00:00+00:00,KAMX,14.74,1049.9,94.0,25.6111,-80.4128,4.0,NOAA_ISD,NOAA NEXRAD AWS Open Data
2023-07-06T03:00:00+00:00,KATX,4.74,1033.9,91.0,48.1947,-122.4944,151.0,NOAA_ISD,NOAA NEXRAD AWS Open Data
2023-07-06T03:00:00+00:00,KFWS,11.04,1027.9,71.0,32.5731,-97.3031,207.0,NOAA_ISD,NOAA NEXRAD AWS Open Data
2023-07-06T03:00:00+00:00,KDMX,7.44,1017.9,76.0,41.7311,-93.7228,299.0,NOAA_ISD,NOAA NEXRAD AWS Open Data
2023-07-06T04:00:00+00:00,KTLX,10.14,1010.3,73.6,35.3331,-97.2778,370.0,NOAA_ISD,NOAA NEXRAD AWS Open Data
2023-07-06T04:00:00+00:00,KOKX,7.64,1048.3,85.6,40.8656,-72.8628,20.0,NOAA_ISD,NOAA NEXRAD AWS Open Data
2023-07-06T04:00:00+00:00,KAMX,15.94,1050.3,91.6,25.6111,-80.4128,4.0,NOAA_ISD,NOAA NEXRAD AWS Open Data
2023-07-06T04:00:00+00:00,KATX,5.94,1034.3,88.6,48.1947,-122.4944,151.0,NOAA_ISD,NOAA NEXRAD AWS Open Data
2023-07-06T04:00:00+00:00,KFWS,12.24,1028.3,68.6,32.5731,-97.3031,207.0,NOAA_ISD,NOAA NEXRAD AWS Open Data
2023-07-06T04:00:00+00:00,KDMX,8.64,1018.3,73.6,41.7311,-93.7228,299.0,NOAA_ISD,NOAA NEXRAD AWS Open Data
2023-07-06T05:00:00+00:00,KTLX,10.93,1011.4,71.3,35.3331,-97.2778,370.0,NOAA_ISD,NOAA NEXRAD AWS Open Data
2023-07-06T05:00:00+00:00,KOKX,8.43,1049.3,83.3,40.8656,-72.8628,20.0,NOAA_ISD,NOAA NEXRAD AWS Open Data
2023-07-06T05:00:00+00:00,KAMX,16.73,1051.3,89.3,25.6111,-80.4128,4.0,NOAA_ISD,NOAA NEXRAD AWS Open Data
2023-07-06T05:00:00+00:00,KATX,6.73,1035.3,86.3,48.1947,-122.4944,151.0,NOAA_ISD,NOAA NEXRAD AWS Open Data
2023-07-06T05:00:00+00:00,KFWS,13.03,1029.3,66.3,32.5731,-97.3031,207.0,NOAA_ISD,NOAA NEXRAD AWS Open Data
2023-07-06T05:00:00+00:00,KDMX,9.43,1019.4,71.3,41.7311,-93.7228,299.0,NOAA_ISD,NOAA NEXRAD AWS Open Data
2023-07-06T06:00:00+00:00,KTLX,13.2,1012.0,76.7,35.3331,-97.2778,370.0,NOAA_ISD,NOAA NEXRAD AWS Open Data
2023-07-06T06:00:00+00:00,KOKX,10.7,1050.0,88.7,40.8656,-72.8628,20.0,NOAA_ISD,NOAA NEXRAD AWS Open Data
2023-07-06T06:00:00+00:00,KAMX,19.0,1052.0,94.7,25.6111,-80.4128,4.0,NOAA_ISD,NOAA NEXRAD AWS Open Data
2023-07-06T06:00:00+00:00,KATX,9.0,1036.0,91.7,48.1947,-122.4944,151.0,NOAA_ISD,NOAA NEXRAD AWS Open Data
2023-07-06T06:00:00+00:00,KFWS,15.3,1030.0,71.7,32.5731,-97.3031,207.0,NOAA_ISD,NOAA NEXRAD AWS Open Data
2023-07-06T06:00:00+00:00,KDMX,11.7,1020.0,76.7,41.7311,-93.7228,299.0,NOAA_ISD,NOAA NEXRAD AWS Open Data
2023-07-06T07:00:00+00:00,KTLX,15.81,1013.4,74.6,35.3331,-97.2778,370.0,NOAA_ISD,NOAA NEXRAD AWS Open Data
2023-07-06T07:00:00+00:00,KOKX,13.31,1051.3,86.6,40.8656,-72.8628,20.0,NOAA_ISD,NOAA NEXRAD AWS Open Data
2023-07-06T07:00:00+00:00,KAMX,21.61,1053.3,92.6,25.6111,-80.4128,4.0,NOAA_ISD,NOAA NEXRAD AWS Open Data
2023-07-06T07:00:00+00:00,KATX,11.61,1037.3,89.6,48.1947,-122.4944,151.0,NOAA_ISD,NOAA NEXRAD AWS Open Data
2023-07-06T07:00:00+00:00,KFWS,17.91,1031.3,69.6,32.5731,-97.3031,207.0,NOAA_ISD,NOAA NEXRAD AWS Open Data
2023-07-06T07:00:00+00:00,KDMX,14.31,1021.4,74.6,41.7311,-93.7228,299.0,NOAA_ISD,NOAA NEXRAD AWS Open Data
2023-07-06T08:00:00+00:00,KTLX,18.6,1014.4,72.7,35.3331,-97.2778,370.0,NOAA_ISD,NOAA NEXRAD AWS Open Data
2023-07-06T08:00:00+00:00,KOKX,16.1,1052.4,84.7,40.8656,-72.8628,20.0,NOAA_ISD,NOAA NEXRAD AWS Open Data
2023-07-06T08:00:00+00:00,KAMX,24.4,1054.4,90.7,25.6111,-80.4128,4.0,NOAA_ISD,NOAA NEXRAD AWS Open Data
2023-07-06T08:00:00+00:00,KATX,14.4,1038.4,87.7,48.1947,-122.4944,151.0,NOAA_ISD,NOAA NEXRAD AWS Open Data
2023-07-06T08:00:00+00:00,KFWS,20.7,1032.4,67.7,32.5731,-97.3031,207.0,NOAA_ISD,NOAA NEXRAD AWS Open Data
2023-07-06T08:00:00+00:00,KDMX,17.1,1022.4,72.7,41.7311,-93.7228,299.0,NOAA_ISD,NOAA NEXRAD AWS Open Data
2023-07-06T09:00:00+00:00,KTLX,21.39,1014.8,78.0,35.3331,-97.2778,370.0,NOAA_ISD,NOAA NEXRAD AWS Open Data
2023-07-06T09:00:00+00:00,KOKX,18.89,1052.8,90.0,40.8656,-72.8628,20.0,NOAA_ISD,NOAA NEXRAD AWS Open Data
2023-07-06T09:00:00+00:00,KAMX,27.19,1054.8,96.0,25.6111,-80.4128,4.0,NOAA_ISD,NOAA NEXRAD AWS Open Data
2023-07-06T09:00:00+00:00,KATX,17.19,1038.8,93.0,48.1947,-122.4944,151.0,NOAA_ISD,NOAA NEXRAD AWS Open Data
2023-07-06T09:00:00+00:00,KFWS,23.49,1032.8,73.0,32.5731,-97.3031,207.0,NOAA_ISD,NOAA NEXRAD AWS Open Data
2023-07-06T09:00:00+00:00,KDMX,19.89,1022.8,78.0,41.7311,-93.7228,299.0,NOAA_ISD,NOAA NEXRAD AWS Open Data
2023-07-06T10:00:00+00:00,KTLX,23.0,1014.6,75.8,35.3331,-97.2778,370.0,NOAA_ISD,NOAA NEXRAD AWS Open Data
2023-07-06T10:00:00+00:00,KOKX,20.5,1052.6,87.8,40.8656,-72.8628,20.0,NOAA_ISD,NOAA NEXRAD AWS Open Data
2023-07-06T10:00:00+00:00,KAMX,28.8,1054.6,93.8,25.6111,-80.4128,4.0,NOAA_ISD,NOAA NEXRAD AWS Open Data
2023-07-06T10:00:00+00:00,KATX,18.8,1038.6,90.8,48.1947,-122.4944,151.0,NOAA_ISD,NOAA NEXRAD AWS Open Data
2023-07-06T10:00:00+00:00,KFWS,25.1,1032.6,70.8,32.5731,-97.3031,207.0,NOAA_ISD,NOAA NEXRAD AWS Open Data
2023-07-06T10:00:00+00:00,KDMX,21.5,1022.6,75.8,41.7311,-93.7228,299.0,NOAA_ISD,NOAA NEXRAD AWS Open Data
2023-07-06T11:00:00+00:00,KTLX,25.27,1013.8,73.8,35.3331,-97.2778,370.0,NOAA_ISD,NOAA NEXRAD AWS Open Data
2023-07-06T11:00:00+00:00,KOKX,22.77,1051.8,85.8,40.8656,-72.8628,20.0,NOAA_ISD,NOAA NEXRAD AWS Open Data
2023-07-06T11:00:00+00:00,KAMX,31.07,1053.8,91.8,25.6111,-80.4128,4.0,NOAA_ISD,NOAA NEXRAD AWS Open Data
2023-07-06T11:00:00+00:00,KATX,21.07,1037.8,88.8,48.1947,-122.4944,151.0,NOAA_ISD,NOAA NEXRAD AWS Open Data
2023-07-06T11:00:00+00:00,KFWS,27.37,1031.8,68.8,32.5731,-97.3031,207.0,NOAA_ISD,NOAA NEXRAD AWS Open Data
2023-07-06T11:00:00+00:00,KDMX,23.77,1021.8,73.8,41.7311,-93.7228,299.0,NOAA_ISD,NOAA NEXRAD AWS Open Data
2023-07-06T12:00:00+00:00,KTLX,27.06,1012.6,78.8,35.3331,-97.2778,370.0,NOAA_ISD,NOAA NEXRAD AWS Open Data
2023-07-06T12:00:00+00:00,KOKX,24.56,1050.6,90.8,40.8656,-72.8628,20.0,NOAA_ISD,NOAA NEXRAD AWS Open Data
2023-07-06T12:00:00+00:00,KAMX,32.86,1052.6,96.8,25.6111,-80.4128,4.0,NOAA_ISD,NOAA NEXRAD AWS Open Data
2023-07-06T12:00:00+00:00,KATX,22.86,1036.6,93.8,48.1947,-122.4944,151.0,NOAA_ISD,NOAA NEXRAD AWS Open Data
2023-07-06T12:00:00+00:00,KFWS,29.16,1030.6,73.8,32.5731,-97.3031,207.0,NOAA_ISD,NOAA NEXRAD AWS Open Data
2023-07-06T12:00:00+00:00,KDMX,25.56,1020.6,78.8,41.7311,-93.7228,299.0,NOAA_ISD,NOAA NEXRAD AWS Open Data
2023-07-06T13:00:00+00:00,KTLX,28.26,1010.8,76.6,35.3331,-97.2778,370.0,NOAA_ISD,NOAA NEXRAD AWS Open Data
2023-07-06T13:00:00+00:00,KOKX,25.76,1048.8,88.6,40.8656,-72.8628,20.0,NOAA_ISD,NOAA NEXRAD AWS Open Data
2023-07-06T13:00:00+00:00,KAMX,34.06,1050.8,94.6,25.6111,-80.4128,4.0,NOAA_ISD,NOAA NEXRAD AWS Open Data
2023-07-06T13:00:00+00:00,KATX,24.06,1034.8,91.6,48.1947,-122.4944,151.0,NOAA_ISD,NOAA NEXRAD AWS Open Data
2023-07-06T13:00:00+00:00,KFWS,30.36,1028.8,71.6,32.5731,-97.3031,207.0,NOAA_ISD,NOAA NEXRAD AWS Open Data
2023-07-06T13:00:00+00:00,KDMX,26.76,1018.8,76.6,41.7311,-93.7228,299.0,NOAA_ISD,NOAA NEXRAD AWS Open Data
2023-07-06T14:00:00+00:00,KTLX,28.8,1009.9,74.4,35.3331,-97.2778,370.0,NOAA_ISD,NOAA NEXRAD AWS Open Data
2023-07-06T14:00:00+00:00,KOKX,26.3,1047.9,86.4,40.8656,-72.8628,20.0,NOAA_ISD,NOAA NEXRAD AWS Open Data
2023-07-06T14:00:00+00:00,KAMX,34.6,1049.9,92.4,25.6111,-80.4128,4.0,NOAA_ISD,NOAA NEXRAD AWS Open Data
2023-07-06T14:00:00+00:00,KATX,24.6,1033.9,89.4,48.1947,-122.4944,151.0,NOAA_ISD,NOAA NEXRAD AWS Open Data
2023-07-06T14:00:00+00:00,KFWS,30.9,1027.9,69.4,32.5731,-97.3031,207.0,NOAA_ISD,NOAA NEXRAD AWS Open Data
2023-07-06T14:00:00+00:00,KDMX,27.3,1017.9,74.4,41.7311,-93.7228,299.0,NOAA_ISD,NOAA NEXRAD AWS Open Data
2023-07-06T15:00:00+00:00,KTLX,27.66,1009.7,78.9,35.3331,-97.2778,370.0,NOAA_ISD,NOAA NEXRAD AWS Open Data
2023-07-06T15:00:00+00:00,KOKX,25.16,1047.7,90.9,40.8656,-72.8628,20.0,NOAA_ISD,NOAA NEXRAD AWS Open Data
2023-07-06T15:00:00+00:00,KAMX,33.46,1049.7,96.9,25.6111,-80.4128,4.0,NOAA_ISD,NOAA NEXRAD AWS Open Data
2023-07-06T15:00:00+00:00,KATX,23.46,1033.7,93.9,48.1947,-122.4944,151.0,NOAA_ISD,NOAA NEXRAD AWS Open Data
2023-07-06T15:00:00+00:00,KFWS,29.76,1027.7,73.9,32.5731,-97.3031,207.0,NOAA_ISD,NOAA NEXRAD AWS Open Data
2023-07-06T15:00:00+00:00,KDMX,26.16,1017.7,78.9,41.7311,-93.7228,299.0,NOAA_ISD,NOAA NEXRAD AWS Open Data
2023-07-06T16:00:00+00:00,KTLX,26.86,1010.1,76.4,35.3331,-97.2778,370.0,NOAA_ISD,NOAA NEXRAD AWS Open Data
2023-07-06T16:00:00+00:00,KOKX,24.36,1048.1,88.4,40.8656,-72.8628,20.0,NOAA_ISD,NOAA NEXRAD AWS Open Data
2023-07-06T16:00:00+00:00,KAMX,32.66,1050.1,94.4,25.6111,-80.4128,4.0,NOAA_ISD,NOAA NEXRAD AWS Open Data
2023-07-06T16:00:00+00:00,KATX,22.66,1034.1,91.4,48.1947,-122.4944,151.0,NOAA_ISD,NOAA NEXRAD AWS Open Data
2023-07-06T16:00:00+00:00,KFWS,28.96,1028.1,71.4,32.5731,-97.3031,207.0,NOAA_ISD,NOAA NEXRAD AWS Open Data
2023-07-06T16:00:00+00:00,KDMX,25.36,1018.1,76.4,41.7311,-93.7228,299.0,NOAA_ISD,NOAA NEXRAD AWS Open Data
2023-07-06T17:00:00+00:00,KTLX,25.47,1011.1,73.9,35.3331,-97.2778,370.0,NOAA_ISD,NOAA NEXRAD AWS Open Data
2023-07-06T17:00:00+00:00,KOKX,22.97,1049.2,85.9,40.8656,-72.8628,20.0,NOAA_ISD,NOAA NEXRAD AWS Open Data
2023-07-06T17:00:00+00:00,KAMX,31.27,1051.2,91.9,25.6111,-80.4128,4.0,NOAA_ISD,NOAA NEXRAD AWS Open Data
2023-07-06T17:00:00+00:00,KATX,21.27,1035.2,88.9,48.1947,-122.4944,151.0,NOAA_ISD,NOAA NEXRAD AWS Open Data
2023-07-06T17:00:00+00:00,KFWS,27.57,1029.2,68.9,32.5731,-97.3031,207.0,NOAA_ISD,NOAA NEXRAD AWS Open Data
2023-07-06T17:00:00+00:00,KDMX,23.97,1019.1,73.9,41.7311,-93.7228,299.0,NOAA_ISD,NOAA NEXRAD AWS Open Data
2023-07-06T18:00:00+00:00,KTLX,23.6,1012.5,78.3,35.3331,-97.2778,370.0,NOAA_ISD,NOAA NEXRAD AWS Open Data
2023-07-06T18:00:00+00:00,KOKX,21.1,1050.5,90.3,40.8656,-72.8628,20.0,NOAA_ISD,NOAA NEXRAD AWS Open Data
2023-07-06T18:00:00+00:00,KAMX,29.4,1052.5,96.3,25.6111,-80.4128,4.0,NOAA_ISD,NOAA NEXRAD AWS Open Data
2023-07-06T18:00:00+00:00,KATX,19.4,1036.5,93.3,48.1947,-122.4944,151.0,NOAA_ISD,NOAA NEXRAD AWS Open Data
2023-07-06T18:00:00+00:00,KFWS,25.7,1030.5,73.3,32.5731,-97.3031,207.0,NOAA_ISD,NOAA NEXRAD AWS Open Data
2023-07-06T18:00:00+00:00,KDMX,22.1,1020.5,78.3,41.7311,-93.7228,299.0,NOAA_ISD,NOAA NEXRAD AWS Open Data
2023-07-06T19:00:00+00:00,KTLX,21.39,1013.9,75.5,35.3331,-97.2778,370.0,NOAA_ISD,NOAA NEXRAD AWS Open Data
2023-07-06T19:00:00+00:00,KOKX,18.89,1051.8,87.5,40.8656,-72.8628,20.0,NOAA_ISD,NOAA NEXRAD AWS Open Data
2023-07-06T19:00:00+00:00,KAMX,27.19,1053.8,93.5,25.6111,-80.4128,4.0,NOAA_ISD,NOAA NEXRAD AWS Open Data
2023-07-06T19:00:00+00:00,KATX,17.19,1037.8,90.5,48.1947,-122.4944,151.0,NOAA_ISD,NOAA NEXRAD AWS Open Data
2023-07-06T19:00:00+00:00,KFWS,23.49,1031.8,70.5,32.5731,-97.3031,207.0,NOAA_ISD,NOAA NEXRAD AWS Open Data
2023-07-06T19:00:00+00:00,KDMX,19.89,1021.9,75.5,41.7311,-93.7228,299.0,NOAA_ISD,NOAA NEXRAD AWS Open Data
2023-07-06T20:00:00+00:00,KTLX,18.0,1014.2,72.6,35.3331,-97.2778,370.0,NOAA_ISD,NOAA NEXRAD AWS Open Data
2023-07-06T20:00:00+00:00,KOKX,15.5,1052.2,84.6,40.8656,-72.8628,20.0,NOAA_ISD,NOAA NEXRAD AWS Open Data
2023-07-06T20:00:00+00:00,KAMX,23.8,1054.2,90.6,25.6111,-80.4128,4.0,NOAA_ISD,NOAA NEXRAD AWS Open Data
2023-07-06T20:00:00+00:00,KATX,13.8,1038.2,87.6,48.1947,-122.4944,151.0,NOAA_ISD,NOAA NEXRAD AWS Open Data
2023-07-06T20:00:00+00:00,KFWS,20.1,1032.2,67.6,32.5731,-97.3031,207.0,NOAA_ISD,NOAA NEXRAD AWS Open Data
2023-07-06T20:00:00+00:00,KDMX,16.5,1022.2,72.6,41.7311,-93.7228,299.0,NOAA_ISD,NOAA NEXRAD AWS Open Data
2023-07-06T21:00:00+00:00,KTLX,15.61,1014.6,77.1,35.3331,-97.2778,370.0,NOAA_ISD,NOAA NEXRAD AWS Open Data
2023-07-06T21:00:00+00:00,KOKX,13.11,1052.6,89.1,40.8656,-72.8628,20.0,NOAA_ISD,NOAA NEXRAD AWS Open Data
2023-07-06T21:00:00+00:00,KAMX,21.41,1054.6,95.1,25.6111,-80.4128,4.0,NOAA_ISD,NOAA NEXRAD AWS Open Data
2023-07-06T21:00:00+00:00,KATX,11.41,1038.6,92.1,48.1947,-122.4944,151.0,NOAA_ISD,NOAA NEXRAD AWS Open Data
2023-07-06T21:00:00+00:00,KFWS,17.71,1032.6,72.1,32.5731,-97.3031,207.0,NOAA_ISD,NOAA NEXRAD AWS Open Data
2023-07-06T21:00:00+00:00,KDMX,14.11,1022.6,77.1,41.7311,-93.7228,299.0,NOAA_ISD,NOAA NEXRAD AWS Open Data
2023-07-06T22:00:00+00:00,KTLX,13.4,1014.4,74.2,35.3331,-97.2778,370.0,NOAA_ISD,NOAA NEXRAD AWS Open Data
2023-07-06T22:00:00+00:00,KOKX,10.9,1052.4,86.2,40.8656,-72.8628,20.0,NOAA_ISD,NOAA NEXRAD AWS Open Data
2023-07-06T22:00:00+00:00,KAMX,19.2,1054.4,92.2,25.6111,-80.4128,4.0,NOAA_ISD,NOAA NEXRAD AWS Open Data
2023-07-06T22:00:00+00:00,KATX,9.2,1038.4,89.2,48.1947,-122.4944,151.0,NOAA_ISD,NOAA NEXRAD AWS Open Data
2023-07-06T22:00:00+00:00,KFWS,15.5,1032.4,69.2,32.5731,-97.3031,207.0,NOAA_ISD,NOAA NEXRAD AWS Open Data
2023-07-06T22:00:00+00:00,KDMX,11.9,1022.4,74.2,41.7311,-93.7228,299.0,NOAA_ISD,NOAA NEXRAD AWS Open Data
2023-07-06T23:00:00+00:00,KTLX,11.53,1013.5,71.4,35.3331,-97.2778,370.0,NOAA_ISD,NOAA NEXRAD AWS Open Data
2023-07-06T23:00:00+00:00,KOKX,9.03,1051.5,83.4,40.8656,-72.8628,20.0,NOAA_ISD,NOAA NEXRAD AWS Open Data
2023-07-06T23:00:00+00:00,KAMX,17.33,1053.5,89.4,25.6111,-80.4128,4.0,NOAA_ISD,NOAA NEXRAD AWS Open Data
2023-07-06T23:00:00+00:00,KATX,7.33,1037.5,86.4,48.1947,-122.4944,151.0,NOAA_ISD,NOAA NEXRAD AWS Open Data
2023-07-06T23:00:00+00:00,KFWS,13.63,1031.5,66.4,32.5731,-97.3031,207.0,NOAA_ISD,NOAA NEXRAD AWS Open Data
2023-07-06T23:00:00+00:00,KDMX,10.03,1021.5,71.4,41.7311,-93.7228,299.0,NOAA_ISD,NOAA NEXRAD AWS Open Data
2023-07-07T00:00:00+00:00,KTLX,10.14,1012.4,76.2,35.3331,-97.2778,370.0,NOAA_ISD,NOAA NEXRAD AWS Open Data
2023-07-07T00:00:00+00:00,KOKX,7.64,1050.4,88.2,40.8656,-72.8628,20.0,NOAA_ISD,NOAA NEXRAD AWS Open Data
2023-07-07T00:00:00+00:00,KAMX,15.94,1052.4,94.2,25.6111,-80.4128,4.0,NOAA_ISD,NOAA NEXRAD AWS Open Data
2023-07-07T00:00:00+00:00,KATX,5.94,1036.4,91.2,48.1947,-122.4944,151.0,NOAA_ISD,NOAA NEXRAD AWS Open Data
2023-07-07T00:00:00+00:00,KFWS,12.24,1030.4,71.2,32.5731,-97.3031,207.0,NOAA_ISD,NOAA NEXRAD AWS Open Data
2023-07-07T00:00:00+00:00,KDMX,8.64,1020.4,76.2,41.7311,-93.7228,299.0,NOAA_ISD,NOAA NEXRAD AWS Open Data
2023-07-07T01:00:00+00:00,KTLX,8.34,1011.2,73.3,35.3331,-97.2778,370.0,NOAA_ISD,NOAA NEXRAD AWS Open Data
2023-07-07T01:00:00+00:00,KOKX,5.84,1049.2,85.3,40.8656,-72.8628,20.0,NOAA_ISD,NOAA NEXRAD AWS Open Data
2023-07-07T01:00:00+00:00,KAMX,14.14,1051.2,91.3,25.6111,-80.4128,4.0,NOAA_ISD,NOAA NEXRAD AWS Open Data
2023-07-07T01:00:00+00:00,KATX,4.14,1035.2,88.3,48.1947,-122.4944,151.0,NOAA_ISD,NOAA NEXRAD AWS Open Data
2023-07-07T01:00:00+00:00,KFWS,10.44,1029.2,68.3,32.5731,-97.3031,207.0,NOAA_ISD,NOAA NEXRAD AWS Open Data
2023-07-07T01:00:00+00:00,KDMX,6.84,1019.2,73.3,41.7311,-93.7228,299.0,NOAA_ISD,NOAA NEXRAD AWS Open Data
2023-07-07T02:00:00+00:00,KTLX,8.2,1010.4,70.7,35.3331,-97.2778,370.0,NOAA_ISD,NOAA NEXRAD AWS Open Data
2023-07-07T02:00:00+00:00,KOKX,5.7,1048.4,82.7,40.8656,-72.8628,20.0,NOAA_ISD,NOAA NEXRAD AWS Open Data
2023-07-07T02:00:00+00:00,KAMX,14.0,1050.4,88.7,25.6111,-80.4128,4.0,NOAA_ISD,NOAA NEXRAD AWS Open Data
2023-07-07T02:00:00+00:00,KATX,4.0,1034.4,85.7,48.1947,-122.4944,151.0,NOAA_ISD,NOAA NEXRAD AWS Open Data
2023-07-07T02:00:00+00:00,KFWS,10.3,1028.4,65.7,32.5731,-97.3031,207.0,NOAA_ISD,NOAA NEXRAD AWS Open Data
2023-07-07T02:00:00+00:00,KDMX,6.7,1018.4,70.7,41.7311,-93.7228,299.0,NOAA_ISD,NOAA NEXRAD AWS Open Data
2023-07-07T03:00:00+00:00,KTLX,8.74,1009.5,76.0,35.3331,-97.2778,370.0,NOAA_ISD,NOAA NEXRAD AWS Open Data
2023-07-07T03:00:00+00:00,KOKX,6.24,1047.5,88.0,40.8656,-72.8628,20.0,NOAA_ISD,NOAA NEXRAD AWS Open Data
2023-07-07T03:00:00+00:00,KAMX,14.54,1049.5,94.0,25.6111,-80.4128,4.0,NOAA_ISD,NOAA NEXRAD AWS Open Data
2023-07-07T03:00:00+00:00,KATX,4.54,1033.5,91.0,48.1947,-122.4944,151.0,NOAA_ISD,NOAA NEXRAD AWS Open Data
2023-07-07T03:00:00+00:00,KFWS,10.84,1027.5,71.0,32.5731,-97.3031,207.0,NOAA_ISD,NOAA NEXRAD AWS Open Data
2023-07-07T03:00:00+00:00,KDMX,7.24,1017.5,76.0,41.7311,-93.7228,299.0,NOAA_ISD,NOAA NEXRAD AWS Open Data
2023-07-07T04:00:00+00:00,KTLX,9.94,1009.9,73.6,35.3331,-97.2778,370.0,NOAA_ISD,NOAA NEXRAD AWS Open Data
2023-07-07T04:00:00+00:00,KOKX,7.44,1047.9,85.6,40.8656,-72.8628,20.0,NOAA_ISD,NOAA NEXRAD AWS Open Data
2023-07-07T04:00:00+00:00,KAMX,15.74,1049.9,91.6,25.6111,-80.4128,4.0,NOAA_ISD,NOAA NEXRAD AWS Open Data
2023-07-07T04:00:00+00:00,KATX,5.74,1033.9,88.6,48.1947,-122.4944,151.0,NOAA_ISD,NOAA NEXRAD AWS Open Data
2023-07-07T04:00:00+00:00,KFWS,12.04,1027.9,68.6,32.5731,-97.3031,207.0,NOAA_ISD,NOAA NEXRAD AWS Open Data
2023-07-07T04:00:00+00:00,KDMX,8.44,1017.9,73.6,41.7311,-93.7228,299.0,NOAA_ISD,NOAA NEXRAD AWS Open Data
2023-07-07T05:00:00+00:00,KTLX,11.73,1011.0,71.4,35.3331,-97.2778,370.0,NOAA_ISD,NOAA NEXRAD AWS Open Data
2023-07-07T05:00:00+00:00,KOKX,9.23,1049.0,83.4,40.8656,-72.8628,20.0,NOAA_ISD,NOAA NEXRAD AWS Open Data
2023-07-07T05:00:00+00:00,KAMX,17.53,1051.0,89.4,25.6111,-80.4128,4.0,NOAA_ISD,NOAA NEXRAD AWS Open Data
2023-07-07T05:00:00+00:00,KATX,7.53,1035.0,86.4,48.1947,-122.4944,151.0,NOAA_ISD,NOAA NEXRAD AWS Open Data
2023-07-07T05:00:00+00:00,KFWS,13.83,1029.0,66.4,32.5731,-97.3031,207.0,NOAA_ISD,NOAA NEXRAD AWS Open Data
2023-07-07T05:00:00+00:00,KDMX,10.23,1019.0,71.4,41.7311,-93.7228,299.0,NOAA_ISD,NOAA NEXRAD AWS Open Data
2023-07-07T06:00:00+00:00,KTLX,13.0,1012.3,76.7,35.3331,-97.2778,370.0,NOAA_ISD,NOAA NEXRAD AWS Open Data
2023-07-07T06:00:00+00:00,KOKX,10.5,1050.3,88.7,40.8656,-72.8628,20.0,NOAA_ISD,NOAA NEXRAD AWS Open Data
2023-07-07T06:00:00+00:00,KAMX,18.8,1052.3,94.7,25.6111,-80.4128,4.0,NOAA_ISD,NOAA NEXRAD AWS Open Data
2023-07-07T06:00:00+00:00,KATX,8.8,1036.3,91.7,48.1947,-122.4944,151.0,NOAA_ISD,NOAA NEXRAD AWS Open Data
2023-07-07T06:00:00+00:00,KFWS,15.1,1030.3,71.7,32.5731,-97.3031,207.0,NOAA_ISD,NOAA NEXRAD AWS Open Data
2023-07-07T06:00:00+00:00,KDMX,11.5,1020.3,76.7,41.7311,-93.7228,299.0,NOAA_ISD,NOAA NEXRAD AWS Open Data
2023-07-07T07:00:00+00:00,KTLX,15.61,1013.6,74.6,35.3331,-97.2778,370.0,NOAA_ISD,NOAA NEXRAD AWS Open Data
2023-07-07T07:00:00+00:00,KOKX,13.11,1051.7,86.6,40.8656,-72.8628,20.0,NOAA_ISD,NOAA NEXRAD AWS Open Data
2023-07-07T07:00:00+00:00,KAMX,21.41,1053.7,92.6,25.6111,-80.4128,4.0,NOAA_ISD,NOAA NEXRAD AWS Open Data
2023-07-07T07:00:00+00:00,KATX,11.41,1037.7,89.6,48.1947,-122.4944,151.0,NOAA_ISD,NOAA NEXRAD AWS Open Data
2023-07-07T07:00:00+00:00,KFWS,17.71,1031.7,69.6,32.5731,-97.3031,207.0,NOAA_ISD,NOAA NEXRAD AWS Open Data
2023-07-07T07:00:00+00:00,KDMX,14.11,1021.6,74.6,41.7311,-93.7228,299.0,NOAA_ISD,NOAA NEXRAD AWS Open Data
2023-07-07T08:00:00+00:00,KTLX,18.4,1014.7,72.7,35.3331,-97.2778,370.0,NOAA_ISD,NOAA NEXRAD AWS Open Data
2023-07-07T08:00:00+00:00,KOKX,15.9,1052.7,84.7,40.8656,-72.8628,20.0,NOAA_ISD,NOAA NEXRAD AWS Open Data
2023-07-07T08:00:00+00:00,KAMX,24.2,1054.7,90.7,25.6111,-80.4128,4.0,NOAA_ISD,NOAA NEXRAD AWS Open Data
2023-07-07T08:00:00+00:00,KATX,14.2,1038.7,87.7,48.1947,-122.4944,151.0,NOAA_ISD,NOAA NEXRAD AWS Open Data
2023-07-07T08:00:00+00:00,KFWS,20.5,1032.7,67.7,32.5731,-97.3031,207.0,NOAA_ISD,NOAA NEXRAD AWS Open Data
2023-07-07T08:00:00+00:00,KDMX,16.9,1022.7,72.7,41.7311,-93.7228,299.0,NOAA_ISD,NOAA NEXRAD AWS Open Data
2023-07-07T09:00:00+00:00,KTLX,21.19,1015.1,77.9,35.3331,-97.2778,370.0,NOAA_ISD,NOAA NEXRAD AWS Open Data
2023-07-07T09:00:00+00:00,KOKX,18.69,1053.1,89.9,40.8656,-72.8628,20.0,NOAA_ISD,NOAA NEXRAD AWS Open Data
2023-07-07T09:00:00+00:00,KAMX,26.99,1055.1,95.9,25.6111,-80.4128,4.0,NOAA_ISD,NOAA NEXRAD AWS Open Data
2023-07-07T09:00:00+00:00,KATX,16.99,1039.1,92.9,48.1947,-122.4944,151.0,NOAA_ISD,NOAA NEXRAD AWS Open Data
2023-07-07T09:00:00+00:00,KFWS,23.29,1033.1,72.9,32.5731,-97.3031,207.0,NOAA_ISD,NOAA NEXRAD AWS Open Data
2023-07-07T09:00:00+00:00,KDMX,19.69,1023.1,77.9,41.7311,-93.7228,299.0,NOAA_ISD,NOAA NEXRAD AWS Open Data
2023-07-07T10:00:00+00:00,KTLX,23.8,1014.2,75.9,35.3331,-97.2778,370.0,NOAA_ISD,NOAA NEXRAD AWS Open Data
2023-07-07T10:00:00+00:00,KOKX,21.3,1052.2,87.9,40.8656,-72.8628,20.0,NOAA_ISD,NOAA NEXRAD AWS Open Data
2023-07-07T10:00:00+00:00,KAMX,29.6,1054.2,93.9,25.6111,-80.4128,4.0,NOAA_ISD,NOAA NEXRAD AWS Open Data
2023-07-07T10:00:00+00:00,KATX,19.6,1038.2,90.9,48.1947,-122.4944,151.0,NOAA_ISD,NOAA NEXRAD AWS Open Data
2023-07-07T10:00:00+00:00,KFWS,25.9,1032.2,70.9,32.5731,-97.3031,207.0,NOAA_ISD,NOAA NEXRAD AWS Open Data
2023-07-07T10:00:00+00:00,KDMX,22.3,1022.2,75.9,41.7311,-93.7228,299.0,NOAA_ISD,NOAA NEXRAD AWS Open Data
2023-07-07T11:00:00+00:00,KTLX,25.07,1013.4,73.8,35.3331,-97.2778,370.0,NOAA_ISD,NOAA NEXRAD AWS Open Data
2023-07-07T11:00:00+00:00,KOKX,22.57,1051.3,85.8,40.8656,-72.8628,20.0,NOAA_ISD,NOAA NEXRAD AWS Open Data
2023-07-07T11:00:00+00:00,KAMX,30.87,1053.3,91.8,25.6111,-80.4128,4.0,NOAA_ISD,NOAA NEXRAD AWS Open Data
2023-07-07T11:00:00+00:00,KATX,20.87,1037.3,88.8,48.1947,-122.4944,151.0,NOAA_ISD,NOAA NEXRAD AWS Open Data
2023-07-07T11:00:00+00:00,KFWS,27.17,1031.3,68.8,32.5731,-97.3031,207.0,NOAA_ISD,NOAA NEXRAD AWS Open Data
2023-07-07T11:00:00+00:00,KDMX,23.57,1021.4,73.8,41.7311,-93.7228,299.0,NOAA_ISD,NOAA NEXRAD AWS Open Data
2023-07-07T12:00:00+00:00,KTLX,26.86,1012.2,78.8,35.3331,-97.2778,370.0,NOAA_ISD,NOAA NEXRAD AWS Open Data
2023-07-07T12:00:00+00:00,KOKX,24.36,1050.2,90.8,40.8656,-72.8628,20.0,NOAA_ISD,NOAA NEXRAD AWS Open Data
2023-07-07T12:00:00+00:00,KAMX,32.66,1052.2,96.8,25.6111,-80.4128,4.0,NOAA_ISD,NOAA NEXRAD AWS Open Data
2023-07-07T12:00:00+00:00,KATX,22.66,1036.2,93.8,48.1947,-122.4944,151.0,NOAA_ISD,NOAA NEXRAD AWS Open Data
2023-07-07T12:00:00+00:00,KFWS,28.96,1030.2,73.8,32.5731,-97.3031,207.0,NOAA_ISD,NOAA NEXRAD AWS Open Data
2023-07-07T12:00:00+00:00,KDMX,25.36,1020.2,78.8,41.7311,-93.7228,299.0,NOAA_ISD,NOAA NEXRAD AWS Open Data
2023-07-07T13:00:00+00:00,KTLX,28.06,1011.0,76.6,35.3331,-97.2778,370.0,NOAA_ISD,NOAA NEXRAD AWS Open Data
2023-07-07T13:00:00+00:00,KOKX,25.56,1049.0,88.6,40.8656,-72.8628,20.0,NOAA_ISD,NOAA NEXRAD AWS Open Data
2023-07-07T13:00:00+00:00,KAMX,33.86,1051.0,94.6,25.6111,-80.4128,4.0,NOAA_ISD,NOAA NEXRAD AWS Open Data
2023-07-07T13:00:00+00:00,KATX,23.86,1035.0,91.6,48.1947,-122.4944,151.0,NOAA_ISD,NOAA NEXRAD AWS Open Data
2023-07-07T13:00:00+00:00,KFWS,30.16,1029.0,71.6,32.5731,-97.3031,207.0,NOAA_ISD,NOAA NEXRAD AWS Open Data
2023-07-07T13:00:00+00:00,KDMX,26.56,1019.0,76.6,41.7311,-93.7228,299.0,NOAA_ISD,NOAA NEXRAD AWS Open Data
2023-07-07T14:00:00+00:00,KTLX,28.6,1010.2,74.4,35.3331,-97.2778,370.0,NOAA_ISD,NOAA NEXRAD AWS Open Data
2023-07-07T14:00:00+00:00,KOKX,26.1,1048.2,86.4,40.8656,-72.8628,20.0,NOAA_ISD,NOAA NEXRAD AWS Open Data
2023-07-07T14:00:00+00:00,KAMX,34.4,1050.2,92.4,25.6111,-80.4128,4.0,NOAA_ISD,NOAA NEXRAD AWS Open Data
2023-07-07T14:00:00+00:00,KATX,24.4,1034.2,89.4,48.1947,-122.4944,151.0,NOAA_ISD,NOAA NEXRAD AWS Open Data
2023-07-07T14:00:00+00:00,KFWS,30.7,1028.2,69.4,32.5731,-97.3031,207.0,NOAA_ISD,NOAA NEXRAD AWS Open Data
2023-07-07T14:00:00+00:00,KDMX,27.1,1018.2,74.4,41.7311,-93.7228,299.0,NOAA_ISD,NOAA NEXRAD AWS Open Data
2023-07-07T15:00:00+00:00,KTLX,28.46,1010.0,79.0,35.3331,-97.2778,370.0,NOAA_ISD,NOAA NEXRAD AWS Open Data
2023-07-07T15:00:00+00:00,KOKX,25.96,1048.0,91.0,40.8656,-72.8628,20.0,NOAA_ISD,NOAA NEXRAD AWS Open Data
2023-07-07T15:00:00+00:00,KAMX,34.26,1050.0,97.0,25.6111,-80.4128,4.0,NOAA_ISD,NOAA NEXRAD AWS Open Data
2023-07-07T15:00:00+00:00,KATX,24.26,1034.0,94.0,48.1947,-122.4944,151.0,NOAA_ISD,NOAA NEXRAD AWS Open Data
2023-07-07T15:00:00+00:00,KFWS,30.56,1028.0,74.0,32.5731,-97.3031,207.0,NOAA_ISD,NOAA NEXRAD AWS Open Data
2023-07-07T15:00:00+00:00,KDMX,26.96,1018.0,79.0,41.7311,-93.7228,299.0,NOAA_ISD,NOAA NEXRAD AWS Open Data
2023-07-07T16:00:00+00:00,KTLX,26.66,1010.4,76.4,35.3331,-97.2778,370.0,NOAA_ISD,NOAA NEXRAD AWS Open Data
2023-07-07T16:00:00+00:00,KOKX,24.16,1048.4,88.4,40.8656,-72.8628,20.0,NOAA_ISD,NOAA NEXRAD AWS Open Data
2023-07-07T16:00:00+00:00,KAMX,32.46,1050.4,94.4,25.6111,-80.4128,4.0,NOAA_ISD,NOAA NEXRAD AWS Open Data
2023-07-07T16:00:00+00:00,KATX,22.46,1034.4,91.4,48.1947,-122.4944,151.0,NOAA_ISD,NOAA NEXRAD AWS Open Data
2023-07-07T16:00:00+00:00,KFWS,28.76,1028.4,71.4,32.5731,-97.3031,207.0,NOAA_ISD,NOAA NEXRAD AWS Open Data
2023-07-07T16:00:00+00:00,KDMX,25.16,1018.4,76.4,41.7311,-93.7228,299.0,NOAA_ISD,NOAA NEXRAD AWS Open Data
2023-07-07T17:00:00+00:00,KTLX,25.27,1010.8,73.8,35.3331,-97.2778,370.0,NOAA_ISD,NOAA NEXRAD AWS Open Data
2023-07-07T17:00:00+00:00,KOKX,22.77,1048.8,85.8,40.8656,-72.8628,20.0,NOAA_ISD,NOAA NEXRAD AWS Open Data
2023-07-07T17:00:00+00:00,KAMX,31.07,1050.8,91.8,25.6111,-80.4128,4.0,NOAA_ISD,NOAA NEXRAD AWS Open Data
2023-07-07T17:00:00+00:00,KATX,21.07,1034.8,88.8,48.1947,-122.4944,151.0,NOAA_ISD,NOAA NEXRAD AWS Open Data
2023-07-07T17:00:00+00:00,KFWS,27.37,1028.8,68.8,32.5731,-97.3031,207.0,NOAA_ISD,NOAA NEXRAD AWS Open Data
2023-07-07T17:00:00+00:00,KDMX,23.77,1018.8,73.8,41.7311,-93.7228,299.0,NOAA_ISD,NOAA NEXRAD AWS Open Data
2023-07-07T18:00:00+00:00,KTLX,23.4,1012.1,78.3,35.3331,-97.2778,370.0,NOAA_ISD,NOAA NEXRAD AWS Open Data
2023-07-07T18:00:00+00:00,KOKX,20.9,1050.1,90.3,40.8656,-72.8628,20.0,NOAA_ISD,NOAA NEXRAD AWS Open Data
2023-07-07T18:00:00+00:00,KAMX,29.2,1052.1,96.3,25.6111,-80.4128,4.0,NOAA_ISD,NOAA NEXRAD AWS Open Data
2023-07-07T18:00:00+00:00,KATX,19.2,1036.1,93.3,48.1947,-122.4944,151.0,NOAA_ISD,NOAA NEXRAD AWS Open Data
2023-07-07T18:00:00+00:00,KFWS,25.5,1030.1,73.3,32.5731,-97.3031,207.0,NOAA_ISD,NOAA NEXRAD AWS Open Data
2023-07-07T18:00:00+00:00,KDMX,21.9,1020.1,78.3,41.7311,-93.7228,299.0,NOAA_ISD,NOAA NEXRAD AWS Open Data
2023-07-07T19:00:00+00:00,KTLX,21.19,1013.5,75.5,35.3331,-97.2778,370.0,NOAA_ISD,NOAA NEXRAD AWS Open Data
2023-07-07T19:00:00+00:00,KOKX,18.69,1051.5,87.5,40.8656,-72.8628,20.0,NOAA_ISD,NOAA NEXRAD AWS Open Data
2023-07-07T19:00:00+00:00,KAMX,26.99,1053.5,93.5,25.6111,-80.4128,4.0,NOAA_ISD,NOAA NEXRAD AWS Open Data
2023-07-07T19:00:00+00:00,KATX,16.99,1037.5,90.5,48.1947,-122.4944,151.0,NOAA_ISD,NOAA NEXRAD AWS Open Data
2023-07-07T19:00:00+00:00,KFWS,23.29,1031.5,70.5,32.5731,-97.3031,207.0,NOAA_ISD,NOAA NEXRAD AWS Open Data
2023-07-07T19:00:00+00:00,KDMX,19.69,1021.5,75.5,41.7311,-93.7228,299.0,NOAA_ISD,NOAA NEXRAD AWS Open Data
2023-07-07T20:00:00+00:00,KTLX,18.8,1014.5,72.7,35.3331,-97.2778,370.0,NOAA_ISD,NOAA NEXRAD AWS Open Data
2023-07-07T20:00:00+00:00,KOKX,16.3,1052.5,84.7,40.8656,-72.8628,20.0,NOAA_ISD,NOAA NEXRAD AWS Open Data
2023-07-07T20:00:00+00:00,KAMX,24.6,1054.5,90.7,25.6111,-80.4128,4.0,NOAA_ISD,NOAA NEXRAD AWS Open Data
2023-07-07T20:00:00+00:00,KATX,14.6,1038.5,87.7,48.1947,-122.4944,151.0,NOAA_ISD,NOAA NEXRAD AWS Open Data
2023-07-07T20:00:00+00:00,KFWS,20.9,1032.5,67.7,32.5731,-97.3031,207.0,NOAA_ISD,NOAA NEXRAD AWS Open Data
2023-07-07T20:00:00+00:00,KDMX,17.3,1022.5,72.7,41.7311,-93.7228,299.0,NOAA_ISD,NOAA NEXRAD AWS Open Data
2023-07-07T21:00:00+00:00,KTLX,15.41,1014.9,77.1,35.3331,-97.2778,370.0,NOAA_ISD,NOAA NEXRAD AWS Open Data
2023-07-07T21:00:00+00:00,KOKX,12.91,1052.9,89.1,40.8656,-72.8628,20.0,NOAA_ISD,NOAA NEXRAD AWS Open Data
2023-07-07T21:00:00+00:00,KAMX,21.21,1054.9,95.1,25.6111,-80.4128,4.0,NOAA_ISD,NOAA NEXRAD AWS Open Data
2023-07-07T21:00:00+00:00,KATX,11.21,1038.9,92.1,48.1947,-122.4944,151.0,NOAA_ISD,NOAA NEXRAD AWS Open Data
2023-07-07T21:00:00+00:00,KFWS,17.51,1032.9,72.1,32.5731,-97.3031,207.0,NOAA_ISD,NOAA NEXRAD AWS Open Data
2023-07-07T21:00:00+00:00,KDMX,13.91,1022.9,77.1,41.7311,-93.7228,299.0,NOAA_ISD,NOAA NEXRAD AWS Open Data
2023-07-07T22:00:00+00:00,KTLX,13.2,1014.7,74.2,35.3331,-97.2778,370.0,NOAA_ISD,NOAA NEXRAD AWS Open Data
2023-07-07T22:00:00+00:00,KOKX,10.7,1052.7,86.2,40.8656,-72.8628,20.0,NOAA_ISD,NOAA NEXRAD AWS Open Data
2023-07-07T22:00:00+00:00,KAMX,19.0,1054.7,92.2,25.6111,-80.4128,4.0,NOAA_ISD,NOAA NEXRAD AWS Open Data
2023-07-07T22:00:00+00:00,KATX,9.0,1038.7,89.2,48.1947,-122.4944,151.0,NOAA_ISD,NOAA NEXRAD AWS Open Data
2023-07-07T22:00:00+00:00,KFWS,15.3,1032.7,69.2,32.5731,-97.3031,207.0,NOAA_ISD,NOAA NEXRAD AWS Open Data
2023-07-07T22:00:00+00:00,KDMX,11.7,1022.7,74.2,41.7311,-93.7228,299.0,NOAA_ISD,NOAA NEXRAD AWS Open Data
2023-07-07T23:00:00+00:00,KTLX,11.33,1013.9,71.3,35.3331,-97.2778,370.0,NOAA_ISD,NOAA NEXRAD AWS Open Data
2023-07-07T23:00:00+00:00,KOKX,8.83,1051.8,83.3,40.8656,-72.8628,20.0,NOAA_ISD,NOAA NEXRAD AWS Open Data
2023-07-07T23:00:00+00:00,KAMX,17.13,1053.8,89.3,25.6111,-80.4128,4.0,NOAA_ISD,NOAA NEXRAD AWS Open Data
2023-07-07T23:00:00+00:00,KATX,7.13,1037.8,86.3,48.1947,-122.4944,151.0,NOAA_ISD,NOAA NEXRAD AWS Open Data
2023-07-07T23:00:00+00:00,KFWS,13.43,1031.8,66.3,32.5731,-97.3031,207.0,NOAA_ISD,NOAA NEXRAD AWS Open Data
2023-07-07T23:00:00+00:00,KDMX,9.83,1021.9,71.3,41.7311,-93.7228,299.0,NOAA_ISD,NOAA NEXRAD AWS Open Data
2023-07-08T00:00:00+00:00,KTLX,9.94,1012.0,76.2,35.3331,-97.2778,370.0,NOAA_ISD,NOAA NEXRAD AWS Open Data
2023-07-08T00:00:00+00:00,KOKX,7.44,1050.0,88.2,40.8656,-72.8628,20.0,NOAA_ISD,NOAA NEXRAD AWS Open Data
2023-07-08T00:00:00+00:00,KAMX,15.74,1052.0,94.2,25.6111,-80.4128,4.0,NOAA_ISD,NOAA NEXRAD AWS Open Data
2023-07-08T00:00:00+00:00,KATX,5.74,1036.0,91.2,48.1947,-122.4944,151.0,NOAA_ISD,NOAA NEXRAD AWS Open Data
2023-07-08T00:00:00+00:00,KFWS,12.04,1030.0,71.2,32.5731,-97.3031,207.0,NOAA_ISD,NOAA NEXRAD AWS Open Data
2023-07-08T00:00:00+00:00,KDMX,8.44,1020.0,76.2,41.7311,-93.7228,299.0,NOAA_ISD,NOAA NEXRAD AWS Open Data
2023-07-08T01:00:00+00:00,KTLX,9.14,1010.9,73.5,35.3331,-97.2778,370.0,NOAA_ISD,NOAA NEXRAD AWS Open Data
2023-07-08T01:00:00+00:00,KOKX,6.64,1048.8,85.5,40.8656,-72.8628,20.0,NOAA_ISD,NOAA NEXRAD AWS Open Data
2023-07-08T01:00:00+00:00,KAMX,14.94,1050.8,91.5,25.6111,-80.4128,4.0,NOAA_ISD,NOAA NEXRAD AWS Open Data
2023-07-08T01:00:00+00:00,KATX,4.94,1034.8,88.5,48.1947,-122.4944,151.0,NOAA_ISD,NOAA NEXRAD AWS Open Data
2023-07-08T01:00:00+00:00,KFWS,11.24,1028.8,68.5,32.5731,-97.3031,207.0,NOAA_ISD,NOAA NEXRAD AWS Open Data
2023-07-08T01:00:00+00:00,KDMX,7.64,1018.9,73.5,41.7311,-93.7228,299.0,NOAA_ISD,NOAA NEXRAD AWS Open Data
2023-07-08T02:00:00+00:00,KTLX,8.0,1010.0,70.7,35.3331,-97.2778,370.0,NOAA_ISD,NOAA NEXRAD AWS Open Data
2023-07-08T02:00:00+00:00,KOKX,5.5,1048.0,82.7,40.8656,-72.8628,20.0,NOAA_ISD,NOAA NEXRAD AWS Open Data
2023-07-08T02:00:00+00:00,KAMX,13.8,1050.0,88.7,25.6111,-80.4128,4.0,NOAA_ISD,NOAA NEXRAD AWS Open Data
2023-07-08T02:00:00+00:00,KATX,3.8,1034.0,85.7,48.1947,-122.4944,151.0,NOAA_ISD,NOAA NEXRAD AWS Open Data
2023-07-08T02:00:00+00:00,KFWS,10.1,1028.0,65.7,32.5731,-97.3031,207.0,NOAA_ISD,NOAA NEXRAD AWS Open Data
2023-07-08T02:00:00+00:00,KDMX,6.5,1018.0,70.7,41.7311,-93.7228,299.0,NOAA_ISD,NOAA NEXRAD AWS Open Data
2023-07-08T03:00:00+00:00,KTLX,8.54,1009.8,76.0,35.3331,-97.2778,370.0,NOAA_ISD,NOAA NEXRAD AWS Open Data
2023-07-08T03:00:00+00:00,KOKX,6.04,1047.8,88.0,40.8656,-72.8628,20.0,NOAA_ISD,NOAA NEXRAD AWS Open Data
2023-07-08T03:00:00+00:00,KAMX,14.34,1049.8,94.0,25.6111,-80.4128,4.0,NOAA_ISD,NOAA NEXRAD AWS Open Data
2023-07-08T03:00:00+00:00,KATX,4.34,1033.8,91.0,48.1947,-122.4944,151.0,NOAA_ISD,NOAA NEXRAD AWS Open Data
2023-07-08T03:00:00+00:00,KFWS,10.64,1027.8,71.0,32.5731,-97.3031,207.0,NOAA_ISD,NOAA NEXRAD AWS Open Data
2023-07-08T03:00:00+00:00,KDMX,7.04,1017.8,76.0,41.7311,-93.7228,299.0,NOAA_ISD,NOAA NEXRAD AWS Open Data
2023-07-08T04:00:00+00:00,KTLX,9.74,1010.2,73.5,35.3331,-97.2778,370.0,NOAA_ISD,NOAA NEXRAD AWS Open Data
2023-07-08T04:00:00+00:00,KOKX,7.24,1048.2,85.5,40.8656,-72.8628,20.0,NOAA_ISD,NOAA NEXRAD AWS Open Data
2023-07-08T04:00:00+00:00,KAMX,15.54,1050.2,91.5,25.6111,-80.4128,4.0,NOAA_ISD,NOAA NEXRAD AWS Open Data
2023-07-08T04:00:00+00:00,KATX,5.54,1034.2,88.5,48.1947,-122.4944,151.0,NOAA_ISD,NOAA NEXRAD AWS Open Data
2023-07-08T04:00:00+00:00,KFWS,11.84,1028.2,68.5,32.5731,-97.3031,207.0,NOAA_ISD,NOAA NEXRAD AWS Open Data
2023-07-08T04:00:00+00:00,KDMX,8.24,1018.2,73.5,41.7311,-93.7228,299.0,NOAA_ISD,NOAA NEXRAD AWS Open Data
2023-07-08T05:00:00+00:00,KTLX,11.53,1011.2,71.4,35.3331,-97.2778,370.0,NOAA_ISD,NOAA NEXRAD AWS Open Data
2023-07-08T05:00:00+00:00,KOKX,9.03,1049.2,83.4,40.8656,-72.8628,20.0,NOAA_ISD,NOAA NEXRAD AWS Open Data
2023-07-08T05:00:00+00:00,KAMX,17.33,1051.2,89.4,25.6111,-80.4128,4.0,NOAA_ISD,NOAA NEXRAD AWS Open Data
2023-07-08T05:00:00+00:00,KATX,7.33,1035.2,86.4,48.1947,-122.4944,151.0,NOAA_ISD,NOAA NEXRAD AWS Open Data
2023-07-08T05:00:00+00:00,KFWS,13.63,1029.2,66.4,32.5731,-97.3031,207.0,NOAA_ISD,NOAA NEXRAD AWS Open Data
2023-07-08T05:00:00+00:00,KDMX,10.03,1019.2,71.4,41.7311,-93.7228,299.0,NOAA_ISD,NOAA NEXRAD AWS Open Data
2023-07-08T06:00:00+00:00,KTLX,13.8,1012.6,76.8,35.3331,-97.2778,370.0,NOAA_ISD,NOAA NEXRAD AWS Open Data
2023-07-08T06:00:00+00:00,KOKX,11.3,1050.6,88.8,40.8656,-72.8628,20.0,NOAA_ISD,NOAA NEXRAD AWS Open Data
2023-07-08T06:00:00+00:00,KAMX,19.6,1052.6,94.8,25.6111,-80.4128,4.0,NOAA_ISD,NOAA NEXRAD AWS Open Data
2023-07-08T06:00:00+00:00,KATX,9.6,1036.6,91.8,48.1947,-122.4944,151.0,NOAA_ISD,NOAA NEXRAD AWS Open Data
2023-07-08T06:00:00+00:00,KFWS,15.9,1030.6,71.8,32.5731,-97.3031,207.0,NOAA_ISD,NOAA NEXRAD AWS Open Data
2023-07-08T06:00:00+00:00,KDMX,12.3,1020.6,76.8,41.7311,-93.7228,299.0,NOAA_ISD,NOAA NEXRAD AWS Open Data
2023-07-08T07:00:00+00:00,KTLX,15.41,1013.2,74.5,35.3331,-97.2778,370.0,NOAA_ISD,NOAA NEXRAD AWS Open Data
2023-07-08T07:00:00+00:00,KOKX,12.91,1051.2,86.5,40.8656,-72.8628,20.0,NOAA_ISD,NOAA NEXRAD AWS Open Data
2023-07-08T07:00:00+00:00,KAMX,21.21,1053.2,92.5,25.6111,-80.4128,4.0,NOAA_ISD,NOAA NEXRAD AWS Open Data
2023-07-08T07:00:00+00:00,KATX,11.21,1037.2,89.5,48.1947,-122.4944,151.0,NOAA_ISD,NOAA NEXRAD AWS Open Data
2023-07-08T07:00:00+00:00,KFWS,17.51,1031.2,69.5,32.5731,-97.3031,207.0,NOAA_ISD,NOAA NEXRAD AWS Open Data
2023-07-08T07:00:00+00:00,KDMX,13.91,1021.2,74.5,41.7311,-93.7228,299.0,NOAA_ISD,NOAA NEXRAD AWS Open Data
2023-07-08T08:00:00+00:00,KTLX,18.2,1014.3,72.6,35.3331,-97.2778,370.0,NOAA_ISD,NOAA NEXRAD AWS Open Data
2023-07-08T08:00:00+00:00,KOKX,15.7,1052.3,84.6,40.8656,-72.8628,20.0,NOAA_ISD,NOAA NEXRAD AWS Open Data
2023-07-08T08:00:00+00:00,KAMX,24.0,1054.3,90.6,25.6111,-80.4128,4.0,NOAA_ISD,NOAA NEXRAD AWS Open Data
2023-07-08T08:00:00+00:00,KATX,14.0,1038.3,87.6,48.1947,-122.4944,151.0,NOAA_ISD,NOAA NEXRAD AWS Open Data
2023-07-08T08:00:00+00:00,KFWS,20.3,1032.3,67.6,32.5731,-97.3031,207.0,NOAA_ISD,NOAA NEXRAD AWS Open Data
2023-07-08T08:00:00+00:00,KDMX,16.7,1022.3,72.6,41.7311,-93.7228,299.0,NOAA_ISD,NOAA NEXRAD AWS Open Data
2023-07-08T09:00:00+00:00,KTLX,20.99,1014.7,77.9,35.3331,-97.2778,370.0,NOAA_ISD,NOAA NEXRAD AWS Open Data
2023-07-08T09:00:00+00:00,KOKX,18.49,1052.7,89.9,40.8656,-72.8628,20.0,NOAA_ISD,NOAA NEXRAD AWS Open Data
2023-07-08T09:00:00+00:00,KAMX,26.79,1054.7,95.9,25.6111,-80.4128,4.0,NOAA_ISD,NOAA NEXRAD AWS Open Data
2023-07-08T09:00:00+00:00,KATX,16.79,1038.7,92.9,48.1947,-122.4944,151.0,NOAA_ISD,NOAA NEXRAD AWS Open Data
2023-07-08T09:00:00+00:00,KFWS,23.09,1032.7,72.9,32.5731,-97.3031,207.0,NOAA_ISD,NOAA NEXRAD AWS Open Data
2023-07-08T09:00:00+00:00,KDMX,19.49,1022.7,77.9,41.7311,-93.7228,299.0,NOAA_ISD,NOAA NEXRAD AWS Open Data
2023-07-08T10:00:00+00:00,KTLX,23.6,1014.5,75.9,35.3331,-97.2778,370.0,NOAA_ISD,NOAA NEXRAD AWS Open Data
2023-07-08T10:00:00+00:00,KOKX,21.1,1052.5,87.9,40.8656,-72.8628,20.0,NOAA_ISD,NOAA NEXRAD AWS Open Data
2023-07-08T10:00:00+00:00,KAMX,29.4,1054.5,93.9,25.6111,-80.4128,4.0,NOAA_ISD,NOAA NEXRAD AWS Open Data
2023-07-08T10:00:00+00:00,KATX,19.4,1038.5,90.9,48.1947,-122.4944,151.0,NOAA_ISD,NOAA NEXRAD AWS Open Data
2023-07-08T10:00:00+00:00,KFWS,25.7,1032.5,70.9,32.5731,-97.3031,207.0,NOAA_ISD,NOAA NEXRAD AWS Open Data
2023-07-08T10:00:00+00:00,KDMX,22.1,1022.5,75.9,41.7311,-93.7228,299.0,NOAA_ISD,NOAA NEXRAD AWS Open Data
2023-07-08T11:00:00+00:00,KTLX,25.87,1013.6,74.0,35.3331,-97.2778,370.0,NOAA_ISD,NOAA NEXRAD AWS Open Data
2023-07-08T11:00:00+00:00,KOKX,23.37,1051.7,86.0,40.8656,-72.8628,20.0,NOAA_ISD,NOAA NEXRAD AWS Open Data
2023-07-08T11:00:00+00:00,KAMX,31.67,1053.7,92.0,25.6111,-80.4128,4.0,NOAA_ISD,NOAA NEXRAD AWS Open Data
2023-07-08T11:00:00+00:00,KATX,21.67,1037.7,89.0,48.1947,-122.4944,151.0,NOAA_ISD,NOAA NEXRAD AWS Open Data
2023-07-08T11:00:00+00:00,KFWS,27.97,1031.7,69.0,32.5731,-97.3031,207.0,NOAA_ISD,NOAA NEXRAD AWS Open Data
2023-07-08T11:00:00+00:00,KDMX,24.37,1021.6,74.0,41.7311,-93.7228,299.0,NOAA_ISD,NOAA NEXRAD AWS Open Data
2023-07-08T12:00:00+00:00,KTLX,26.66,1012.5,78.7,35.3331,-97.2778,370.0,NOAA_ISD,NOAA NEXRAD AWS Open Data
2023-07-08T12:00:00+00:00,KOKX,24.16,1050.5,90.7,40.8656,-72.8628,20.0,NOAA_ISD,NOAA NEXRAD AWS Open Data
2023-07-08T12:00:00+00:00,KAMX,32.46,1052.5,96.7,25.6111,-80.4128,4.0,NOAA_ISD,NOAA NEXRAD AWS Open Data
2023-07-08T12:00:00+00:00,KATX,22.46,1036.5,93.7,48.1947,-122.4944,151.0,NOAA_ISD,NOAA NEXRAD AWS Open Data
2023-07-08T12:00:00+00:00,KFWS,28.76,1030.5,73.7,32.5731,-97.3031,207.0,NOAA_ISD,NOAA NEXRAD AWS Open Data
2023-07-08T12:00:00+00:00,KDMX,25.16,1020.5,78.7,41.7311,-93.7228,299.0,NOAA_ISD,NOAA NEXRAD AWS Open Data
2023-07-08T13:00:00+00:00,KTLX,27.86,1011.4,76.6,35.3331,-97.2778,370.0,NOAA_ISD,NOAA NEXRAD AWS Open Data
2023-07-08T13:00:00+00:00,KOKX,25.36,1049.3,88.6,40.8656,-72.8628,20.0,NOAA_ISD,NOAA NEXRAD AWS Open Data
2023-07-08T13:00:00+00:00,KAMX,33.66,1051.3,94.6,25.6111,-80.4128,4.0,NOAA_ISD,NOAA NEXRAD AWS Open Data
2023-07-08T13:00:00+00:00,KATX,23.66,1035.3,91.6,48.1947,-122.4944,151.0,NOAA_ISD,NOAA NEXRAD AWS Open Data
2023-07-08T13:00:00+00:00,KFWS,29.96,1029.3,71.6,32.5731,-97.3031,207.0,NOAA_ISD,NOAA NEXRAD AWS Open Data
2023-07-08T13:00:00+00:00,KDMX,26.36,1019.4,76.6,41.7311,-93.7228,299.0,NOAA_ISD,NOAA NEXRAD AWS Open Data
2023-07-08T14:00:00+00:00,KTLX,28.4,1009.8,74.4,35.3331,-97.2778,370.0,NOAA_ISD,NOAA NEXRAD AWS Open Data
2023-07-08T14:00:00+00:00,KOKX,25.9,1047.8,86.4,40.8656,-72.8628,20.0,NOAA_ISD,NOAA NEXRAD AWS Open Data
2023-07-08T14:00:00+00:00,KAMX,34.2,1049.8,92.4,25.6111,-80.4128,4.0,NOAA_ISD,NOAA NEXRAD AWS Open Data
2023-07-08T14:00:00+00:00,KATX,24.2,1033.8,89.4,48.1947,-122.4944,151.0,NOAA_ISD,NOAA NEXRAD AWS Open Data
2023-07-08T14:00:00+00:00,KFWS,30.5,1027.8,69.4,32.5731,-97.3031,207.0,NOAA_ISD,NOAA NEXRAD AWS Open Data
2023-07-08T14:00:00+00:00,KDMX,26.9,1017.8,74.4,41.7311,-93.7228,299.0,NOAA_ISD,NOAA NEXRAD AWS Open Data
2023-07-08T15:00:00+00:00,KTLX,28.26,1009.6,79.0,35.3331,-97.2778,370.0,NOAA_ISD,NOAA NEXRAD AWS Open Data
2023-07-08T15:00:00+00:00,KOKX,25.76,1047.6,91.0,40.8656,-72.8628,20.0,NOAA_ISD,NOAA NEXRAD AWS Open Data
2023-07-08T15:00:00+00:00,KAMX,34.06,1049.6,97.0,25.6111,-80.4128,4.0,NOAA_ISD,NOAA NEXRAD AWS Open Data
2023-07-08T15:00:00+00:00,KATX,24.06,1033.6,94.0,48.1947,-122.4944,151.0,NOAA_ISD,NOAA NEXRAD AWS Open Data
2023-07-08T15:00:00+00:00,KFWS,30.36,1027.6,74.0,32.5731,-97.3031,207.0,NOAA_ISD,NOAA NEXRAD AWS Open Data
2023-07-08T15:00:00+00:00,KDMX,26.76,1017.6,79.0,41.7311,-93.7228,299.0,NOAA_ISD,NOAA NEXRAD AWS Open Data
2023-07-08T16:00:00+00:00,KTLX,27.46,1010.0,76.5,35.3331,-97.2778,370.0,NOAA_ISD,NOAA NEXRAD AWS Open Data
2023-07-08T16:00:00+00:00,KOKX,24.96,1048.0,88.5,40.8656,-72.8628,20.0,NOAA_ISD,NOAA NEXRAD AWS Open Data
2023-07-08T16:00:00+00:00,KAMX,33.26,1050.0,94.5,25.6111,-80.4128,4.0,NOAA_ISD,NOAA NEXRAD AWS Open Data
2023-07-08T16:00:00+00:00,KATX,23.26,1034.0,91.5,48.1947,-122.4944,151.0,NOAA_ISD,NOAA NEXRAD AWS Open Data
2023-07-08T16:00:00+00:00,KFWS,29.56,1028.0,71.5,32.5731,-97.3031,207.0,NOAA_ISD,NOAA NEXRAD AWS Open Data
2023-07-08T16:00:00+00:00,KDMX,25.96,1018.0,76.5,41.7311,-93.7228,299.0,NOAA_ISD,NOAA NEXRAD AWS Open Data
2023-07-08T17:00:00+00:00,KTLX,25.07,1011.0,73.8,35.3331,-97.2778,370.0,NOAA_ISD,NOAA NEXRAD AWS Open Data
2023-07-08T17:00:00+00:00,KOKX,22.57,1049.0,85.8,40.8656,-72.8628,20.0,NOAA_ISD,NOAA NEXRAD AWS Open Data
2023-07-08T17:00:00+00:00,KAMX,30.87,1051.0,91.8,25.6111,-80.4128,4.0,NOAA_ISD,NOAA NEXRAD AWS Open Data
2023-07-08T17:00:00+00:00,KATX,20.87,1035.0,88.8,48.1947,-122.4944,151.0,NOAA_ISD,NOAA NEXRAD AWS Open Data
2023-07-08T17:00:00+00:00,KFWS,27.17,1029.0,68.8,32.5731,-97.3031,207.0,NOAA_ISD,NOAA NEXRAD AWS Open Data
2023-07-08T17:00:00+00:00,KDMX,23.57,1019.0,73.8,41.7311,-93.7228,299.0,NOAA_ISD,NOAA NEXRAD AWS Open Data
2023-07-08T18:00:00+00:00,KTLX,23.2,1012.4,78.2,35.3331,-97.2778,370.0,NOAA_ISD,NOAA NEXRAD AWS Open Data
2023-07-08T18:00:00+00:00,KOKX,20.7,1050.4,90.2,40.8656,-72.8628,20.0,NOAA_ISD,NOAA NEXRAD AWS Open Data
2023-07-08T18:00:00+00:00,KAMX,29.0,1052.4,96.2,25.6111,-80.4128,4.0,NOAA_ISD,NOAA NEXRAD AWS Open Data
2023-07-08T18:00:00+00:00,KATX,19.0,1036.4,93.2,48.1947,-122.4944,151.0,NOAA_ISD,NOAA NEXRAD AWS Open Data
2023-07-08T18:00:00+00:00,KFWS,25.3,1030.4,73.2,32.5731,-97.3031,207.0,NOAA_ISD,NOAA NEXRAD AWS Open Data
2023-07-08T18:00:00+00:00,KDMX,21.7,1020.4,78.2,41.7311,-93.7228,299.0,NOAA_ISD,NOAA NEXRAD AWS Open Data
2023-07-08T19:00:00+00:00,KTLX,20.99,1013.8,75.5,35.3331,-97.2778,370.0,NOAA_ISD,NOAA NEXRAD AWS Open Data
2023-07-08T19:00:00+00:00,KOKX,18.49,1051.8,87.5,40.8656,-72.8628,20.0,NOAA_ISD,NOAA NEXRAD AWS Open Data
2023-07-08T19:00:00+00:00,KAMX,26.79,1053.8,93.5,25.6111,-80.4128,4.0,NOAA_ISD,NOAA NEXRAD AWS Open Data
2023-07-08T19:00:00+00:00,KATX,16.79,1037.8,90.5,48.1947,-122.4944,151.0,NOAA_ISD,NOAA NEXRAD AWS Open Data
2023-07-08T19:00:00+00:00,KFWS,23.09,1031.8,70.5,32.5731,-97.3031,207.0,NOAA_ISD,NOAA NEXRAD AWS Open Data
2023-07-08T19:00:00+00:00,KDMX,19.49,1021.8,75.5,41.7311,-93.7228,299.0,NOAA_ISD,NOAA NEXRAD AWS Open Data
2023-07-08T20:00:00+00:00,KTLX,18.6,1014.8,72.7,35.3331,-97.2778,370.0,NOAA_ISD,NOAA NEXRAD AWS Open Data
2023-07-08T20:00:00+00:00,KOKX,16.1,1052.8,84.7,40.8656,-72.8628,20.0,NOAA_ISD,NOAA NEXRAD AWS Open Data
2023-07-08T20:00:00+00:00,KAMX,24.4,1054.8,90.7,25.6111,-80.4128,4.0,NOAA_ISD,NOAA NEXRAD AWS Open Data
2023-07-08T20:00:00+00:00,KATX,14.4,1038.8,87.7,48.1947,-122.4944,151.0,NOAA_ISD,NOAA NEXRAD AWS Open Data
2023-07-08T20:00:00+00:00,KFWS,20.7,1032.8,67.7,32.5731,-97.3031,207.0,NOAA_ISD,NOAA NEXRAD AWS Open Data
2023-07-08T20:00:00+00:00,KDMX,17.1,1022.8,72.7,41.7311,-93.7228,299.0,NOAA_ISD,NOAA NEXRAD AWS Open Data
2023-07-08T21:00:00+00:00,KTLX,16.21,1014.5,77.2,35.3331,-97.2778,370.0,NOAA_ISD,NOAA NEXRAD AWS Open Data
2023-07-08T21:00:00+00:00,KOKX,13.71,1052.5,89.2,40.8656,-72.8628,20.0,NOAA_ISD,NOAA NEXRAD AWS Open Data
2023-07-08T21:00:00+00:00,KAMX,22.01,1054.5,95.2,25.6111,-80.4128,4.0,NOAA_ISD,NOAA NEXRAD AWS Open Data
2023-07-08T21:00:00+00:00,KATX,12.01,1038.5,92.2,48.1947,-122.4944,151.0,NOAA_ISD,NOAA NEXRAD AWS Open Data
2023-07-08T21:00:00+00:00,KFWS,18.31,1032.5,72.2,32.5731,-97.3031,207.0,NOAA_ISD,NOAA NEXRAD AWS Open Data
2023-07-08T21:00:00+00:00,KDMX,14.71,1022.5,77.2,41.7311,-93.7228,299.0,NOAA_ISD,NOAA NEXRAD AWS Open Data
2023-07-08T22:00:00+00:00,KTLX,13.0,1014.3,74.1,35.3331,-97.2778,370.0,NOAA_ISD,NOAA NEXRAD AWS Open Data
2023-07-08T22:00:00+00:00,KOKX,10.5,1052.3,86.1,40.8656,-72.8628,20.0,NOAA_ISD,NOAA NEXRAD AWS Open Data
2023-07-08T22:00:00+00:00,KAMX,18.8,1054.3,92.1,25.6111,-80.4128,4.0,NOAA_ISD,NOAA NEXRAD AWS Open Data
2023-07-08T22:00:00+00:00,KATX,8.8,1038.3,89.1,48.1947,-122.4944,151.0,NOAA_ISD,NOAA NEXRAD AWS Open Data
2023-07-08T22:00:00+00:00,KFWS,15.1,1032.3,69.1,32.5731,-97.3031,207.0,NOAA_ISD,NOAA NEXRAD AWS Open Data
2023-07-08T22:00:00+00:00,KDMX,11.5,1022.3,74.1,41.7311,-93.7228,299.0,NOAA_ISD,NOAA NEXRAD AWS Open Data
2023-07-08T23:00:00+00:00,KTLX,11.13,1013.5,71.3,35.3331,-97.2778,370.0,NOAA_ISD,NOAA NEXRAD AWS Open Data
2023-07-08T23:00:00+00:00,KOKX,8.63,1051.5,83.3,40.8656,-72.8628,20.0,NOAA_ISD,NOAA NEXRAD AWS Open Data
2023-07-08T23:00:00+00:00,KAMX,16.93,1053.5,89.3,25.6111,-80.4128,4.0,NOAA_ISD,NOAA NEXRAD AWS Open Data
2023-07-08T23:00:00+00:00,KATX,6.93,1037.5,86.3,48.1947,-122.4944,151.0,NOAA_ISD,NOAA NEXRAD AWS Open Data
2023-07-08T23:00:00+00:00,KFWS,13.23,1031.5,66.3,32.5731,-97.3031,207.0,NOAA_ISD,NOAA NEXRAD AWS Open Data
2023-07-08T23:00:00+00:00,KDMX,9.63,1021.5,71.3,41.7311,-93.7228,299.0,NOAA_ISD,NOAA NEXRAD AWS Open Data
2023-07-09T00:00:00+00:00,KTLX,9.74,1012.3,76.2,35.3331,-97.2778,370.0,NOAA_ISD,NOAA NEXRAD AWS Open Data
2023-07-09T00:00:00+00:00,KOKX,7.24,1050.3,88.2,40.8656,-72.8628,20.0,NOAA_ISD,NOAA NEXRAD AWS Open Data
2023-07-09T00:00:00+00:00,KAMX,15.54,1052.3,94.2,25.6111,-80.4128,4.0,NOAA_ISD,NOAA NEXRAD AWS Open Data
2023-07-09T00:00:00+00:00,KATX,5.54,1036.3,91.2,48.1947,-122.4944,151.0,NOAA_ISD,NOAA NEXRAD AWS Open Data
2023-07-09T00:00:00+00:00,KFWS,11.84,1030.3,71.2,32.5731,-97.3031,207.0,NOAA_ISD,NOAA NEXRAD AWS Open Data
2023-07-09T00:00:00+00:00,KDMX,8.24,1020.3,76.2,41.7311,-93.7228,299.0,NOAA_ISD,NOAA NEXRAD AWS Open Data
2023-07-09T01:00:00+00:00,KTLX,8.94,1011.1,73.4,35.3331,-97.2778,370.0,NOAA_ISD,NOAA NEXRAD AWS Open Data
2023-07-09T01:00:00+00:00,KOKX,6.44,1049.2,85.4,40.8656,-72.8628,20.0,NOAA_ISD,NOAA NEXRAD AWS Open Data
2023-07-09T01:00:00+00:00,KAMX,14.74,1051.2,91.4,25.6111,-80.4128,4.0,NOAA_ISD,NOAA NEXRAD AWS Open Data
2023-07-09T01:00:00+00:00,KATX,4.74,1035.2,88.4,48.1947,-122.4944,151.0,NOAA_ISD,NOAA NEXRAD AWS Open Data
2023-07-09T01:00:00+00:00,KFWS,11.04,1029.2,68.4,32.5731,-97.3031,207.0,NOAA_ISD,NOAA NEXRAD AWS Open Data
2023-07-09T01:00:00+00:00,KDMX,7.44,1019.1,73.4,41.7311,-93.7228,299.0,NOAA_ISD,NOAA NEXRAD AWS Open Data
2023-07-09T02:00:00+00:00,KTLX,8.8,1010.3,70.8,35.3331,-97.2778,370.0,NOAA_ISD,NOAA NEXRAD AWS Open Data
2023-07-09T02:00:00+00:00,KOKX,6.3,1048.3,82.8,40.8656,-72.8628,20.0,NOAA_ISD,NOAA NEXRAD AWS Open Data
2023-07-09T02:00:00+00:00,KAMX,14.6,1050.3,88.8,25.6111,-80.4128,4.0,NOAA_ISD,NOAA NEXRAD AWS Open Data
2023-07-09T02:00:00+00:00,KATX,4.6,1034.3,85.8,48.1947,-122.4944,151.0,NOAA_ISD,NOAA NEXRAD AWS Open Data
2023-07-09T02:00:00+00:00,KFWS,10.9,1028.3,65.8,32.5731,-97.3031,207.0,NOAA_ISD,NOAA NEXRAD AWS Open Data
2023-07-09T02:00:00+00:00,KDMX,7.3,1018.3,70.8,41.7311,-93.7228,299.0,NOAA_ISD,NOAA NEXRAD AWS Open Data
2023-07-09T03:00:00+00:00,KTLX,8.34,1010.1,75.9,35.3331,-97.2778,370.0,NOAA_ISD,NOAA NEXRAD AWS Open Data
2023-07-09T03:00:00+00:00,KOKX,5.84,1048.1,87.9,40.8656,-72.8628,20.0,NOAA_ISD,NOAA NEXRAD AWS Open Data
2023-07-09T03:00:00+00:00,KAMX,14.14,1050.1,93.9,25.6111,-80.4128,4.0,NOAA_ISD,NOAA NEXRAD AWS Open Data
2023-07-09T03:00:00+00:00,KATX,4.14,1034.1,90.9,48.1947,-122.4944,151.0,NOAA_ISD,NOAA NEXRAD AWS Open Data
2023-07-09T03:00:00+00:00,KFWS,10.44,1028.1,70.9,32.5731,-97.3031,207.0,NOAA_ISD,NOAA NEXRAD AWS Open Data
2023-07-09T03:00:00+00:00,KDMX,6.84,1018.1,75.9,41.7311,-93.7228,299.0,NOAA_ISD,NOAA NEXRAD AWS Open Data
2023-07-09T04:00:00+00:00,KTLX,9.54,1009.8,73.5,35.3331,-97.2778,370.0,NOAA_ISD,NOAA NEXRAD AWS Open Data
2023-07-09T04:00:00+00:00,KOKX,7.04,1047.8,85.5,40.8656,-72.8628,20.0,NOAA_ISD,NOAA NEXRAD AWS Open Data
2023-07-09T04:00:00+00:00,KAMX,15.34,1049.8,91.5,25.6111,-80.4128,4.0,NOAA_ISD,NOAA NEXRAD AWS Open Data
2023-07-09T04:00:00+00:00,KATX,5.34,1033.8,88.5,48.1947,-122.4944,151.0,NOAA_ISD,NOAA NEXRAD AWS Open Data
2023-07-09T04:00:00+00:00,KFWS,11.64,1027.8,68.5,32.5731,-97.3031,207.0,NOAA_ISD,NOAA NEXRAD AWS Open Data
2023-07-09T04:00:00+00:00,KDMX,8.04,1017.8,73.5,41.7311,-93.7228,299.0,NOAA_ISD,NOAA NEXRAD AWS Open Data
2023-07-09T05:00:00+00:00,KTLX,11.33,1010.9,71.3,35.3331,-97.2778,370.0,NOAA_ISD,NOAA NEXRAD AWS Open Data
2023-07-09T05:00:00+00:00,KOKX,8.83,1048.8,83.3,40.8656,-72.8628,20.0,NOAA_ISD,NOAA NEXRAD AWS Open Data
2023-07-09T05:00:00+00:00,KAMX,17.13,1050.8,89.3,25.6111,-80.4128,4.0,NOAA_ISD,NOAA NEXRAD AWS Open Data
2023-07-09T05:00:00+00:00,KATX,7.13,1034.8,86.3,48.1947,-122.4944,151.0,NOAA_ISD,NOAA NEXRAD AWS Open Data
2023-07-09T05:00:00+00:00,KFWS,13.43,1028.8,66.3,32.5731,-97.3031,207.0,NOAA_ISD,NOAA NEXRAD AWS Open Data
2023-07-09T05:00:00+00:00,KDMX,9.83,1018.9,71.3,41.7311,-93.7228,299.0,NOAA_ISD,NOAA NEXRAD AWS Open Data
2023-07-09T06:00:00+00:00,KTLX,13.6,1012.2,76.8,35.3331,-97.2778,370.0,NOAA_ISD,NOAA NEXRAD AWS Open Data
2023-07-09T06:00:00+00:00,KOKX,11.1,1050.2,88.8,40.8656,-72.8628,20.0,NOAA_ISD,NOAA NEXRAD AWS Open Data
2023-07-09T06:00:00+00:00,KAMX,19.4,1052.2,94.8,25.6111,-80.4128,4.0,NOAA_ISD,NOAA NEXRAD AWS Open Data
2023-07-09T06:00:00+00:00,KATX,9.4,1036.2,91.8,48.1947,-122.4944,151.0,NOAA_ISD,NOAA NEXRAD AWS Open Data
2023-07-09T06:00:00+00:00,KFWS,15.7,1030.2,71.8,32.5731,-97.3031,207.0,NOAA_ISD,NOAA NEXRAD AWS Open Data
2023-07-09T06:00:00+00:00,KDMX,12.1,1020.2,76.8,41.7311,-93.7228,299.0,NOAA_ISD,NOAA NEXRAD AWS Open Data
2023-07-09T07:00:00+00:00,KTLX,16.21,1013.5,74.7,35.3331,-97.2778,370.0,NOAA_ISD,NOAA NEXRAD AWS Open Data
2023-07-09T07:00:00+00:00,KOKX,13.71,1051.5,86.7,40.8656,-72.8628,20.0,NOAA_ISD,NOAA NEXRAD AWS Open Data
2023-07-09T07:00:00+00:00,KAMX,22.01,1053.5,92.7,25.6111,-80.4128,4.0,NOAA_ISD,NOAA NEXRAD AWS Open Data
2023-07-09T07:00:00+00:00,KATX,12.01,1037.5,89.7,48.1947,-122.4944,151.0,NOAA_ISD,NOAA NEXRAD AWS Open Data
2023-07-09T07:00:00+00:00,KFWS,18.31,1031.5,69.7,32.5731,-97.3031,207.0,NOAA_ISD,NOAA NEXRAD AWS Open Data
2023-07-09T07:00:00+00:00,KDMX,14.71,1021.5,74.7,41.7311,-93.7228,299.0,NOAA_ISD,NOAA NEXRAD AWS Open Data
2023-07-09T08:00:00+00:00,KTLX,18.0,1014.6,72.6,35.3331,-97.2778,370.0,NOAA_ISD,NOAA NEXRAD AWS Open Data
2023-07-09T08:00:00+00:00,KOKX,15.5,1052.6,84.6,40.8656,-72.8628,20.0,NOAA_ISD,NOAA NEXRAD AWS Open Data
2023-07-09T08:00:00+00:00,KAMX,23.8,1054.6,90.6,25.6111,-80.4128,4.0,NOAA_ISD,NOAA NEXRAD AWS Open Data
2023-07-09T08:00:00+00:00,KATX,13.8,1038.6,87.6,48.1947,-122.4944,151.0,NOAA_ISD,NOAA NEXRAD AWS Open Data
2023-07-09T08:00:00+00:00,KFWS,20.1,1032.6,67.6,32.5731,-97.3031,207.0,NOAA_ISD,NOAA NEXRAD AWS Open Data
2023-07-09T08:00:00+00:00,KDMX,16.5,1022.6,72.6,41.7311,-93.7228,299.0,NOAA_ISD,NOAA NEXRAD AWS Open Data
2023-07-09T09:00:00+00:00,KTLX,20.79,1015.0,77.9,35.3331,-97.2778,370.0,NOAA_ISD,NOAA NEXRAD AWS Open Data
2023-07-09T09:00:00+00:00,KOKX,18.29,1053.0,89.9,40.8656,-72.8628,20.0,NOAA_ISD,NOAA NEXRAD AWS Open Data
2023-07-09T09:00:00+00:00,KAMX,26.59,1055.0,95.9,25.6111,-80.4128,4.0,NOAA_ISD,NOAA NEXRAD AWS Open Data
2023-07-09T09:00:00+00:00,KATX,16.59,1039.0,92.9,48.1947,-122.4944,151.0,NOAA_ISD,NOAA NEXRAD AWS Open Data
2023-07-09T09:00:00+00:00,KFWS,22.89,1033.0,72.9,32.5731,-97.3031,207.0,NOAA_ISD,NOAA NEXRAD AWS Open Data
2023-07-09T09:00:00+00:00,KDMX,19.29,1023.0,77.9,41.7311,-93.7228,299.0,NOAA_ISD,NOAA NEXRAD AWS Open Data
2023-07-09T10:00:00+00:00,KTLX,23.4,1014.8,75.9,35.3331,-97.2778,370.0,NOAA_ISD,NOAA NEXRAD AWS Open Data
2023-07-09T10:00:00+00:00,KOKX,20.9,1052.8,87.9,40.8656,-72.8628,20.0,NOAA_ISD,NOAA NEXRAD AWS Open Data
2023-07-09T10:00:00+00:00,KAMX,29.2,1054.8,93.9,25.6111,-80.4128,4.0,NOAA_ISD,NOAA NEXRAD AWS Open Data
2023-07-09T10:00:00+00:00,KATX,19.2,1038.8,90.9,48.1947,-122.4944,151.0,NOAA_ISD,NOAA NEXRAD AWS Open Data
2023-07-09T10:00:00+00:00,KFWS,25.5,1032.8,70.9,32.5731,-97.3031,207.0,NOAA_ISD,NOAA NEXRAD AWS Open Data
2023-07-09T10:00:00+00:00,KDMX,21.9,1022.8,75.9,41.7311,-93.7228,299.0,NOAA_ISD,NOAA NEXRAD AWS Open Data
2023-07-09T11:00:00+00:00,KTLX,25.67,1013.2,73.9,35.3331,-97.2778,370.0,NOAA_ISD,NOAA NEXRAD AWS Open Data
2023-07-09T11:00:00+00:00,KOKX,23.17,1051.2,85.9,40.8656,-72.8628,20.0,NOAA_ISD,NOAA NEXRAD AWS Open Data
2023-07-09T11:00:00+00:00,KAMX,31.47,1053.2,91.9,25.6111,-80.4128,4.0,NOAA_ISD,NOAA NEXRAD AWS Open Data
2023-07-09T11:00:00+00:00,KATX,21.47,1037.2,88.9,48.1947,-122.4944,151.0,NOAA_ISD,NOAA NEXRAD AWS Open Data
2023-07-09T11:00:00+00:00,KFWS,27.77,1031.2,68.9,32.5731,-97.3031,207.0,NOAA_ISD,NOAA NEXRAD AWS Open Data
2023-07-09T11:00:00+00:00,KDMX,24.17,1021.2,73.9,41.7311,-93.7228,299.0,NOAA_ISD,NOAA NEXRAD AWS Open Data
2023-07-09T12:00:00+00:00,KTLX,27.46,1012.1,78.8,35.3331,-97.2778,370.0,NOAA_ISD,NOAA NEXRAD AWS Open Data
2023-07-09T12:00:00+00:00,KOKX,24.96,1050.1,90.8,40.8656,-72.8628,20.0,NOAA_ISD,NOAA NEXRAD AWS Open Data
2023-07-09T12:00:00+00:00,KAMX,33.26,1052.1,96.8,25.6111,-80.4128,4.0,NOAA_ISD,NOAA NEXRAD AWS Open Data
2023-07-09T12:00:00+00:00,KATX,23.26,1036.1,93.8,48.1947,-122.4944,151.0,NOAA_ISD,NOAA NEXRAD AWS Open Data
2023-07-09T12:00:00+00:00,KFWS,29.56,1030.1,73.8,32.5731,-97.3031,207.0,NOAA_ISD,NOAA NEXRAD AWS Open Data
2023-07-09T12:00:00+00:00,KDMX,25.96,1020.1,78.8,41.7311,-93.7228,299.0,NOAA_ISD,NOAA NEXRAD AWS Open Data
2023-07-09T13:00:00+00:00,KTLX,27.66,1011.0,76.5,35.3331,-97.2778,370.0,NOAA_ISD,NOAA NEXRAD AWS Open Data
2023-07-09T13:00:00+00:00,KOKX,25.16,1049.0,88.5,40.8656,-72.8628,20.0,NOAA_ISD,NOAA NEXRAD AWS Open Data
2023-07-09T13:00:00+00:00,KAMX,33.46,1051.0,94.5,25.6111,-80.4128,4.0,NOAA_ISD,NOAA NEXRAD AWS Open Data
2023-07-09T13:00:00+00:00,KATX,23.46,1035.0,91.5,48.1947,-122.4944,151.0,NOAA_ISD,NOAA NEXRAD AWS Open Data
2023-07-09T13:00:00+00:00,KFWS,29.76,1029.0,71.5,32.5731,-97.3031,207.0,NOAA_ISD,NOAA NEXRAD AWS Open Data
2023-07-09T13:00:00+00:00,KDMX,26.16,1019.0,76.5,41.7311,-93.7228,299.0,NOAA_ISD,NOAA NEXRAD AWS Open Data
2023-07-09T14:00:00+00:00,KTLX,28.2,1010.1,74.3,35.3331,-97.2778,370.0,NOAA_ISD,NOAA NEXRAD AWS Open Data
2023-07-09T14:00:00+00:00,KOKX,25.7,1048.1,86.3,40.8656,-72.8628,20.0,NOAA_ISD,NOAA NEXRAD AWS Open Data
2023-07-09T14:00:00+00:00,KAMX,34.0,1050.1,92.3,25.6111,-80.4128,4.0,NOAA_ISD,NOAA NEXRAD AWS Open Data
2023-07-09T14:00:00+00:00,KATX,24.0,1034.1,89.3,48.1947,-122.4944,151.0,NOAA_ISD,NOAA NEXRAD AWS Open Data
2023-07-09T14:00:00+00:00,KFWS,30.3,1028.1,69.3,32.5731,-97.3031,207.0,NOAA_ISD,NOAA NEXRAD AWS Open Data
2023-07-09T14:00:00+00:00,KDMX,26.7,1018.1,74.3,41.7311,-93.7228,299.0,NOAA_ISD,NOAA NEXRAD AWS Open Data
2023-07-09T15:00:00+00:00,KTLX,28.06,1009.9,78.9,35.3331,-97.2778,370.0,NOAA_ISD,NOAA NEXRAD AWS Open Data
2023-07-09T15:00:00+00:00,KOKX,25.56,1047.9,90.9,40.8656,-72.8628,20.0,NOAA_ISD,NOAA NEXRAD AWS Open Data
2023-07-09T15:00:00+00:00,KAMX,33.86,1049.9,96.9,25.6111,-80.4128,4.0,NOAA_ISD,NOAA NEXRAD AWS Open Data
2023-07-09T15:00:00+00:00,KATX,23.86,1033.9,93.9,48.1947,-122.4944,151.0,NOAA_ISD,NOAA NEXRAD AWS Open Data
2023-07-09T15:00:00+00:00,KFWS,30.16,1027.9,73.9,32.5731,-97.3031,207.0,NOAA_ISD,NOAA NEXRAD AWS Open Data
2023-07-09T15:00:00+00:00,KDMX,26.56,1017.9,78.9,41.7311,-93.7228,299.0,NOAA_ISD,NOAA NEXRAD AWS Open Data
2023-07-09T16:00:00+00:00,KTLX,27.26,1010.3,76.5,35.3331,-97.2778,370.0,NOAA_ISD,NOAA NEXRAD AWS Open Data
2023-07-09T16:00:00+00:00,KOKX,24.76,1048.3,88.5,40.8656,-72.8628,20.0,NOAA_ISD,NOAA NEXRAD AWS Open Data
2023-07-09T16:00:00+00:00,KAMX,33.06,1050.3,94.5,25.6111,-80.4128,4.0,NOAA_ISD,NOAA NEXRAD AWS Open Data
2023-07-09T16:00:00+00:00,KATX,23.06,1034.3,91.5,48.1947,-122.4944,151.0,NOAA_ISD,NOAA NEXRAD AWS Open Data
2023-07-09T16:00:00+00:00,KFWS,29.36,1028.3,71.5,32.5731,-97.3031,207.0,NOAA_ISD,NOAA NEXRAD AWS Open Data
2023-07-09T16:00:00+00:00,KDMX,25.76,1018.3,76.5,41.7311,-93.7228,299.0,NOAA_ISD,NOAA NEXRAD AWS Open Data
2023-07-09T17:00:00+00:00,KTLX,25.87,1011.4,74.0,35.3331,-97.2778,370.0,NOAA_ISD,NOAA NEXRAD AWS Open Data
2023-07-09T17:00:00+00:00,KOKX,23.37,1049.3,86.0,40.8656,-72.8628,20.0,NOAA_ISD,NOAA NEXRAD AWS Open Data
2023-07-09T17:00:00+00:00,KAMX,31.67,1051.3,92.0,25.6111,-80.4128,4.0,NOAA_ISD,NOAA NEXRAD AWS Open Data
2023-07-09T17:00:00+00:00,KATX,21.67,1035.3,89.0,48.1947,-122.4944,151.0,NOAA_ISD,NOAA NEXRAD AWS Open Data
2023-07-09T17:00:00+00:00,KFWS,27.97,1029.3,69.0,32.5731,-97.3031,207.0,NOAA_ISD,NOAA NEXRAD AWS Open Data
2023-07-09T17:00:00+00:00,KDMX,24.37,1019.4,74.0,41.7311,-93.7228,299.0,NOAA_ISD,NOAA NEXRAD AWS Open Data
2023-07-09T18:00:00+00:00,KTLX,23.0,1012.0,78.2,35.3331,-97.2778,370.0,NOAA_ISD,NOAA NEXRAD AWS Open Data
2023-07-09T18:00:00+00:00,KOKX,20.5,1050.0,90.2,40.8656,-72.8628,20.0,NOAA_ISD,NOAA NEXRAD AWS Open Data
2023-07-09T18:00:00+00:00,KAMX,28.8,1052.0,96.2,25.6111,-80.4128,4.0,NOAA_ISD,NOAA NEXRAD AWS Open Data
2023-07-09T18:00:00+00:00,KATX,18.8,1036.0,93.2,48.1947,-122.4944,151.0,NOAA_ISD,NOAA NEXRAD AWS Open Data
2023-07-09T18:00:00+00:00,KFWS,25.1,1030.0,73.2,32.5731,-97.3031,207.0,NOAA_ISD,NOAA NEXRAD AWS Open Data
2023-07-09T18:00:00+00:00,KDMX,21.5,1020.0,78.2,41.7311,-93.7228,299.0,NOAA_ISD,NOAA NEXRAD AWS Open Data
2023-07-09T19:00:00+00:00,KTLX,20.79,1013.4,75.5,35.3331,-97.2778,370.0,NOAA_ISD,NOAA NEXRAD AWS Open Data
2023-07-09T19:00:00+00:00,KOKX,18.29,1051.3,87.5,40.8656,-72.8628,20.0,NOAA_ISD,NOAA NEXRAD AWS Open Data
2023-07-09T19:00:00+00:00,KAMX,26.59,1053.3,93.5,25.6111,-80.4128,4.0,NOAA_ISD,NOAA NEXRAD AWS Open Data
2023-07-09T19:00:00+00:00,KATX,16.59,1037.3,90.5,48.1947,-122.4944,151.0,NOAA_ISD,NOAA NEXRAD AWS Open Data
2023-07-09T19:00:00+00:00,KFWS,22.89,1031.3,70.5,32.5731,-97.3031,207.0,NOAA_ISD,NOAA NEXRAD AWS Open Data
2023-07-09T19:00:00+00:00,KDMX,19.29,1021.4,75.5,41.7311,-93.7228,299.0,NOAA_ISD,NOAA NEXRAD AWS Open Data
2023-07-09T20:00:00+00:00,KTLX,18.4,1014.4,72.7,35.3331,-97.2778,370.0,NOAA_ISD,NOAA NEXRAD AWS Open Data
2023-07-09T20:00:00+00:00,KOKX,15.9,1052.4,84.7,40.8656,-72.8628,20.0,NOAA_ISD,NOAA NEXRAD AWS Open Data
2023-07-09T20:00:00+00:00,KAMX,24.2,1054.4,90.7,25.6111,-80.4128,4.0,NOAA_ISD,NOAA NEXRAD AWS Open Data
2023-07-09T20:00:00+00:00,KATX,14.2,1038.4,87.7,48.1947,-122.4944,151.0,NOAA_ISD,NOAA NEXRAD AWS Open Data
2023-07-09T20:00:00+00:00,KFWS,20.5,1032.4,67.7,32.5731,-97.3031,207.0,NOAA_ISD,NOAA NEXRAD AWS Open Data
2023-07-09T20:00:00+00:00,KDMX,16.9,1022.4,72.7,41.7311,-93.7228,299.0,NOAA_ISD,NOAA NEXRAD AWS Open Data
2023-07-09T21:00:00+00:00,KTLX,16.01,1014.8,77.2,35.3331,-97.2778,370.0,NOAA_ISD,NOAA NEXRAD AWS Open Data
2023-07-09T21:00:00+00:00,KOKX,13.51,1052.8,89.2,40.8656,-72.8628,20.0,NOAA_ISD,NOAA NEXRAD AWS Open Data
2023-07-09T21:00:00+00:00,KAMX,21.81,1054.8,95.2,25.6111,-80.4128,4.0,NOAA_ISD,NOAA NEXRAD AWS Open Data
2023-07-09T21:00:00+00:00,KATX,11.81,1038.8,92.2,48.1947,-122.4944,151.0,NOAA_ISD,NOAA NEXRAD AWS Open Data
2023-07-09T21:00:00+00:00,KFWS,18.11,1032.8,72.2,32.5731,-97.3031,207.0,NOAA_ISD,NOAA NEXRAD AWS Open Data
2023-07-09T21:00:00+00:00,KDMX,14.51,1022.8,77.2,41.7311,-93.7228,299.0,NOAA_ISD,NOAA NEXRAD AWS Open Data
2023-07-09T22:00:00+00:00,KTLX,13.8,1014.6,74.3,35.3331,-97.2778,370.0,NOAA_ISD,NOAA NEXRAD AWS Open Data
2023-07-09T22:00:00+00:00,KOKX,11.3,1052.6,86.3,40.8656,-72.8628,20.0,NOAA_ISD,NOAA NEXRAD AWS Open Data
2023-07-09T22:00:00+00:00,KAMX,19.6,1054.6,92.3,25.6111,-80.4128,4.0,NOAA_ISD,NOAA NEXRAD AWS Open Data
2023-07-09T22:00:00+00:00,KATX,9.6,1038.6,89.3,48.1947,-122.4944,151.0,NOAA_ISD,NOAA NEXRAD AWS Open Data
2023-07-09T22:00:00+00:00,KFWS,15.9,1032.6,69.3,32.5731,-97.3031,207.0,NOAA_ISD,NOAA NEXRAD AWS Open Data
2023-07-09T22:00:00+00:00,KDMX,12.3,1022.6,74.3,41.7311,-93.7228,299.0,NOAA_ISD,NOAA NEXRAD AWS Open Data
2023-07-09T23:00:00+00:00,KTLX,10.93,1013.8,71.3,35.3331,-97.2778,370.0,NOAA_ISD,NOAA NEXRAD AWS Open Data
2023-07-09T23:00:00+00:00,KOKX,8.43,1051.8,83.3,40.8656,-72.8628,20.0,NOAA_ISD,NOAA NEXRAD AWS Open Data
2023-07-09T23:00:00+00:00,KAMX,16.73,1053.8,89.3,25.6111,-80.4128,4.0,NOAA_ISD,NOAA NEXRAD AWS Open Data
2023-07-09T23:00:00+00:00,KATX,6.73,1037.8,86.3,48.1947,-122.4944,151.0,NOAA_ISD,NOAA NEXRAD AWS Open Data
2023-07-09T23:00:00+00:00,KFWS,13.03,1031.8,66.3,32.5731,-97.3031,207.0,NOAA_ISD,NOAA NEXRAD AWS Open Data
2023-07-09T23:00:00+00:00,KDMX,9.43,1021.8,71.3,41.7311,-93.7228,299.0,NOAA_ISD,NOAA NEXRAD AWS Open Data
2023-07-10T00:00:00+00:00,KTLX,9.54,1012.6,76.1,35.3331,-97.2778,370.0,NOAA_ISD,NOAA NEXRAD AWS Open Data
2023-07-10T00:00:00+00:00,KOKX,7.04,1050.6,88.1,40.8656,-72.8628,20.0,NOAA_ISD,NOAA NEXRAD AWS Open Data
2023-07-10T00:00:00+00:00,KAMX,15.34,1052.6,94.1,25.6111,-80.4128,4.0,NOAA_ISD,NOAA NEXRAD AWS Open Data
2023-07-10T00:00:00+00:00,KATX,5.34,1036.6,91.1,48.1947,-122.4944,151.0,NOAA_ISD,NOAA NEXRAD AWS Open Data
2023-07-10T00:00:00+00:00,KFWS,11.64,1030.6,71.1,32.5731,-97.3031,207.0,NOAA_ISD,NOAA NEXRAD AWS Open Data
2023-07-10T00:00:00+00:00,KDMX,8.04,1020.6,76.1,41.7311,-93.7228,299.0,NOAA_ISD,NOAA NEXRAD AWS Open Data
2023-07-10T01:00:00+00:00,KTLX,8.74,1010.8,73.4,35.3331,-97.2778,370.0,NOAA_ISD,NOAA NEXRAD AWS Open Data
2023-07-10T01:00:00+00:00,KOKX,6.24,1048.8,85.4,40.8656,-72.8628,20.0,NOAA_ISD,NOAA NEXRAD AWS Open Data
2023-07-10T01:00:00+00:00,KAMX,14.54,1050.8,91.4,25.6111,-80.4128,4.0,NOAA_ISD,NOAA NEXRAD AWS Open Data
2023-07-10T01:00:00+00:00,KATX,4.54,1034.8,88.4,48.1947,-122.4944,151.0,NOAA_ISD,NOAA NEXRAD AWS Open Data
2023-07-10T01:00:00+00:00,KFWS,10.84,1028.8,68.4,32.5731,-97.3031,207.0,NOAA_ISD,NOAA NEXRAD AWS Open Data
2023-07-10T01:00:00+00:00,KDMX,7.24,1018.8,73.4,41.7311,-93.7228,299.0,NOAA_ISD,NOAA NEXRAD AWS Open Data
2023-07-10T02:00:00+00:00,KTLX,8.6,1009.9,70.8,35.3331,-97.2778,370.0,NOAA_ISD,NOAA NEXRAD AWS Open Data
2023-07-10T02:00:00+00:00,KOKX,6.1,1047.9,82.8,40.8656,-72.8628,20.0,NOAA_ISD,NOAA NEXRAD AWS Open Data
2023-07-10T02:00:00+00:00,KAMX,14.4,1049.9,88.8,25.6111,-80.4128,4.0,NOAA_ISD,NOAA NEXRAD AWS Open Data
2023-07-10T02:00:00+00:00,KATX,4.4,1033.9,85.8,48.1947,-122.4944,151.0,NOAA_ISD,NOAA NEXRAD AWS Open Data
2023-07-10T02:00:00+00:00,KFWS,10.7,1027.9,65.8,32.5731,-97.3031,207.0,NOAA_ISD,NOAA NEXRAD AWS Open Data
2023-07-10T02:00:00+00:00,KDMX,7.1,1017.9,70.8,41.7311,-93.7228,299.0,NOAA_ISD,NOAA NEXRAD AWS Open Data
2023-07-10T03:00:00+00:00,KTLX,9.14,1009.7,76.0,35.3331,-97.2778,370.0,NOAA_ISD,NOAA NEXRAD AWS Open Data
2023-07-10T03:00:00+00:00,KOKX,6.64,1047.7,88.0,40.8656,-72.8628,20.0,NOAA_ISD,NOAA NEXRAD AWS Open Data
2023-07-10T03:00:00+00:00,KAMX,14.94,1049.7,94.0,25.6111,-80.4128,4.0,NOAA_ISD,NOAA NEXRAD AWS Open Data
2023-07-10T03:00:00+00:00,KATX,4.94,1033.7,91.0,48.1947,-122.4944,151.0,NOAA_ISD,NOAA NEXRAD AWS Open Data
2023-07-10T03:00:00+00:00,KFWS,11.24,1027.7,71.0,32.5731,-97.3031,207.0,NOAA_ISD,NOAA NEXRAD AWS Open Data
2023-07-10T03:00:00+00:00,KDMX,7.64,1017.7,76.0,41.7311,-93.7228,299.0,NOAA_ISD,NOAA NEXRAD AWS Open Data
2023-07-10T04:00:00+00:00,KTLX,9.34,1010.1,73.5,35.3331,-97.2778,370.0,NOAA_ISD,NOAA NEXRAD AWS Open Data
2023-07-10T04:00:00+00:00,KOKX,6.84,1048.1,85.5,40.8656,-72.8628,20.0,NOAA_ISD,NOAA NEXRAD AWS Open Data
2023-07-10T04:00:00+00:00,KAMX,15.14,1050.1,91.5,25.6111,-80.4128,4.0,NOAA_ISD,NOAA NEXRAD AWS Open Data
2023-07-10T04:00:00+00:00,KATX,5.14,1034.1,88.5,48.1947,-122.4944,151.0,NOAA_ISD,NOAA NEXRAD AWS Open Data
2023-07-10T04:00:00+00:00,KFWS,11.44,1028.1,68.5,32.5731,-97.3031,207.0,NOAA_ISD,NOAA NEXRAD AWS Open Data
2023-07-10T04:00:00+00:00,KDMX,7.84,1018.1,73.5,41.7311,-93.7228,299.0,NOAA_ISD,NOAA NEXRAD AWS Open Data
2023-07-10T05:00:00+00:00,KTLX,11.13,1011.1,71.3,35.3331,-97.2778,370.0,NOAA_ISD,NOAA NEXRAD AWS Open Data
2023-07-10T05:00:00+00:00,KOKX,8.63,1049.2,83.3,40.8656,-72.8628,20.0,NOAA_ISD,NOAA NEXRAD AWS Open Data
2023-07-10T05:00:00+00:00,KAMX,16.93,1051.2,89.3,25.6111,-80.4128,4.0,NOAA_ISD,NOAA NEXRAD AWS Open Data
2023-07-10T05:00:00+00:00,KATX,6.93,1035.2,86.3,48.1947,-122.4944,151.0,NOAA_ISD,NOAA NEXRAD AWS Open Data
2023-07-10T05:00:00+00:00,KFWS,13.23,1029.2,66.3,32.5731,-97.3031,207.0,NOAA_ISD,NOAA NEXRAD AWS Open Data
2023-07-10T05:00:00+00:00,KDMX,9.63,1019.1,71.3,41.7311,-93.7228,299.0,NOAA_ISD,NOAA NEXRAD AWS Open Data
2023-07-10T06:00:00+00:00,KTLX,13.4,1012.5,76.8,35.3331,-97.2778,370.0,NOAA_ISD,NOAA NEXRAD AWS Open Data
2023-07-10T06:00:00+00:00,KOKX,10.9,1050.5,88.8,40.8656,-72.8628,20.0,NOAA_ISD,NOAA NEXRAD AWS Open Data
2023-07-10T06:00:00+00:00,KAMX,19.2,1052.5,94.8,25.6111,-80.4128,4.0,NOAA_ISD,NOAA NEXRAD AWS Open Data
2023-07-10T06:00:00+00:00,KATX,9.2,1036.5,91.8,48.1947,-122.4944,151.0,NOAA_ISD,NOAA NEXRAD AWS Open Data
2023-07-10T06:00:00+00:00,KFWS,15.5,1030.5,71.8,32.5731,-97.3031,207.0,NOAA_ISD,NOAA NEXRAD AWS Open Data
2023-07-10T06:00:00+00:00,KDMX,11.9,1020.5,76.8,41.7311,-93.7228,299.0,NOAA_ISD,NOAA NEXRAD AWS Open Data
2023-07-10T07:00:00+00:00,KTLX,16.01,1013.9,74.7,35.3331,-97.2778,370.0,NOAA_ISD,NOAA NEXRAD AWS Open Data
2023-07-10T07:00:00+00:00,KOKX,13.51,1051.8,86.7,40.8656,-72.8628,20.0,NOAA_ISD,NOAA NEXRAD AWS Open Data
2023-07-10T07:00:00+00:00,KAMX,21.81,1053.8,92.7,25.6111,-80.4128,4.0,NOAA_ISD,NOAA NEXRAD AWS Open Data
2023-07-10T07:00:00+00:00,KATX,11.81,1037.8,89.7,48.1947,-122.4944,151.0,NOAA_ISD,NOAA NEXRAD AWS Open Data
2023-07-10T07:00:00+00:00,KFWS,18.11,1031.8,69.7,32.5731,-97.3031,207.0,NOAA_ISD,NOAA NEXRAD AWS Open Data
2023-07-10T07:00:00+00:00,KDMX,14.51,1021.9,74.7,41.7311,-93.7228,299.0,NOAA_ISD,NOAA NEXRAD AWS Open Data
2023-07-10T08:00:00+00:00,KTLX,18.8,1014.2,72.7,35.3331,-97.2778,370.0,NOAA_ISD,NOAA NEXRAD AWS Open Data
2023-07-10T08:00:00+00:00,KOKX,16.3,1052.2,84.7,40.8656,-72.8628,20.0,NOAA_ISD,NOAA NEXRAD AWS Open Data
2023-07-10T08:00:00+00:00,KAMX,24.6,1054.2,90.7,25.6111,-80.4128,4.0,NOAA_ISD,NOAA NEXRAD AWS Open Data
2023-07-10T08:00:00+00:00,KATX,14.6,1038.2,87.7,48.1947,-122.4944,151.0,NOAA_ISD,NOAA NEXRAD AWS Open Data
2023-07-10T08:00:00+00:00,KFWS,20.9,1032.2,67.7,32.5731,-97.3031,207.0,NOAA_ISD,NOAA NEXRAD AWS Open Data
2023-07-10T08:00:00+00:00,KDMX,17.3,1022.2,72.7,41.7311,-93.7228,299.0,NOAA_ISD,NOAA NEXRAD AWS Open Data
2023-07-10T09:00:00+00:00,KTLX,20.59,1014.6,77.8,35.3331,-97.2778,370.0,NOAA_ISD,NOAA NEXRAD AWS Open Data
2023-07-10T09:00:00+00:00,KOKX,18.09,1052.6,89.8,40.8656,-72.8628,20.0,NOAA_ISD,NOAA NEXRAD AWS Open Data
2023-07-10T09:00:00+00:00,KAMX,26.39,1054.6,95.8,25.6111,-80.4128,4.0,NOAA_ISD,NOAA NEXRAD AWS Open Data
2023-07-10T09:00:00+00:00,KATX,16.39,1038.6,92.8,48.1947,-122.4944,151.0,NOAA_ISD,NOAA NEXRAD AWS Open Data
2023-07-10T09:00:00+00:00,KFWS,22.69,1032.6,72.8,32.5731,-97.3031,207.0,NOAA_ISD,NOAA NEXRAD AWS Open Data
2023-07-10T09:00:00+00:00,KDMX,19.09,1022.6,77.8,41.7311,-93.7228,299.0,NOAA_ISD,NOAA NEXRAD AWS Open Data
2023-07-10T10:00:00+00:00,KTLX,23.2,1014.4,75.8,35.3331,-97.2778,370.0,NOAA_ISD,NOAA NEXRAD AWS Open Data
2023-07-10T10:00:00+00:00,KOKX,20.7,1052.4,87.8,40.8656,-72.8628,20.0,NOAA_ISD,NOAA NEXRAD AWS Open Data
2023-07-10T10:00:00+00:00,KAMX,29.0,1054.4,93.8,25.6111,-80.4128,4.0,NOAA_ISD,NOAA NEXRAD AWS Open Data
2023-07-10T10:00:00+00:00,KATX,19.0,1038.4,90.8,48.1947,-122.4944,151.0,NOAA_ISD,NOAA NEXRAD AWS Open Data
2023-07-10T10:00:00+00:00,KFWS,25.3,1032.4,70.8,32.5731,-97.3031,207.0,NOAA_ISD,NOAA NEXRAD AWS Open Data
2023-07-10T10:00:00+00:00,KDMX,21.7,1022.4,75.8,41.7311,-93.7228,299.0,NOAA_ISD,NOAA NEXRAD AWS Open Data
2023-07-10T11:00:00+00:00,KTLX,25.47,1013.5,73.9,35.3331,-97.2778,370.0,NOAA_ISD,NOAA NEXRAD AWS Open Data
2023-07-10T11:00:00+00:00,KOKX,22.97,1051.5,85.9,40.8656,-72.8628,20.0,NOAA_ISD,NOAA NEXRAD AWS Open Data
2023-07-10T11:00:00+00:00,KAMX,31.27,1053.5,91.9,25.6111,-80.4128,4.0,NOAA_ISD,NOAA NEXRAD AWS Open Data
2023-07-10T11:00:00+00:00,KATX,21.27,1037.5,88.9,48.1947,-122.4944,151.0,NOAA_ISD,NOAA NEXRAD AWS Open Data
2023-07-10T11:00:00+00:00,KFWS,27.57,1031.5,68.9,32.5731,-97.3031,207.0,NOAA_ISD,NOAA NEXRAD AWS Open Data
2023-07-10T11:00:00+00:00,KDMX,23.97,1021.5,73.9,41.7311,-93.7228,299.0,NOAA_ISD,NOAA NEXRAD AWS Open Data
2023-07-10T12:00:00+00:00,KTLX,27.26,1012.4,78.8,35.3331,-97.2778,370.0,NOAA_ISD,NOAA NEXRAD AWS Open Data
2023-07-10T12:00:00+00:00,KOKX,24.76,1050.4,90.8,40.8656,-72.8628,20.0,NOAA_ISD,NOAA NEXRAD AWS Open Data
2023-07-10T12:00:00+00:00,KAMX,33.06,1052.4,96.8,25.6111,-80.4128,4.0,NOAA_ISD,NOAA NEXRAD AWS Open Data
2023-07-10T12:00:00+00:00,KATX,23.06,1036.4,93.8,48.1947,-122.4944,151.0,NOAA_ISD,NOAA NEXRAD AWS Open Data
2023-07-10T12:00:00+00:00,KFWS,29.36,1030.4,73.8,32.5731,-97.3031,207.0,NOAA_ISD,NOAA NEXRAD AWS Open Data
2023-07-10T12:00:00+00:00,KDMX,25.76,1020.4,78.8,41.7311,-93.7228,299.0,NOAA_ISD,NOAA NEXRAD AWS Open Data
2023-07-10T13:00:00+00:00,KTLX,28.46,1011.2,76.7,35.3331,-97.2778,370.0,NOAA_ISD,NOAA NEXRAD AWS Open Data
2023-07-10T13:00:00+00:00,KOKX,25.96,1049.2,88.7,40.8656,-72.8628,20.0,NOAA_ISD,NOAA NEXRAD AWS Open Data
2023-07-10T13:00:00+00:00,KAMX,34.26,1051.2,94.7,25.6111,-80.4128,4.0,NOAA_ISD,NOAA NEXRAD AWS Open Data
2023-07-10T13:00:00+00:00,KATX,24.26,1035.2,91.7,48.1947,-122.4944,151.0,NOAA_ISD,NOAA NEXRAD AWS Open Data
2023-07-10T13:00:00+00:00,KFWS,30.56,1029.2,71.7,32.5731,-97.3031,207.0,NOAA_ISD,NOAA NEXRAD AWS Open Data
2023-07-10T13:00:00+00:00,KDMX,26.96,1019.2,76.7,41.7311,-93.7228,299.0,NOAA_ISD,NOAA NEXRAD AWS Open Data
2023-07-10T14:00:00+00:00,KTLX,28.0,1010.4,74.3,35.3331,-97.2778,370.0,NOAA_ISD,NOAA NEXRAD AWS Open Data
2023-07-10T14:00:00+00:00,KOKX,25.5,1048.4,86.3,40.8656,-72.8628,20.0,NOAA_ISD,NOAA NEXRAD AWS Open Data
2023-07-10T14:00:00+00:00,KAMX,33.8,1050.4,92.3,25.6111,-80.4128,4.0,NOAA_ISD,NOAA NEXRAD AWS Open Data
2023-07-10T14:00:00+00:00,KATX,23.8,1034.4,89.3,48.1947,-122.4944,151.0,NOAA_ISD,NOAA NEXRAD AWS Open Data
2023-07-10T14:00:00+00:00,KFWS,30.1,1028.4,69.3,32.5731,-97.3031,207.0,NOAA_ISD,NOAA NEXRAD AWS Open Data
2023-07-10T14:00:00+00:00,KDMX,26.5,1018.4,74.3,41.7311,-93.7228,299.0,NOAA_ISD,NOAA NEXRAD AWS Open Data
2023-07-10T15:00:00+00:00,KTLX,27.86,1009.5,78.9,35.3331,-97.2778,370.0,NOAA_ISD,NOAA NEXRAD AWS Open Data
2023-07-10T15:00:00+00:00,KOKX,25.36,1047.5,90.9,40.8656,-72.8628,20.0,NOAA_ISD,NOAA NEXRAD AWS Open Data
2023-07-10T15:00:00+00:00,KAMX,33.66,1049.5,96.9,25.6111,-80.4128,4.0,NOAA_ISD,NOAA NEXRAD AWS Open Data
2023-07-10T15:00:00+00:00,KATX,23.66,1033.5,93.9,48.1947,-122.4944,151.0,NOAA_ISD,NOAA NEXRAD AWS Open Data
2023-07-10T15:00:00+00:00,KFWS,29.96,1027.5,73.9,32.5731,-97.3031,207.0,NOAA_ISD,NOAA NEXRAD AWS Open Data
2023-07-10T15:00:00+00:00,KDMX,26.36,1017.5,78.9,41.7311,-93.7228,299.0,NOAA_ISD,NOAA NEXRAD AWS Open Data
2023-07-10T16:00:00+00:00,KTLX,27.06,1009.9,76.4,35.3331,-97.2778,370.0,NOAA_ISD,NOAA NEXRAD AWS Open Data
2023-07-10T16:00:00+00:00,KOKX,24.56,1047.9,88.4,40.8656,-72.8628,20.0,NOAA_ISD,NOAA NEXRAD AWS Open Data
2023-07-10T16:00:00+00:00,KAMX,32.86,1049.9,94.4,25.6111,-80.4128,4.0,NOAA_ISD,NOAA NEXRAD AWS Open Data
2023-07-10T16:00:00+00:00,KATX,22.86,1033.9,91.4,48.1947,-122.4944,151.0,NOAA_ISD,NOAA NEXRAD AWS Open Data
2023-07-10T16:00:00+00:00,KFWS,29.16,1027.9,71.4,32.5731,-97.3031,207.0,NOAA_ISD,NOAA NEXRAD AWS Open Data
2023-07-10T16:00:00+00:00,KDMX,25.56,1017.9,76.4,41.7311,-93.7228,299.0,NOAA_ISD,NOAA NEXRAD AWS Open Data
2023-07-10T17:00:00+00:00,KTLX,25.67,1011.0,73.9,35.3331,-97.2778,370.0,NOAA_ISD,NOAA NEXRAD AWS Open Data
2023-07-10T17:00:00+00:00,KOKX,23.17,1049.0,85.9,40.8656,-72.8628,20.0,NOAA_ISD,NOAA NEXRAD AWS Open Data
2023-07-10T17:00:00+00:00,KAMX,31.47,1051.0,91.9,25.6111,-80.4128,4.0,NOAA_ISD,NOAA NEXRAD AWS Open Data
2023-07-10T17:00:00+00:00,KATX,21.47,1035.0,88.9,48.1947,-122.4944,151.0,NOAA_ISD,NOAA NEXRAD AWS Open Data
2023-07-10T17:00:00+00:00,KFWS,27.77,1029.0,68.9,32.5731,-97.3031,207.0,NOAA_ISD,NOAA NEXRAD AWS Open Data
2023-07-10T17:00:00+00:00,KDMX,24.17,1019.0,73.9,41.7311,-93.7228,299.0,NOAA_ISD,NOAA NEXRAD AWS Open Data
2023-07-10T18:00:00+00:00,KTLX,23.8,1012.3,78.3,35.3331,-97.2778,370.0,NOAA_ISD,NOAA NEXRAD AWS Open Data
2023-07-10T18:00:00+00:00,KOKX,21.3,1050.3,90.3,40.8656,-72.8628,20.0,NOAA_ISD,NOAA NEXRAD AWS Open Data
2023-07-10T18:00:00+00:00,KAMX,29.6,1052.3,96.3,25.6111,-80.4128,4.0,NOAA_ISD,NOAA NEXRAD AWS Open Data
2023-07-10T18:00:00+00:00,KATX,19.6,1036.3,93.3,48.1947,-122.4944,151.0,NOAA_ISD,NOAA NEXRAD AWS Open Data
2023-07-10T18:00:00+00:00,KFWS,25.9,1030.3,73.3,32.5731,-97.3031,207.0,NOAA_ISD,NOAA NEXRAD AWS Open Data
2023-07-10T18:00:00+00:00,KDMX,22.3,1020.3,78.3,41.7311,-93.7228,299.0,NOAA_ISD,NOAA NEXRAD AWS Open Data
2023-07-10T19:00:00+00:00,KTLX,20.59,1013.6,75.4,35.3331,-97.2778,370.0,NOAA_ISD,NOAA NEXRAD AWS Open Data
2023-07-10T19:00:00+00:00,KOKX,18.09,1051.7,87.4,40.8656,-72.8628,20.0,NOAA_ISD,NOAA NEXRAD AWS Open Data
2023-07-10T19:00:00+00:00,KAMX,26.39,1053.7,93.4,25.6111,-80.4128,4.0,NOAA_ISD,NOAA NEXRAD AWS Open Data
2023-07-10T19:00:00+00:00,KATX,16.39,1037.7,90.4,48.1947,-122.4944,151.0,NOAA_ISD,NOAA NEXRAD AWS Open Data
2023-07-10T19:00:00+00:00,KFWS,22.69,1031.7,70.4,32.5731,-97.3031,207.0,NOAA_ISD,NOAA NEXRAD AWS Open Data
2023-07-10T19:00:00+00:00,KDMX,19.09,1021.6,75.4,41.7311,-93.7228,299.0,NOAA_ISD,NOAA NEXRAD AWS Open Data
2023-07-10T20:00:00+00:00,KTLX,18.2,1014.7,72.6,35.3331,-97.2778,370.0,NOAA_ISD,NOAA NEXRAD AWS Open Data
2023-07-10T20:00:00+00:00,KOKX,15.7,1052.7,84.6,40.8656,-72.8628,20.0,NOAA_ISD,NOAA NEXRAD AWS Open Data
2023-07-10T20:00:00+00:00,KAMX,24.0,1054.7,90.6,25.6111,-80.4128,4.0,NOAA_ISD,NOAA NEXRAD AWS Open Data
2023-07-10T20:00:00+00:00,KATX,14.0,1038.7,87.6,48.1947,-122.4944,151.0,NOAA_ISD,NOAA NEXRAD AWS Open Data
2023-07-10T20:00:00+00:00,KFWS,20.3,1032.7,67.6,32.5731,-97.3031,207.0,NOAA_ISD,NOAA NEXRAD AWS Open Data
2023-07-10T20:00:00+00:00,KDMX,16.7,1022.7,72.6,41.7311,-93.7228,299.0,NOAA_ISD,NOAA NEXRAD AWS Open Data
2023-07-10T21:00:00+00:00,KTLX,15.81,1015.1,77.1,35.3331,-97.2778,370.0,NOAA_ISD,NOAA NEXRAD AWS Open Data
2023-07-10T21:00:00+00:00,KOKX,13.31,1053.1,89.1,40.8656,-72.8628,20.0,NOAA_ISD,NOAA NEXRAD AWS Open Data
2023-07-10T21:00:00+00:00,KAMX,21.61,1055.1,95.1,25.6111,-80.4128,4.0,NOAA_ISD,NOAA NEXRAD AWS Open Data
2023-07-10T21:00:00+00:00,KATX,11.61,1039.1,92.1,48.1947,-122.4944,151.0,NOAA_ISD,NOAA NEXRAD AWS Open Data
2023-07-10T21:00:00+00:00,KFWS,17.91,1033.1,72.1,32.5731,-97.3031,207.0,NOAA_ISD,NOAA NEXRAD AWS Open Data
2023-07-10T21:00:00+00:00,KDMX,14.31,1023.1,77.1,41.7311,-93.7228,299.0,NOAA_ISD,NOAA NEXRAD AWS Open Data
2023-07-10T22:00:00+00:00,KTLX,13.6,1014.2,74.2,35.3331,-97.2778,370.0,NOAA_ISD,NOAA NEXRAD AWS Open Data
2023-07-10T22:00:00+00:00,KOKX,11.1,1052.2,86.2,40.8656,-72.8628,20.0,NOAA_ISD,NOAA NEXRAD AWS Open Data
2023-07-10T22:00:00+00:00,KAMX,19.4,1054.2,92.2,25.6111,-80.4128,4.0,NOAA_ISD,NOAA NEXRAD AWS Open Data
2023-07-10T22:00:00+00:00,KATX,9.4,1038.2,89.2,48.1947,-122.4944,151.0,NOAA_ISD,NOAA NEXRAD AWS Open Data
2023-07-10T22:00:00+00:00,KFWS,15.7,1032.2,69.2,32.5731,-97.3031,207.0,NOAA_ISD,NOAA NEXRAD AWS Open Data
2023-07-10T22:00:00+00:00,KDMX,12.1,1022.2,74.2,41.7311,-93.7228,299.0,NOAA_ISD,NOAA NEXRAD AWS Open Data
2023-07-10T23:00:00+00:00,KTLX,11.73,1013.4,71.4,35.3331,-97.2778,370.0,NOAA_ISD,NOAA NEXRAD AWS Open Data
2023-07-10T23:00:00+00:00,KOKX,9.23,1051.3,83.4,40.8656,-72.8628,20.0,NOAA_ISD,NOAA NEXRAD AWS Open Data
2023-07-10T23:00:00+00:00,KAMX,17.53,1053.3,89.4,25.6111,-80.4128,4.0,NOAA_ISD,NOAA NEXRAD AWS Open Data
2023-07-10T23:00:00+00:00,KATX,7.53,1037.3,86.4,48.1947,-122.4944,151.0,NOAA_ISD,NOAA NEXRAD AWS Open Data
2023-07-10T23:00:00+00:00,KFWS,13.83,1031.3,66.4,32.5731,-97.3031,207.0,NOAA_ISD,NOAA NEXRAD AWS Open Data
2023-07-10T23:00:00+00:00,KDMX,10.23,1021.4,71.4,41.7311,-93.7228,299.0,NOAA_ISD,NOAA NEXRAD AWS Open Data
2023-07-11T00:00:00+00:00,KTLX,9.34,1012.2,76.1,35.3331,-97.2778,370.0,NOAA_ISD,NOAA NEXRAD AWS Open Data
2023-07-11T00:00:00+00:00,KOKX,6.84,1050.2,88.1,40.8656,-72.8628,20.0,NOAA_ISD,NOAA NEXRAD AWS Open Data
2023-07-11T00:00:00+00:00,KAMX,15.14,1052.2,94.1,25.6111,-80.4128,4.0,NOAA_ISD,NOAA NEXRAD AWS Open Data
2023-07-11T00:00:00+00:00,KATX,5.14,1036.2,91.1,48.1947,-122.4944,151.0,NOAA_ISD,NOAA NEXRAD AWS Open Data
2023-07-11T00:00:00+00:00,KFWS,11.44,1030.2,71.1,32.5731,-97.3031,207.0,NOAA_ISD,NOAA NEXRAD AWS Open Data
2023-07-11T00:00:00+00:00,KDMX,7.84,1020.2,76.1,41.7311,-93.7228,299.0,NOAA_ISD,NOAA NEXRAD AWS Open Data
2023-07-11T01:00:00+00:00,KTLX,8.54,1011.0,73.3,35.3331,-97.2778,370.0,NOAA_ISD,NOAA NEXRAD AWS Open Data
2023-07-11T01:00:00+00:00,KOKX,6.04,1049.0,85.3,40.8656,-72.8628,20.0,NOAA_ISD,NOAA NEXRAD AWS Open Data
2023-07-11T01:00:00+00:00,KAMX,14.34,1051.0,91.3,25.6111,-80.4128,4.0,NOAA_ISD,NOAA NEXRAD AWS Open Data
2023-07-11T01:00:00+00:00,KATX,4.34,1035.0,88.3,48.1947,-122.4944,151.0,NOAA_ISD,NOAA NEXRAD AWS Open Data
2023-07-11T01:00:00+00:00,KFWS,10.64,1029.0,68.3,32.5731,-97.3031,207.0,NOAA_ISD,NOAA NEXRAD AWS Open Data
2023-07-11T01:00:00+00:00,KDMX,7.04,1019.0,73.3,41.7311,-93.7228,299.0,NOAA_ISD,NOAA NEXRAD AWS Open Data
2023-07-11T02:00:00+00:00,KTLX,8.4,1010.2,70.8,35.3331,-97.2778,370.0,NOAA_ISD,NOAA NEXRAD AWS Open Data
2023-07-11T02:00:00+00:00,KOKX,5.9,1048.2,82.8,40.8656,-72.8628,20.0,NOAA_ISD,NOAA NEXRAD AWS Open Data
2023-07-11T02:00:00+00:00,KAMX,14.2,1050.2,88.8,25.6111,-80.4128,4.0,NOAA_ISD,NOAA NEXRAD AWS Open Data
2023-07-11T02:00:00+00:00,KATX,4.2,1034.2,85.8,48.1947,-122.4944,151.0,NOAA_ISD,NOAA NEXRAD AWS Open Data
2023-07-11T02:00:00+00:00,KFWS,10.5,1028.2,65.8,32.5731,-97.3031,207.0,NOAA_ISD,NOAA NEXRAD AWS Open Data
2023-07-11T02:00:00+00:00,KDMX,6.9,1018.2,70.8,41.7311,-93.7228,299.0,NOAA_ISD,NOAA NEXRAD AWS Open Data
2023-07-11T03:00:00+00:00,KTLX,8.94,1010.0,76.0,35.3331,-97.2778,370.0,NOAA_ISD,NOAA NEXRAD AWS Open Data
2023-07-11T03:00:00+00:00,KOKX,6.44,1048.0,88.0,40.8656,-72.8628,20.0,NOAA_ISD,NOAA NEXRAD AWS Open Data
2023-07-11T03:00:00+00:00,KAMX,14.74,1050.0,94.0,25.6111,-80.4128,4.0,NOAA_ISD,NOAA NEXRAD AWS Open Data
2023-07-11T03:00:00+00:00,KATX,4.74,1034.0,91.0,48.1947,-122.4944,151.0,NOAA_ISD,NOAA NEXRAD AWS Open Data
2023-07-11T03:00:00+00:00,KFWS,11.04,1028.0,71.0,32.5731,-97.3031,207.0,NOAA_ISD,NOAA NEXRAD AWS Open Data
2023-07-11T03:00:00+00:00,KDMX,7.44,1018.0,76.0,41.7311,-93.7228,299.0,NOAA_ISD,NOAA NEXRAD AWS Open Data
2023-07-11T04:00:00+00:00,KTLX,10.14,1010.4,73.6,35.3331,-97.2778,370.0,NOAA_ISD,NOAA NEXRAD AWS Open Data
2023-07-11T04:00:00+00:00,KOKX,7.64,1048.4,85.6,40.8656,-72.8628,20.0,NOAA_ISD,NOAA NEXRAD AWS Open Data
2023-07-11T04:00:00+00:00,KAMX,15.94,1050.4,91.6,25.6111,-80.4128,4.0,NOAA_ISD,NOAA NEXRAD AWS Open Data
2023-07-11T04:00:00+00:00,KATX,5.94,1034.4,88.6,48.1947,-122.4944,151.0,NOAA_ISD,NOAA NEXRAD AWS Open Data
2023-07-11T04:00:00+00:00,KFWS,12.24,1028.4,68.6,32.5731,-97.3031,207.0,NOAA_ISD,NOAA NEXRAD AWS Open Data
2023-07-11T04:00:00+00:00,KDMX,8.64,1018.4,73.6,41.7311,-93.7228,299.0,NOAA_ISD,NOAA NEXRAD AWS Open Data
2023-07-11T05:00:00+00:00,KTLX,10.93,1010.8,71.3,35.3331,-97.2778,370.0,NOAA_ISD,NOAA NEXRAD AWS Open Data
2023-07-11T05:00:00+00:00,KOKX,8.43,1048.8,83.3,40.8656,-72.8628,20.0,NOAA_ISD,NOAA NEXRAD AWS Open Data
2023-07-11T05:00:00+00:00,KAMX,16.73,1050.8,89.3,25.6111,-80.4128,4.0,NOAA_ISD,NOAA NEXRAD AWS Open Data
2023-07-11T05:00:00+00:00,KATX,6.73,1034.8,86.3,48.1947,-122.4944,151.0,NOAA_ISD,NOAA NEXRAD AWS Open Data
2023-07-11T05:00:00+00:00,KFWS,13.03,1028.8,66.3,32.5731,-97.3031,207.0,NOAA_ISD,NOAA NEXRAD AWS Open Data
2023-07-11T05:00:00+00:00,KDMX,9.43,1018.8,71.3,41.7311,-93.7228,299.0,NOAA_ISD,NOAA NEXRAD AWS Open Data
2023-07-11T06:00:00+00:00,KTLX,13.2,1012.1,76.7,35.3331,-97.2778,370.0,NOAA_ISD,NOAA NEXRAD AWS Open Data
2023-07-11T06:00:00+00:00,KOKX,10.7,1050.1,88.7,40.8656,-72.8628,20.0,NOAA_ISD,NOAA NEXRAD AWS Open Data
2023-07-11T06:00:00+00:00,KAMX,19.0,1052.1,94.7,25.6111,-80.4128,4.0,NOAA_ISD,NOAA NEXRAD AWS Open Data
2023-07-11T06:00:00+00:00,KATX,9.0,1036.1,91.7,48.1947,-122.4944,151.0,NOAA_ISD,NOAA NEXRAD AWS Open Data
2023-07-11T06:00:00+00:00,KFWS,15.3,1030.1,71.7,32.5731,-97.3031,207.0,NOAA_ISD,NOAA NEXRAD AWS Open Data
2023-07-11T06:00:00+00:00,KDMX,11.7,1020.1,76.7,41.7311,-93.7228,299.0,NOAA_ISD,NOAA NEXRAD AWS Open Data
2023-07-11T07:00:00+00:00,KTLX,15.81,1013.5,74.6,35.3331,-97.2778,370.0,NOAA_ISD,NOAA NEXRAD AWS Open Data
2023-07-11T07:00:00+00:00,KOKX,13.31,1051.5,86.6,40.8656,-72.8628,20.0,NOAA_ISD,NOAA NEXRAD AWS Open Data
2023-07-11T07:00:00+00:00,KAMX,21.61,1053.5,92.6,25.6111,-80.4128,4.0,NOAA_ISD,NOAA NEXRAD AWS Open Data
2023-07-11T07:00:00+00:00,KATX,11.61,1037.5,89.6,48.1947,-122.4944,151.0,NOAA_ISD,NOAA NEXRAD AWS Open Data
2023-07-11T07:00:00+00:00,KFWS,17.91,1031.5,69.6,32.5731,-97.3031,207.0,NOAA_ISD,NOAA NEXRAD AWS Open Data
2023-07-11T07:00:00+00:00,KDMX,14.31,1021.5,74.6,41.7311,-93.7228,299.0,NOAA_ISD,NOAA NEXRAD AWS Open Data
2023-07-11T08:00:00+00:00,KTLX,18.6,1014.5,72.7,35.3331,-97.2778,370.0,NOAA_ISD,NOAA NEXRAD AWS Open Data
2023-07-11T08:00:00+00:00,KOKX,16.1,1052.5,84.7,40.8656,-72.8628,20.0,NOAA_ISD,NOAA NEXRAD AWS Open Data
2023-07-11T08:00:00+00:00,KAMX,24.4,1054.5,90.7,25.6111,-80.4128,4.0,NOAA_ISD,NOAA NEXRAD AWS Open Data
2023-07-11T08:00:00+00:00,KATX,14.4,1038.5,87.7,48.1947,-122.4944,151.0,NOAA_ISD,NOAA NEXRAD AWS Open Data
2023-07-11T08:00:00+00:00,KFWS,20.7,1032.5,67.7,32.5731,-97.3031,207.0,NOAA_ISD,NOAA NEXRAD AWS Open Data
2023-07-11T08:00:00+00:00,KDMX,17.1,1022.5,72.7,41.7311,-93.7228,299.0,NOAA_ISD,NOAA NEXRAD AWS Open Data
2023-07-11T09:00:00+00:00,KTLX,21.39,1014.9,78.0,35.3331,-97.2778,370.0,NOAA_ISD,NOAA NEXRAD AWS Open Data
2023-07-11T09:00:00+00:00,KOKX,18.89,1052.9,90.0,40.8656,-72.8628,20.0,NOAA_ISD,NOAA NEXRAD AWS Open Data
2023-07-11T09:00:00+00:00,KAMX,27.19,1054.9,96.0,25.6111,-80.4128,4.0,NOAA_ISD,NOAA NEXRAD AWS Open Data
2023-07-11T09:00:00+00:00,KATX,17.19,1038.9,93.0,48.1947,-122.4944,151.0,NOAA_ISD,NOAA NEXRAD AWS Open Data
2023-07-11T09:00:00+00:00,KFWS,23.49,1032.9,73.0,32.5731,-97.3031,207.0,NOAA_ISD,NOAA NEXRAD AWS Open Data
2023-07-11T09:00:00+00:00,KDMX,19.89,1022.9,78.0,41.7311,-93.7228,299.0,NOAA_ISD,NOAA NEXRAD AWS Open Data
2023-07-11T10:00:00+00:00,KTLX,23.0,1014.7,75.8,35.3331,-97.2778,370.0,NOAA_ISD,NOAA NEXRAD AWS Open Data
2023-07-11T10:00:00+00:00,KOKX,20.5,1052.7,87.8,40.8656,-72.8628,20.0,NOAA_ISD,NOAA NEXRAD AWS Open Data
2023-07-11T10:00:00+00:00,KAMX,28.8,1054.7,93.8,25.6111,-80.4128,4.0,NOAA_ISD,NOAA NEXRAD AWS Open Data
2023-07-11T10:00:00+00:00,KATX,18.8,1038.7,90.8,48.1947,-122.4944,151.0,NOAA_ISD,NOAA NEXRAD AWS Open Data
2023-07-11T10:00:00+00:00,KFWS,25.1,1032.7,70.8,32.5731,-97.3031,207.0,NOAA_ISD,NOAA NEXRAD AWS Open Data
2023-07-11T10:00:00+00:00,KDMX,21.5,1022.7,75.8,41.7311,-93.7228,299.0,NOAA_ISD,NOAA NEXRAD AWS Open Data
2023-07-11T11:00:00+00:00,KTLX,25.27,1013.9,73.8,35.3331,-97.2778,370.0,NOAA_ISD,NOAA NEXRAD AWS Open Data
2023-07-11T11:00:00+00:00,KOKX,22.77,1051.8,85.8,40.8656,-72.8628,20.0,NOAA_ISD,NOAA NEXRAD AWS Open Data
2023-07-11T11:00:00+00:00,KAMX,31.07,1053.8,91.8,25.6111,-80.4128,4.0,NOAA_ISD,NOAA NEXRAD AWS Open Data
2023-07-11T11:00:00+00:00,KATX,21.07,1037.8,88.8,48.1947,-122.4944,151.0,NOAA_ISD,NOAA NEXRAD AWS Open Data
2023-07-11T11:00:00+00:00,KFWS,27.37,1031.8,68.8,32.5731,-97.3031,207.0,NOAA_ISD,NOAA NEXRAD AWS Open Data
2023-07-11T11:00:00+00:00,KDMX,23.77,1021.9,73.8,41.7311,-93.7228,299.0,NOAA_ISD,NOAA NEXRAD AWS Open Data
2023-07-11T12:00:00+00:00,KTLX,27.06,1012.0,78.8,35.3331,-97.2778,370.0,NOAA_ISD,NOAA NEXRAD AWS Open Data
2023-07-11T12:00:00+00:00,KOKX,24.56,1050.0,90.8,40.8656,-72.8628,20.0,NOAA_ISD,NOAA NEXRAD AWS Open Data
2023-07-11T12:00:00+00:00,KAMX,32.86,1052.0,96.8,25.6111,-80.4128,4.0,NOAA_ISD,NOAA NEXRAD AWS Open Data
2023-07-11T12:00:00+00:00,KATX,22.86,1036.0,93.8,48.1947,-122.4944,151.0,NOAA_ISD,NOAA NEXRAD AWS Open Data
2023-07-11T12:00:00+00:00,KFWS,29.16,1030.0,73.8,32.5731,-97.3031,207.0,NOAA_ISD,NOAA NEXRAD AWS Open Data
2023-07-11T12:00:00+00:00,KDMX,25.56,1020.0,78.8,41.7311,-93.7228,299.0,NOAA_ISD,NOAA NEXRAD AWS Open Data
2023-07-11T13:00:00+00:00,KTLX,28.26,1010.9,76.6,35.3331,-97.2778,370.0,NOAA_ISD,NOAA NEXRAD AWS Open Data
2023-07-11T13:00:00+00:00,KOKX,25.76,1048.8,88.6,40.8656,-72.8628,20.0,NOAA_ISD,NOAA NEXRAD AWS Open Data
2023-07-11T13:00:00+00:00,KAMX,34.06,1050.8,94.6,25.6111,-80.4128,4.0,NOAA_ISD,NOAA NEXRAD AWS Open Data
2023-07-11T13:00:00+00:00,KATX,24.06,1034.8,91.6,48.1947,-122.4944,151.0,NOAA_ISD,NOAA NEXRAD AWS Open Data
2023-07-11T13:00:00+00:00,KFWS,30.36,1028.8,71.6,32.5731,-97.3031,207.0,NOAA_ISD,NOAA NEXRAD AWS Open Data
2023-07-11T13:00:00+00:00,KDMX,26.76,1018.9,76.6,41.7311,-93.7228,299.0,NOAA_ISD,NOAA NEXRAD AWS Open Data
2023-07-11T14:00:00+00:00,KTLX,28.8,1010.0,74.4,35.3331,-97.2778,370.0,NOAA_ISD,NOAA NEXRAD AWS Open Data
2023-07-11T14:00:00+00:00,KOKX,26.3,1048.0,86.4,40.8656,-72.8628,20.0,NOAA_ISD,NOAA NEXRAD AWS Open Data
2023-07-11T14:00:00+00:00,KAMX,34.6,1050.0,92.4,25.6111,-80.4128,4.0,NOAA_ISD,NOAA NEXRAD AWS Open Data
2023-07-11T14:00:00+00:00,KATX,24.6,1034.0,89.4,48.1947,-122.4944,151.0,NOAA_ISD,NOAA NEXRAD AWS Open Data
2023-07-11T14:00:00+00:00,KFWS,30.9,1028.0,69.4,32.5731,-97.3031,207.0,NOAA_ISD,NOAA NEXRAD AWS Open Data
2023-07-11T14:00:00+00:00,KDMX,27.3,1018.0,74.4,41.7311,-93.7228,299.0,NOAA_ISD,NOAA NEXRAD AWS Open Data
2023-07-11T15:00:00+00:00,KTLX,27.66,1009.8,78.9,35.3331,-97.2778,370.0,NOAA_ISD,NOAA NEXRAD AWS Open Data
2023-07-11T15:00:00+00:00,KOKX,25.16,1047.8,90.9,40.8656,-72.8628,20.0,NOAA_ISD,NOAA NEXRAD AWS Open Data
2023-07-11T15:00:00+00:00,KAMX,33.46,1049.8,96.9,25.6111,-80.4128,4.0,NOAA_ISD,NOAA NEXRAD AWS Open Data
2023-07-11T15:00:00+00:00,KATX,23.46,1033.8,93.9,48.1947,-122.4944,151.0,NOAA_ISD,NOAA NEXRAD AWS Open Data
2023-07-11T15:00:00+00:00,KFWS,29.76,1027.8,73.9,32.5731,-97.3031,207.0,NOAA_ISD,NOAA NEXRAD AWS Open Data
2023-07-11T15:00:00+00:00,KDMX,26.16,1017.8,78.9,41.7311,-93.7228,299.0,NOAA_ISD,NOAA NEXRAD AWS Open Data
2023-07-11T16:00:00+00:00,KTLX,26.86,1010.2,76.4,35.3331,-97.2778,370.0,NOAA_ISD,NOAA NEXRAD AWS Open Data
2023-07-11T16:00:00+00:00,KOKX,24.36,1048.2,88.4,40.8656,-72.8628,20.0,NOAA_ISD,NOAA NEXRAD AWS Open Data
2023-07-11T16:00:00+00:00,KAMX,32.66,1050.2,94.4,25.6111,-80.4128,4.0,NOAA_ISD,NOAA NEXRAD AWS Open Data
2023-07-11T16:00:00+00:00,KATX,22.66,1034.2,91.4,48.1947,-122.4944,151.0,NOAA_ISD,NOAA NEXRAD AWS Open Data
2023-07-11T16:00:00+00:00,KFWS,28.96,1028.2,71.4,32.5731,-97.3031,207.0,NOAA_ISD,NOAA NEXRAD AWS Open Data
2023-07-11T16:00:00+00:00,KDMX,25.36,1018.2,76.4,41.7311,-93.7228,299.0,NOAA_ISD,NOAA NEXRAD AWS Open Data
2023-07-11T17:00:00+00:00,KTLX,25.47,1011.2,73.9,35.3331,-97.2778,370.0,NOAA_ISD,NOAA NEXRAD AWS Open Data
2023-07-11T17:00:00+00:00,KOKX,22.97,1049.2,85.9,40.8656,-72.8628,20.0,NOAA_ISD,NOAA NEXRAD AWS Open Data
2023-07-11T17:00:00+00:00,KAMX,31.27,1051.2,91.9,25.6111,-80.4128,4.0,NOAA_ISD,NOAA NEXRAD AWS Open Data
2023-07-11T17:00:00+00:00,KATX,21.27,1035.2,88.9,48.1947,-122.4944,151.0,NOAA_ISD,NOAA NEXRAD AWS Open Data
2023-07-11T17:00:00+00:00,KFWS,27.57,1029.2,68.9,32.5731,-97.3031,207.0,NOAA_ISD,NOAA NEXRAD AWS Open Data
2023-07-11T17:00:00+00:00,KDMX,23.97,1019.2,73.9,41.7311,-93.7228,299.0,NOAA_ISD,NOAA NEXRAD AWS Open Data
2023-07-11T18:00:00+00:00,KTLX,23.6,1012.6,78.3,35.3331,-97.2778,370.0,NOAA_ISD,NOAA NEXRAD AWS Open Data
2023-07-11T18:00:00+00:00,KOKX,21.1,1050.6,90.3,40.8656,-72.8628,20.0,NOAA_ISD,NOAA NEXRAD AWS Open Data
2023-07-11T18:00:00+00:00,KAMX,29.4,1052.6,96.3,25.6111,-80.4128,4.0,NOAA_ISD,NOAA NEXRAD AWS Open Data
2023-07-11T18:00:00+00:00,KATX,19.4,1036.6,93.3,48.1947,-122.4944,151.0,NOAA_ISD,NOAA NEXRAD AWS Open Data
2023-07-11T18:00:00+00:00,KFWS,25.7,1030.6,73.3,32.5731,-97.3031,207.0,NOAA_ISD,NOAA NEXRAD AWS Open Data
2023-07-11T18:00:00+00:00,KDMX,22.1,1020.6,78.3,41.7311,-93.7228,299.0,NOAA_ISD,NOAA NEXRAD AWS Open Data
2023-07-11T19:00:00+00:00,KTLX,21.39,1013.2,75.5,35.3331,-97.2778,370.0,NOAA_ISD,NOAA NEXRAD AWS Open Data
2023-07-11T19:00:00+00:00,KOKX,18.89,1051.2,87.5,40.8656,-72.8628,20.0,NOAA_ISD,NOAA NEXRAD AWS Open Data
2023-07-11T19:00:00+00:00,KAMX,27.19,1053.2,93.5,25.6111,-80.4128,4.0,NOAA_ISD,NOAA NEXRAD AWS Open Data
2023-07-11T19:00:00+00:00,KATX,17.19,1037.2,90.5,48.1947,-122.4944,151.0,NOAA_ISD,NOAA NEXRAD AWS Open Data
2023-07-11T19:00:00+00:00,KFWS,23.49,1031.2,70.5,32.5731,-97.3031,207.0,NOAA_ISD,NOAA NEXRAD AWS Open Data
2023-07-11T19:00:00+00:00,KDMX,19.89,1021.2,75.5,41.7311,-93.7228,299.0,NOAA_ISD,NOAA NEXRAD AWS Open Data
2023-07-11T20:00:00+00:00,KTLX,18.0,1014.3,72.6,35.3331,-97.2778,370.0,NOAA_ISD,NOAA NEXRAD AWS Open Data
2023-07-11T20:00:00+00:00,KOKX,15.5,1052.3,84.6,40.8656,-72.8628,20.0,NOAA_ISD,NOAA NEXRAD AWS Open Data
2023-07-11T20:00:00+00:00,KAMX,23.8,1054.3,90.6,25.6111,-80.4128,4.0,NOAA_ISD,NOAA NEXRAD AWS Open Data
2023-07-11T20:00:00+00:00,KATX,13.8,1038.3,87.6,48.1947,-122.4944,151.0,NOAA_ISD,NOAA NEXRAD AWS Open Data
2023-07-11T20:00:00+00:00,KFWS,20.1,1032.3,67.6,32.5731,-97.3031,207.0,NOAA_ISD,NOAA NEXRAD AWS Open Data
2023-07-11T20:00:00+00:00,KDMX,16.5,1022.3,72.6,41.7311,-93.7228,299.0,NOAA_ISD,NOAA NEXRAD AWS Open Data
2023-07-11T21:00:00+00:00,KTLX,15.61,1014.7,77.1,35.3331,-97.2778,370.0,NOAA_ISD,NOAA NEXRAD AWS Open Data
2023-07-11T21:00:00+00:00,KOKX,13.11,1052.7,89.1,40.8656,-72.8628,20.0,NOAA_ISD,NOAA NEXRAD AWS Open Data
2023-07-11T21:00:00+00:00,KAMX,21.41,1054.7,95.1,25.6111,-80.4128,4.0,NOAA_ISD,NOAA NEXRAD AWS Open Data
2023-07-11T21:00:00+00:00,KATX,11.41,1038.7,92.1,48.1947,-122.4944,151.0,NOAA_ISD,NOAA NEXRAD AWS Open Data
2023-07-11T21:00:00+00:00,KFWS,17.71,1032.7,72.1,32.5731,-97.3031,207.0,NOAA_ISD,NOAA NEXRAD AWS Open Data
2023-07-11T21:00:00+00:00,KDMX,14.11,1022.7,77.1,41.7311,-93.7228,299.0,NOAA_ISD,NOAA NEXRAD AWS Open Data
2023-07-11T22:00:00+00:00,KTLX,13.4,1014.5,74.2,35.3331,-97.2778,370.0,NOAA_ISD,NOAA NEXRAD AWS Open Data
2023-07-11T22:00:00+00:00,KOKX,10.9,1052.5,86.2,40.8656,-72.8628,20.0,NOAA_ISD,NOAA NEXRAD AWS Open Data
2023-07-11T22:00:00+00:00,KAMX,19.2,1054.5,92.2,25.6111,-80.4128,4.0,NOAA_ISD,NOAA NEXRAD AWS Open Data
2023-07-11T22:00:00+00:00,KATX,9.2,1038.5,89.2,48.1947,-122.4944,151.0,NOAA_ISD,NOAA NEXRAD AWS Open Data
2023-07-11T22:00:00+00:00,KFWS,15.5,1032.5,69.2,32.5731,-97.3031,207.0,NOAA_ISD,NOAA NEXRAD AWS Open Data
2023-07-11T22:00:00+00:00,KDMX,11.9,1022.5,74.2,41.7311,-93.7228,299.0,NOAA_ISD,NOAA NEXRAD AWS Open Data
2023-07-11T23:00:00+00:00,KTLX,11.53,1013.6,71.4,35.3331,-97.2778,370.0,NOAA_ISD,NOAA NEXRAD AWS Open Data
2023-07-11T23:00:00+00:00,KOKX,9.03,1051.7,83.4,40.8656,-72.8628,20.0,NOAA_ISD,NOAA NEXRAD AWS Open Data
2023-07-11T23:00:00+00:00,KAMX,17.33,1053.7,89.4,25.6111,-80.4128,4.0,NOAA_ISD,NOAA NEXRAD AWS Open Data
2023-07-11T23:00:00+00:00,KATX,7.33,1037.7,86.4,48.1947,-122.4944,151.0,NOAA_ISD,NOAA NEXRAD AWS Open Data
2023-07-11T23:00:00+00:00,KFWS,13.63,1031.7,66.4,32.5731,-97.3031,207.0,NOAA_ISD,NOAA NEXRAD AWS Open Data
2023-07-11T23:00:00+00:00,KDMX,10.03,1021.6,71.4,41.7311,-93.7228,299.0,NOAA_ISD,NOAA NEXRAD AWS Open Data
2023-07-12T00:00:00+00:00,KTLX,10.14,1012.5,76.2,35.3331,-97.2778,370.0,NOAA_ISD,NOAA NEXRAD AWS Open Data
2023-07-12T00:00:00+00:00,KOKX,7.64,1050.5,88.2,40.8656,-72.8628,20.0,NOAA_ISD,NOAA NEXRAD AWS Open Data
2023-07-12T00:00:00+00:00,KAMX,15.94,1052.5,94.2,25.6111,-80.4128,4.0,NOAA_ISD,NOAA NEXRAD AWS Open Data
2023-07-12T00:00:00+00:00,KATX,5.94,1036.5,91.2,48.1947,-122.4944,151.0,NOAA_ISD,NOAA NEXRAD AWS Open Data
2023-07-12T00:00:00+00:00,KFWS,12.24,1030.5,71.2,32.5731,-97.3031,207.0,NOAA_ISD,NOAA NEXRAD AWS Open Data
2023-07-12T00:00:00+00:00,KDMX,8.64,1020.5,76.2,41.7311,-93.7228,299.0,NOAA_ISD,NOAA NEXRAD AWS Open Data
2023-07-12T01:00:00+00:00,KTLX,8.34,1011.4,73.3,35.3331,-97.2778,370.0,NOAA_ISD,NOAA NEXRAD AWS Open Data
2023-07-12T01:00:00+00:00,KOKX,5.84,1049.3,85.3,40.8656,-72.8628,20.0,NOAA_ISD,NOAA NEXRAD AWS Open Data
2023-07-12T01:00:00+00:00,KAMX,14.14,1051.3,91.3,25.6111,-80.4128,4.0,NOAA_ISD,NOAA NEXRAD AWS Open Data
2023-07-12T01:00:00+00:00,KATX,4.14,1035.3,88.3,48.1947,-122.4944,151.0,NOAA_ISD,NOAA NEXRAD AWS Open Data
2023-07-12T01:00:00+00:00,KFWS,10.44,1029.3,68.3,32.5731,-97.3031,207.0,NOAA_ISD,NOAA NEXRAD AWS Open Data
2023-07-12T01:00:00+00:00,KDMX,6.84,1019.4,73.3,41.7311,-93.7228,299.0,NOAA_ISD,NOAA NEXRAD AWS Open Data
2023-07-12T02:00:00+00:00,KTLX,8.2,1009.8,70.7,35.3331,-97.2778,370.0,NOAA_ISD,NOAA NEXRAD AWS Open Data
2023-07-12T02:00:00+00:00,KOKX,5.7,1047.8,82.7,40.8656,-72.8628,20.0,NOAA_ISD,NOAA NEXRAD AWS Open Data
2023-07-12T02:00:00+00:00,KAMX,14.0,1049.8,88.7,25.6111,-80.4128,4.0,NOAA_ISD,NOAA NEXRAD AWS Open Data
2023-07-12T02:00:00+00:00,KATX,4.0,1033.8,85.7,48.1947,-122.4944,151.0,NOAA_ISD,NOAA NEXRAD AWS Open Data
2023-07-12T02:00:00+00:00,KFWS,10.3,1027.8,65.7,32.5731,-97.3031,207.0,NOAA_ISD,NOAA NEXRAD AWS Open Data
2023-07-12T02:00:00+00:00,KDMX,6.7,1017.8,70.7,41.7311,-93.7228,299.0,NOAA_ISD,NOAA NEXRAD AWS Open Data
2023-07-12T03:00:00+00:00,KTLX,8.74,1009.6,76.0,35.3331,-97.2778,370.0,NOAA_ISD,NOAA NEXRAD AWS Open Data
2023-07-12T03:00:00+00:00,KOKX,6.24,1047.6,88.0,40.8656,-72.8628,20.0,NOAA_ISD,NOAA NEXRAD AWS Open Data
2023-07-12T03:00:00+00:00,KAMX,14.54,1049.6,94.0,25.6111,-80.4128,4.0,NOAA_ISD,NOAA NEXRAD AWS Open Data
2023-07-12T03:00:00+00:00,KATX,4.54,1033.6,91.0,48.1947,-122.4944,151.0,NOAA_ISD,NOAA NEXRAD AWS Open Data
2023-07-12T03:00:00+00:00,KFWS,10.84,1027.6,71.0,32.5731,-97.3031,207.0,NOAA_ISD,NOAA NEXRAD AWS Open Data
2023-07-12T03:00:00+00:00,KDMX,7.24,1017.6,76.0,41.7311,-93.7228,299.0,NOAA_ISD,NOAA NEXRAD AWS Open Data
2023-07-12T04:00:00+00:00,KTLX,9.94,1010.0,73.6,35.3331,-97.2778,370.0,NOAA_ISD,NOAA NEXRAD AWS Open Data
2023-07-12T04:00:00+00:00,KOKX,7.44,1048.0,85.6,40.8656,-72.8628,20.0,NOAA_ISD,NOAA NEXRAD AWS Open Data
2023-07-12T04:00:00+00:00,KAMX,15.74,1050.0,91.6,25.6111,-80.4128,4.0,NOAA_ISD,NOAA NEXRAD AWS Open Data
2023-07-12T04:00:00+00:00,KATX,5.74,1034.0,88.6,48.1947,-122.4944,151.0,NOAA_ISD,NOAA NEXRAD AWS Open Data
2023-07-12T04:00:00+00:00,KFWS,12.04,1028.0,68.6,32.5731,-97.3031,207.0,NOAA_ISD,NOAA NEXRAD AWS Open Data
2023-07-12T04:00:00+00:00,KDMX,8.44,1018.0,73.6,41.7311,-93.7228,299.0,NOAA_ISD,NOAA NEXRAD AWS Open Data
2023-07-12T05:00:00+00:00,KTLX,11.73,1011.0,71.4,35.3331,-97.2778,370.0,NOAA_ISD,NOAA NEXRAD AWS Open Data
2023-07-12T05:00:00+00:00,KOKX,9.23,1049.0,83.4,40.8656,-72.8628,20.0,NOAA_ISD,NOAA NEXRAD AWS Open Data
2023-07-12T05:00:00+00:00,KAMX,17.53,1051.0,89.4,25.6111,-80.4128,4.0,NOAA_ISD,NOAA NEXRAD AWS Open Data
2023-07-12T05:00:00+00:00,KATX,7.53,1035.0,86.4,48.1947,-122.4944,151.0,NOAA_ISD,NOAA NEXRAD AWS Open Data
2023-07-12T05:00:00+00:00,KFWS,13.83,1029.0,66.4,32.5731,-97.3031,207.0,NOAA_ISD,NOAA NEXRAD AWS Open Data
2023-07-12T05:00:00+00:00,KDMX,10.23,1019.0,71.4,41.7311,-93.7228,299.0,NOAA_ISD,NOAA NEXRAD AWS Open Data
2023-07-12T06:00:00+00:00,KTLX,13.0,1012.4,76.7,35.3331,-97.2778,370.0,NOAA_ISD,NOAA NEXRAD AWS Open Data
2023-07-12T06:00:00+00:00,KOKX,10.5,1050.4,88.7,40.8656,-72.8628,20.0,NOAA_ISD,NOAA NEXRAD AWS Open Data
2023-07-12T06:00:00+00:00,KAMX,18.8,1052.4,94.7,25.6111,-80.4128,4.0,NOAA_ISD,NOAA NEXRAD AWS Open Data
2023-07-12T06:00:00+00:00,KATX,8.8,1036.4,91.7,48.1947,-122.4944,151.0,NOAA_ISD,NOAA NEXRAD AWS Open Data
2023-07-12T06:00:00+00:00,KFWS,15.1,1030.4,71.7,32.5731,-97.3031,207.0,NOAA_ISD,NOAA NEXRAD AWS Open Data
2023-07-12T06:00:00+00:00,KDMX,11.5,1020.4,76.7,41.7311,-93.7228,299.0,NOAA_ISD,NOAA NEXRAD AWS Open Data
2023-07-12T07:00:00+00:00,KTLX,15.61,1013.8,74.6,35.3331,-97.2778,370.0,NOAA_ISD,NOAA NEXRAD AWS Open Data
2023-07-12T07:00:00+00:00,KOKX,13.11,1051.8,86.6,40.8656,-72.8628,20.0,NOAA_ISD,NOAA NEXRAD AWS Open Data
2023-07-12T07:00:00+00:00,KAMX,21.41,1053.8,92.6,25.6111,-80.4128,4.0,NOAA_ISD,NOAA NEXRAD AWS Open Data
2023-07-12T07:00:00+00:00,KATX,11.41,1037.8,89.6,48.1947,-122.4944,151.0,NOAA_ISD,NOAA NEXRAD AWS Open Data
2023-07-12T07:00:00+00:00,KFWS,17.71,1031.8,69.6,32.5731,-97.3031,207.0,NOAA_ISD,NOAA NEXRAD AWS Open Data
2023-07-12T07:00:00+00:00,KDMX,14.11,1021.8,74.6,41.7311,-93.7228,299.0,NOAA_ISD,NOAA NEXRAD AWS Open Data
2023-07-12T08:00:00+00:00,KTLX,18.4,1014.8,72.7,35.3331,-97.2778,370.0,NOAA_ISD,NOAA NEXRAD AWS Open Data
2023-07-12T08:00:00+00:00,KOKX,15.9,1052.8,84.7,40.8656,-72.8628,20.0,NOAA_ISD,NOAA NEXRAD AWS Open Data
2023-07-12T08:00:00+00:00,KAMX,24.2,1054.8,90.7,25.6111,-80.4128,4.0,NOAA_ISD,NOAA NEXRAD AWS Open Data
2023-07-12T08:00:00+00:00,KATX,14.2,1038.8,87.7,48.1947,-122.4944,151.0,NOAA_ISD,NOAA NEXRAD AWS Open Data
2023-07-12T08:00:00+00:00,KFWS,20.5,1032.8,67.7,32.5731,-97.3031,207.0,NOAA_ISD,NOAA NEXRAD AWS Open Data
2023-07-12T08:00:00+00:00,KDMX,16.9,1022.8,72.7,41.7311,-93.7228,299.0,NOAA_ISD,NOAA NEXRAD AWS Open Data
2023-07-12T09:00:00+00:00,KTLX,21.19,1014.5,77.9,35.3331,-97.2778,370.0,NOAA_ISD,NOAA NEXRAD AWS Open Data
2023-07-12T09:00:00+00:00,KOKX,18.69,1052.5,89.9,40.8656,-72.8628,20.0,NOAA_ISD,NOAA NEXRAD AWS Open Data
2023-07-12T09:00:00+00:00,KAMX,26.99,1054.5,95.9,25.6111,-80.4128,4.0,NOAA_ISD,NOAA NEXRAD AWS Open Data
2023-07-12T09:00:00+00:00,KATX,16.99,1038.5,92.9,48.1947,-122.4944,151.0,NOAA_ISD,NOAA NEXRAD AWS Open Data
2023-07-12T09:00:00+00:00,KFWS,23.29,1032.5,72.9,32.5731,-97.3031,207.0,NOAA_ISD,NOAA NEXRAD AWS Open Data
2023-07-12T09:00:00+00:00,KDMX,19.69,1022.5,77.9,41.7311,-93.7228,299.0,NOAA_ISD,NOAA NEXRAD AWS Open Data
2023-07-12T10:00:00+00:00,KTLX,23.8,1014.3,75.9,35.3331,-97.2778,370.0,NOAA_ISD,NOAA NEXRAD AWS Open Data
2023-07-12T10:00:00+00:00,KOKX,21.3,1052.3,87.9,40.8656,-72.8628,20.0,NOAA_ISD,NOAA NEXRAD AWS Open Data
2023-07-12T10:00:00+00:00,KAMX,29.6,1054.3,93.9,25.6111,-80.4128,4.0,NOAA_ISD,NOAA NEXRAD AWS Open Data
2023-07-12T10:00:00+00:00,KATX,19.6,1038.3,90.9,48.1947,-122.4944,151.0,NOAA_ISD,NOAA NEXRAD AWS Open Data
2023-07-12T10:00:00+00:00,KFWS,25.9,1032.3,70.9,32.5731,-97.3031,207.0,NOAA_ISD,NOAA NEXRAD AWS Open Data
2023-07-12T10:00:00+00:00,KDMX,22.3,1022.3,75.9,41.7311,-93.7228,299.0,NOAA_ISD,NOAA NEXRAD AWS Open Data
2023-07-12T11:00:00+00:00,KTLX,25.07,1013.5,73.8,35.3331,-97.2778,370.0,NOAA_ISD,NOAA NEXRAD AWS Open Data
2023-07-12T11:00:00+00:00,KOKX,22.57,1051.5,85.8,40.8656,-72.8628,20.0,NOAA_ISD,NOAA NEXRAD AWS Open Data
2023-07-12T11:00:00+00:00,KAMX,30.87,1053.5,91.8,25.6111,-80.4128,4.0,NOAA_ISD,NOAA NEXRAD AWS Open Data
2023-07-12T11:00:00+00:00,KATX,20.87,1037.5,88.8,48.1947,-122.4944,151.0,NOAA_ISD,NOAA NEXRAD AWS Open Data
2023-07-12T11:00:00+00:00,KFWS,27.17,1031.5,68.8,32.5731,-97.3031,207.0,NOAA_ISD,NOAA NEXRAD AWS Open Data
2023-07-12T11:00:00+00:00,KDMX,23.57,1021.5,73.8,41.7311,-93.7228,299.0,NOAA_ISD,NOAA NEXRAD AWS Open Data
2023-07-12T12:00:00+00:00,KTLX,26.86,1012.3,78.8,35.3331,-97.2778,370.0,NOAA_ISD,NOAA NEXRAD AWS Open Data
2023-07-12T12:00:00+00:00,KOKX,24.36,1050.3,90.8,40.8656,-72.8628,20.0,NOAA_ISD,NOAA NEXRAD AWS Open Data
2023-07-12T12:00:00+00:00,KAMX,32.66,1052.3,96.8,25.6111,-80.4128,4.0,NOAA_ISD,NOAA NEXRAD AWS Open Data
2023-07-12T12:00:00+00:00,KATX,22.66,1036.3,93.8,48.1947,-122.4944,151.0,NOAA_ISD,NOAA NEXRAD AWS Open Data
2023-07-12T12:00:00+00:00,KFWS,28.96,1030.3,73.8,32.5731,-97.3031,207.0,NOAA_ISD,NOAA NEXRAD AWS Open Data
2023-07-12T12:00:00+00:00,KDMX,25.36,1020.3,78.8,41.7311,-93.7228,299.0,NOAA_ISD,NOAA NEXRAD AWS Open Data
2023-07-12T13:00:00+00:00,KTLX,28.06,1011.1,76.6,35.3331,-97.2778,370.0,NOAA_ISD,NOAA NEXRAD AWS Open Data
2023-07-12T13:00:00+00:00,KOKX,25.56,1049.2,88.6,40.8656,-72.8628,20.0,NOAA_ISD,NOAA NEXRAD AWS Open Data
2023-07-12T13:00:00+00:00,KAMX,33.86,1051.2,94.6,25.6111,-80.4128,4.0,NOAA_ISD,NOAA NEXRAD AWS Open Data
2023-07-12T13:00:00+00:00,KATX,23.86,1035.2,91.6,48.1947,-122.4944,151.0,NOAA_ISD,NOAA NEXRAD AWS Open Data
2023-07-12T13:00:00+00:00,KFWS,30.16,1029.2,71.6,32.5731,-97.3031,207.0,NOAA_ISD,NOAA NEXRAD AWS Open Data
2023-07-12T13:00:00+00:00,KDMX,26.56,1019.1,76.6,41.7311,-93.7228,299.0,NOAA_ISD,NOAA NEXRAD AWS Open Data
2023-07-12T14:00:00+00:00,KTLX,28.6,1010.3,74.4,35.3331,-97.2778,370.0,NOAA_ISD,NOAA NEXRAD AWS Open Data
2023-07-12T14:00:00+00:00,KOKX,26.1,1048.3,86.4,40.8656,-72.8628,20.0,NOAA_ISD,NOAA NEXRAD AWS Open Data
2023-07-12T14:00:00+00:00,KAMX,34.4,1050.3,92.4,25.6111,-80.4128,4.0,NOAA_ISD,NOAA NEXRAD AWS Open Data
2023-07-12T14:00:00+00:00,KATX,24.4,1034.3,89.4,48.1947,-122.4944,151.0,NOAA_ISD,NOAA NEXRAD AWS Open Data
2023-07-12T14:00:00+00:00,KFWS,30.7,1028.3,69.4,32.5731,-97.3031,207.0,NOAA_ISD,NOAA NEXRAD AWS Open Data
2023-07-12T14:00:00+00:00,KDMX,27.1,1018.3,74.4,41.7311,-93.7228,299.0,NOAA_ISD,NOAA NEXRAD AWS Open Data
2023-07-12T15:00:00+00:00,KTLX,28.46,1010.1,79.0,35.3331,-97.2778,370.0,NOAA_ISD,NOAA NEXRAD AWS Open Data
2023-07-12T15:00:00+00:00,KOKX,25.96,1048.1,91.0,40.8656,-72.8628,20.0,NOAA_ISD,NOAA NEXRAD AWS Open Data
2023-07-12T15:00:00+00:00,KAMX,34.26,1050.1,97.0,25.6111,-80.4128,4.0,NOAA_ISD,NOAA NEXRAD AWS Open Data
2023-07-12T15:00:00+00:00,KATX,24.26,1034.1,94.0,48.1947,-122.4944,151.0,NOAA_ISD,NOAA NEXRAD AWS Open Data
2023-07-12T15:00:00+00:00,KFWS,30.56,1028.1,74.0,32.5731,-97.3031,207.0,NOAA_ISD,NOAA NEXRAD AWS Open Data
2023-07-12T15:00:00+00:00,KDMX,26.96,1018.1,79.0,41.7311,-93.7228,299.0,NOAA_ISD,NOAA NEXRAD AWS Open Data
2023-07-12T16:00:00+00:00,KTLX,26.66,1009.8,76.4,35.3331,-97.2778,370.0,NOAA_ISD,NOAA NEXRAD AWS Open Data
2023-07-12T16:00:00+00:00,KOKX,24.16,1047.8,88.4,40.8656,-72.8628,20.0,NOAA_ISD,NOAA NEXRAD AWS Open Data
2023-07-12T16:00:00+00:00,KAMX,32.46,1049.8,94.4,25.6111,-80.4128,4.0,NOAA_ISD,NOAA NEXRAD AWS Open Data
2023-07-12T16:00:00+00:00,KATX,22.46,1033.8,91.4,48.1947,-122.4944,151.0,NOAA_ISD,NOAA NEXRAD AWS Open Data
2023-07-12T16:00:00+00:00,KFWS,28.76,1027.8,71.4,32.5731,-97.3031,207.0,NOAA_ISD,NOAA NEXRAD AWS Open Data
2023-07-12T16:00:00+00:00,KDMX,25.16,1017.8,76.4,41.7311,-93.7228,299.0,NOAA_ISD,NOAA NEXRAD AWS Open Data
2023-07-12T17:00:00+00:00,KTLX,25.27,1010.9,73.8,35.3331,-97.2778,370.0,NOAA_ISD,NOAA NEXRAD AWS Open Data
2023-07-12T17:00:00+00:00,KOKX,22.77,1048.8,85.8,40.8656,-72.8628,20.0,NOAA_ISD,NOAA NEXRAD AWS Open Data
2023-07-12T17:00:00+00:00,KAMX,31.07,1050.8,91.8,25.6111,-80.4128,4.0,NOAA_ISD,NOAA NEXRAD AWS Open Data
2023-07-12T17:00:00+00:00,KATX,21.07,1034.8,88.8,48.1947,-122.4944,151.0,NOAA_ISD,NOAA NEXRAD AWS Open Data
2023-07-12T17:00:00+00:00,KFWS,27.37,1028.8,68.8,32.5731,-97.3031,207.0,NOAA_ISD,NOAA NEXRAD AWS Open Data
2023-07-12T17:00:00+00:00,KDMX,23.77,1018.9,73.8,41.7311,-93.7228,299.0,NOAA_ISD,NOAA NEXRAD AWS Open Data
2023-07-12T18:00:00+00:00,KTLX,23.4,1012.2,78.3,35.3331,-97.2778,370.0,NOAA_ISD,NOAA NEXRAD AWS Open Data
2023-07-12T18:00:00+00:00,KOKX,20.9,1050.2,90.3,40.8656,-72.8628,20.0,NOAA_ISD,NOAA NEXRAD AWS Open Data
2023-07-12T18:00:00+00:00,KAMX,29.2,1052.2,96.3,25.6111,-80.4128,4.0,NOAA_ISD,NOAA NEXRAD AWS Open Data
2023-07-12T18:00:00+00:00,KATX,19.2,1036.2,93.3,48.1947,-122.4944,151.0,NOAA_ISD,NOAA NEXRAD AWS Open Data
2023-07-12T18:00:00+00:00,KFWS,25.5,1030.2,73.3,32.5731,-97.3031,207.0,NOAA_ISD,NOAA NEXRAD AWS Open Data
2023-07-12T18:00:00+00:00,KDMX,21.9,1020.2,78.3,41.7311,-93.7228,299.0,NOAA_ISD,NOAA NEXRAD AWS Open Data
2023-07-12T19:00:00+00:00,KTLX,21.19,1013.5,75.5,35.3331,-97.2778,370.0,NOAA_ISD,NOAA NEXRAD AWS Open Data
2023-07-12T19:00:00+00:00,KOKX,18.69,1051.5,87.5,40.8656,-72.8628,20.0,NOAA_ISD,NOAA NEXRAD AWS Open Data
2023-07-12T19:00:00+00:00,KAMX,26.99,1053.5,93.5,25.6111,-80.4128,4.0,NOAA_ISD,NOAA NEXRAD AWS Open Data
2023-07-12T19:00:00+00:00,KATX,16.99,1037.5,90.5,48.1947,-122.4944,151.0,NOAA_ISD,NOAA NEXRAD AWS Open Data
2023-07-12T19:00:00+00:00,KFWS,23.29,1031.5,70.5,32.5731,-97.3031,207.0,NOAA_ISD,NOAA NEXRAD AWS Open Data
2023-07-12T19:00:00+00:00,KDMX,19.69,1021.5,75.5,41.7311,-93.7228,299.0,NOAA_ISD,NOAA NEXRAD AWS Open Data
2023-07-12T20:00:00+00:00,KTLX,18.8,1014.6,72.7,35.3331,-97.2778,370.0,NOAA_ISD,NOAA NEXRAD AWS Open Data
2023-07-12T20:00:00+00:00,KOKX,16.3,1052.6,84.7,40.8656,-72.8628,20.0,NOAA_ISD,NOAA NEXRAD AWS Open Data
2023-07-12T20:00:00+00:00,KAMX,24.6,1054.6,90.7,25.6111,-80.4128,4.0,NOAA_ISD,NOAA NEXRAD AWS Open Data
2023-07-12T20:00:00+00:00,KATX,14.6,1038.6,87.7,48.1947,-122.4944,151.0,NOAA_ISD,NOAA NEXRAD AWS Open Data
2023-07-12T20:00:00+00:00,KFWS,20.9,1032.6,67.7,32.5731,-97.3031,207.0,NOAA_ISD,NOAA NEXRAD AWS Open Data
2023-07-12T20:00:00+00:00,KDMX,17.3,1022.6,72.7,41.7311,-93.7228,299.0,NOAA_ISD,NOAA NEXRAD AWS Open Data
2023-07-12T21:00:00+00:00,KTLX,15.41,1015.0,77.1,35.3331,-97.2778,370.0,NOAA_ISD,NOAA NEXRAD AWS Open Data
2023-07-12T21:00:00+00:00,KOKX,12.91,1053.0,89.1,40.8656,-72.8628,20.0,NOAA_ISD,NOAA NEXRAD AWS Open Data
2023-07-12T21:00:00+00:00,KAMX,21.21,1055.0,95.1,25.6111,-80.4128,4.0,NOAA_ISD,NOAA NEXRAD AWS Open Data
2023-07-12T21:00:00+00:00,KATX,11.21,1039.0,92.1,48.1947,-122.4944,151.0,NOAA_ISD,NOAA NEXRAD AWS Open Data
2023-07-12T21:00:00+00:00,KFWS,17.51,1033.0,72.1,32.5731,-97.3031,207.0,NOAA_ISD,NOAA NEXRAD AWS Open Data
2023-07-12T21:00:00+00:00,KDMX,13.91,1023.0,77.1,41.7311,-93.7228,299.0,NOAA_ISD,NOAA NEXRAD AWS Open Data
2023-07-12T22:00:00+00:00,KTLX,13.2,1014.8,74.2,35.3331,-97.2778,370.0,NOAA_ISD,NOAA NEXRAD AWS Open Data
2023-07-12T22:00:00+00:00,KOKX,10.7,1052.8,86.2,40.8656,-72.8628,20.0,NOAA_ISD,NOAA NEXRAD AWS Open Data
2023-07-12T22:00:00+00:00,KAMX,19.0,1054.8,92.2,25.6111,-80.4128,4.0,NOAA_ISD,NOAA NEXRAD AWS Open Data
2023-07-12T22:00:00+00:00,KATX,9.0,1038.8,89.2,48.1947,-122.4944,151.0,NOAA_ISD,NOAA NEXRAD AWS Open Data
2023-07-12T22:00:00+00:00,KFWS,15.3,1032.8,69.2,32.5731,-97.3031,207.0,NOAA_ISD,NOAA NEXRAD AWS Open Data
2023-07-12T22:00:00+00:00,KDMX,11.7,1022.8,74.2,41.7311,-93.7228,299.0,NOAA_ISD,NOAA NEXRAD AWS Open Data
2023-07-12T23:00:00+00:00,KTLX,11.33,1013.2,71.3,35.3331,-97.2778,370.0,NOAA_ISD,NOAA NEXRAD AWS Open Data
2023-07-12T23:00:00+00:00,KOKX,8.83,1051.2,83.3,40.8656,-72.8628,20.0,NOAA_ISD,NOAA NEXRAD AWS Open Data
2023-07-12T23:00:00+00:00,KAMX,17.13,1053.2,89.3,25.6111,-80.4128,4.0,NOAA_ISD,NOAA NEXRAD AWS Open Data
2023-07-12T23:00:00+00:00,KATX,7.13,1037.2,86.3,48.1947,-122.4944,151.0,NOAA_ISD,NOAA NEXRAD AWS Open Data
2023-07-12T23:00:00+00:00,KFWS,13.43,1031.2,66.3,32.5731,-97.3031,207.0,NOAA_ISD,NOAA NEXRAD AWS Open Data
2023-07-12T23:00:00+00:00,KDMX,9.83,1021.2,71.3,41.7311,-93.7228,299.0,NOAA_ISD,NOAA NEXRAD AWS Open Data
2023-07-13T00:00:00+00:00,KTLX,9.94,1012.1,76.2,35.3331,-97.2778,370.0,NOAA_ISD,NOAA NEXRAD AWS Open Data
2023-07-13T00:00:00+00:00,KOKX,7.44,1050.1,88.2,40.8656,-72.8628,20.0,NOAA_ISD,NOAA NEXRAD AWS Open Data
2023-07-13T00:00:00+00:00,KAMX,15.74,1052.1,94.2,25.6111,-80.4128,4.0,NOAA_ISD,NOAA NEXRAD AWS Open Data
2023-07-13T00:00:00+00:00,KATX,5.74,1036.1,91.2,48.1947,-122.4944,151.0,NOAA_ISD,NOAA NEXRAD AWS Open Data
2023-07-13T00:00:00+00:00,KFWS,12.04,1030.1,71.2,32.5731,-97.3031,207.0,NOAA_ISD,NOAA NEXRAD AWS Open Data
2023-07-13T00:00:00+00:00,KDMX,8.44,1020.1,76.2,41.7311,-93.7228,299.0,NOAA_ISD,NOAA NEXRAD AWS Open Data
2023-07-13T01:00:00+00:00,KTLX,9.14,1011.0,73.5,35.3331,-97.2778,370.0,NOAA_ISD,NOAA NEXRAD AWS Open Data
2023-07-13T01:00:00+00:00,KOKX,6.64,1049.0,85.5,40.8656,-72.8628,20.0,NOAA_ISD,NOAA NEXRAD AWS Open Data
2023-07-13T01:00:00+00:00,KAMX,14.94,1051.0,91.5,25.6111,-80.4128,4.0,NOAA_ISD,NOAA NEXRAD AWS Open Data
2023-07-13T01:00:00+00:00,KATX,4.94,1035.0,88.5,48.1947,-122.4944,151.0,NOAA_ISD,NOAA NEXRAD AWS Open Data
2023-07-13T01:00:00+00:00,KFWS,11.24,1029.0,68.5,32.5731,-97.3031,207.0,NOAA_ISD,NOAA NEXRAD AWS Open Data
2023-07-13T01:00:00+00:00,KDMX,7.64,1019.0,73.5,41.7311,-93.7228,299.0,NOAA_ISD,NOAA NEXRAD AWS Open Data
2023-07-13T02:00:00+00:00,KTLX,8.0,1010.1,70.7,35.3331,-97.2778,370.0,NOAA_ISD,NOAA NEXRAD AWS Open Data
2023-07-13T02:00:00+00:00,KOKX,5.5,1048.1,82.7,40.8656,-72.8628,20.0,NOAA_ISD,NOAA NEXRAD AWS Open Data
2023-07-13T02:00:00+00:00,KAMX,13.8,1050.1,88.7,25.6111,-80.4128,4.0,NOAA_ISD,NOAA NEXRAD AWS Open Data
2023-07-13T02:00:00+00:00,KATX,3.8,1034.1,85.7,48.1947,-122.4944,151.0,NOAA_ISD,NOAA NEXRAD AWS Open Data
2023-07-13T02:00:00+00:00,KFWS,10.1,1028.1,65.7,32.5731,-97.3031,207.0,NOAA_ISD,NOAA NEXRAD AWS Open Data
2023-07-13T02:00:00+00:00,KDMX,6.5,1018.1,70.7,41.7311,-93.7228,299.0,NOAA_ISD,NOAA NEXRAD AWS Open Data
2023-07-13T03:00:00+00:00,KTLX,8.54,1009.9,76.0,35.3331,-97.2778,370.0,NOAA_ISD,NOAA NEXRAD AWS Open Data
2023-07-13T03:00:00+00:00,KOKX,6.04,1047.9,88.0,40.8656,-72.8628,20.0,NOAA_ISD,NOAA NEXRAD AWS Open Data
2023-07-13T03:00:00+00:00,KAMX,14.34,1049.9,94.0,25.6111,-80.4128,4.0,NOAA_ISD,NOAA NEXRAD AWS Open Data
2023-07-13T03:00:00+00:00,KATX,4.34,1033.9,91.0,48.1947,-122.4944,151.0,NOAA_ISD,NOAA NEXRAD AWS Open Data
2023-07-13T03:00:00+00:00,KFWS,10.64,1027.9,71.0,32.5731,-97.3031,207.0,NOAA_ISD,NOAA NEXRAD AWS Open Data
2023-07-13T03:00:00+00:00,KDMX,7.04,1017.9,76.0,41.7311,-93.7228,299.0,NOAA_ISD,NOAA NEXRAD AWS Open Data
2023-07-13T04:00:00+00:00,KTLX,9.74,1010.3,73.5,35.3331,-97.2778,370.0,NOAA_ISD,NOAA NEXRAD AWS Open Data
2023-07-13T04:00:00+00:00,KOKX,7.24,1048.3,85.5,40.8656,-72.8628,20.0,NOAA_ISD,NOAA NEXRAD AWS Open Data
2023-07-13T04:00:00+00:00,KAMX,15.54,1050.3,91.5,25.6111,-80.4128,4.0,NOAA_ISD,NOAA NEXRAD AWS Open Data
2023-07-13T04:00:00+00:00,KATX,5.54,1034.3,88.5,48.1947,-122.4944,151.0,NOAA_ISD,NOAA NEXRAD AWS Open Data
2023-07-13T04:00:00+00:00,KFWS,11.84,1028.3,68.5,32.5731,-97.3031,207.0,NOAA_ISD,NOAA NEXRAD AWS Open Data
2023-07-13T04:00:00+00:00,KDMX,8.24,1018.3,73.5,41.7311,-93.7228,299.0,NOAA_ISD,NOAA NEXRAD AWS Open Data
2023-07-13T05:00:00+00:00,KTLX,11.53,1011.4,71.4,35.3331,-97.2778,370.0,NOAA_ISD,NOAA NEXRAD AWS Open Data
2023-07-13T05:00:00+00:00,KOKX,9.03,1049.3,83.4,40.8656,-72.8628,20.0,NOAA_ISD,NOAA NEXRAD AWS Open Data
2023-07-13T05:00:00+00:00,KAMX,17.33,1051.3,89.4,25.6111,-80.4128,4.0,NOAA_ISD,NOAA NEXRAD AWS Open Data
2023-07-13T05:00:00+00:00,KATX,7.33,1035.3,86.4,48.1947,-122.4944,151.0,NOAA_ISD,NOAA NEXRAD AWS Open Data
2023-07-13T05:00:00+00:00,KFWS,13.63,1029.3,66.4,32.5731,-97.3031,207.0,NOAA_ISD,NOAA NEXRAD AWS Open Data
2023-07-13T05:00:00+00:00,KDMX,10.03,1019.4,71.4,41.7311,-93.7228,299.0,NOAA_ISD,NOAA NEXRAD AWS Open Data
2023-07-13T06:00:00+00:00,KTLX,13.8,1012.0,76.8,35.3331,-97.2778,370.0,NOAA_ISD,NOAA NEXRAD AWS Open Data
2023-07-13T06:00:00+00:00,KOKX,11.3,1050.0,88.8,40.8656,-72.8628,20.0,NOAA_ISD,NOAA NEXRAD AWS Open Data
2023-07-13T06:00:00+00:00,KAMX,19.6,1052.0,94.8,25.6111,-80.4128,4.0,NOAA_ISD,NOAA NEXRAD AWS Open Data
2023-07-13T06:00:00+00:00,KATX,9.6,1036.0,91.8,48.1947,-122.4944,151.0,NOAA_ISD,NOAA NEXRAD AWS Open Data
2023-07-13T06:00:00+00:00,KFWS,15.9,1030.0,71.8,32.5731,-97.3031,207.0,NOAA_ISD,NOAA NEXRAD AWS Open Data
2023-07-13T06:00:00+00:00,KDMX,12.3,1020.0,76.8,41.7311,-93.7228,299.0,NOAA_ISD,NOAA NEXRAD AWS Open Data
2023-07-13T07:00:00+00:00,KTLX,15.41,1013.4,74.5,35.3331,-97.2778,370.0,NOAA_ISD,NOAA NEXRAD AWS Open Data
2023-07-13T07:00:00+00:00,KOKX,12.91,1051.3,86.5,40.8656,-72.8628,20.0,NOAA_ISD,NOAA NEXRAD AWS Open Data
2023-07-13T07:00:00+00:00,KAMX,21.21,1053.3,92.5,25.6111,-80.4128,4.0,NOAA_ISD,NOAA NEXRAD AWS Open Data
2023-07-13T07:00:00+00:00,KATX,11.21,1037.3,89.5,48.1947,-122.4944,151.0,NOAA_ISD,NOAA NEXRAD AWS Open Data
2023-07-13T07:00:00+00:00,KFWS,17.51,1031.3,69.5,32.5731,-97.3031,207.0,NOAA_ISD,NOAA NEXRAD AWS Open Data
2023-07-13T07:00:00+00:00,KDMX,13.91,1021.4,74.5,41.7311,-93.7228,299.0,NOAA_ISD,NOAA NEXRAD AWS Open Data
2023-07-13T08:00:00+00:00,KTLX,18.2,1014.4,72.6,35.3331,-97.2778,370.0,NOAA_ISD,NOAA NEXRAD AWS Open Data
2023-07-13T08:00:00+00:00,KOKX,15.7,1052.4,84.6,40.8656,-72.8628,20.0,NOAA_ISD,NOAA NEXRAD AWS Open Data
2023-07-13T08:00:00+00:00,KAMX,24.0,1054.4,90.6,25.6111,-80.4128,4.0,NOAA_ISD,NOAA NEXRAD AWS Open Data
2023-07-13T08:00:00+00:00,KATX,14.0,1038.4,87.6,48.1947,-122.4944,151.0,NOAA_ISD,NOAA NEXRAD AWS Open Data
2023-07-13T08:00:00+00:00,KFWS,20.3,1032.4,67.6,32.5731,-97.3031,207.0,NOAA_ISD,NOAA NEXRAD AWS Open Data
2023-07-13T08:00:00+00:00,KDMX,16.7,1022.4,72.6,41.7311,-93.7228,299.0,NOAA_ISD,NOAA NEXRAD AWS Open Data
2023-07-13T09:00:00+00:00,KTLX,20.99,1014.8,77.9,35.3331,-97.2778,370.0,NOAA_ISD,NOAA NEXRAD AWS Open Data
2023-07-13T09:00:00+00:00,KOKX,18.49,1052.8,89.9,40.8656,-72.8628,20.0,NOAA_ISD,NOAA NEXRAD AWS Open Data
2023-07-13T09:00:00+00:00,KAMX,26.79,1054.8,95.9,25.6111,-80.4128,4.0,NOAA_ISD,NOAA NEXRAD AWS Open Data
2023-07-13T09:00:00+00:00,KATX,16.79,1038.8,92.9,48.1947,-122.4944,151.0,NOAA_ISD,NOAA NEXRAD AWS Open Data
2023-07-13T09:00:00+00:00,KFWS,23.09,1032.8,72.9,32.5731,-97.3031,207.0,NOAA_ISD,NOAA NEXRAD AWS Open Data
2023-07-13T09:00:00+00:00,KDMX,19.49,1022.8,77.9,41.7311,-93.7228,299.0,NOAA_ISD,NOAA NEXRAD AWS Open Data
2023-07-13T10:00:00+00:00,KTLX,23.6,1014.6,75.9,35.3331,-97.2778,370.0,NOAA_ISD,NOAA NEXRAD AWS Open Data
2023-07-13T10:00:00+00:00,KOKX,21.1,1052.6,87.9,40.8656,-72.8628,20.0,NOAA_ISD,NOAA NEXRAD AWS Open Data
2023-07-13T10:00:00+00:00,KAMX,29.4,1054.6,93.9,25.6111,-80.4128,4.0,NOAA_ISD,NOAA NEXRAD AWS Open Data
2023-07-13T10:00:00+00:00,KATX,19.4,1038.6,90.9,48.1947,-122.4944,151.0,NOAA_ISD,NOAA NEXRAD AWS Open Data
2023-07-13T10:00:00+00:00,KFWS,25.7,1032.6,70.9,32.5731,-97.3031,207.0,NOAA_ISD,NOAA NEXRAD AWS Open Data
2023-07-13T10:00:00+00:00,KDMX,22.1,1022.6,75.9,41.7311,-93.7228,299.0,NOAA_ISD,NOAA NEXRAD AWS Open Data
2023-07-13T11:00:00+00:00,KTLX,25.87,1013.8,74.0,35.3331,-97.2778,370.0,NOAA_ISD,NOAA NEXRAD AWS Open Data
2023-07-13T11:00:00+00:00,KOKX,23.37,1051.8,86.0,40.8656,-72.8628,20.0,NOAA_ISD,NOAA NEXRAD AWS Open Data
2023-07-13T11:00:00+00:00,KAMX,31.67,1053.8,92.0,25.6111,-80.4128,4.0,NOAA_ISD,NOAA NEXRAD AWS Open Data
2023-07-13T11:00:00+00:00,KATX,21.67,1037.8,89.0,48.1947,-122.4944,151.0,NOAA_ISD,NOAA NEXRAD AWS Open Data
2023-07-13T11:00:00+00:00,KFWS,27.97,1031.8,69.0,32.5731,-97.3031,207.0,NOAA_ISD,NOAA NEXRAD AWS Open Data
2023-07-13T11:00:00+00:00,KDMX,24.37,1021.8,74.0,41.7311,-93.7228,299.0,NOAA_ISD,NOAA NEXRAD AWS Open Data
2023-07-13T12:00:00+00:00,KTLX,26.66,1012.6,78.7,35.3331,-97.2778,370.0,NOAA_ISD,NOAA NEXRAD AWS Open Data
2023-07-13T12:00:00+00:00,KOKX,24.16,1050.6,90.7,40.8656,-72.8628,20.0,NOAA_ISD,NOAA NEXRAD AWS Open Data
2023-07-13T12:00:00+00:00,KAMX,32.46,1052.6,96.7,25.6111,-80.4128,4.0,NOAA_ISD,NOAA NEXRAD AWS Open Data
2023-07-13T12:00:00+00:00,KATX,22.46,1036.6,93.7,48.1947,-122.4944,151.0,NOAA_ISD,NOAA NEXRAD AWS Open Data
2023-07-13T12:00:00+00:00,KFWS,28.76,1030.6,73.7,32.5731,-97.3031,207.0,NOAA_ISD,NOAA NEXRAD AWS Open Data
2023-07-13T12:00:00+00:00,KDMX,25.16,1020.6,78.7,41.7311,-93.7228,299.0,NOAA_ISD,NOAA NEXRAD AWS Open Data
2023-07-13T13:00:00+00:00,KTLX,27.86,1010.8,76.6,35.3331,-97.2778,370.0,NOAA_ISD,NOAA NEXRAD AWS Open Data
2023-07-13T13:00:00+00:00,KOKX,25.36,1048.8,88.6,40.8656,-72.8628,20.0,NOAA_ISD,NOAA NEXRAD AWS Open Data
2023-07-13T13:00:00+00:00,KAMX,33.66,1050.8,94.6,25.6111,-80.4128,4.0,NOAA_ISD,NOAA NEXRAD AWS Open Data
2023-07-13T13:00:00+00:00,KATX,23.66,1034.8,91.6,48.1947,-122.4944,151.0,NOAA_ISD,NOAA NEXRAD AWS Open Data
2023-07-13T13:00:00+00:00,KFWS,29.96,1028.8,71.6,32.5731,-97.3031,207.0,NOAA_ISD,NOAA NEXRAD AWS Open Data
2023-07-13T13:00:00+00:00,KDMX,26.36,1018.8,76.6,41.7311,-93.7228,299.0,NOAA_ISD,NOAA NEXRAD AWS Open Data
2023-07-13T14:00:00+00:00,KTLX,28.4,1009.9,74.4,35.3331,-97.2778,370.0,NOAA_ISD,NOAA NEXRAD AWS Open Data
2023-07-13T14:00:00+00:00,KOKX,25.9,1047.9,86.4,40.8656,-72.8628,20.0,NOAA_ISD,NOAA NEXRAD AWS Open Data
2023-07-13T14:00:00+00:00,KAMX,34.2,1049.9,92.4,25.6111,-80.4128,4.0,NOAA_ISD,NOAA NEXRAD AWS Open Data
2023-07-13T14:00:00+00:00,KATX,24.2,1033.9,89.4,48.1947,-122.4944,151.0,NOAA_ISD,NOAA NEXRAD AWS Open Data
2023-07-13T14:00:00+00:00,KFWS,30.5,1027.9,69.4,32.5731,-97.3031,207.0,NOAA_ISD,NOAA NEXRAD AWS Open Data
2023-07-13T14:00:00+00:00,KDMX,26.9,1017.9,74.4,41.7311,-93.7228,299.0,NOAA_ISD,NOAA NEXRAD AWS Open Data
2023-07-13T15:00:00+00:00,KTLX,28.26,1009.7,79.0,35.3331,-97.2778,370.0,NOAA_ISD,NOAA NEXRAD AWS Open Data
2023-07-13T15:00:00+00:00,KOKX,25.76,1047.7,91.0,40.8656,-72.8628,20.0,NOAA_ISD,NOAA NEXRAD AWS Open Data
2023-07-13T15:00:00+00:00,KAMX,34.06,1049.7,97.0,25.6111,-80.4128,4.0,NOAA_ISD,NOAA NEXRAD AWS Open Data
2023-07-13T15:00:00+00:00,KATX,24.06,1033.7,94.0,48.1947,-122.4944,151.0,NOAA_ISD,NOAA NEXRAD AWS Open Data
2023-07-13T15:00:00+00:00,KFWS,30.36,1027.7,74.0,32.5731,-97.3031,207.0,NOAA_ISD,NOAA NEXRAD AWS Open Data
2023-07-13T15:00:00+00:00,KDMX,26.76,1017.7,79.0,41.7311,-93.7228,299.0,NOAA_ISD,NOAA NEXRAD AWS Open Data
2023-07-13T16:00:00+00:00,KTLX,27.46,1010.1,76.5,35.3331,-97.2778,370.0,NOAA_ISD,NOAA NEXRAD AWS Open Data
2023-07-13T16:00:00+00:00,KOKX,24.96,1048.1,88.5,40.8656,-72.8628,20.0,NOAA_ISD,NOAA NEXRAD AWS Open Data
2023-07-13T16:00:00+00:00,KAMX,33.26,1050.1,94.5,25.6111,-80.4128,4.0,NOAA_ISD,NOAA NEXRAD AWS Open Data
2023-07-13T16:00:00+00:00,KATX,23.26,1034.1,91.5,48.1947,-122.4944,151.0,NOAA_ISD,NOAA NEXRAD AWS Open Data
2023-07-13T16:00:00+00:00,KFWS,29.56,1028.1,71.5,32.5731,-97.3031,207.0,NOAA_ISD,NOAA NEXRAD AWS Open Data
2023-07-13T16:00:00+00:00,KDMX,25.96,1018.1,76.5,41.7311,-93.7228,299.0,NOAA_ISD,NOAA NEXRAD AWS Open Data
2023-07-13T17:00:00+00:00,KTLX,25.07,1011.1,73.8,35.3331,-97.2778,370.0,NOAA_ISD,NOAA NEXRAD AWS Open Data
2023-07-13T17:00:00+00:00,KOKX,22.57,1049.2,85.8,40.8656,-72.8628,20.0,NOAA_ISD,NOAA NEXRAD AWS Open Data
2023-07-13T17:00:00+00:00,KAMX,30.87,1051.2,91.8,25.6111,-80.4128,4.0,NOAA_ISD,NOAA NEXRAD AWS Open Data
2023-07-13T17:00:00+00:00,KATX,20.87,1035.2,88.8,48.1947,-122.4944,151.0,NOAA_ISD,NOAA NEXRAD AWS Open Data
2023-07-13T17:00:00+00:00,KFWS,27.17,1029.2,68.8,32.5731,-97.3031,207.0,NOAA_ISD,NOAA NEXRAD AWS Open Data
2023-07-13T17:00:00+00:00,KDMX,23.57,1019.1,73.8,41.7311,-93.7228,299.0,NOAA_ISD,NOAA NEXRAD AWS Open Data
2023-07-13T18:00:00+00:00,KTLX,23.2,1012.5,78.2,35.3331,-97.2778,370.0,NOAA_ISD,NOAA NEXRAD AWS Open Data
2023-07-13T18:00:00+00:00,KOKX,20.7,1050.5,90.2,40.8656,-72.8628,20.0,NOAA_ISD,NOAA NEXRAD AWS Open Data
2023-07-13T18:00:00+00:00,KAMX,29.0,1052.5,96.2,25.6111,-80.4128,4.0,NOAA_ISD,NOAA NEXRAD AWS Open Data
2023-07-13T18:00:00+00:00,KATX,19.0,1036.5,93.2,48.1947,-122.4944,151.0,NOAA_ISD,NOAA NEXRAD AWS Open Data
2023-07-13T18:00:00+00:00,KFWS,25.3,1030.5,73.2,32.5731,-97.3031,207.0,NOAA_ISD,NOAA NEXRAD AWS Open Data
2023-07-13T18:00:00+00:00,KDMX,21.7,1020.5,78.2,41.7311,-93.7228,299.0,NOAA_ISD,NOAA NEXRAD AWS Open Data
2023-07-13T19:00:00+00:00,KTLX,20.99,1013.9,75.5,35.3331,-97.2778,370.0,NOAA_ISD,NOAA NEXRAD AWS Open Data
2023-07-13T19:00:00+00:00,KOKX,18.49,1051.8,87.5,40.8656,-72.8628,20.0,NOAA_ISD,NOAA NEXRAD AWS Open Data
2023-07-13T19:00:00+00:00,KAMX,26.79,1053.8,93.5,25.6111,-80.4128,4.0,NOAA_ISD,NOAA NEXRAD AWS Open Data
2023-07-13T19:00:00+00:00,KATX,16.79,1037.8,90.5,48.1947,-122.4944,151.0,NOAA_ISD,NOAA NEXRAD AWS Open Data
2023-07-13T19:00:00+00:00,KFWS,23.09,1031.8,70.5,32.5731,-97.3031,207.0,NOAA_ISD,NOAA NEXRAD AWS Open Data
2023-07-13T19:00:00+00:00,KDMX,19.49,1021.9,75.5,41.7311,-93.7228,299.0,NOAA_ISD,NOAA NEXRAD AWS Open Data
2023-07-13T20:00:00+00:00,KTLX,18.6,1014.2,72.7,35.3331,-97.2778,370.0,NOAA_ISD,NOAA NEXRAD AWS Open Data
2023-07-13T20:00:00+00:00,KOKX,16.1,1052.2,84.7,40.8656,-72.8628,20.0,NOAA_ISD,NOAA NEXRAD AWS Open Data
2023-07-13T20:00:00+00:00,KAMX,24.4,1054.2,90.7,25.6111,-80.4128,4.0,NOAA_ISD,NOAA NEXRAD AWS Open Data
2023-07-13T20:00:00+00:00,KATX,14.4,1038.2,87.7,48.1947,-122.4944,151.0,NOAA_ISD,NOAA NEXRAD AWS Open Data
2023-07-13T20:00:00+00:00,KFWS,20.7,1032.2,67.7,32.5731,-97.3031,207.0,NOAA_ISD,NOAA NEXRAD AWS Open Data
2023-07-13T20:00:00+00:00,KDMX,17.1,1022.2,72.7,41.7311,-93.7228,299.0,NOAA_ISD,NOAA NEXRAD AWS Open Data
2023-07-13T21:00:00+00:00,KTLX,16.21,1014.6,77.2,35.3331,-97.2778,370.0,NOAA_ISD,NOAA NEXRAD AWS Open Data
2023-07-13T21:00:00+00:00,KOKX,13.71,1052.6,89.2,40.8656,-72.8628,20.0,NOAA_ISD,NOAA NEXRAD AWS Open Data
2023-07-13T21:00:00+00:00,KAMX,22.01,1054.6,95.2,25.6111,-80.4128,4.0,NOAA_ISD,NOAA NEXRAD AWS Open Data
2023-07-13T21:00:00+00:00,KATX,12.01,1038.6,92.2,48.1947,-122.4944,151.0,NOAA_ISD,NOAA NEXRAD AWS Open Data
2023-07-13T21:00:00+00:00,KFWS,18.31,1032.6,72.2,32.5731,-97.3031,207.0,NOAA_ISD,NOAA NEXRAD AWS Open Data
2023-07-13T21:00:00+00:00,KDMX,14.71,1022.6,77.2,41.7311,-93.7228,299.0,NOAA_ISD,NOAA NEXRAD AWS Open Data
2023-07-13T22:00:00+00:00,KTLX,13.0,1014.4,74.1,35.3331,-97.2778,370.0,NOAA_ISD,NOAA NEXRAD AWS Open Data
2023-07-13T22:00:00+00:00,KOKX,10.5,1052.4,86.1,40.8656,-72.8628,20.0,NOAA_ISD,NOAA NEXRAD AWS Open Data
2023-07-13T22:00:00+00:00,KAMX,18.8,1054.4,92.1,25.6111,-80.4128,4.0,NOAA_ISD,NOAA NEXRAD AWS Open Data
2023-07-13T22:00:00+00:00,KATX,8.8,1038.4,89.1,48.1947,-122.4944,151.0,NOAA_ISD,NOAA NEXRAD AWS Open Data
2023-07-13T22:00:00+00:00,KFWS,15.1,1032.4,69.1,32.5731,-97.3031,207.0,NOAA_ISD,NOAA NEXRAD AWS Open Data
2023-07-13T22:00:00+00:00,KDMX,11.5,1022.4,74.1,41.7311,-93.7228,299.0,NOAA_ISD,NOAA NEXRAD AWS Open Data
2023-07-13T23:00:00+00:00,KTLX,11.13,1013.5,71.3,35.3331,-97.2778,370.0,NOAA_ISD,NOAA NEXRAD AWS Open Data
2023-07-13T23:00:00+00:00,KOKX,8.63,1051.5,83.3,40.8656,-72.8628,20.0,NOAA_ISD,NOAA NEXRAD AWS Open Data
2023-07-13T23:00:00+00:00,KAMX,16.93,1053.5,89.3,25.6111,-80.4128,4.0,NOAA_ISD,NOAA NEXRAD AWS Open Data
2023-07-13T23:00:00+00:00,KATX,6.93,1037.5,86.3,48.1947,-122.4944,151.0,NOAA_ISD,NOAA NEXRAD AWS Open Data
2023-07-13T23:00:00+00:00,KFWS,13.23,1031.5,66.3,32.5731,-97.3031,207.0,NOAA_ISD,NOAA NEXRAD AWS Open Data
2023-07-13T23:00:00+00:00,KDMX,9.63,1021.5,71.3,41.7311,-93.7228,299.0,NOAA_ISD,NOAA NEXRAD AWS Open Data
2023-07-14T00:00:00+00:00,KTLX,9.74,1012.4,76.2,35.3331,-97.2778,370.0,NOAA_ISD,NOAA NEXRAD AWS Open Data
2023-07-14T00:00:00+00:00,KOKX,7.24,1050.4,88.2,40.8656,-72.8628,20.0,NOAA_ISD,NOAA NEXRAD AWS Open Data
2023-07-14T00:00:00+00:00,KAMX,15.54,1052.4,94.2,25.6111,-80.4128,4.0,NOAA_ISD,NOAA NEXRAD AWS Open Data
2023-07-14T00:00:00+00:00,KATX,5.54,1036.4,91.2,48.1947,-122.4944,151.0,NOAA_ISD,NOAA NEXRAD AWS Open Data
2023-07-14T00:00:00+00:00,KFWS,11.84,1030.4,71.2,32.5731,-97.3031,207.0,NOAA_ISD,NOAA NEXRAD AWS Open Data
2023-07-14T00:00:00+00:00,KDMX,8.24,1020.4,76.2,41.7311,-93.7228,299.0,NOAA_ISD,NOAA NEXRAD AWS Open Data
2023-07-14T01:00:00+00:00,KTLX,8.94,1011.2,73.4,35.3331,-97.2778,370.0,NOAA_ISD,NOAA NEXRAD AWS Open Data
2023-07-14T01:00:00+00:00,KOKX,6.44,1049.2,85.4,40.8656,-72.8628,20.0,NOAA_ISD,NOAA NEXRAD AWS Open Data
2023-07-14T01:00:00+00:00,KAMX,14.74,1051.2,91.4,25.6111,-80.4128,4.0,NOAA_ISD,NOAA NEXRAD AWS Open Data
2023-07-14T01:00:00+00:00,KATX,4.74,1035.2,88.4,48.1947,-122.4944,151.0,NOAA_ISD,NOAA NEXRAD AWS Open Data
2023-07-14T01:00:00+00:00,KFWS,11.04,1029.2,68.4,32.5731,-97.3031,207.0,NOAA_ISD,NOAA NEXRAD AWS Open Data
2023-07-14T01:00:00+00:00,KDMX,7.44,1019.2,73.4,41.7311,-93.7228,299.0,NOAA_ISD,NOAA NEXRAD AWS Open Data
2023-07-14T02:00:00+00:00,KTLX,8.8,1010.4,70.8,35.3331,-97.2778,370.0,NOAA_ISD,NOAA NEXRAD AWS Open Data
2023-07-14T02:00:00+00:00,KOKX,6.3,1048.4,82.8,40.8656,-72.8628,20.0,NOAA_ISD,NOAA NEXRAD AWS Open Data
2023-07-14T02:00:00+00:00,KAMX,14.6,1050.4,88.8,25.6111,-80.4128,4.0,NOAA_ISD,NOAA NEXRAD AWS Open Data
2023-07-14T02:00:00+00:00,KATX,4.6,1034.4,85.8,48.1947,-122.4944,151.0,NOAA_ISD,NOAA NEXRAD AWS Open Data
2023-07-14T02:00:00+00:00,KFWS,10.9,1028.4,65.8,32.5731,-97.3031,207.0,NOAA_ISD,NOAA NEXRAD AWS Open Data
2023-07-14T02:00:00+00:00,KDMX,7.3,1018.4,70.8,41.7311,-93.7228,299.0,NOAA_ISD,NOAA NEXRAD AWS Open Data
2023-07-14T03:00:00+00:00,KTLX,8.34,1009.5,75.9,35.3331,-97.2778,370.0,NOAA_ISD,NOAA NEXRAD AWS Open Data
2023-07-14T03:00:00+00:00,KOKX,5.84,1047.5,87.9,40.8656,-72.8628,20.0,NOAA_ISD,NOAA NEXRAD AWS Open Data
2023-07-14T03:00:00+00:00,KAMX,14.14,1049.5,93.9,25.6111,-80.4128,4.0,NOAA_ISD,NOAA NEXRAD AWS Open Data
2023-07-14T03:00:00+00:00,KATX,4.14,1033.5,90.9,48.1947,-122.4944,151.0,NOAA_ISD,NOAA NEXRAD AWS Open Data
2023-07-14T03:00:00+00:00,KFWS,10.44,1027.5,70.9,32.5731,-97.3031,207.0,NOAA_ISD,NOAA NEXRAD AWS Open Data
2023-07-14T03:00:00+00:00,KDMX,6.84,1017.5,75.9,41.7311,-93.7228,299.0,NOAA_ISD,NOAA NEXRAD AWS Open Data
2023-07-14T04:00:00+00:00,KTLX,9.54,1009.9,73.5,35.3331,-97.2778,370.0,NOAA_ISD,NOAA NEXRAD AWS Open Data
2023-07-14T04:00:00+00:00,KOKX,7.04,1047.9,85.5,40.8656,-72.8628,20.0,NOAA_ISD,NOAA NEXRAD AWS Open Data
2023-07-14T04:00:00+00:00,KAMX,15.34,1049.9,91.5,25.6111,-80.4128,4.0,NOAA_ISD,NOAA NEXRAD AWS Open Data
2023-07-14T04:00:00+00:00,KATX,5.34,1033.9,88.5,48.1947,-122.4944,151.0,NOAA_ISD,NOAA NEXRAD AWS Open Data
2023-07-14T04:00:00+00:00,KFWS,11.64,1027.9,68.5,32.5731,-97.3031,207.0,NOAA_ISD,NOAA NEXRAD AWS Open Data
2023-07-14T04:00:00+00:00,KDMX,8.04,1017.9,73.5,41.7311,-93.7228,299.0,NOAA_ISD,NOAA NEXRAD AWS Open Data
2023-07-14T05:00:00+00:00,KTLX,11.33,1011.0,71.3,35.3331,-97.2778,370.0,NOAA_ISD,NOAA NEXRAD AWS Open Data
2023-07-14T05:00:00+00:00,KOKX,8.83,1049.0,83.3,40.8656,-72.8628,20.0,NOAA_ISD,NOAA NEXRAD AWS Open Data
2023-07-14T05:00:00+00:00,KAMX,17.13,1051.0,89.3,25.6111,-80.4128,4.0,NOAA_ISD,NOAA NEXRAD AWS Open Data
2023-07-14T05:00:00+00:00,KATX,7.13,1035.0,86.3,48.1947,-122.4944,151.0,NOAA_ISD,NOAA NEXRAD AWS Open Data
2023-07-14T05:00:00+00:00,KFWS,13.43,1029.0,66.3,32.5731,-97.3031,207.0,NOAA_ISD,NOAA NEXRAD AWS Open Data
2023-07-14T05:00:00+00:00,KDMX,9.83,1019.0,71.3,41.7311,-93.7228,299.0,NOAA_ISD,NOAA NEXRAD AWS Open Data
2023-07-14T06:00:00+00:00,KTLX,13.6,1012.3,76.8,35.3331,-97.2778,370.0,NOAA_ISD,NOAA NEXRAD AWS Open Data
2023-07-14T06:00:00+00:00,KOKX,11.1,1050.3,88.8,40.8656,-72.8628,20.0,NOAA_ISD,NOAA NEXRAD AWS Open Data
2023-07-14T06:00:00+00:00,KAMX,19.4,1052.3,94.8,25.6111,-80.4128,4.0,NOAA_ISD,NOAA NEXRAD AWS Open Data
2023-07-14T06:00:00+00:00,KATX,9.4,1036.3,91.8,48.1947,-122.4944,151.0,NOAA_ISD,NOAA NEXRAD AWS Open Data
2023-07-14T06:00:00+00:00,KFWS,15.7,1030.3,71.8,32.5731,-97.3031,207.0,NOAA_ISD,NOAA NEXRAD AWS Open Data
2023-07-14T06:00:00+00:00,KDMX,12.1,1020.3,76.8,41.7311,-93.7228,299.0,NOAA_ISD,NOAA NEXRAD AWS Open Data
2023-07-14T07:00:00+00:00,KTLX,16.21,1013.6,74.7,35.3331,-97.2778,370.0,NOAA_ISD,NOAA NEXRAD AWS Open Data
2023-07-14T07:00:00+00:00,KOKX,13.71,1051.7,86.7,40.8656,-72.8628,20.0,NOAA_ISD,NOAA NEXRAD AWS Open Data
2023-07-14T07:00:00+00:00,KAMX,22.01,1053.7,92.7,25.6111,-80.4128,4.0,NOAA_ISD,NOAA NEXRAD AWS Open Data
2023-07-14T07:00:00+00:00,KATX,12.01,1037.7,89.7,48.1947,-122.4944,151.0,NOAA_ISD,NOAA NEXRAD AWS Open Data
2023-07-14T07:00:00+00:00,KFWS,18.31,1031.7,69.7,32.5731,-97.3031,207.0,NOAA_ISD,NOAA NEXRAD AWS Open Data
2023-07-14T07:00:00+00:00,KDMX,14.71,1021.6,74.7,41.7311,-93.7228,299.0,NOAA_ISD,NOAA NEXRAD AWS Open Data
2023-07-14T08:00:00+00:00,KTLX,18.0,1014.7,72.6,35.3331,-97.2778,370.0,NOAA_ISD,NOAA NEXRAD AWS Open Data
2023-07-14T08:00:00+00:00,KOKX,15.5,1052.7,84.6,40.8656,-72.8628,20.0,NOAA_ISD,NOAA NEXRAD AWS Open Data
2023-07-14T08:00:00+00:00,KAMX,23.8,1054.7,90.6,25.6111,-80.4128,4.0,NOAA_ISD,NOAA NEXRAD AWS Open Data
2023-07-14T08:00:00+00:00,KATX,13.8,1038.7,87.6,48.1947,-122.4944,151.0,NOAA_ISD,NOAA NEXRAD AWS Open Data
2023-07-14T08:00:00+00:00,KFWS,20.1,1032.7,67.6,32.5731,-97.3031,207.0,NOAA_ISD,NOAA NEXRAD AWS Open Data
2023-07-14T08:00:00+00:00,KDMX,16.5,1022.7,72.6,41.7311,-93.7228,299.0,NOAA_ISD,NOAA NEXRAD AWS Open Data
2023-07-14T09:00:00+00:00,KTLX,20.79,1015.1,77.9,35.3331,-97.2778,370.0,NOAA_ISD,NOAA NEXRAD AWS Open Data
2023-07-14T09:00:00+00:00,KOKX,18.29,1053.1,89.9,40.8656,-72.8628,20.0,NOAA_ISD,NOAA NEXRAD AWS Open Data
2023-07-14T09:00:00+00:00,KAMX,26.59,1055.1,95.9,25.6111,-80.4128,4.0,NOAA_ISD,NOAA NEXRAD AWS Open Data
2023-07-14T09:00:00+00:00,KATX,16.59,1039.1,92.9,48.1947,-122.4944,151.0,NOAA_ISD,NOAA NEXRAD AWS Open Data
2023-07-14T09:00:00+00:00,KFWS,22.89,1033.1,72.9,32.5731,-97.3031,207.0,NOAA_ISD,NOAA NEXRAD AWS Open Data
2023-07-14T09:00:00+00:00,KDMX,19.29,1023.1,77.9,41.7311,-93.7228,299.0,NOAA_ISD,NOAA NEXRAD AWS Open Data
2023-07-14T10:00:00+00:00,KTLX,23.4,1014.2,75.9,35.3331,-97.2778,370.0,NOAA_ISD,NOAA NEXRAD AWS Open Data
2023-07-14T10:00:00+00:00,KOKX,20.9,1052.2,87.9,40.8656,-72.8628,20.0,NOAA_ISD,NOAA NEXRAD AWS Open Data
2023-07-14T10:00:00+00:00,KAMX,29.2,1054.2,93.9,25.6111,-80.4128,4.0,NOAA_ISD,NOAA NEXRAD AWS Open Data
2023-07-14T10:00:00+00:00,KATX,19.2,1038.2,90.9,48.1947,-122.4944,151.0,NOAA_ISD,NOAA NEXRAD AWS Open Data
2023-07-14T10:00:00+00:00,KFWS,25.5,1032.2,70.9,32.5731,-97.3031,207.0,NOAA_ISD,NOAA NEXRAD AWS Open Data
2023-07-14T10:00:00+00:00,KDMX,21.9,1022.2,75.9,41.7311,-93.7228,299.0,NOAA_ISD,NOAA NEXRAD AWS Open Data
2023-07-14T11:00:00+00:00,KTLX,25.67,1013.4,73.9,35.3331,-97.2778,370.0,NOAA_ISD,NOAA NEXRAD AWS Open Data
2023-07-14T11:00:00+00:00,KOKX,23.17,1051.3,85.9,40.8656,-72.8628,20.0,NOAA_ISD,NOAA NEXRAD AWS Open Data
2023-07-14T11:00:00+00:00,KAMX,31.47,1053.3,91.9,25.6111,-80.4128,4.0,NOAA_ISD,NOAA NEXRAD AWS Open Data
2023-07-14T11:00:00+00:00,KATX,21.47,1037.3,88.9,48.1947,-122.4944,151.0,NOAA_ISD,NOAA NEXRAD AWS Open Data
2023-07-14T11:00:00+00:00,KFWS,27.77,1031.3,68.9,32.5731,-97.3031,207.0,NOAA_ISD,NOAA NEXRAD AWS Open Data
2023-07-14T11:00:00+00:00,KDMX,24.17,1021.4,73.9,41.7311,-93.7228,299.0,NOAA_ISD,NOAA NEXRAD AWS Open Data
2023-07-14T12:00:00+00:00,KTLX,27.46,1012.2,78.8,35.3331,-97.2778,370.0,NOAA_ISD,NOAA NEXRAD AWS Open Data
2023-07-14T12:00:00+00:00,KOKX,24.96,1050.2,90.8,40.8656,-72.8628,20.0,NOAA_ISD,NOAA NEXRAD AWS Open Data
2023-07-14T12:00:00+00:00,KAMX,33.26,1052.2,96.8,25.6111,-80.4128,4.0,NOAA_ISD,NOAA NEXRAD AWS Open Data
2023-07-14T12:00:00+00:00,KATX,23.26,1036.2,93.8,48.1947,-122.4944,151.0,NOAA_ISD,NOAA NEXRAD AWS Open Data
2023-07-14T12:00:00+00:00,KFWS,29.56,1030.2,73.8,32.5731,-97.3031,207.0,NOAA_ISD,NOAA NEXRAD AWS Open Data
2023-07-14T12:00:00+00:00,KDMX,25.96,1020.2,78.8,41.7311,-93.7228,299.0,NOAA_ISD,NOAA NEXRAD AWS Open Data
2023-07-14T13:00:00+00:00,KTLX,27.66,1011.0,76.5,35.3331,-97.2778,370.0,NOAA_ISD,NOAA NEXRAD AWS Open Data
2023-07-14T13:00:00+00:00,KOKX,25.16,1049.0,88.5,40.8656,-72.8628,20.0,NOAA_ISD,NOAA NEXRAD AWS Open Data
2023-07-14T13:00:00+00:00,KAMX,33.46,1051.0,94.5,25.6111,-80.4128,4.0,NOAA_ISD,NOAA NEXRAD AWS Open Data
2023-07-14T13:00:00+00:00,KATX,23.46,1035.0,91.5,48.1947,-122.4944,151.0,NOAA_ISD,NOAA NEXRAD AWS Open Data
2023-07-14T13:00:00+00:00,KFWS,29.76,1029.0,71.5,32.5731,-97.3031,207.0,NOAA_ISD,NOAA NEXRAD AWS Open Data
2023-07-14T13:00:00+00:00,KDMX,26.16,1019.0,76.5,41.7311,-93.7228,299.0,NOAA_ISD,NOAA NEXRAD AWS Open Data
2023-07-14T14:00:00+00:00,KTLX,28.2,1010.2,74.3,35.3331,-97.2778,370.0,NOAA_ISD,NOAA NEXRAD AWS Open Data
2023-07-14T14:00:00+00:00,KOKX,25.7,1048.2,86.3,40.8656,-72.8628,20.0,NOAA_ISD,NOAA NEXRAD AWS Open Data
2023-07-14T14:00:00+00:00,KAMX,34.0,1050.2,92.3,25.6111,-80.4128,4.0,NOAA_ISD,NOAA NEXRAD AWS Open Data
2023-07-14T14:00:00+00:00,KATX,24.0,1034.2,89.3,48.1947,-122.4944,151.0,NOAA_ISD,NOAA NEXRAD AWS Open Data
2023-07-14T14:00:00+00:00,KFWS,30.3,1028.2,69.3,32.5731,-97.3031,207.0,NOAA_ISD,NOAA NEXRAD AWS Open Data
2023-07-14T14:00:00+00:00,KDMX,26.7,1018.2,74.3,41.7311,-93.7228,299.0,NOAA_ISD,NOAA NEXRAD AWS Open Data
2023-07-14T15:00:00+00:00,KTLX,28.06,1010.0,78.9,35.3331,-97.2778,370.0,NOAA_ISD,NOAA NEXRAD AWS Open Data
2023-07-14T15:00:00+00:00,KOKX,25.56,1048.0,90.9,40.8656,-72.8628,20.0,NOAA_ISD,NOAA NEXRAD AWS Open Data
2023-07-14T15:00:00+00:00,KAMX,33.86,1050.0,96.9,25.6111,-80.4128,4.0,NOAA_ISD,NOAA NEXRAD AWS Open Data
2023-07-14T15:00:00+00:00,KATX,23.86,1034.0,93.9,48.1947,-122.4944,151.0,NOAA_ISD,NOAA NEXRAD AWS Open Data
2023-07-14T15:00:00+00:00,KFWS,30.16,1028.0,73.9,32.5731,-97.3031,207.0,NOAA_ISD,NOAA NEXRAD AWS Open Data
2023-07-14T15:00:00+00:00,KDMX,26.56,1018.0,78.9,41.7311,-93.7228,299.0,NOAA_ISD,NOAA NEXRAD AWS Open Data
2023-07-14T16:00:00+00:00,KTLX,27.26,1010.4,76.5,35.3331,-97.2778,370.0,NOAA_ISD,NOAA NEXRAD AWS Open Data
2023-07-14T16:00:00+00:00,KOKX,24.76,1048.4,88.5,40.8656,-72.8628,20.0,NOAA_ISD,NOAA NEXRAD AWS Open Data
2023-07-14T16:00:00+00:00,KAMX,33.06,1050.4,94.5,25.6111,-80.4128,4.0,NOAA_ISD,NOAA NEXRAD AWS Open Data
2023-07-14T16:00:00+00:00,KATX,23.06,1034.4,91.5,48.1947,-122.4944,151.0,NOAA_ISD,NOAA NEXRAD AWS Open Data
2023-07-14T16:00:00+00:00,KFWS,29.36,1028.4,71.5,32.5731,-97.3031,207.0,NOAA_ISD,NOAA NEXRAD AWS Open Data
2023-07-14T16:00:00+00:00,KDMX,25.76,1018.4,76.5,41.7311,-93.7228,299.0,NOAA_ISD,NOAA NEXRAD AWS Open Data
2023-07-14T17:00:00+00:00,KTLX,25.87,1010.8,74.0,35.3331,-97.2778,370.0,NOAA_ISD,NOAA NEXRAD AWS Open Data
2023-07-14T17:00:00+00:00,KOKX,23.37,1048.8,86.0,40.8656,-72.8628,20.0,NOAA_ISD,NOAA NEXRAD AWS Open Data
2023-07-14T17:00:00+00:00,KAMX,31.67,1050.8,92.0,25.6111,-80.4128,4.0,NOAA_ISD,NOAA NEXRAD AWS Open Data
2023-07-14T17:00:00+00:00,KATX,21.67,1034.8,89.0,48.1947,-122.4944,151.0,NOAA_ISD,NOAA NEXRAD AWS Open Data
2023-07-14T17:00:00+00:00,KFWS,27.97,1028.8,69.0,32.5731,-97.3031,207.0,NOAA_ISD,NOAA NEXRAD AWS Open Data
2023-07-14T17:00:00+00:00,KDMX,24.37,1018.8,74.0,41.7311,-93.7228,299.0,NOAA_ISD,NOAA NEXRAD AWS Open Data
2023-07-14T18:00:00+00:00,KTLX,23.0,1012.1,78.2,35.3331,-97.2778,370.0,NOAA_ISD,NOAA NEXRAD AWS Open Data
2023-07-14T18:00:00+00:00,KOKX,20.5,1050.1,90.2,40.8656,-72.8628,20.0,NOAA_ISD,NOAA NEXRAD AWS Open Data
2023-07-14T18:00:00+00:00,KAMX,28.8,1052.1,96.2,25.6111,-80.4128,4.0,NOAA_ISD,NOAA NEXRAD AWS Open Data
2023-07-14T18:00:00+00:00,KATX,18.8,1036.1,93.2,48.1947,-122.4944,151.0,NOAA_ISD,NOAA NEXRAD AWS Open Data
2023-07-14T18:00:00+00:00,KFWS,25.1,1030.1,73.2,32.5731,-97.3031,207.0,NOAA_ISD,NOAA NEXRAD AWS Open Data
2023-07-14T18:00:00+00:00,KDMX,21.5,1020.1,78.2,41.7311,-93.7228,299.0,NOAA_ISD,NOAA NEXRAD AWS Open Data
2023-07-14T19:00:00+00:00,KTLX,20.79,1013.5,75.5,35.3331,-97.2778,370.0,NOAA_ISD,NOAA NEXRAD AWS Open Data
2023-07-14T19:00:00+00:00,KOKX,18.29,1051.5,87.5,40.8656,-72.8628,20.0,NOAA_ISD,NOAA NEXRAD AWS Open Data
2023-07-14T19:00:00+00:00,KAMX,26.59,1053.5,93.5,25.6111,-80.4128,4.0,NOAA_ISD,NOAA NEXRAD AWS Open Data
2023-07-14T19:00:00+00:00,KATX,16.59,1037.5,90.5,48.1947,-122.4944,151.0,NOAA_ISD,NOAA NEXRAD AWS Open Data
2023-07-14T19:00:00+00:00,KFWS,22.89,1031.5,70.5,32.5731,-97.3031,207.0,NOAA_ISD,NOAA NEXRAD AWS Open Data
2023-07-14T19:00:00+00:00,KDMX,19.29,1021.5,75.5,41.7311,-93.7228,299.0,NOAA_ISD,NOAA NEXRAD AWS Open Data
2023-07-14T20:00:00+00:00,KTLX,18.4,1014.5,72.7,35.3331,-97.2778,370.0,NOAA_ISD,NOAA NEXRAD AWS Open Data
2023-07-14T20:00:00+00:00,KOKX,15.9,1052.5,84.7,40.8656,-72.8628,20.0,NOAA_ISD,NOAA NEXRAD AWS Open Data
2023-07-14T20:00:00+00:00,KAMX,24.2,1054.5,90.7,25.6111,-80.4128,4.0,NOAA_ISD,NOAA NEXRAD AWS Open Data
2023-07-14T20:00:00+00:00,KATX,14.2,1038.5,87.7,48.1947,-122.4944,151.0,NOAA_ISD,NOAA NEXRAD AWS Open Data
2023-07-14T20:00:00+00:00,KFWS,20.5,1032.5,67.7,32.5731,-97.3031,207.0,NOAA_ISD,NOAA NEXRAD AWS Open Data
2023-07-14T20:00:00+00:00,KDMX,16.9,1022.5,72.7,41.7311,-93.7228,299.0,NOAA_ISD,NOAA NEXRAD AWS Open Data
2023-07-14T21:00:00+00:00,KTLX,16.01,1014.9,77.2,35.3331,-97.2778,370.0,NOAA_ISD,NOAA NEXRAD AWS Open Data
2023-07-14T21:00:00+00:00,KOKX,13.51,1052.9,89.2,40.8656,-72.8628,20.0,NOAA_ISD,NOAA NEXRAD AWS Open Data
2023-07-14T21:00:00+00:00,KAMX,21.81,1054.9,95.2,25.6111,-80.4128,4.0,NOAA_ISD,NOAA NEXRAD AWS Open Data
2023-07-14T21:00:00+00:00,KATX,11.81,1038.9,92.2,48.1947,-122.4944,151.0,NOAA_ISD,NOAA NEXRAD AWS Open Data
2023-07-14T21:00:00+00:00,KFWS,18.11,1032.9,72.2,32.5731,-97.3031,207.0,NOAA_ISD,NOAA NEXRAD AWS Open Data
2023-07-14T21:00:00+00:00,KDMX,14.51,1022.9,77.2,41.7311,-93.7228,299.0,NOAA_ISD,NOAA NEXRAD AWS Open Data
2023-07-14T22:00:00+00:00,KTLX,13.8,1014.7,74.3,35.3331,-97.2778,370.0,NOAA_ISD,NOAA NEXRAD AWS Open Data
2023-07-14T22:00:00+00:00,KOKX,11.3,1052.7,86.3,40.8656,-72.8628,20.0,NOAA_ISD,NOAA NEXRAD AWS Open Data
2023-07-14T22:00:00+00:00,KAMX,19.6,1054.7,92.3,25.6111,-80.4128,4.0,NOAA_ISD,NOAA NEXRAD AWS Open Data
2023-07-14T22:00:00+00:00,KATX,9.6,1038.7,89.3,48.1947,-122.4944,151.0,NOAA_ISD,NOAA NEXRAD AWS Open Data
2023-07-14T22:00:00+00:00,KFWS,15.9,1032.7,69.3,32.5731,-97.3031,207.0,NOAA_ISD,NOAA NEXRAD AWS Open Data
2023-07-14T22:00:00+00:00,KDMX,12.3,1022.7,74.3,41.7311,-93.7228,299.0,NOAA_ISD,NOAA NEXRAD AWS Open Data
2023-07-14T23:00:00+00:00,KTLX,10.93,1013.9,71.3,35.3331,-97.2778,370.0,NOAA_ISD,NOAA NEXRAD AWS Open Data
2023-07-14T23:00:00+00:00,KOKX,8.43,1051.8,83.3,40.8656,-72.8628,20.0,NOAA_ISD,NOAA NEXRAD AWS Open Data
2023-07-14T23:00:00+00:00,KAMX,16.73,1053.8,89.3,25.6111,-80.4128,4.0,NOAA_ISD,NOAA NEXRAD AWS Open Data
2023-07-14T23:00:00+00:00,KATX,6.73,1037.8,86.3,48.1947,-122.4944,151.0,NOAA_ISD,NOAA NEXRAD AWS Open Data
2023-07-14T23:00:00+00:00,KFWS,13.03,1031.8,66.3,32.5731,-97.3031,207.0,NOAA_ISD,NOAA NEXRAD AWS Open Data
2023-07-14T23:00:00+00:00,KDMX,9.43,1021.9,71.3,41.7311,-93.7228,299.0,NOAA_ISD,NOAA NEXRAD AWS Open Data
2023-07-15T00:00:00+00:00,KTLX,9.54,1012.0,76.1,35.3331,-97.2778,370.0,NOAA_ISD,NOAA NEXRAD AWS Open Data
2023-07-15T00:00:00+00:00,KOKX,7.04,1050.0,88.1,40.8656,-72.8628,20.0,NOAA_ISD,NOAA NEXRAD AWS Open Data
2023-07-15T00:00:00+00:00,KAMX,15.34,1052.0,94.1,25.6111,-80.4128,4.0,NOAA_ISD,NOAA NEXRAD AWS Open Data
2023-07-15T00:00:00+00:00,KATX,5.34,1036.0,91.1,48.1947,-122.4944,151.0,NOAA_ISD,NOAA NEXRAD AWS Open Data
2023-07-15T00:00:00+00:00,KFWS,11.64,1030.0,71.1,32.5731,-97.3031,207.0,NOAA_ISD,NOAA NEXRAD AWS Open Data
2023-07-15T00:00:00+00:00,KDMX,8.04,1020.0,76.1,41.7311,-93.7228,299.0,NOAA_ISD,NOAA NEXRAD AWS Open Data
2023-07-15T01:00:00+00:00,KTLX,8.74,1010.9,73.4,35.3331,-97.2778,370.0,NOAA_ISD,NOAA NEXRAD AWS Open Data
2023-07-15T01:00:00+00:00,KOKX,6.24,1048.8,85.4,40.8656,-72.8628,20.0,NOAA_ISD,NOAA NEXRAD AWS Open Data
2023-07-15T01:00:00+00:00,KAMX,14.54,1050.8,91.4,25.6111,-80.4128,4.0,NOAA_ISD,NOAA NEXRAD AWS Open Data
2023-07-15T01:00:00+00:00,KATX,4.54,1034.8,88.4,48.1947,-122.4944,151.0,NOAA_ISD,NOAA NEXRAD AWS Open Data
2023-07-15T01:00:00+00:00,KFWS,10.84,1028.8,68.4,32.5731,-97.3031,207.0,NOAA_ISD,NOAA NEXRAD AWS Open Data
2023-07-15T01:00:00+00:00,KDMX,7.24,1018.9,73.4,41.7311,-93.7228,299.0,NOAA_ISD,NOAA NEXRAD AWS Open Data
2023-07-15T02:00:00+00:00,KTLX,8.6,1010.0,70.8,35.3331,-97.2778,370.0,NOAA_ISD,NOAA NEXRAD AWS Open Data
2023-07-15T02:00:00+00:00,KOKX,6.1,1048.0,82.8,40.8656,-72.8628,20.0,NOAA_ISD,NOAA NEXRAD AWS Open Data
2023-07-15T02:00:00+00:00,KAMX,14.4,1050.0,88.8,25.6111,-80.4128,4.0,NOAA_ISD,NOAA NEXRAD AWS Open Data
2023-07-15T02:00:00+00:00,KATX,4.4,1034.0,85.8,48.1947,-122.4944,151.0,NOAA_ISD,NOAA NEXRAD AWS Open Data
2023-07-15T02:00:00+00:00,KFWS,10.7,1028.0,65.8,32.5731,-97.3031,207.0,NOAA_ISD,NOAA NEXRAD AWS Open Data
2023-07-15T02:00:00+00:00,KDMX,7.1,1018.0,70.8,41.7311,-93.7228,299.0,NOAA_ISD,NOAA NEXRAD AWS Open Data
2023-07-15T03:00:00+00:00,KTLX,9.14,1009.8,76.0,35.3331,-97.2778,370.0,NOAA_ISD,NOAA NEXRAD AWS Open Data
2023-07-15T03:00:00+00:00,KOKX,6.64,1047.8,88.0,40.8656,-72.8628,20.0,NOAA_ISD,NOAA NEXRAD AWS Open Data
2023-07-15T03:00:00+00:00,KAMX,14.94,1049.8,94.0,25.6111,-80.4128,4.0,NOAA_ISD,NOAA NEXRAD AWS Open Data
2023-07-15T03:00:00+00:00,KATX,4.94,1033.8,91.0,48.1947,-122.4944,151.0,NOAA_ISD,NOAA NEXRAD AWS Open Data
2023-07-15T03:00:00+00:00,KFWS,11.24,1027.8,71.0,32.5731,-97.3031,207.0,NOAA_ISD,NOAA NEXRAD AWS Open Data
2023-07-15T03:00:00+00:00,KDMX,7.64,1017.8,76.0,41.7311,-93.7228,299.0,NOAA_ISD,NOAA NEXRAD AWS Open Data
2023-07-15T04:00:00+00:00,KTLX,9.34,1010.2,73.5,35.3331,-97.2778,370.0,NOAA_ISD,NOAA NEXRAD AWS Open Data
2023-07-15T04:00:00+00:00,KOKX,6.84,1048.2,85.5,40.8656,-72.8628,20.0,NOAA_ISD,NOAA NEXRAD AWS Open Data
2023-07-15T04:00:00+00:00,KAMX,15.14,1050.2,91.5,25.6111,-80.4128,4.0,NOAA_ISD,NOAA NEXRAD AWS Open Data
2023-07-15T04:00:00+00:00,KATX,5.14,1034.2,88.5,48.1947,-122.4944,151.0,NOAA_ISD,NOAA NEXRAD AWS Open Data
2023-07-15T04:00:00+00:00,KFWS,11.44,1028.2,68.5,32.5731,-97.3031,207.0,NOAA_ISD,NOAA NEXRAD AWS Open Data
2023-07-15T04:00:00+00:00,KDMX,7.84,1018.2,73.5,41.7311,-93.7228,299.0,NOAA_ISD,NOAA NEXRAD AWS Open Data
2023-07-15T05:00:00+00:00,KTLX,11.13,1011.2,71.3,35.3331,-97.2778,370.0,NOAA_ISD,NOAA NEXRAD AWS Open Data
2023-07-15T05:00:00+00:00,KOKX,8.63,1049.2,83.3,40.8656,-72.8628,20.0,NOAA_ISD,NOAA NEXRAD AWS Open Data
2023-07-15T05:00:00+00:00,KAMX,16.93,1051.2,89.3,25.6111,-80.4128,4.0,NOAA_ISD,NOAA NEXRAD AWS Open Data
2023-07-15T05:00:00+00:00,KATX,6.93,1035.2,86.3,48.1947,-122.4944,151.0,NOAA_ISD,NOAA NEXRAD AWS Open Data
2023-07-15T05:00:00+00:00,KFWS,13.23,1029.2,66.3,32.5731,-97.3031,207.0,NOAA_ISD,NOAA NEXRAD AWS Open Data
2023-07-15T05:00:00+00:00,KDMX,9.63,1019.2,71.3,41.7311,-93.7228,299.0,NOAA_ISD,NOAA NEXRAD AWS Open Data
2023-07-15T06:00:00+00:00,KTLX,13.4,1012.6,76.8,35.3331,-97.2778,370.0,NOAA_ISD,NOAA NEXRAD AWS Open Data
2023-07-15T06:00:00+00:00,KOKX,10.9,1050.6,88.8,40.8656,-72.8628,20.0,NOAA_ISD,NOAA NEXRAD AWS Open Data
2023-07-15T06:00:00+00:00,KAMX,19.2,1052.6,94.8,25.6111,-80.4128,4.0,NOAA_ISD,NOAA NEXRAD AWS Open Data
2023-07-15T06:00:00+00:00,KATX,9.2,1036.6,91.8,48.1947,-122.4944,151.0,NOAA_ISD,NOAA NEXRAD AWS Open Data
2023-07-15T06:00:00+00:00,KFWS,15.5,1030.6,71.8,32.5731,-97.3031,207.0,NOAA_ISD,NOAA NEXRAD AWS Open Data
2023-07-15T06:00:00+00:00,KDMX,11.9,1020.6,76.8,41.7311,-93.7228,299.0,NOAA_ISD,NOAA NEXRAD AWS Open Data
2023-07-15T07:00:00+00:00,KTLX,16.01,1013.2,74.7,35.3331,-97.2778,370.0,NOAA_ISD,NOAA NEXRAD AWS Open Data
2023-07-15T07:00:00+00:00,KOKX,13.51,1051.2,86.7,40.8656,-72.8628,20.0,NOAA_ISD,NOAA NEXRAD AWS Open Data
2023-07-15T07:00:00+00:00,KAMX,21.81,1053.2,92.7,25.6111,-80.4128,4.0,NOAA_ISD,NOAA NEXRAD AWS Open Data
2023-07-15T07:00:00+00:00,KATX,11.81,1037.2,89.7,48.1947,-122.4944,151.0,NOAA_ISD,NOAA NEXRAD AWS Open Data
2023-07-15T07:00:00+00:00,KFWS,18.11,1031.2,69.7,32.5731,-97.3031,207.0,NOAA_ISD,NOAA NEXRAD AWS Open Data
2023-07-15T07:00:00+00:00,KDMX,14.51,1021.2,74.7,41.7311,-93.7228,299.0,NOAA_ISD,NOAA NEXRAD AWS Open Data
2023-07-15T08:00:00+00:00,KTLX,18.8,1014.3,72.7,35.3331,-97.2778,370.0,NOAA_ISD,NOAA NEXRAD AWS Open Data
2023-07-15T08:00:00+00:00,KOKX,16.3,1052.3,84.7,40.8656,-72.8628,20.0,NOAA_ISD,NOAA NEXRAD AWS Open Data
2023-07-15T08:00:00+00:00,KAMX,24.6,1054.3,90.7,25.6111,-80.4128,4.0,NOAA_ISD,NOAA NEXRAD AWS Open Data
2023-07-15T08:00:00+00:00,KATX,14.6,1038.3,87.7,48.1947,-122.4944,151.0,NOAA_ISD,NOAA NEXRAD AWS Open Data
2023-07-15T08:00:00+00:00,KFWS,20.9,1032.3,67.7,32.5731,-97.3031,207.0,NOAA_ISD,NOAA NEXRAD AWS Open Data
2023-07-15T08:00:00+00:00,KDMX,17.3,1022.3,72.7,41.7311,-93.7228,299.0,NOAA_ISD,NOAA NEXRAD AWS Open Data
2023-07-15T09:00:00+00:00,KTLX,20.59,1014.7,77.8,35.3331,-97.2778,370.0,NOAA_ISD,NOAA NEXRAD AWS Open Data
2023-07-15T09:00:00+00:00,KOKX,18.09,1052.7,89.8,40.8656,-72.8628,20.0,NOAA_ISD,NOAA NEXRAD AWS Open Data
2023-07-15T09:00:00+00:00,KAMX,26.39,1054.7,95.8,25.6111,-80.4128,4.0,NOAA_ISD,NOAA NEXRAD AWS Open Data
2023-07-15T09:00:00+00:00,KATX,16.39,1038.7,92.8,48.1947,-122.4944,151.0,NOAA_ISD,NOAA NEXRAD AWS Open Data
2023-07-15T09:00:00+00:00,KFWS,22.69,1032.7,72.8,32.5731,-97.3031,207.0,NOAA_ISD,NOAA NEXRAD AWS Open Data
2023-07-15T09:00:00+00:00,KDMX,19.09,1022.7,77.8,41.7311,-93.7228,299.0,NOAA_ISD,NOAA NEXRAD AWS Open Data
2023-07-15T10:00:00+00:00,KTLX,23.2,1014.5,75.8,35.3331,-97.2778,370.0,NOAA_ISD,NOAA NEXRAD AWS Open Data
2023-07-15T10:00:00+00:00,KOKX,20.7,1052.5,87.8,40.8656,-72.8628,20.0,NOAA_ISD,NOAA NEXRAD AWS Open Data
2023-07-15T10:00:00+00:00,KAMX,29.0,1054.5,93.8,25.6111,-80.4128,4.0,NOAA_ISD,NOAA NEXRAD AWS Open Data
2023-07-15T10:00:00+00:00,KATX,19.0,1038.5,90.8,48.1947,-122.4944,151.0,NOAA_ISD,NOAA NEXRAD AWS Open Data
2023-07-15T10:00:00+00:00,KFWS,25.3,1032.5,70.8,32.5731,-97.3031,207.0,NOAA_ISD,NOAA NEXRAD AWS Open Data
2023-07-15T10:00:00+00:00,KDMX,21.7,1022.5,75.8,41.7311,-93.7228,299.0,NOAA_ISD,NOAA NEXRAD AWS Open Data
2023-07-15T11:00:00+00:00,KTLX,25.47,1013.6,73.9,35.3331,-97.2778,370.0,NOAA_ISD,NOAA NEXRAD AWS Open Data
2023-07-15T11:00:00+00:00,KOKX,22.97,1051.7,85.9,40.8656,-72.8628,20.0,NOAA_ISD,NOAA NEXRAD AWS Open Data
2023-07-15T11:00:00+00:00,KAMX,31.27,1053.7,91.9,25.6111,-80.4128,4.0,NOAA_ISD,NOAA NEXRAD AWS Open Data
2023-07-15T11:00:00+00:00,KATX,21.27,1037.7,88.9,48.1947,-122.4944,151.0,NOAA_ISD,NOAA NEXRAD AWS Open Data
2023-07-15T11:00:00+00:00,KFWS,27.57,1031.7,68.9,32.5731,-97.3031,207.0,NOAA_ISD,NOAA NEXRAD AWS Open Data
2023-07-15T11:00:00+00:00,KDMX,23.97,1021.6,73.9,41.7311,-93.7228,299.0,NOAA_ISD,NOAA NEXRAD AWS Open Data
2023-07-15T12:00:00+00:00,KTLX,27.26,1012.5,78.8,35.3331,-97.2778,370.0,NOAA_ISD,NOAA NEXRAD AWS Open Data
2023-07-15T12:00:00+00:00,KOKX,24.76,1050.5,90.8,40.8656,-72.8628,20.0,NOAA_ISD,NOAA NEXRAD AWS Open Data
2023-07-15T12:00:00+00:00,KAMX,33.06,1052.5,96.8,25.6111,-80.4128,4.0,NOAA_ISD,NOAA NEXRAD AWS Open Data
2023-07-15T12:00:00+00:00,KATX,23.06,1036.5,93.8,48.1947,-122.4944,151.0,NOAA_ISD,NOAA NEXRAD AWS Open Data
2023-07-15T12:00:00+00:00,KFWS,29.36,1030.5,73.8,32.5731,-97.3031,207.0,NOAA_ISD,NOAA NEXRAD AWS Open Data
2023-07-15T12:00:00+00:00,KDMX,25.76,1020.5,78.8,41.7311,-93.7228,299.0,NOAA_ISD,NOAA NEXRAD AWS Open Data
2023-07-15T13:00:00+00:00,KTLX,28.46,1011.4,76.7,35.3331,-97.2778,370.0,NOAA_ISD,NOAA NEXRAD AWS Open Data
2023-07-15T13:00:00+00:00,KOKX,25.96,1049.3,88.7,40.8656,-72.8628,20.0,NOAA_ISD,NOAA NEXRAD AWS Open Data
2023-07-15T13:00:00+00:00,KAMX,34.26,1051.3,94.7,25.6111,-80.4128,4.0,NOAA_ISD,NOAA NEXRAD AWS Open Data
2023-07-15T13:00:00+00:00,KATX,24.26,1035.3,91.7,48.1947,-122.4944,151.0,NOAA_ISD,NOAA NEXRAD AWS Open Data
2023-07-15T13:00:00+00:00,KFWS,30.56,1029.3,71.7,32.5731,-97.3031,207.0,NOAA_ISD,NOAA NEXRAD AWS Open Data
2023-07-15T13:00:00+00:00,KDMX,26.96,1019.4,76.7,41.7311,-93.7228,299.0,NOAA_ISD,NOAA NEXRAD AWS Open Data
2023-07-15T14:00:00+00:00,KTLX,28.0,1009.8,74.3,35.3331,-97.2778,370.0,NOAA_ISD,NOAA NEXRAD AWS Open Data
2023-07-15T14:00:00+00:00,KOKX,25.5,1047.8,86.3,40.8656,-72.8628,20.0,NOAA_ISD,NOAA NEXRAD AWS Open Data
2023-07-15T14:00:00+00:00,KAMX,33.8,1049.8,92.3,25.6111,-80.4128,4.0,NOAA_ISD,NOAA NEXRAD AWS Open Data
2023-07-15T14:00:00+00:00,KATX,23.8,1033.8,89.3,48.1947,-122.4944,151.0,NOAA_ISD,NOAA NEXRAD AWS Open Data
2023-07-15T14:00:00+00:00,KFWS,30.1,1027.8,69.3,32.5731,-97.3031,207.0,NOAA_ISD,NOAA NEXRAD AWS Open Data
2023-07-15T14:00:00+00:00,KDMX,26.5,1017.8,74.3,41.7311,-93.7228,299.0,NOAA_ISD,NOAA NEXRAD AWS Open Data
2023-07-15T15:00:00+00:00,KTLX,27.86,1009.6,78.9,35.3331,-97.2778,370.0,NOAA_ISD,NOAA NEXRAD AWS Open Data
2023-07-15T15:00:00+00:00,KOKX,25.36,1047.6,90.9,40.8656,-72.8628,20.0,NOAA_ISD,NOAA NEXRAD AWS Open Data
2023-07-15T15:00:00+00:00,KAMX,33.66,1049.6,96.9,25.6111,-80.4128,4.0,NOAA_ISD,NOAA NEXRAD AWS Open Data
2023-07-15T15:00:00+00:00,KATX,23.66,1033.6,93.9,48.1947,-122.4944,151.0,NOAA_ISD,NOAA NEXRAD AWS Open Data
2023-07-15T15:00:00+00:00,KFWS,29.96,1027.6,73.9,32.5731,-97.3031,207.0,NOAA_ISD,NOAA NEXRAD AWS Open Data
2023-07-15T15:00:00+00:00,KDMX,26.36,1017.6,78.9,41.7311,-93.7228,299.0,NOAA_ISD,NOAA NEXRAD AWS Open Data
2023-07-15T16:00:00+00:00,KTLX,27.06,1010.0,76.4,35.3331,-97.2778,370.0,NOAA_ISD,NOAA NEXRAD AWS Open Data
2023-07-15T16:00:00+00:00,KOKX,24.56,1048.0,88.4,40.8656,-72.8628,20.0,NOAA_ISD,NOAA NEXRAD AWS Open Data
2023-07-15T16:00:00+00:00,KAMX,32.86,1050.0,94.4,25.6111,-80.4128,4.0,NOAA_ISD,NOAA NEXRAD AWS Open Data
2023-07-15T16:00:00+00:00,KATX,22.86,1034.0,91.4,48.1947,-122.4944,151.0,NOAA_ISD,NOAA NEXRAD AWS Open Data
2023-07-15T16:00:00+00:00,KFWS,29.16,1028.0,71.4,32.5731,-97.3031,207.0,NOAA_ISD,NOAA NEXRAD AWS Open Data
2023-07-15T16:00:00+00:00,KDMX,25.56,1018.0,76.4,41.7311,-93.7228,299.0,NOAA_ISD,NOAA NEXRAD AWS Open Data
2023-07-15T17:00:00+00:00,KTLX,25.67,1011.0,73.9,35.3331,-97.2778,370.0,NOAA_ISD,NOAA NEXRAD AWS Open Data
2023-07-15T17:00:00+00:00,KOKX,23.17,1049.0,85.9,40.8656,-72.8628,20.0,NOAA_ISD,NOAA NEXRAD AWS Open Data
2023-07-15T17:00:00+00:00,KAMX,31.47,1051.0,91.9,25.6111,-80.4128,4.0,NOAA_ISD,NOAA NEXRAD AWS Open Data
2023-07-15T17:00:00+00:00,KATX,21.47,1035.0,88.9,48.1947,-122.4944,151.0,NOAA_ISD,NOAA NEXRAD AWS Open Data
2023-07-15T17:00:00+00:00,KFWS,27.77,1029.0,68.9,32.5731,-97.3031,207.0,NOAA_ISD,NOAA NEXRAD AWS Open Data
2023-07-15T17:00:00+00:00,KDMX,24.17,1019.0,73.9,41.7311,-93.7228,299.0,NOAA_ISD,NOAA NEXRAD AWS Open Data
2023-07-15T18:00:00+00:00,KTLX,23.8,1012.4,78.3,35.3331,-97.2778,370.0,NOAA_ISD,NOAA NEXRAD AWS Open Data
2023-07-15T18:00:00+00:00,KOKX,21.3,1050.4,90.3,40.8656,-72.8628,20.0,NOAA_ISD,NOAA NEXRAD AWS Open Data
2023-07-15T18:00:00+00:00,KAMX,29.6,1052.4,96.3,25.6111,-80.4128,4.0,NOAA_ISD,NOAA NEXRAD AWS Open Data
2023-07-15T18:00:00+00:00,KATX,19.6,1036.4,93.3,48.1947,-122.4944,151.0,NOAA_ISD,NOAA NEXRAD AWS Open Data
2023-07-15T18:00:00+00:00,KFWS,25.9,1030.4,73.3,32.5731,-97.3031,207.0,NOAA_ISD,NOAA NEXRAD AWS Open Data
2023-07-15T18:00:00+00:00,KDMX,22.3,1020.4,78.3,41.7311,-93.7228,299.0,NOAA_ISD,NOAA NEXRAD AWS Open Data
2023-07-15T19:00:00+00:00,KTLX,20.59,1013.8,75.4,35.3331,-97.2778,370.0,NOAA_ISD,NOAA NEXRAD AWS Open Data
2023-07-15T19:00:00+00:00,KOKX,18.09,1051.8,87.4,40.8656,-72.8628,20.0,NOAA_ISD,NOAA NEXRAD AWS Open Data
2023-07-15T19:00:00+00:00,KAMX,26.39,1053.8,93.4,25.6111,-80.4128,4.0,NOAA_ISD,NOAA NEXRAD AWS Open Data
2023-07-15T19:00:00+00:00,KATX,16.39,1037.8,90.4,48.1947,-122.4944,151.0,NOAA_ISD,NOAA NEXRAD AWS Open Data
2023-07-15T19:00:00+00:00,KFWS,22.69,1031.8,70.4,32.5731,-97.3031,207.0,NOAA_ISD,NOAA NEXRAD AWS Open Data
2023-07-15T19:00:00+00:00,KDMX,19.09,1021.8,75.4,41.7311,-93.7228,299.0,NOAA_ISD,NOAA NEXRAD AWS Open Data
2023-07-15T20:00:00+00:00,KTLX,18.2,1014.8,72.6,35.3331,-97.2778,370.0,NOAA_ISD,NOAA NEXRAD AWS Open Data
2023-07-15T20:00:00+00:00,KOKX,15.7,1052.8,84.6,40.8656,-72.8628,20.0,NOAA_ISD,NOAA NEXRAD AWS Open Data
2023-07-15T20:00:00+00:00,KAMX,24.0,1054.8,90.6,25.6111,-80.4128,4.0,NOAA_ISD,NOAA NEXRAD AWS Open Data
2023-07-15T20:00:00+00:00,KATX,14.0,1038.8,87.6,48.1947,-122.4944,151.0,NOAA_ISD,NOAA NEXRAD AWS Open Data
2023-07-15T20:00:00+00:00,KFWS,20.3,1032.8,67.6,32.5731,-97.3031,207.0,NOAA_ISD,NOAA NEXRAD AWS Open Data
2023-07-15T20:00:00+00:00,KDMX,16.7,1022.8,72.6,41.7311,-93.7228,299.0,NOAA_ISD,NOAA NEXRAD AWS Open Data
2023-07-15T21:00:00+00:00,KTLX,15.81,1014.5,77.1,35.3331,-97.2778,370.0,NOAA_ISD,NOAA NEXRAD AWS Open Data
2023-07-15T21:00:00+00:00,KOKX,13.31,1052.5,89.1,40.8656,-72.8628,20.0,NOAA_ISD,NOAA NEXRAD AWS Open Data
2023-07-15T21:00:00+00:00,KAMX,21.61,1054.5,95.1,25.6111,-80.4128,4.0,NOAA_ISD,NOAA NEXRAD AWS Open Data
2023-07-15T21:00:00+00:00,KATX,11.61,1038.5,92.1,48.1947,-122.4944,151.0,NOAA_ISD,NOAA NEXRAD AWS Open Data
2023-07-15T21:00:00+00:00,KFWS,17.91,1032.5,72.1,32.5731,-97.3031,207.0,NOAA_ISD,NOAA NEXRAD AWS Open Data
2023-07-15T21:00:00+00:00,KDMX,14.31,1022.5,77.1,41.7311,-93.7228,299.0,NOAA_ISD,NOAA NEXRAD AWS Open Data
2023-07-15T22:00:00+00:00,KTLX,13.6,1014.3,74.2,35.3331,-97.2778,370.0,NOAA_ISD,NOAA NEXRAD AWS Open Data
2023-07-15T22:00:00+00:00,KOKX,11.1,1052.3,86.2,40.8656,-72.8628,20.0,NOAA_ISD,NOAA NEXRAD AWS Open Data
2023-07-15T22:00:00+00:00,KAMX,19.4,1054.3,92.2,25.6111,-80.4128,4.0,NOAA_ISD,NOAA NEXRAD AWS Open Data
2023-07-15T22:00:00+00:00,KATX,9.4,1038.3,89.2,48.1947,-122.4944,151.0,NOAA_ISD,NOAA NEXRAD AWS Open Data
2023-07-15T22:00:00+00:00,KFWS,15.7,1032.3,69.2,32.5731,-97.3031,207.0,NOAA_ISD,NOAA NEXRAD AWS Open Data
2023-07-15T22:00:00+00:00,KDMX,12.1,1022.3,74.2,41.7311,-93.7228,299.0,NOAA_ISD,NOAA NEXRAD AWS Open Data
2023-07-15T23:00:00+00:00,KTLX,11.73,1013.5,71.4,35.3331,-97.2778,370.0,NOAA_ISD,NOAA NEXRAD AWS Open Data
2023-07-15T23:00:00+00:00,KOKX,9.23,1051.5,83.4,40.8656,-72.8628,20.0,NOAA_ISD,NOAA NEXRAD AWS Open Data
2023-07-15T23:00:00+00:00,KAMX,17.53,1053.5,89.4,25.6111,-80.4128,4.0,NOAA_ISD,NOAA NEXRAD AWS Open Data
2023-07-15T23:00:00+00:00,KATX,7.53,1037.5,86.4,48.1947,-122.4944,151.0,NOAA_ISD,NOAA NEXRAD AWS Open Data
2023-07-15T23:00:00+00:00,KFWS,13.83,1031.5,66.4,32.5731,-97.3031,207.0,NOAA_ISD,NOAA NEXRAD AWS Open Data
2023-07-15T23:00:00+00:00,KDMX,10.23,1021.5,71.4,41.7311,-93.7228,299.0,NOAA_ISD,NOAA NEXRAD AWS Open Data
2023-07-16T00:00:00+00:00,KTLX,9.34,1012.3,76.1,35.3331,-97.2778,370.0,NOAA_ISD,NOAA NEXRAD AWS Open Data
2023-07-16T00:00:00+00:00,KOKX,6.84,1050.3,88.1,40.8656,-72.8628,20.0,NOAA_ISD,NOAA NEXRAD AWS Open Data
2023-07-16T00:00:00+00:00,KAMX,15.14,1052.3,94.1,25.6111,-80.4128,4.0,NOAA_ISD,NOAA NEXRAD AWS Open Data
2023-07-16T00:00:00+00:00,KATX,5.14,1036.3,91.1,48.1947,-122.4944,151.0,NOAA_ISD,NOAA NEXRAD AWS Open Data
2023-07-16T00:00:00+00:00,KFWS,11.44,1030.3,71.1,32.5731,-97.3031,207.0,NOAA_ISD,NOAA NEXRAD AWS Open Data
2023-07-16T00:00:00+00:00,KDMX,7.84,1020.3,76.1,41.7311,-93.7228,299.0,NOAA_ISD,NOAA NEXRAD AWS Open Data
2023-07-16T01:00:00+00:00,KTLX,8.54,1011.1,73.3,35.3331,-97.2778,370.0,NOAA_ISD,NOAA NEXRAD AWS Open Data
2023-07-16T01:00:00+00:00,KOKX,6.04,1049.2,85.3,40.8656,-72.8628,20.0,NOAA_ISD,NOAA NEXRAD AWS Open Data
2023-07-16T01:00:00+00:00,KAMX,14.34,1051.2,91.3,25.6111,-80.4128,4.0,NOAA_ISD,NOAA NEXRAD AWS Open Data
2023-07-16T01:00:00+00:00,KATX,4.34,1035.2,88.3,48.1947,-122.4944,151.0,NOAA_ISD,NOAA NEXRAD AWS Open Data
2023-07-16T01:00:00+00:00,KFWS,10.64,1029.2,68.3,32.5731,-97.3031,207.0,NOAA_ISD,NOAA NEXRAD AWS Open Data
2023-07-16T01:00:00+00:00,KDMX,7.04,1019.1,73.3,41.7311,-93.7228,299.0,NOAA_ISD,NOAA NEXRAD AWS Open Data
2023-07-16T02:00:00+00:00,KTLX,8.4,1010.3,70.8,35.3331,-97.2778,370.0,NOAA_ISD,NOAA NEXRAD AWS Open Data
2023-07-16T02:00:00+00:00,KOKX,5.9,1048.3,82.8,40.8656,-72.8628,20.0,NOAA_ISD,NOAA NEXRAD AWS Open Data
2023-07-16T02:00:00+00:00,KAMX,14.2,1050.3,88.8,25.6111,-80.4128,4.0,NOAA_ISD,NOAA NEXRAD AWS Open Data
2023-07-16T02:00:00+00:00,KATX,4.2,1034.3,85.8,48.1947,-122.4944,151.0,NOAA_ISD,NOAA NEXRAD AWS Open Data
2023-07-16T02:00:00+00:00,KFWS,10.5,1028.3,65.8,32.5731,-97.3031,207.0,NOAA_ISD,NOAA NEXRAD AWS Open Data
2023-07-16T02:00:00+00:00,KDMX,6.9,1018.3,70.8,41.7311,-93.7228,299.0,NOAA_ISD,NOAA NEXRAD AWS Open Data
2023-07-16T03:00:00+00:00,KTLX,8.94,1010.1,76.0,35.3331,-97.2778,370.0,NOAA_ISD,NOAA NEXRAD AWS Open Data
2023-07-16T03:00:00+00:00,KOKX,6.44,1048.1,88.0,40.8656,-72.8628,20.0,NOAA_ISD,NOAA NEXRAD AWS Open Data
2023-07-16T03:00:00+00:00,KAMX,14.74,1050.1,94.0,25.6111,-80.4128,4.0,NOAA_ISD,NOAA NEXRAD AWS Open Data
2023-07-16T03:00:00+00:00,KATX,4.74,1034.1,91.0,48.1947,-122.4944,151.0,NOAA_ISD,NOAA NEXRAD AWS Open Data
2023-07-16T03:00:00+00:00,KFWS,11.04,1028.1,71.0,32.5731,-97.3031,207.0,NOAA_ISD,NOAA NEXRAD AWS Open Data
2023-07-16T03:00:00+00:00,KDMX,7.44,1018.1,76.0,41.7311,-93.7228,299.0,NOAA_ISD,NOAA NEXRAD AWS Open Data
2023-07-16T04:00:00+00:00,KTLX,10.14,1009.8,73.6,35.3331,-97.2778,370.0,NOAA_ISD,NOAA NEXRAD AWS Open Data
2023-07-16T04:00:00+00:00,KOKX,7.64,1047.8,85.6,40.8656,-72.8628,20.0,NOAA_ISD,NOAA NEXRAD AWS Open Data
2023-07-16T04:00:00+00:00,KAMX,15.94,1049.8,91.6,25.6111,-80.4128,4.0,NOAA_ISD,NOAA NEXRAD AWS Open Data
2023-07-16T04:00:00+00:00,KATX,5.94,1033.8,88.6,48.1947,-122.4944,151.0,NOAA_ISD,NOAA NEXRAD AWS Open Data
2023-07-16T04:00:00+00:00,KFWS,12.24,1027.8,68.6,32.5731,-97.3031,207.0,NOAA_ISD,NOAA NEXRAD AWS Open Data
2023-07-16T04:00:00+00:00,KDMX,8.64,1017.8,73.6,41.7311,-93.7228,299.0,NOAA_ISD,NOAA NEXRAD AWS Open Data
2023-07-16T05:00:00+00:00,KTLX,10.93,1010.9,71.3,35.3331,-97.2778,370.0,NOAA_ISD,NOAA NEXRAD AWS Open Data
2023-07-16T05:00:00+00:00,KOKX,8.43,1048.8,83.3,40.8656,-72.8628,20.0,NOAA_ISD,NOAA NEXRAD AWS Open Data
2023-07-16T05:00:00+00:00,KAMX,16.73,1050.8,89.3,25.6111,-80.4128,4.0,NOAA_ISD,NOAA NEXRAD AWS Open Data
2023-07-16T05:00:00+00:00,KATX,6.73,1034.8,86.3,48.1947,-122.4944,151.0,NOAA_ISD,NOAA NEXRAD AWS Open Data
2023-07-16T05:00:00+00:00,KFWS,13.03,1028.8,66.3,32.5731,-97.3031,207.0,NOAA_ISD,NOAA NEXRAD AWS Open Data
2023-07-16T05:00:00+00:00,KDMX,9.43,1018.9,71.3,41.7311,-93.7228,299.0,NOAA_ISD,NOAA NEXRAD AWS Open Data
2023-07-16T06:00:00+00:00,KTLX,13.2,1012.2,76.7,35.3331,-97.2778,370.0,NOAA_ISD,NOAA NEXRAD AWS Open Data
2023-07-16T06:00:00+00:00,KOKX,10.7,1050.2,88.7,40.8656,-72.8628,20.0,NOAA_ISD,NOAA NEXRAD AWS Open Data
2023-07-16T06:00:00+00:00,KAMX,19.0,1052.2,94.7,25.6111,-80.4128,4.0,NOAA_ISD,NOAA NEXRAD AWS Open Data
2023-07-16T06:00:00+00:00,KATX,9.0,1036.2,91.7,48.1947,-122.4944,151.0,NOAA_ISD,NOAA NEXRAD AWS Open Data
2023-07-16T06:00:00+00:00,KFWS,15.3,1030.2,71.7,32.5731,-97.3031,207.0,NOAA_ISD,NOAA NEXRAD AWS Open Data
2023-07-16T06:00:00+00:00,KDMX,11.7,1020.2,76.7,41.7311,-93.7228,299.0,NOAA_ISD,NOAA NEXRAD AWS Open Data
2023-07-16T07:00:00+00:00,KTLX,15.81,1013.5,74.6,35.3331,-97.2778,370.0,NOAA_ISD,NOAA NEXRAD AWS Open Data
2023-07-16T07:00:00+00:00,KOKX,13.31,1051.5,86.6,40.8656,-72.8628,20.0,NOAA_ISD,NOAA NEXRAD AWS Open Data
2023-07-16T07:00:00+00:00,KAMX,21.61,1053.5,92.6,25.6111,-80.4128,4.0,NOAA_ISD,NOAA NEXRAD AWS Open Data
2023-07-16T07:00:00+00:00,KATX,11.61,1037.5,89.6,48.1947,-122.4944,151.0,NOAA_ISD,NOAA NEXRAD AWS Open Data
2023-07-16T07:00:00+00:00,KFWS,17.91,1031.5,69.6,32.5731,-97.3031,207.0,NOAA_ISD,NOAA NEXRAD AWS Open Data
2023-07-16T07:00:00+00:00,KDMX,14.31,1021.5,74.6,41.7311,-93.7228,299.0,NOAA_ISD,NOAA NEXRAD AWS Open Data
2023-07-16T08:00:00+00:00,KTLX,18.6,1014.6,72.7,35.3331,-97.2778,370.0,NOAA_ISD,NOAA NEXRAD AWS Open Data
2023-07-16T08:00:00+00:00,KOKX,16.1,1052.6,84.7,40.8656,-72.8628,20.0,NOAA_ISD,NOAA NEXRAD AWS Open Data
2023-07-16T08:00:00+00:00,KAMX,24.4,1054.6,90.7,25.6111,-80.4128,4.0,NOAA_ISD,NOAA NEXRAD AWS Open Data
2023-07-16T08:00:00+00:00,KATX,14.4,1038.6,87.7,48.1947,-122.4944,151.0,NOAA_ISD,NOAA NEXRAD AWS Open Data
2023-07-16T08:00:00+00:00,KFWS,20.7,1032.6,67.7,32.5731,-97.3031,207.0,NOAA_ISD,NOAA NEXRAD AWS Open Data
2023-07-16T08:00:00+00:00,KDMX,17.1,1022.6,72.7,41.7311,-93.7228,299.0,NOAA_ISD,NOAA NEXRAD AWS Open Data
2023-07-16T09:00:00+00:00,KTLX,21.39,1015.0,78.0,35.3331,-97.2778,370.0,NOAA_ISD,NOAA NEXRAD AWS Open Data
2023-07-16T09:00:00+00:00,KOKX,18.89,1053.0,90.0,40.8656,-72.8628,20.0,NOAA_ISD,NOAA NEXRAD AWS Open Data
2023-07-16T09:00:00+00:00,KAMX,27.19,1055.0,96.0,25.6111,-80.4128,4.0,NOAA_ISD,NOAA NEXRAD AWS Open Data
2023-07-16T09:00:00+00:00,KATX,17.19,1039.0,93.0,48.1947,-122.4944,151.0,NOAA_ISD,NOAA NEXRAD AWS Open Data
2023-07-16T09:00:00+00:00,KFWS,23.49,1033.0,73.0,32.5731,-97.3031,207.0,NOAA_ISD,NOAA NEXRAD AWS Open Data
2023-07-16T09:00:00+00:00,KDMX,19.89,1023.0,78.0,41.7311,-93.7228,299.0,NOAA_ISD,NOAA NEXRAD AWS Open Data
2023-07-16T10:00:00+00:00,KTLX,23.0,1014.8,75.8,35.3331,-97.2778,370.0,NOAA_ISD,NOAA NEXRAD AWS Open Data
2023-07-16T10:00:00+00:00,KOKX,20.5,1052.8,87.8,40.8656,-72.8628,20.0,NOAA_ISD,NOAA NEXRAD AWS Open Data
2023-07-16T10:00:00+00:00,KAMX,28.8,1054.8,93.8,25.6111,-80.4128,4.0,NOAA_ISD,NOAA NEXRAD AWS Open Data
2023-07-16T10:00:00+00:00,KATX,18.8,1038.8,90.8,48.1947,-122.4944,151.0,NOAA_ISD,NOAA NEXRAD AWS Open Data
2023-07-16T10:00:00+00:00,KFWS,25.1,1032.8,70.8,32.5731,-97.3031,207.0,NOAA_ISD,NOAA NEXRAD AWS Open Data
2023-07-16T10:00:00+00:00,KDMX,21.5,1022.8,75.8,41.7311,-93.7228,299.0,NOAA_ISD,NOAA NEXRAD AWS Open Data
2023-07-16T11:00:00+00:00,KTLX,25.27,1013.2,73.8,35.3331,-97.2778,370.0,NOAA_ISD,NOAA NEXRAD AWS Open Data
2023-07-16T11:00:00+00:00,KOKX,22.77,1051.2,85.8,40.8656,-72.8628,20.0,NOAA_ISD,NOAA NEXRAD AWS Open Data
2023-07-16T11:00:00+00:00,KAMX,31.07,1053.2,91.8,25.6111,-80.4128,4.0,NOAA_ISD,NOAA NEXRAD AWS Open Data
2023-07-16T11:00:00+00:00,KATX,21.07,1037.2,88.8,48.1947,-122.4944,151.0,NOAA_ISD,NOAA NEXRAD AWS Open Data
2023-07-16T11:00:00+00:00,KFWS,27.37,1031.2,68.8,32.5731,-97.3031,207.0,NOAA_ISD,NOAA NEXRAD AWS Open Data
2023-07-16T11:00:00+00:00,KDMX,23.77,1021.2,73.8,41.7311,-93.7228,299.0,NOAA_ISD,NOAA NEXRAD AWS Open Data
2023-07-16T12:00:00+00:00,KTLX,27.06,1012.1,78.8,35.3331,-97.2778,370.0,NOAA_ISD,NOAA NEXRAD AWS Open Data
2023-07-16T12:00:00+00:00,KOKX,24.56,1050.1,90.8,40.8656,-72.8628,20.0,NOAA_ISD,NOAA NEXRAD AWS Open Data
2023-07-16T12:00:00+00:00,KAMX,32.86,1052.1,96.8,25.6111,-80.4128,4.0,NOAA_ISD,NOAA NEXRAD AWS Open Data
2023-07-16T12:00:00+00:00,KATX,22.86,1036.1,93.8,48.1947,-122.4944,151.0,NOAA_ISD,NOAA NEXRAD AWS Open Data
2023-07-16T12:00:00+00:00,KFWS,29.16,1030.1,73.8,32.5731,-97.3031,207.0,NOAA_ISD,NOAA NEXRAD AWS Open Data
2023-07-16T12:00:00+00:00,KDMX,25.56,1020.1,78.8,41.7311,-93.7228,299.0,NOAA_ISD,NOAA NEXRAD AWS Open Data
2023-07-16T13:00:00+00:00,KTLX,28.26,1011.0,76.6,35.3331,-97.2778,370.0,NOAA_ISD,NOAA NEXRAD AWS Open Data
2023-07-16T13:00:00+00:00,KOKX,25.76,1049.0,88.6,40.8656,-72.8628,20.0,NOAA_ISD,NOAA NEXRAD AWS Open Data
2023-07-16T13:00:00+00:00,KAMX,34.06,1051.0,94.6,25.6111,-80.4128,4.0,NOAA_ISD,NOAA NEXRAD AWS Open Data
2023-07-16T13:00:00+00:00,KATX,24.06,1035.0,91.6,48.1947,-122.4944,151.0,NOAA_ISD,NOAA NEXRAD AWS Open Data
2023-07-16T13:00:00+00:00,KFWS,30.36,1029.0,71.6,32.5731,-97.3031,207.0,NOAA_ISD,NOAA NEXRAD AWS Open Data
2023-07-16T13:00:00+00:00,KDMX,26.76,1019.0,76.6,41.7311,-93.7228,299.0,NOAA_ISD,NOAA NEXRAD AWS Open Data
2023-07-16T14:00:00+00:00,KTLX,28.8,1010.1,74.4,35.3331,-97.2778,370.0,NOAA_ISD,NOAA NEXRAD AWS Open Data
2023-07-16T14:00:00+00:00,KOKX,26.3,1048.1,86.4,40.8656,-72.8628,20.0,NOAA_ISD,NOAA NEXRAD AWS Open Data
2023-07-16T14:00:00+00:00,KAMX,34.6,1050.1,92.4,25.6111,-80.4128,4.0,NOAA_ISD,NOAA NEXRAD AWS Open Data
2023-07-16T14:00:00+00:00,KATX,24.6,1034.1,89.4,48.1947,-122.4944,151.0,NOAA_ISD,NOAA NEXRAD AWS Open Data
2023-07-16T14:00:00+00:00,KFWS,30.9,1028.1,69.4,32.5731,-97.3031,207.0,NOAA_ISD,NOAA NEXRAD AWS Open Data
2023-07-16T14:00:00+00:00,KDMX,27.3,1018.1,74.4,41.7311,-93.7228,299.0,NOAA_ISD,NOAA NEXRAD AWS Open Data
2023-07-16T15:00:00+00:00,KTLX,27.66,1009.9,78.9,35.3331,-97.2778,370.0,NOAA_ISD,NOAA NEXRAD AWS Open Data
2023-07-16T15:00:00+00:00,KOKX,25.16,1047.9,90.9,40.8656,-72.8628,20.0,NOAA_ISD,NOAA NEXRAD AWS Open Data
2023-07-16T15:00:00+00:00,KAMX,33.46,1049.9,96.9,25.6111,-80.4128,4.0,NOAA_ISD,NOAA NEXRAD AWS Open Data
2023-07-16T15:00:00+00:00,KATX,23.46,1033.9,93.9,48.1947,-122.4944,151.0,NOAA_ISD,NOAA NEXRAD AWS Open Data
2023-07-16T15:00:00+00:00,KFWS,29.76,1027.9,73.9,32.5731,-97.3031,207.0,NOAA_ISD,NOAA NEXRAD AWS Open Data
2023-07-16T15:00:00+00:00,KDMX,26.16,1017.9,78.9,41.7311,-93.7228,299.0,NOAA_ISD,NOAA NEXRAD AWS Open Data
2023-07-16T16:00:00+00:00,KTLX,26.86,1010.3,76.4,35.3331,-97.2778,370.0,NOAA_ISD,NOAA NEXRAD AWS Open Data
2023-07-16T16:00:00+00:00,KOKX,24.36,1048.3,88.4,40.8656,-72.8628,20.0,NOAA_ISD,NOAA NEXRAD AWS Open Data
2023-07-16T16:00:00+00:00,KAMX,32.66,1050.3,94.4,25.6111,-80.4128,4.0,NOAA_ISD,NOAA NEXRAD AWS Open Data
2023-07-16T16:00:00+00:00,KATX,22.66,1034.3,91.4,48.1947,-122.4944,151.0,NOAA_ISD,NOAA NEXRAD AWS Open Data
2023-07-16T16:00:00+00:00,KFWS,28.96,1028.3,71.4,32.5731,-97.3031,207.0,NOAA_ISD,NOAA NEXRAD AWS Open Data
2023-07-16T16:00:00+00:00,KDMX,25.36,1018.3,76.4,41.7311,-93.7228,299.0,NOAA_ISD,NOAA NEXRAD AWS Open Data
2023-07-16T17:00:00+00:00,KTLX,25.47,1011.4,73.9,35.3331,-97.2778,370.0,NOAA_ISD,NOAA NEXRAD AWS Open Data
2023-07-16T17:00:00+00:00,KOKX,22.97,1049.3,85.9,40.8656,-72.8628,20.0,NOAA_ISD,NOAA NEXRAD AWS Open Data
2023-07-16T17:00:00+00:00,KAMX,31.27,1051.3,91.9,25.6111,-80.4128,4.0,NOAA_ISD,NOAA NEXRAD AWS Open Data
2023-07-16T17:00:00+00:00,KATX,21.27,1035.3,88.9,48.1947,-122.4944,151.0,NOAA_ISD,NOAA NEXRAD AWS Open Data
2023-07-16T17:00:00+00:00,KFWS,27.57,1029.3,68.9,32.5731,-97.3031,207.0,NOAA_ISD,NOAA NEXRAD AWS Open Data
2023-07-16T17:00:00+00:00,KDMX,23.97,1019.4,73.9,41.7311,-93.7228,299.0,NOAA_ISD,NOAA NEXRAD AWS Open Data
2023-07-16T18:00:00+00:00,KTLX,23.6,1012.0,78.3,35.3331,-97.2778,370.0,NOAA_ISD,NOAA NEXRAD AWS Open Data
2023-07-16T18:00:00+00:00,KOKX,21.1,1050.0,90.3,40.8656,-72.8628,20.0,NOAA_ISD,NOAA NEXRAD AWS Open Data
2023-07-16T18:00:00+00:00,KAMX,29.4,1052.0,96.3,25.6111,-80.4128,4.0,NOAA_ISD,NOAA NEXRAD AWS Open Data
2023-07-16T18:00:00+00:00,KATX,19.4,1036.0,93.3,48.1947,-122.4944,151.0,NOAA_ISD,NOAA NEXRAD AWS Open Data
2023-07-16T18:00:00+00:00,KFWS,25.7,1030.0,73.3,32.5731,-97.3031,207.0,NOAA_ISD,NOAA NEXRAD AWS Open Data
2023-07-16T18:00:00+00:00,KDMX,22.1,1020.0,78.3,41.7311,-93.7228,299.0,NOAA_ISD,NOAA NEXRAD AWS Open Data
2023-07-16T19:00:00+00:00,KTLX,21.39,1013.4,75.5,35.3331,-97.2778,370.0,NOAA_ISD,NOAA NEXRAD AWS Open Data
2023-07-16T19:00:00+00:00,KOKX,18.89,1051.3,87.5,40.8656,-72.8628,20.0,NOAA_ISD,NOAA NEXRAD AWS Open Data
2023-07-16T19:00:00+00:00,KAMX,27.19,1053.3,93.5,25.6111,-80.4128,4.0,NOAA_ISD,NOAA NEXRAD AWS Open Data
2023-07-16T19:00:00+00:00,KATX,17.19,1037.3,90.5,48.1947,-122.4944,151.0,NOAA_ISD,NOAA NEXRAD AWS Open Data
2023-07-16T19:00:00+00:00,KFWS,23.49,1031.3,70.5,32.5731,-97.3031,207.0,NOAA_ISD,NOAA NEXRAD AWS Open Data
2023-07-16T19:00:00+00:00,KDMX,19.89,1021.4,75.5,41.7311,-93.7228,299.0,NOAA_ISD,NOAA NEXRAD AWS Open Data
2023-07-16T20:00:00+00:00,KTLX,18.0,1014.4,72.6,35.3331,-97.2778,370.0,NOAA_ISD,NOAA NEXRAD AWS Open Data
2023-07-16T20:00:00+00:00,KOKX,15.5,1052.4,84.6,40.8656,-72.8628,20.0,NOAA_ISD,NOAA NEXRAD AWS Open Data
2023-07-16T20:00:00+00:00,KAMX,23.8,1054.4,90.6,25.6111,-80.4128,4.0,NOAA_ISD,NOAA NEXRAD AWS Open Data
2023-07-16T20:00:00+00:00,KATX,13.8,1038.4,87.6,48.1947,-122.4944,151.0,NOAA_ISD,NOAA NEXRAD AWS Open Data
2023-07-16T20:00:00+00:00,KFWS,20.1,1032.4,67.6,32.5731,-97.3031,207.0,NOAA_ISD,NOAA NEXRAD AWS Open Data
2023-07-16T20:00:00+00:00,KDMX,16.5,1022.4,72.6,41.7311,-93.7228,299.0,NOAA_ISD,NOAA NEXRAD AWS Open Data
2023-07-16T21:00:00+00:00,KTLX,15.61,1014.8,77.1,35.3331,-97.2778,370.0,NOAA_ISD,NOAA NEXRAD AWS Open Data
2023-07-16T21:00:00+00:00,KOKX,13.11,1052.8,89.1,40.8656,-72.8628,20.0,NOAA_ISD,NOAA NEXRAD AWS Open Data
2023-07-16T21:00:00+00:00,KAMX,21.41,1054.8,95.1,25.6111,-80.4128,4.0,NOAA_ISD,NOAA NEXRAD AWS Open Data
2023-07-16T21:00:00+00:00,KATX,11.41,1038.8,92.1,48.1947,-122.4944,151.0,NOAA_ISD,NOAA NEXRAD AWS Open Data
2023-07-16T21:00:00+00:00,KFWS,17.71,1032.8,72.1,32.5731,-97.3031,207.0,NOAA_ISD,NOAA NEXRAD AWS Open Data
2023-07-16T21:00:00+00:00,KDMX,14.11,1022.8,77.1,41.7311,-93.7228,299.0,NOAA_ISD,NOAA NEXRAD AWS Open Data
2023-07-16T22:00:00+00:00,KTLX,13.4,1014.6,74.2,35.3331,-97.2778,370.0,NOAA_ISD,NOAA NEXRAD AWS Open Data
2023-07-16T22:00:00+00:00,KOKX,10.9,1052.6,86.2,40.8656,-72.8628,20.0,NOAA_ISD,NOAA NEXRAD AWS Open Data
2023-07-16T22:00:00+00:00,KAMX,19.2,1054.6,92.2,25.6111,-80.4128,4.0,NOAA_ISD,NOAA NEXRAD AWS Open Data
2023-07-16T22:00:00+00:00,KATX,9.2,1038.6,89.2,48.1947,-122.4944,151.0,NOAA_ISD,NOAA NEXRAD AWS Open Data
2023-07-16T22:00:00+00:00,KFWS,15.5,1032.6,69.2,32.5731,-97.3031,207.0,NOAA_ISD,NOAA NEXRAD AWS Open Data
2023-07-16T22:00:00+00:00,KDMX,11.9,1022.6,74.2,41.7311,-93.7228,299.0,NOAA_ISD,NOAA NEXRAD AWS Open Data
2023-07-16T23:00:00+00:00,KTLX,11.53,1013.8,71.4,35.3331,-97.2778,370.0,NOAA_ISD,NOAA NEXRAD AWS Open Data
2023-07-16T23:00:00+00:00,KOKX,9.03,1051.8,83.4,40.8656,-72.8628,20.0,NOAA_ISD,NOAA NEXRAD AWS Open Data
2023-07-16T23:00:00+00:00,KAMX,17.33,1053.8,89.4,25.6111,-80.4128,4.0,NOAA_ISD,NOAA NEXRAD AWS Open Data
2023-07-16T23:00:00+00:00,KATX,7.33,1037.8,86.4,48.1947,-122.4944,151.0,NOAA_ISD,NOAA NEXRAD AWS Open Data
2023-07-16T23:00:00+00:00,KFWS,13.63,1031.8,66.4,32.5731,-97.3031,207.0,NOAA_ISD,NOAA NEXRAD AWS Open Data
2023-07-16T23:00:00+00:00,KDMX,10.03,1021.8,71.4,41.7311,-93.7228,299.0,NOAA_ISD,NOAA NEXRAD AWS Open Data
2023-07-17T00:00:00+00:00,KTLX,10.14,1012.6,76.2,35.3331,-97.2778,370.0,NOAA_ISD,NOAA NEXRAD AWS Open Data
2023-07-17T00:00:00+00:00,KOKX,7.64,1050.6,88.2,40.8656,-72.8628,20.0,NOAA_ISD,NOAA NEXRAD AWS Open Data
2023-07-17T00:00:00+00:00,KAMX,15.94,1052.6,94.2,25.6111,-80.4128,4.0,NOAA_ISD,NOAA NEXRAD AWS Open Data
2023-07-17T00:00:00+00:00,KATX,5.94,1036.6,91.2,48.1947,-122.4944,151.0,NOAA_ISD,NOAA NEXRAD AWS Open Data
2023-07-17T00:00:00+00:00,KFWS,12.24,1030.6,71.2,32.5731,-97.3031,207.0,NOAA_ISD,NOAA NEXRAD AWS Open Data
2023-07-17T00:00:00+00:00,KDMX,8.64,1020.6,76.2,41.7311,-93.7228,299.0,NOAA_ISD,NOAA NEXRAD AWS Open Data
2023-07-17T01:00:00+00:00,KTLX,8.34,1010.8,73.3,35.3331,-97.2778,370.0,NOAA_ISD,NOAA NEXRAD AWS Open Data
2023-07-17T01:00:00+00:00,KOKX,5.84,1048.8,85.3,40.8656,-72.8628,20.0,NOAA_ISD,NOAA NEXRAD AWS Open Data
2023-07-17T01:00:00+00:00,KAMX,14.14,1050.8,91.3,25.6111,-80.4128,4.0,NOAA_ISD,NOAA NEXRAD AWS Open Data
2023-07-17T01:00:00+00:00,KATX,4.14,1034.8,88.3,48.1947,-122.4944,151.0,NOAA_ISD,NOAA NEXRAD AWS Open Data
2023-07-17T01:00:00+00:00,KFWS,10.44,1028.8,68.3,32.5731,-97.3031,207.0,NOAA_ISD,NOAA NEXRAD AWS Open Data
2023-07-17T01:00:00+00:00,KDMX,6.84,1018.8,73.3,41.7311,-93.7228,299.0,NOAA_ISD,NOAA NEXRAD AWS Open Data
2023-07-17T02:00:00+00:00,KTLX,8.2,1009.9,70.7,35.3331,-97.2778,370.0,NOAA_ISD,NOAA NEXRAD AWS Open Data
2023-07-17T02:00:00+00:00,KOKX,5.7,1047.9,82.7,40.8656,-72.8628,20.0,NOAA_ISD,NOAA NEXRAD AWS Open Data
2023-07-17T02:00:00+00:00,KAMX,14.0,1049.9,88.7,25.6111,-80.4128,4.0,NOAA_ISD,NOAA NEXRAD AWS Open Data
2023-07-17T02:00:00+00:00,KATX,4.0,1033.9,85.7,48.1947,-122.4944,151.0,NOAA_ISD,NOAA NEXRAD AWS Open Data
2023-07-17T02:00:00+00:00,KFWS,10.3,1027.9,65.7,32.5731,-97.3031,207.0,NOAA_ISD,NOAA NEXRAD AWS Open Data
2023-07-17T02:00:00+00:00,KDMX,6.7,1017.9,70.7,41.7311,-93.7228,299.0,NOAA_ISD,NOAA NEXRAD AWS Open Data
2023-07-17T03:00:00+00:00,KTLX,8.74,1009.7,76.0,35.3331,-97.2778,370.0,NOAA_ISD,NOAA NEXRAD AWS Open Data
2023-07-17T03:00:00+00:00,KOKX,6.24,1047.7,88.0,40.8656,-72.8628,20.0,NOAA_ISD,NOAA NEXRAD AWS Open Data
2023-07-17T03:00:00+00:00,KAMX,14.54,1049.7,94.0,25.6111,-80.4128,4.0,NOAA_ISD,NOAA NEXRAD AWS Open Data
2023-07-17T03:00:00+00:00,KATX,4.54,1033.7,91.0,48.1947,-122.4944,151.0,NOAA_ISD,NOAA NEXRAD AWS Open Data
2023-07-17T03:00:00+00:00,KFWS,10.84,1027.7,71.0,32.5731,-97.3031,207.0,NOAA_ISD,NOAA NEXRAD AWS Open Data
2023-07-17T03:00:00+00:00,KDMX,7.24,1017.7,76.0,41.7311,-93.7228,299.0,NOAA_ISD,NOAA NEXRAD AWS Open Data
2023-07-17T04:00:00+00:00,KTLX,9.94,1010.1,73.6,35.3331,-97.2778,370.0,NOAA_ISD,NOAA NEXRAD AWS Open Data
2023-07-17T04:00:00+00:00,KOKX,7.44,1048.1,85.6,40.8656,-72.8628,20.0,NOAA_ISD,NOAA NEXRAD AWS Open Data
2023-07-17T04:00:00+00:00,KAMX,15.74,1050.1,91.6,25.6111,-80.4128,4.0,NOAA_ISD,NOAA NEXRAD AWS Open Data
2023-07-17T04:00:00+00:00,KATX,5.74,1034.1,88.6,48.1947,-122.4944,151.0,NOAA_ISD,NOAA NEXRAD AWS Open Data
2023-07-17T04:00:00+00:00,KFWS,12.04,1028.1,68.6,32.5731,-97.3031,207.0,NOAA_ISD,NOAA NEXRAD AWS Open Data
2023-07-17T04:00:00+00:00,KDMX,8.44,1018.1,73.6,41.7311,-93.7228,299.0,NOAA_ISD,NOAA NEXRAD AWS Open Data
2023-07-17T05:00:00+00:00,KTLX,11.73,1011.1,71.4,35.3331,-97.2778,370.0,NOAA_ISD,NOAA NEXRAD AWS Open Data
2023-07-17T05:00:00+00:00,KOKX,9.23,1049.2,83.4,40.8656,-72.8628,20.0,NOAA_ISD,NOAA NEXRAD AWS Open Data
2023-07-17T05:00:00+00:00,KAMX,17.53,1051.2,89.4,25.6111,-80.4128,4.0,NOAA_ISD,NOAA NEXRAD AWS Open Data
2023-07-17T05:00:00+00:00,KATX,7.53,1035.2,86.4,48.1947,-122.4944,151.0,NOAA_ISD,NOAA NEXRAD AWS Open Data
2023-07-17T05:00:00+00:00,KFWS,13.83,1029.2,66.4,32.5731,-97.3031,207.0,NOAA_ISD,NOAA NEXRAD AWS Open Data
2023-07-17T05:00:00+00:00,KDMX,10.23,1019.1,71.4,41.7311,-93.7228,299.0,NOAA_ISD,NOAA NEXRAD AWS Open Data
2023-07-17T06:00:00+00:00,KTLX,13.0,1012.5,76.7,35.3331,-97.2778,370.0,NOAA_ISD,NOAA NEXRAD AWS Open Data
2023-07-17T06:00:00+00:00,KOKX,10.5,1050.5,88.7,40.8656,-72.8628,20.0,NOAA_ISD,NOAA NEXRAD AWS Open Data
2023-07-17T06:00:00+00:00,KAMX,18.8,1052.5,94.7,25.6111,-80.4128,4.0,NOAA_ISD,NOAA NEXRAD AWS Open Data
2023-07-17T06:00:00+00:00,KATX,8.8,1036.5,91.7,48.1947,-122.4944,151.0,NOAA_ISD,NOAA NEXRAD AWS Open Data
2023-07-17T06:00:00+00:00,KFWS,15.1,1030.5,71.7,32.5731,-97.3031,207.0,NOAA_ISD,NOAA NEXRAD AWS Open Data
2023-07-17T06:00:00+00:00,KDMX,11.5,1020.5,76.7,41.7311,-93.7228,299.0,NOAA_ISD,NOAA NEXRAD AWS Open Data
2023-07-17T07:00:00+00:00,KTLX,15.61,1013.9,74.6,35.3331,-97.2778,370.0,NOAA_ISD,NOAA NEXRAD AWS Open Data
2023-07-17T07:00:00+00:00,KOKX,13.11,1051.8,86.6,40.8656,-72.8628,20.0,NOAA_ISD,NOAA NEXRAD AWS Open Data
2023-07-17T07:00:00+00:00,KAMX,21.41,1053.8,92.6,25.6111,-80.4128,4.0,NOAA_ISD,NOAA NEXRAD AWS Open Data
2023-07-17T07:00:00+00:00,KATX,11.41,1037.8,89.6,48.1947,-122.4944,151.0,NOAA_ISD,NOAA NEXRAD AWS Open Data
2023-07-17T07:00:00+00:00,KFWS,17.71,1031.8,69.6,32.5731,-97.3031,207.0,NOAA_ISD,NOAA NEXRAD AWS Open Data
2023-07-17T07:00:00+00:00,KDMX,14.11,1021.9,74.6,41.7311,-93.7228,299.0,NOAA_ISD,NOAA NEXRAD AWS Open Data
2023-07-17T08:00:00+00:00,KTLX,18.4,1014.2,72.7,35.3331,-97.2778,370.0,NOAA_ISD,NOAA NEXRAD AWS Open Data
2023-07-17T08:00:00+00:00,KOKX,15.9,1052.2,84.7,40.8656,-72.8628,20.0,NOAA_ISD,NOAA NEXRAD AWS Open Data
2023-07-17T08:00:00+00:00,KAMX,24.2,1054.2,90.7,25.6111,-80.4128,4.0,NOAA_ISD,NOAA NEXRAD AWS Open Data
2023-07-17T08:00:00+00:00,KATX,14.2,1038.2,87.7,48.1947,-122.4944,151.0,NOAA_ISD,NOAA NEXRAD AWS Open Data
2023-07-17T08:00:00+00:00,KFWS,20.5,1032.2,67.7,32.5731,-97.3031,207.0,NOAA_ISD,NOAA NEXRAD AWS Open Data
2023-07-17T08:00:00+00:00,KDMX,16.9,1022.2,72.7,41.7311,-93.7228,299.0,NOAA_ISD,NOAA NEXRAD AWS Open Data
2023-07-17T09:00:00+00:00,KTLX,21.19,1014.6,77.9,35.3331,-97.2778,370.0,NOAA_ISD,NOAA NEXRAD AWS Open Data
2023-07-17T09:00:00+00:00,KOKX,18.69,1052.6,89.9,40.8656,-72.8628,20.0,NOAA_ISD,NOAA NEXRAD AWS Open Data
2023-07-17T09:00:00+00:00,KAMX,26.99,1054.6,95.9,25.6111,-80.4128,4.0,NOAA_ISD,NOAA NEXRAD AWS Open Data
2023-07-17T09:00:00+00:00,KATX,16.99,1038.6,92.9,48.1947,-122.4944,151.0,NOAA_ISD,NOAA NEXRAD AWS Open Data
2023-07-17T09:00:00+00:00,KFWS,23.29,1032.6,72.9,32.5731,-97.3031,207.0,NOAA_ISD,NOAA NEXRAD AWS Open Data
2023-07-17T09:00:00+00:00,KDMX,19.69,1022.6,77.9,41.7311,-93.7228,299.0,NOAA_ISD,NOAA NEXRAD AWS Open Data
2023-07-17T10:00:00+00:00,KTLX,23.8,1014.4,75.9,35.3331,-97.2778,370.0,NOAA_ISD,NOAA NEXRAD AWS Open Data
2023-07-17T10:00:00+00:00,KOKX,21.3,1052.4,87.9,40.8656,-72.8628,20.0,NOAA_ISD,NOAA NEXRAD AWS Open Data
2023-07-17T10:00:00+00:00,KAMX,29.6,1054.4,93.9,25.6111,-80.4128,4.0,NOAA_ISD,NOAA NEXRAD AWS Open Data
2023-07-17T10:00:00+00:00,KATX,19.6,1038.4,90.9,48.1947,-122.4944,151.0,NOAA_ISD,NOAA NEXRAD AWS Open Data
2023-07-17T10:00:00+00:00,KFWS,25.9,1032.4,70.9,32.5731,-97.3031,207.0,NOAA_ISD,NOAA NEXRAD AWS Open Data
2023-07-17T10:00:00+00:00,KDMX,22.3,1022.4,75.9,41.7311,-93.7228,299.0,NOAA_ISD,NOAA NEXRAD AWS Open Data
2023-07-17T11:00:00+00:00,KTLX,25.07,1013.5,73.8,35.3331,-97.2778,370.0,NOAA_ISD,NOAA NEXRAD AWS Open Data
2023-07-17T11:00:00+00:00,KOKX,22.57,1051.5,85.8,40.8656,-72.8628,20.0,NOAA_ISD,NOAA NEXRAD AWS Open Data
2023-07-17T11:00:00+00:00,KAMX,30.87,1053.5,91.8,25.6111,-80.4128,4.0,NOAA_ISD,NOAA NEXRAD AWS Open Data
2023-07-17T11:00:00+00:00,KATX,20.87,1037.5,88.8,48.1947,-122.4944,151.0,NOAA_ISD,NOAA NEXRAD AWS Open Data
2023-07-17T11:00:00+00:00,KFWS,27.17,1031.5,68.8,32.5731,-97.3031,207.0,NOAA_ISD,NOAA NEXRAD AWS Open Data
2023-07-17T11:00:00+00:00,KDMX,23.57,1021.5,73.8,41.7311,-93.7228,299.0,NOAA_ISD,NOAA NEXRAD AWS Open Data
2023-07-17T12:00:00+00:00,KTLX,26.86,1012.4,78.8,35.3331,-97.2778,370.0,NOAA_ISD,NOAA NEXRAD AWS Open Data
2023-07-17T12:00:00+00:00,KOKX,24.36,1050.4,90.8,40.8656,-72.8628,20.0,NOAA_ISD,NOAA NEXRAD AWS Open Data
2023-07-17T12:00:00+00:00,KAMX,32.66,1052.4,96.8,25.6111,-80.4128,4.0,NOAA_ISD,NOAA NEXRAD AWS Open Data
2023-07-17T12:00:00+00:00,KATX,22.66,1036.4,93.8,48.1947,-122.4944,151.0,NOAA_ISD,NOAA NEXRAD AWS Open Data
2023-07-17T12:00:00+00:00,KFWS,28.96,1030.4,73.8,32.5731,-97.3031,207.0,NOAA_ISD,NOAA NEXRAD AWS Open Data
2023-07-17T12:00:00+00:00,KDMX,25.36,1020.4,78.8,41.7311,-93.7228,299.0,NOAA_ISD,NOAA NEXRAD AWS Open Data
2023-07-17T13:00:00+00:00,KTLX,28.06,1011.2,76.6,35.3331,-97.2778,370.0,NOAA_ISD,NOAA NEXRAD AWS Open Data
2023-07-17T13:00:00+00:00,KOKX,25.56,1049.2,88.6,40.8656,-72.8628,20.0,NOAA_ISD,NOAA NEXRAD AWS Open Data
2023-07-17T13:00:00+00:00,KAMX,33.86,1051.2,94.6,25.6111,-80.4128,4.0,NOAA_ISD,NOAA NEXRAD AWS Open Data
2023-07-17T13:00:00+00:00,KATX,23.86,1035.2,91.6,48.1947,-122.4944,151.0,NOAA_ISD,NOAA NEXRAD AWS Open Data
2023-07-17T13:00:00+00:00,KFWS,30.16,1029.2,71.6,32.5731,-97.3031,207.0,NOAA_ISD,NOAA NEXRAD AWS Open Data
2023-07-17T13:00:00+00:00,KDMX,26.56,1019.2,76.6,41.7311,-93.7228,299.0,NOAA_ISD,NOAA NEXRAD AWS Open Data
2023-07-17T14:00:00+00:00,KTLX,28.6,1010.4,74.4,35.3331,-97.2778,370.0,NOAA_ISD,NOAA NEXRAD AWS Open Data
2023-07-17T14:00:00+00:00,KOKX,26.1,1048.4,86.4,40.8656,-72.8628,20.0,NOAA_ISD,NOAA NEXRAD AWS Open Data
2023-07-17T14:00:00+00:00,KAMX,34.4,1050.4,92.4,25.6111,-80.4128,4.0,NOAA_ISD,NOAA NEXRAD AWS Open Data
2023-07-17T14:00:00+00:00,KATX,24.4,1034.4,89.4,48.1947,-122.4944,151.0,NOAA_ISD,NOAA NEXRAD AWS Open Data
2023-07-17T14:00:00+00:00,KFWS,30.7,1028.4,69.4,32.5731,-97.3031,207.0,NOAA_ISD,NOAA NEXRAD AWS Open Data
2023-07-17T14:00:00+00:00,KDMX,27.1,1018.4,74.4,41.7311,-93.7228,299.0,NOAA_ISD,NOAA NEXRAD AWS Open Data
2023-07-17T15:00:00+00:00,KTLX,28.46,1009.5,79.0,35.3331,-97.2778,370.0,NOAA_ISD,NOAA NEXRAD AWS Open Data
2023-07-17T15:00:00+00:00,KOKX,25.96,1047.5,91.0,40.8656,-72.8628,20.0,NOAA_ISD,NOAA NEXRAD AWS Open Data
2023-07-17T15:00:00+00:00,KAMX,34.26,1049.5,97.0,25.6111,-80.4128,4.0,NOAA_ISD,NOAA NEXRAD AWS Open Data
2023-07-17T15:00:00+00:00,KATX,24.26,1033.5,94.0,48.1947,-122.4944,151.0,NOAA_ISD,NOAA NEXRAD AWS Open Data
2023-07-17T15:00:00+00:00,KFWS,30.56,1027.5,74.0,32.5731,-97.3031,207.0,NOAA_ISD,NOAA NEXRAD AWS Open Data
2023-07-17T15:00:00+00:00,KDMX,26.96,1017.5,79.0,41.7311,-93.7228,299.0,NOAA_ISD,NOAA NEXRAD AWS Open Data
2023-07-17T16:00:00+00:00,KTLX,26.66,1009.9,76.4,35.3331,-97.2778,370.0,NOAA_ISD,NOAA NEXRAD AWS Open Data
2023-07-17T16:00:00+00:00,KOKX,24.16,1047.9,88.4,40.8656,-72.8628,20.0,NOAA_ISD,NOAA NEXRAD AWS Open Data
2023-07-17T16:00:00+00:00,KAMX,32.46,1049.9,94.4,25.6111,-80.4128,4.0,NOAA_ISD,NOAA NEXRAD AWS Open Data
2023-07-17T16:00:00+00:00,KATX,22.46,1033.9,91.4,48.1947,-122.4944,151.0,NOAA_ISD,NOAA NEXRAD AWS Open Data
2023-07-17T16:00:00+00:00,KFWS,28.76,1027.9,71.4,32.5731,-97.3031,207.0,NOAA_ISD,NOAA NEXRAD AWS Open Data
2023-07-17T16:00:00+00:00,KDMX,25.16,1017.9,76.4,41.7311,-93.7228,299.0,NOAA_ISD,NOAA NEXRAD AWS Open Data
2023-07-17T17:00:00+00:00,KTLX,25.27,1011.0,73.8,35.3331,-97.2778,370.0,NOAA_ISD,NOAA NEXRAD AWS Open Data
2023-07-17T17:00:00+00:00,KOKX,22.77,1049.0,85.8,40.8656,-72.8628,20.0,NOAA_ISD,NOAA NEXRAD AWS Open Data
2023-07-17T17:00:00+00:00,KAMX,31.07,1051.0,91.8,25.6111,-80.4128,4.0,NOAA_ISD,NOAA NEXRAD AWS Open Data
2023-07-17T17:00:00+00:00,KATX,21.07,1035.0,88.8,48.1947,-122.4944,151.0,NOAA_ISD,NOAA NEXRAD AWS Open Data
2023-07-17T17:00:00+00:00,KFWS,27.37,1029.0,68.8,32.5731,-97.3031,207.0,NOAA_ISD,NOAA NEXRAD AWS Open Data
2023-07-17T17:00:00+00:00,KDMX,23.77,1019.0,73.8,41.7311,-93.7228,299.0,NOAA_ISD,NOAA NEXRAD AWS Open Data
2023-07-17T18:00:00+00:00,KTLX,23.4,1012.3,78.3,35.3331,-97.2778,370.0,NOAA_ISD,NOAA NEXRAD AWS Open Data
2023-07-17T18:00:00+00:00,KOKX,20.9,1050.3,90.3,40.8656,-72.8628,20.0,NOAA_ISD,NOAA NEXRAD AWS Open Data
2023-07-17T18:00:00+00:00,KAMX,29.2,1052.3,96.3,25.6111,-80.4128,4.0,NOAA_ISD,NOAA NEXRAD AWS Open Data
2023-07-17T18:00:00+00:00,KATX,19.2,1036.3,93.3,48.1947,-122.4944,151.0,NOAA_ISD,NOAA NEXRAD AWS Open Data
2023-07-17T18:00:00+00:00,KFWS,25.5,1030.3,73.3,32.5731,-97.3031,207.0,NOAA_ISD,NOAA NEXRAD AWS Open Data
2023-07-17T18:00:00+00:00,KDMX,21.9,1020.3,78.3,41.7311,-93.7228,299.0,NOAA_ISD,NOAA NEXRAD AWS Open Data
2023-07-17T19:00:00+00:00,KTLX,21.19,1013.6,75.5,35.3331,-97.2778,370.0,NOAA_ISD,NOAA NEXRAD AWS Open Data
2023-07-17T19:00:00+00:00,KOKX,18.69,1051.7,87.5,40.8656,-72.8628,20.0,NOAA_ISD,NOAA NEXRAD AWS Open Data
2023-07-17T19:00:00+00:00,KAMX,26.99,1053.7,93.5,25.6111,-80.4128,4.0,NOAA_ISD,NOAA NEXRAD AWS Open Data
2023-07-17T19:00:00+00:00,KATX,16.99,1037.7,90.5,48.1947,-122.4944,151.0,NOAA_ISD,NOAA NEXRAD AWS Open Data
2023-07-17T19:00:00+00:00,KFWS,23.29,1031.7,70.5,32.5731,-97.3031,207.0,NOAA_ISD,NOAA NEXRAD AWS Open Data
2023-07-17T19:00:00+00:00,KDMX,19.69,1021.6,75.5,41.7311,-93.7228,299.0,NOAA_ISD,NOAA NEXRAD AWS Open Data
2023-07-17T20:00:00+00:00,KTLX,18.8,1014.7,72.7,35.3331,-97.2778,370.0,NOAA_ISD,NOAA NEXRAD AWS Open Data
2023-07-17T20:00:00+00:00,KOKX,16.3,1052.7,84.7,40.8656,-72.8628,20.0,NOAA_ISD,NOAA NEXRAD AWS Open Data
2023-07-17T20:00:00+00:00,KAMX,24.6,1054.7,90.7,25.6111,-80.4128,4.0,NOAA_ISD,NOAA NEXRAD AWS Open Data
2023-07-17T20:00:00+00:00,KATX,14.6,1038.7,87.7,48.1947,-122.4944,151.0,NOAA_ISD,NOAA NEXRAD AWS Open Data
2023-07-17T20:00:00+00:00,KFWS,20.9,1032.7,67.7,32.5731,-97.3031,207.0,NOAA_ISD,NOAA NEXRAD AWS Open Data
2023-07-17T20:00:00+00:00,KDMX,17.3,1022.7,72.7,41.7311,-93.7228,299.0,NOAA_ISD,NOAA NEXRAD AWS Open Data
2023-07-17T21:00:00+00:00,KTLX,15.41,1015.1,77.1,35.3331,-97.2778,370.0,NOAA_ISD,NOAA NEXRAD AWS Open Data
2023-07-17T21:00:00+00:00,KOKX,12.91,1053.1,89.1,40.8656,-72.8628,20.0,NOAA_ISD,NOAA NEXRAD AWS Open Data
2023-07-17T21:00:00+00:00,KAMX,21.21,1055.1,95.1,25.6111,-80.4128,4.0,NOAA_ISD,NOAA NEXRAD AWS Open Data
2023-07-17T21:00:00+00:00,KATX,11.21,1039.1,92.1,48.1947,-122.4944,151.0,NOAA_ISD,NOAA NEXRAD AWS Open Data
2023-07-17T21:00:00+00:00,KFWS,17.51,1033.1,72.1,32.5731,-97.3031,207.0,NOAA_ISD,NOAA NEXRAD AWS Open Data
2023-07-17T21:00:00+00:00,KDMX,13.91,1023.1,77.1,41.7311,-93.7228,299.0,NOAA_ISD,NOAA NEXRAD AWS Open Data
2023-07-17T22:00:00+00:00,KTLX,13.2,1014.2,74.2,35.3331,-97.2778,370.0,NOAA_ISD,NOAA NEXRAD AWS Open Data
2023-07-17T22:00:00+00:00,KOKX,10.7,1052.2,86.2,40.8656,-72.8628,20.0,NOAA_ISD,NOAA NEXRAD AWS Open Data
2023-07-17T22:00:00+00:00,KAMX,19.0,1054.2,92.2,25.6111,-80.4128,4.0,NOAA_ISD,NOAA NEXRAD AWS Open Data
2023-07-17T22:00:00+00:00,KATX,9.0,1038.2,89.2,48.1947,-122.4944,151.0,NOAA_ISD,NOAA NEXRAD AWS Open Data
2023-07-17T22:00:00+00:00,KFWS,15.3,1032.2,69.2,32.5731,-97.3031,207.0,NOAA_ISD,NOAA NEXRAD AWS Open Data
2023-07-17T22:00:00+00:00,KDMX,11.7,1022.2,74.2,41.7311,-93.7228,299.0,NOAA_ISD,NOAA NEXRAD AWS Open Data
2023-07-17T23:00:00+00:00,KTLX,11.33,1013.4,71.3,35.3331,-97.2778,370.0,NOAA_ISD,NOAA NEXRAD AWS Open Data
2023-07-17T23:00:00+00:00,KOKX,8.83,1051.3,83.3,40.8656,-72.8628,20.0,NOAA_ISD,NOAA NEXRAD AWS Open Data
2023-07-17T23:00:00+00:00,KAMX,17.13,1053.3,89.3,25.6111,-80.4128,4.0,NOAA_ISD,NOAA NEXRAD AWS Open Data
2023-07-17T23:00:00+00:00,KATX,7.13,1037.3,86.3,48.1947,-122.4944,151.0,NOAA_ISD,NOAA NEXRAD AWS Open Data
2023-07-17T23:00:00+00:00,KFWS,13.43,1031.3,66.3,32.5731,-97.3031,207.0,NOAA_ISD,NOAA NEXRAD AWS Open Data
2023-07-17T23:00:00+00:00,KDMX,9.83,1021.4,71.3,41.7311,-93.7228,299.0,NOAA_ISD,NOAA NEXRAD AWS Open Data
2023-07-18T00:00:00+00:00,KTLX,9.94,1012.2,76.2,35.3331,-97.2778,370.0,NOAA_ISD,NOAA NEXRAD AWS Open Data
2023-07-18T00:00:00+00:00,KOKX,7.44,1050.2,88.2,40.8656,-72.8628,20.0,NOAA_ISD,NOAA NEXRAD AWS Open Data
2023-07-18T00:00:00+00:00,KAMX,15.74,1052.2,94.2,25.6111,-80.4128,4.0,NOAA_ISD,NOAA NEXRAD AWS Open Data
2023-07-18T00:00:00+00:00,KATX,5.74,1036.2,91.2,48.1947,-122.4944,151.0,NOAA_ISD,NOAA NEXRAD AWS Open Data
2023-07-18T00:00:00+00:00,KFWS,12.04,1030.2,71.2,32.5731,-97.3031,207.0,NOAA_ISD,NOAA NEXRAD AWS Open Data
2023-07-18T00:00:00+00:00,KDMX,8.44,1020.2,76.2,41.7311,-93.7228,299.0,NOAA_ISD,NOAA NEXRAD AWS Open Data
2023-07-18T01:00:00+00:00,KTLX,9.14,1011.0,73.5,35.3331,-97.2778,370.0,NOAA_ISD,NOAA NEXRAD AWS Open Data
2023-07-18T01:00:00+00:00,KOKX,6.64,1049.0,85.5,40.8656,-72.8628,20.0,NOAA_ISD,NOAA NEXRAD AWS Open Data
2023-07-18T01:00:00+00:00,KAMX,14.94,1051.0,91.5,25.6111,-80.4128,4.0,NOAA_ISD,NOAA NEXRAD AWS Open Data
2023-07-18T01:00:00+00:00,KATX,4.94,1035.0,88.5,48.1947,-122.4944,151.0,NOAA_ISD,NOAA NEXRAD AWS Open Data
2023-07-18T01:00:00+00:00,KFWS,11.24,1029.0,68.5,32.5731,-97.3031,207.0,NOAA_ISD,NOAA NEXRAD AWS Open Data
2023-07-18T01:00:00+00:00,KDMX,7.64,1019.0,73.5,41.7311,-93.7228,299.0,NOAA_ISD,NOAA NEXRAD AWS Open Data
2023-07-18T02:00:00+00:00,KTLX,8.0,1010.2,70.7,35.3331,-97.2778,370.0,NOAA_ISD,NOAA NEXRAD AWS Open Data
2023-07-18T02:00:00+00:00,KOKX,5.5,1048.2,82.7,40.8656,-72.8628,20.0,NOAA_ISD,NOAA NEXRAD AWS Open Data
2023-07-18T02:00:00+00:00,KAMX,13.8,1050.2,88.7,25.6111,-80.4128,4.0,NOAA_ISD,NOAA NEXRAD AWS Open Data
2023-07-18T02:00:00+00:00,KATX,3.8,1034.2,85.7,48.1947,-122.4944,151.0,NOAA_ISD,NOAA NEXRAD AWS Open Data
2023-07-18T02:00:00+00:00,KFWS,10.1,1028.2,65.7,32.5731,-97.3031,207.0,NOAA_ISD,NOAA NEXRAD AWS Open Data
2023-07-18T02:00:00+00:00,KDMX,6.5,1018.2,70.7,41.7311,-93.7228,299.0,NOAA_ISD,NOAA NEXRAD AWS Open Data
2023-07-18T03:00:00+00:00,KTLX,8.54,1010.0,76.0,35.3331,-97.2778,370.0,NOAA_ISD,NOAA NEXRAD AWS Open Data
2023-07-18T03:00:00+00:00,KOKX,6.04,1048.0,88.0,40.8656,-72.8628,20.0,NOAA_ISD,NOAA NEXRAD AWS Open Data
2023-07-18T03:00:00+00:00,KAMX,14.34,1050.0,94.0,25.6111,-80.4128,4.0,NOAA_ISD,NOAA NEXRAD AWS Open Data
2023-07-18T03:00:00+00:00,KATX,4.34,1034.0,91.0,48.1947,-122.4944,151.0,NOAA_ISD,NOAA NEXRAD AWS Open Data
2023-07-18T03:00:00+00:00,KFWS,10.64,1028.0,71.0,32.5731,-97.3031,207.0,NOAA_ISD,NOAA NEXRAD AWS Open Data
2023-07-18T03:00:00+00:00,KDMX,7.04,1018.0,76.0,41.7311,-93.7228,299.0,NOAA_ISD,NOAA NEXRAD AWS Open Data
2023-07-18T04:00:00+00:00,KTLX,9.74,1010.4,73.5,35.3331,-97.2778,370.0,NOAA_ISD,NOAA NEXRAD AWS Open Data
2023-07-18T04:00:00+00:00,KOKX,7.24,1048.4,85.5,40.8656,-72.8628,20.0,NOAA_ISD,NOAA NEXRAD AWS Open Data
2023-07-18T04:00:00+00:00,KAMX,15.54,1050.4,91.5,25.6111,-80.4128,4.0,NOAA_ISD,NOAA NEXRAD AWS Open Data
2023-07-18T04:00:00+00:00,KATX,5.54,1034.4,88.5,48.1947,-122.4944,151.0,NOAA_ISD,NOAA NEXRAD AWS Open Data
2023-07-18T04:00:00+00:00,KFWS,11.84,1028.4,68.5,32.5731,-97.3031,207.0,NOAA_ISD,NOAA NEXRAD AWS Open Data
2023-07-18T04:00:00+00:00,KDMX,8.24,1018.4,73.5,41.7311,-93.7228,299.0,NOAA_ISD,NOAA NEXRAD AWS Open Data
2023-07-18T05:00:00+00:00,KTLX,11.53,1010.8,71.4,35.3331,-97.2778,370.0,NOAA_ISD,NOAA NEXRAD AWS Open Data
2023-07-18T05:00:00+00:00,KOKX,9.03,1048.8,83.4,40.8656,-72.8628,20.0,NOAA_ISD,NOAA NEXRAD AWS Open Data
2023-07-18T05:00:00+00:00,KAMX,17.33,1050.8,89.4,25.6111,-80.4128,4.0,NOAA_ISD,NOAA NEXRAD AWS Open Data
2023-07-18T05:00:00+00:00,KATX,7.33,1034.8,86.4,48.1947,-122.4944,151.0,NOAA_ISD,NOAA NEXRAD AWS Open Data
2023-07-18T05:00:00+00:00,KFWS,13.63,1028.8,66.4,32.5731,-97.3031,207.0,NOAA_ISD,NOAA NEXRAD AWS Open Data
2023-07-18T05:00:00+00:00,KDMX,10.03,1018.8,71.4,41.7311,-93.7228,299.0,NOAA_ISD,NOAA NEXRAD AWS Open Data
2023-07-18T06:00:00+00:00,KTLX,13.8,1012.1,76.8,35.3331,-97.2778,370.0,NOAA_ISD,NOAA NEXRAD AWS Open Data
2023-07-18T06:00:00+00:00,KOKX,11.3,1050.1,88.8,40.8656,-72.8628,20.0,NOAA_ISD,NOAA NEXRAD AWS Open Data
2023-07-18T06:00:00+00:00,KAMX,19.6,1052.1,94.8,25.6111,-80.4128,4.0,NOAA_ISD,NOAA NEXRAD AWS Open Data
2023-07-18T06:00:00+00:00,KATX,9.6,1036.1,91.8,48.1947,-122.4944,151.0,NOAA_ISD,NOAA NEXRAD AWS Open Data
2023-07-18T06:00:00+00:00,KFWS,15.9,1030.1,71.8,32.5731,-97.3031,207.0,NOAA_ISD,NOAA NEXRAD AWS Open Data
2023-07-18T06:00:00+00:00,KDMX,12.3,1020.1,76.8,41.7311,-93.7228,299.0,NOAA_ISD,NOAA NEXRAD AWS Open Data
2023-07-18T07:00:00+00:00,KTLX,15.41,1013.5,74.5,35.3331,-97.2778,370.0,NOAA_ISD,NOAA NEXRAD AWS Open Data
2023-07-18T07:00:00+00:00,KOKX,12.91,1051.5,86.5,40.8656,-72.8628,20.0,NOAA_ISD,NOAA NEXRAD AWS Open Data
2023-07-18T07:00:00+00:00,KAMX,21.21,1053.5,92.5,25.6111,-80.4128,4.0,NOAA_ISD,NOAA NEXRAD AWS Open Data
2023-07-18T07:00:00+00:00,KATX,11.21,1037.5,89.5,48.1947,-122.4944,151.0,NOAA_ISD,NOAA NEXRAD AWS Open Data
2023-07-18T07:00:00+00:00,KFWS,17.51,1031.5,69.5,32.5731,-97.3031,207.0,NOAA_ISD,NOAA NEXRAD AWS Open Data
2023-07-18T07:00:00+00:00,KDMX,13.91,1021.5,74.5,41.7311,-93.7228,299.0,NOAA_ISD,NOAA NEXRAD AWS Open Data
2023-07-18T08:00:00+00:00,KTLX,18.2,1014.5,72.6,35.3331,-97.2778,370.0,NOAA_ISD,NOAA NEXRAD AWS Open Data
2023-07-18T08:00:00+00:00,KOKX,15.7,1052.5,84.6,40.8656,-72.8628,20.0,NOAA_ISD,NOAA NEXRAD AWS Open Data
2023-07-18T08:00:00+00:00,KAMX,24.0,1054.5,90.6,25.6111,-80.4128,4.0,NOAA_ISD,NOAA NEXRAD AWS Open Data
2023-07-18T08:00:00+00:00,KATX,14.0,1038.5,87.6,48.1947,-122.4944,151.0,NOAA_ISD,NOAA NEXRAD AWS Open Data
2023-07-18T08:00:00+00:00,KFWS,20.3,1032.5,67.6,32.5731,-97.3031,207.0,NOAA_ISD,NOAA NEXRAD AWS Open Data
2023-07-18T08:00:00+00:00,KDMX,16.7,1022.5,72.6,41.7311,-93.7228,299.0,NOAA_ISD,NOAA NEXRAD AWS Open Data
2023-07-18T09:00:00+00:00,KTLX,20.99,1014.9,77.9,35.3331,-97.2778,370.0,NOAA_ISD,NOAA NEXRAD AWS Open Data
2023-07-18T09:00:00+00:00,KOKX,18.49,1052.9,89.9,40.8656,-72.8628,20.0,NOAA_ISD,NOAA NEXRAD AWS Open Data
2023-07-18T09:00:00+00:00,KAMX,26.79,1054.9,95.9,25.6111,-80.4128,4.0,NOAA_ISD,NOAA NEXRAD AWS Open Data
2023-07-18T09:00:00+00:00,KATX,16.79,1038.9,92.9,48.1947,-122.4944,151.0,NOAA_ISD,NOAA NEXRAD AWS Open Data
2023-07-18T09:00:00+00:00,KFWS,23.09,1032.9,72.9,32.5731,-97.3031,207.0,NOAA_ISD,NOAA NEXRAD AWS Open Data
2023-07-18T09:00:00+00:00,KDMX,19.49,1022.9,77.9,41.7311,-93.7228,299.0,NOAA_ISD,NOAA NEXRAD AWS Open Data
2023-07-18T10:00:00+00:00,KTLX,23.6,1014.7,75.9,35.3331,-97.2778,370.0,NOAA_ISD,NOAA NEXRAD AWS Open Data
2023-07-18T10:00:00+00:00,KOKX,21.1,1052.7,87.9,40.8656,-72.8628,20.0,NOAA_ISD,NOAA NEXRAD AWS Open Data
2023-07-18T10:00:00+00:00,KAMX,29.4,1054.7,93.9,25.6111,-80.4128,4.0,NOAA_ISD,NOAA NEXRAD AWS Open Data
2023-07-18T10:00:00+00:00,KATX,19.4,1038.7,90.9,48.1947,-122.4944,151.0,NOAA_ISD,NOAA NEXRAD AWS Open Data
2023-07-18T10:00:00+00:00,KFWS,25.7,1032.7,70.9,32.5731,-97.3031,207.0,NOAA_ISD,NOAA NEXRAD AWS Open Data
2023-07-18T10:00:00+00:00,KDMX,22.1,1022.7,75.9,41.7311,-93.7228,299.0,NOAA_ISD,NOAA NEXRAD AWS Open Data
2023-07-18T11:00:00+00:00,KTLX,25.87,1013.9,74.0,35.3331,-97.2778,370.0,NOAA_ISD,NOAA NEXRAD AWS Open Data
2023-07-18T11:00:00+00:00,KOKX,23.37,1051.8,86.0,40.8656,-72.8628,20.0,NOAA_ISD,NOAA NEXRAD AWS Open Data
2023-07-18T11:00:00+00:00,KAMX,31.67,1053.8,92.0,25.6111,-80.4128,4.0,NOAA_ISD,NOAA NEXRAD AWS Open Data
2023-07-18T11:00:00+00:00,KATX,21.67,1037.8,89.0,48.1947,-122.4944,151.0,NOAA_ISD,NOAA NEXRAD AWS Open Data
2023-07-18T11:00:00+00:00,KFWS,27.97,1031.8,69.0,32.5731,-97.3031,207.0,NOAA_ISD,NOAA NEXRAD AWS Open Data
2023-07-18T11:00:00+00:00,KDMX,24.37,1021.9,74.0,41.7311,-93.7228,299.0,NOAA_ISD,NOAA NEXRAD AWS Open Data
2023-07-18T12:00:00+00:00,KTLX,26.66,1012.0,78.7,35.3331,-97.2778,370.0,NOAA_ISD,NOAA NEXRAD AWS Open Data
2023-07-18T12:00:00+00:00,KOKX,24.16,1050.0,90.7,40.8656,-72.8628,20.0,NOAA_ISD,NOAA NEXRAD AWS Open Data
2023-07-18T12:00:00+00:00,KAMX,32.46,1052.0,96.7,25.6111,-80.4128,4.0,NOAA_ISD,NOAA NEXRAD AWS Open Data
2023-07-18T12:00:00+00:00,KATX,22.46,1036.0,93.7,48.1947,-122.4944,151.0,NOAA_ISD,NOAA NEXRAD AWS Open Data
2023-07-18T12:00:00+00:00,KFWS,28.76,1030.0,73.7,32.5731,-97.3031,207.0,NOAA_ISD,NOAA NEXRAD AWS Open Data
2023-07-18T12:00:00+00:00,KDMX,25.16,1020.0,78.7,41.7311,-93.7228,299.0,NOAA_ISD,NOAA NEXRAD AWS Open Data
2023-07-18T13:00:00+00:00,KTLX,27.86,1010.9,76.6,35.3331,-97.2778,370.0,NOAA_ISD,NOAA NEXRAD AWS Open Data
2023-07-18T13:00:00+00:00,KOKX,25.36,1048.8,88.6,40.8656,-72.8628,20.0,NOAA_ISD,NOAA NEXRAD AWS Open Data
2023-07-18T13:00:00+00:00,KAMX,33.66,1050.8,94.6,25.6111,-80.4128,4.0,NOAA_ISD,NOAA NEXRAD AWS Open Data
2023-07-18T13:00:00+00:00,KATX,23.66,1034.8,91.6,48.1947,-122.4944,151.0,NOAA_ISD,NOAA NEXRAD AWS Open Data
2023-07-18T13:00:00+00:00,KFWS,29.96,1028.8,71.6,32.5731,-97.3031,207.0,NOAA_ISD,NOAA NEXRAD AWS Open Data
2023-07-18T13:00:00+00:00,KDMX,26.36,1018.9,76.6,41.7311,-93.7228,299.0,NOAA_ISD,NOAA NEXRAD AWS Open Data
2023-07-18T14:00:00+00:00,KTLX,28.4,1010.0,74.4,35.3331,-97.2778,370.0,NOAA_ISD,NOAA NEXRAD AWS Open Data
2023-07-18T14:00:00+00:00,KOKX,25.9,1048.0,86.4,40.8656,-72.8628,20.0,NOAA_ISD,NOAA NEXRAD AWS Open Data
2023-07-18T14:00:00+00:00,KAMX,34.2,1050.0,92.4,25.6111,-80.4128,4.0,NOAA_ISD,NOAA NEXRAD AWS Open Data
2023-07-18T14:00:00+00:00,KATX,24.2,1034.0,89.4,48.1947,-122.4944,151.0,NOAA_ISD,NOAA NEXRAD AWS Open Data
2023-07-18T14:00:00+00:00,KFWS,30.5,1028.0,69.4,32.5731,-97.3031,207.0,NOAA_ISD,NOAA NEXRAD AWS Open Data
2023-07-18T14:00:00+00:00,KDMX,26.9,1018.0,74.4,41.7311,-93.7228,299.0,NOAA_ISD,NOAA NEXRAD AWS Open Data
2023-07-18T15:00:00+00:00,KTLX,28.26,1009.8,79.0,35.3331,-97.2778,370.0,NOAA_ISD,NOAA NEXRAD AWS Open Data
2023-07-18T15:00:00+00:00,KOKX,25.76,1047.8,91.0,40.8656,-72.8628,20.0,NOAA_ISD,NOAA NEXRAD AWS Open Data
2023-07-18T15:00:00+00:00,KAMX,34.06,1049.8,97.0,25.6111,-80.4128,4.0,NOAA_ISD,NOAA NEXRAD AWS Open Data
2023-07-18T15:00:00+00:00,KATX,24.06,1033.8,94.0,48.1947,-122.4944,151.0,NOAA_ISD,NOAA NEXRAD AWS Open Data
2023-07-18T15:00:00+00:00,KFWS,30.36,1027.8,74.0,32.5731,-97.3031,207.0,NOAA_ISD,NOAA NEXRAD AWS Open Data
2023-07-18T15:00:00+00:00,KDMX,26.76,1017.8,79.0,41.7311,-93.7228,299.0,NOAA_ISD,NOAA NEXRAD AWS Open Data
2023-07-18T16:00:00+00:00,KTLX,27.46,1010.2,76.5,35.3331,-97.2778,370.0,NOAA_ISD,NOAA NEXRAD AWS Open Data
2023-07-18T16:00:00+00:00,KOKX,24.96,1048.2,88.5,40.8656,-72.8628,20.0,NOAA_ISD,NOAA NEXRAD AWS Open Data
2023-07-18T16:00:00+00:00,KAMX,33.26,1050.2,94.5,25.6111,-80.4128,4.0,NOAA_ISD,NOAA NEXRAD AWS Open Data
2023-07-18T16:00:00+00:00,KATX,23.26,1034.2,91.5,48.1947,-122.4944,151.0,NOAA_ISD,NOAA NEXRAD AWS Open Data
2023-07-18T16:00:00+00:00,KFWS,29.56,1028.2,71.5,32.5731,-97.3031,207.0,NOAA_ISD,NOAA NEXRAD AWS Open Data
2023-07-18T16:00:00+00:00,KDMX,25.96,1018.2,76.5,41.7311,-93.7228,299.0,NOAA_ISD,NOAA NEXRAD AWS Open Data
2023-07-18T17:00:00+00:00,KTLX,25.07,1011.2,73.8,35.3331,-97.2778,370.0,NOAA_ISD,NOAA NEXRAD AWS Open Data
2023-07-18T17:00:00+00:00,KOKX,22.57,1049.2,85.8,40.8656,-72.8628,20.0,NOAA_ISD,NOAA NEXRAD AWS Open Data
2023-07-18T17:00:00+00:00,KAMX,30.87,1051.2,91.8,25.6111,-80.4128,4.0,NOAA_ISD,NOAA NEXRAD AWS Open Data
2023-07-18T17:00:00+00:00,KATX,20.87,1035.2,88.8,48.1947,-122.4944,151.0,NOAA_ISD,NOAA NEXRAD AWS Open Data
2023-07-18T17:00:00+00:00,KFWS,27.17,1029.2,68.8,32.5731,-97.3031,207.0,NOAA_ISD,NOAA NEXRAD AWS Open Data
2023-07-18T17:00:00+00:00,KDMX,23.57,1019.2,73.8,41.7311,-93.7228,299.0,NOAA_ISD,NOAA NEXRAD AWS Open Data
2023-07-18T18:00:00+00:00,KTLX,23.2,1012.6,78.2,35.3331,-97.2778,370.0,NOAA_ISD,NOAA NEXRAD AWS Open Data
2023-07-18T18:00:00+00:00,KOKX,20.7,1050.6,90.2,40.8656,-72.8628,20.0,NOAA_ISD,NOAA NEXRAD AWS Open Data
2023-07-18T18:00:00+00:00,KAMX,29.0,1052.6,96.2,25.6111,-80.4128,4.0,NOAA_ISD,NOAA NEXRAD AWS Open Data
2023-07-18T18:00:00+00:00,KATX,19.0,1036.6,93.2,48.1947,-122.4944,151.0,NOAA_ISD,NOAA NEXRAD AWS Open Data
2023-07-18T18:00:00+00:00,KFWS,25.3,1030.6,73.2,32.5731,-97.3031,207.0,NOAA_ISD,NOAA NEXRAD AWS Open Data
2023-07-18T18:00:00+00:00,KDMX,21.7,1020.6,78.2,41.7311,-93.7228,299.0,NOAA_ISD,NOAA NEXRAD AWS Open Data
2023-07-18T19:00:00+00:00,KTLX,20.99,1013.2,75.5,35.3331,-97.2778,370.0,NOAA_ISD,NOAA NEXRAD AWS Open Data
2023-07-18T19:00:00+00:00,KOKX,18.49,1051.2,87.5,40.8656,-72.8628,20.0,NOAA_ISD,NOAA NEXRAD AWS Open Data
2023-07-18T19:00:00+00:00,KAMX,26.79,1053.2,93.5,25.6111,-80.4128,4.0,NOAA_ISD,NOAA NEXRAD AWS Open Data
2023-07-18T19:00:00+00:00,KATX,16.79,1037.2,90.5,48.1947,-122.4944,151.0,NOAA_ISD,NOAA NEXRAD AWS Open Data
2023-07-18T19:00:00+00:00,KFWS,23.09,1031.2,70.5,32.5731,-97.3031,207.0,NOAA_ISD,NOAA NEXRAD AWS Open Data
2023-07-18T19:00:00+00:00,KDMX,19.49,1021.2,75.5,41.7311,-93.7228,299.0,NOAA_ISD,NOAA NEXRAD AWS Open Data
2023-07-18T20:00:00+00:00,KTLX,18.6,1014.3,72.7,35.3331,-97.2778,370.0,NOAA_ISD,NOAA NEXRAD AWS Open Data
2023-07-18T20:00:00+00:00,KOKX,16.1,1052.3,84.7,40.8656,-72.8628,20.0,NOAA_ISD,NOAA NEXRAD AWS Open Data
2023-07-18T20:00:00+00:00,KAMX,24.4,1054.3,90.7,25.6111,-80.4128,4.0,NOAA_ISD,NOAA NEXRAD AWS Open Data
2023-07-18T20:00:00+00:00,KATX,14.4,1038.3,87.7,48.1947,-122.4944,151.0,NOAA_ISD,NOAA NEXRAD AWS Open Data
2023-07-18T20:00:00+00:00,KFWS,20.7,1032.3,67.7,32.5731,-97.3031,207.0,NOAA_ISD,NOAA NEXRAD AWS Open Data
2023-07-18T20:00:00+00:00,KDMX,17.1,1022.3,72.7,41.7311,-93.7228,299.0,NOAA_ISD,NOAA NEXRAD AWS Open Data
2023-07-18T21:00:00+00:00,KTLX,16.21,1014.7,77.2,35.3331,-97.2778,370.0,NOAA_ISD,NOAA NEXRAD AWS Open Data
2023-07-18T21:00:00+00:00,KOKX,13.71,1052.7,89.2,40.8656,-72.8628,20.0,NOAA_ISD,NOAA NEXRAD AWS Open Data
2023-07-18T21:00:00+00:00,KAMX,22.01,1054.7,95.2,25.6111,-80.4128,4.0,NOAA_ISD,NOAA NEXRAD AWS Open Data
2023-07-18T21:00:00+00:00,KATX,12.01,1038.7,92.2,48.1947,-122.4944,151.0,NOAA_ISD,NOAA NEXRAD AWS Open Data
2023-07-18T21:00:00+00:00,KFWS,18.31,1032.7,72.2,32.5731,-97.3031,207.0,NOAA_ISD,NOAA NEXRAD AWS Open Data
2023-07-18T21:00:00+00:00,KDMX,14.71,1022.7,77.2,41.7311,-93.7228,299.0,NOAA_ISD,NOAA NEXRAD AWS Open Data
2023-07-18T22:00:00+00:00,KTLX,13.0,1014.5,74.1,35.3331,-97.2778,370.0,NOAA_ISD,NOAA NEXRAD AWS Open Data
2023-07-18T22:00:00+00:00,KOKX,10.5,1052.5,86.1,40.8656,-72.8628,20.0,NOAA_ISD,NOAA NEXRAD AWS Open Data
2023-07-18T22:00:00+00:00,KAMX,18.8,1054.5,92.1,25.6111,-80.4128,4.0,NOAA_ISD,NOAA NEXRAD AWS Open Data
2023-07-18T22:00:00+00:00,KATX,8.8,1038.5,89.1,48.1947,-122.4944,151.0,NOAA_ISD,NOAA NEXRAD AWS Open Data
2023-07-18T22:00:00+00:00,KFWS,15.1,1032.5,69.1,32.5731,-97.3031,207.0,NOAA_ISD,NOAA NEXRAD AWS Open Data
2023-07-18T22:00:00+00:00,KDMX,11.5,1022.5,74.1,41.7311,-93.7228,299.0,NOAA_ISD,NOAA NEXRAD AWS Open Data
2023-07-18T23:00:00+00:00,KTLX,11.13,1013.6,71.3,35.3331,-97.2778,370.0,NOAA_ISD,NOAA NEXRAD AWS Open Data
2023-07-18T23:00:00+00:00,KOKX,8.63,1051.7,83.3,40.8656,-72.8628,20.0,NOAA_ISD,NOAA NEXRAD AWS Open Data
2023-07-18T23:00:00+00:00,KAMX,16.93,1053.7,89.3,25.6111,-80.4128,4.0,NOAA_ISD,NOAA NEXRAD AWS Open Data
2023-07-18T23:00:00+00:00,KATX,6.93,1037.7,86.3,48.1947,-122.4944,151.0,NOAA_ISD,NOAA NEXRAD AWS Open Data
2023-07-18T23:00:00+00:00,KFWS,13.23,1031.7,66.3,32.5731,-97.3031,207.0,NOAA_ISD,NOAA NEXRAD AWS Open Data
2023-07-18T23:00:00+00:00,KDMX,9.63,1021.6,71.3,41.7311,-93.7228,299.0,NOAA_ISD,NOAA NEXRAD AWS Open Data
2023-07-19T00:00:00+00:00,KTLX,9.74,1012.5,76.2,35.3331,-97.2778,370.0,NOAA_ISD,NOAA NEXRAD AWS Open Data
2023-07-19T00:00:00+00:00,KOKX,7.24,1050.5,88.2,40.8656,-72.8628,20.0,NOAA_ISD,NOAA NEXRAD AWS Open Data
2023-07-19T00:00:00+00:00,KAMX,15.54,1052.5,94.2,25.6111,-80.4128,4.0,NOAA_ISD,NOAA NEXRAD AWS Open Data
2023-07-19T00:00:00+00:00,KATX,5.54,1036.5,91.2,48.1947,-122.4944,151.0,NOAA_ISD,NOAA NEXRAD AWS Open Data
2023-07-19T00:00:00+00:00,KFWS,11.84,1030.5,71.2,32.5731,-97.3031,207.0,NOAA_ISD,NOAA NEXRAD AWS Open Data
2023-07-19T00:00:00+00:00,KDMX,8.24,1020.5,76.2,41.7311,-93.7228,299.0,NOAA_ISD,NOAA NEXRAD AWS Open Data
2023-07-19T01:00:00+00:00,KTLX,8.94,1011.4,73.4,35.3331,-97.2778,370.0,NOAA_ISD,NOAA NEXRAD AWS Open Data
2023-07-19T01:00:00+00:00,KOKX,6.44,1049.3,85.4,40.8656,-72.8628,20.0,NOAA_ISD,NOAA NEXRAD AWS Open Data
2023-07-19T01:00:00+00:00,KAMX,14.74,1051.3,91.4,25.6111,-80.4128,4.0,NOAA_ISD,NOAA NEXRAD AWS Open Data
2023-07-19T01:00:00+00:00,KATX,4.74,1035.3,88.4,48.1947,-122.4944,151.0,NOAA_ISD,NOAA NEXRAD AWS Open Data
2023-07-19T01:00:00+00:00,KFWS,11.04,1029.3,68.4,32.5731,-97.3031,207.0,NOAA_ISD,NOAA NEXRAD AWS Open Data
2023-07-19T01:00:00+00:00,KDMX,7.44,1019.4,73.4,41.7311,-93.7228,299.0,NOAA_ISD,NOAA NEXRAD AWS Open Data
2023-07-19T02:00:00+00:00,KTLX,8.8,1009.8,70.8,35.3331,-97.2778,370.0,NOAA_ISD,NOAA NEXRAD AWS Open Data
2023-07-19T02:00:00+00:00,KOKX,6.3,1047.8,82.8,40.8656,-72.8628,20.0,NOAA_ISD,NOAA NEXRAD AWS Open Data
2023-07-19T02:00:00+00:00,KAMX,14.6,1049.8,88.8,25.6111,-80.4128,4.0,NOAA_ISD,NOAA NEXRAD AWS Open Data
2023-07-19T02:00:00+00:00,KATX,4.6,1033.8,85.8,48.1947,-122.4944,151.0,NOAA_ISD,NOAA NEXRAD AWS Open Data
2023-07-19T02:00:00+00:00,KFWS,10.9,1027.8,65.8,32.5731,-97.3031,207.0,NOAA_ISD,NOAA NEXRAD AWS Open Data
2023-07-19T02:00:00+00:00,KDMX,7.3,1017.8,70.8,41.7311,-93.7228,299.0,NOAA_ISD,NOAA NEXRAD AWS Open Data
2023-07-19T03:00:00+00:00,KTLX,8.34,1009.6,75.9,35.3331,-97.2778,370.0,NOAA_ISD,NOAA NEXRAD AWS Open Data
2023-07-19T03:00:00+00:00,KOKX,5.84,1047.6,87.9,40.8656,-72.8628,20.0,NOAA_ISD,NOAA NEXRAD AWS Open Data
2023-07-19T03:00:00+00:00,KAMX,14.14,1049.6,93.9,25.6111,-80.4128,4.0,NOAA_ISD,NOAA NEXRAD AWS Open Data
2023-07-19T03:00:00+00:00,KATX,4.14,1033.6,90.9,48.1947,-122.4944,151.0,NOAA_ISD,NOAA NEXRAD AWS Open Data
2023-07-19T03:00:00+00:00,KFWS,10.44,1027.6,70.9,32.5731,-97.3031,207.0,NOAA_ISD,NOAA NEXRAD AWS Open Data
2023-07-19T03:00:00+00:00,KDMX,6.84,1017.6,75.9,41.7311,-93.7228,299.0,NOAA_ISD,NOAA NEXRAD AWS Open Data
2023-07-19T04:00:00+00:00,KTLX,9.54,1010.0,73.5,35.3331,-97.2778,370.0,NOAA_ISD,NOAA NEXRAD AWS Open Data
2023-07-19T04:00:00+00:00,KOKX,7.04,1048.0,85.5,40.8656,-72.8628,20.0,NOAA_ISD,NOAA NEXRAD AWS Open Data
2023-07-19T04:00:00+00:00,KAMX,15.34,1050.0,91.5,25.6111,-80.4128,4.0,NOAA_ISD,NOAA NEXRAD AWS Open Data
2023-07-19T04:00:00+00:00,KATX,5.34,1034.0,88.5,48.1947,-122.4944,151.0,NOAA_ISD,NOAA NEXRAD AWS Open Data
2023-07-19T04:00:00+00:00,KFWS,11.64,1028.0,68.5,32.5731,-97.3031,207.0,NOAA_ISD,NOAA NEXRAD AWS Open Data
2023-07-19T04:00:00+00:00,KDMX,8.04,1018.0,73.5,41.7311,-93.7228,299.0,NOAA_ISD,NOAA NEXRAD AWS Open Data
2023-07-19T05:00:00+00:00,KTLX,11.33,1011.0,71.3,35.3331,-97.2778,370.0,NOAA_ISD,NOAA NEXRAD AWS Open Data
2023-07-19T05:00:00+00:00,KOKX,8.83,1049.0,83.3,40.8656,-72.8628,20.0,NOAA_ISD,NOAA NEXRAD AWS Open Data
2023-07-19T05:00:00+00:00,KAMX,17.13,1051.0,89.3,25.6111,-80.4128,4.0,NOAA_ISD,NOAA NEXRAD AWS Open Data
2023-07-19T05:00:00+00:00,KATX,7.13,1035.0,86.3,48.1947,-122.4944,151.0,NOAA_ISD,NOAA NEXRAD AWS Open Data
2023-07-19T05:00:00+00:00,KFWS,13.43,1029.0,66.3,32.5731,-97.3031,207.0,NOAA_ISD,NOAA NEXRAD AWS Open Data
2023-07-19T05:00:00+00:00,KDMX,9.83,1019.0,71.3,41.7311,-93.7228,299.0,NOAA_ISD,NOAA NEXRAD AWS Open Data
2023-07-19T06:00:00+00:00,KTLX,13.6,1012.4,76.8,35.3331,-97.2778,370.0,NOAA_ISD,NOAA NEXRAD AWS Open Data
2023-07-19T06:00:00+00:00,KOKX,11.1,1050.4,88.8,40.8656,-72.8628,20.0,NOAA_ISD,NOAA NEXRAD AWS Open Data
2023-07-19T06:00:00+00:00,KAMX,19.4,1052.4,94.8,25.6111,-80.4128,4.0,NOAA_ISD,NOAA NEXRAD AWS Open Data
2023-07-19T06:00:00+00:00,KATX,9.4,1036.4,91.8,48.1947,-122.4944,151.0,NOAA_ISD,NOAA NEXRAD AWS Open Data
2023-07-19T06:00:00+00:00,KFWS,15.7,1030.4,71.8,32.5731,-97.3031,207.0,NOAA_ISD,NOAA NEXRAD AWS Open Data
2023-07-19T06:00:00+00:00,KDMX,12.1,1020.4,76.8,41.7311,-93.7228,299.0,NOAA_ISD,NOAA NEXRAD AWS Open Data
2023-07-19T07:00:00+00:00,KTLX,16.21,1013.8,74.7,35.3331,-97.2778,370.0,NOAA_ISD,NOAA NEXRAD AWS Open Data
2023-07-19T07:00:00+00:00,KOKX,13.71,1051.8,86.7,40.8656,-72.8628,20.0,NOAA_ISD,NOAA NEXRAD AWS Open Data
2023-07-19T07:00:00+00:00,KAMX,22.01,1053.8,92.7,25.6111,-80.4128,4.0,NOAA_ISD,NOAA NEXRAD AWS Open Data
2023-07-19T07:00:00+00:00,KATX,12.01,1037.8,89.7,48.1947,-122.4944,151.0,NOAA_ISD,NOAA NEXRAD AWS Open Data
2023-07-19T07:00:00+00:00,KFWS,18.31,1031.8,69.7,32.5731,-97.3031,207.0,NOAA_ISD,NOAA NEXRAD AWS Open Data
2023-07-19T07:00:00+00:00,KDMX,14.71,1021.8,74.7,41.7311,-93.7228,299.0,NOAA_ISD,NOAA NEXRAD AWS Open Data
2023-07-19T08:00:00+00:00,KTLX,18.0,1014.8,72.6,35.3331,-97.2778,370.0,NOAA_ISD,NOAA NEXRAD AWS Open Data
2023-07-19T08:00:00+00:00,KOKX,15.5,1052.8,84.6,40.8656,-72.8628,20.0,NOAA_ISD,NOAA NEXRAD AWS Open Data
2023-07-19T08:00:00+00:00,KAMX,23.8,1054.8,90.6,25.6111,-80.4128,4.0,NOAA_ISD,NOAA NEXRAD AWS Open Data
2023-07-19T08:00:00+00:00,KATX,13.8,1038.8,87.6,48.1947,-122.4944,151.0,NOAA_ISD,NOAA NEXRAD AWS Open Data
2023-07-19T08:00:00+00:00,KFWS,20.1,1032.8,67.6,32.5731,-97.3031,207.0,NOAA_ISD,NOAA NEXRAD AWS Open Data
2023-07-19T08:00:00+00:00,KDMX,16.5,1022.8,72.6,41.7311,-93.7228,299.0,NOAA_ISD,NOAA NEXRAD AWS Open Data
2023-07-19T09:00:00+00:00,KTLX,20.79,1014.5,77.9,35.3331,-97.2778,370.0,NOAA_ISD,NOAA NEXRAD AWS Open Data
2023-07-19T09:00:00+00:00,KOKX,18.29,1052.5,89.9,40.8656,-72.8628,20.0,NOAA_ISD,NOAA NEXRAD AWS Open Data
2023-07-19T09:00:00+00:00,KAMX,26.59,1054.5,95.9,25.6111,-80.4128,4.0,NOAA_ISD,NOAA NEXRAD AWS Open Data
2023-07-19T09:00:00+00:00,KATX,16.59,1038.5,92.9,48.1947,-122.4944,151.0,NOAA_ISD,NOAA NEXRAD AWS Open Data
2023-07-19T09:00:00+00:00,KFWS,22.89,1032.5,72.9,32.5731,-97.3031,207.0,NOAA_ISD,NOAA NEXRAD AWS Open Data
2023-07-19T09:00:00+00:00,KDMX,19.29,1022.5,77.9,41.7311,-93.7228,299.0,NOAA_ISD,NOAA NEXRAD AWS Open Data
2023-07-19T10:00:00+00:00,KTLX,23.4,1014.3,75.9,35.3331,-97.2778,370.0,NOAA_ISD,NOAA NEXRAD AWS Open Data
2023-07-19T10:00:00+00:00,KOKX,20.9,1052.3,87.9,40.8656,-72.8628,20.0,NOAA_ISD,NOAA NEXRAD AWS Open Data
2023-07-19T10:00:00+00:00,KAMX,29.2,1054.3,93.9,25.6111,-80.4128,4.0,NOAA_ISD,NOAA NEXRAD AWS Open Data
2023-07-19T10:00:00+00:00,KATX,19.2,1038.3,90.9,48.1947,-122.4944,151.0,NOAA_ISD,NOAA NEXRAD AWS Open Data
2023-07-19T10:00:00+00:00,KFWS,25.5,1032.3,70.9,32.5731,-97.3031,207.0,NOAA_ISD,NOAA NEXRAD AWS Open Data
2023-07-19T10:00:00+00:00,KDMX,21.9,1022.3,75.9,41.7311,-93.7228,299.0,NOAA_ISD,NOAA NEXRAD AWS Open Data
2023-07-19T11:00:00+00:00,KTLX,25.67,1013.5,73.9,35.3331,-97.2778,370.0,NOAA_ISD,NOAA NEXRAD AWS Open Data
2023-07-19T11:00:00+00:00,KOKX,23.17,1051.5,85.9,40.8656,-72.8628,20.0,NOAA_ISD,NOAA NEXRAD AWS Open Data
2023-07-19T11:00:00+00:00,KAMX,31.47,1053.5,91.9,25.6111,-80.4128,4.0,NOAA_ISD,NOAA NEXRAD AWS Open Data
2023-07-19T11:00:00+00:00,KATX,21.47,1037.5,88.9,48.1947,-122.4944,151.0,NOAA_ISD,NOAA NEXRAD AWS Open Data
2023-07-19T11:00:00+00:00,KFWS,27.77,1031.5,68.9,32.5731,-97.3031,207.0,NOAA_ISD,NOAA NEXRAD AWS Open Data
2023-07-19T11:00:00+00:00,KDMX,24.17,1021.5,73.9,41.7311,-93.7228,299.0,NOAA_ISD,NOAA NEXRAD AWS Open Data
2023-07-19T12:00:00+00:00,KTLX,27.46,1012.3,78.8,35.3331,-97.2778,370.0,NOAA_ISD,NOAA NEXRAD AWS Open Data
2023-07-19T12:00:00+00:00,KOKX,24.96,1050.3,90.8,40.8656,-72.8628,20.0,NOAA_ISD,NOAA NEXRAD AWS Open Data
2023-07-19T12:00:00+00:00,KAMX,33.26,1052.3,96.8,25.6111,-80.4128,4.0,NOAA_ISD,NOAA NEXRAD AWS Open Data
2023-07-19T12:00:00+00:00,KATX,23.26,1036.3,93.8,48.1947,-122.4944,151.0,NOAA_ISD,NOAA NEXRAD AWS Open Data
2023-07-19T12:00:00+00:00,KFWS,29.56,1030.3,73.8,32.5731,-97.3031,207.0,NOAA_ISD,NOAA NEXRAD AWS Open Data
2023-07-19T12:00:00+00:00,KDMX,25.96,1020.3,78.8,41.7311,-93.7228,299.0,NOAA_ISD,NOAA NEXRAD AWS Open Data
2023-07-19T13:00:00+00:00,KTLX,27.66,1011.1,76.5,35.3331,-97.2778,370.0,NOAA_ISD,NOAA NEXRAD AWS Open Data
2023-07-19T13:00:00+00:00,KOKX,25.16,1049.2,88.5,40.8656,-72.8628,20.0,NOAA_ISD,NOAA NEXRAD AWS Open Data
2023-07-19T13:00:00+00:00,KAMX,33.46,1051.2,94.5,25.6111,-80.4128,4.0,NOAA_ISD,NOAA NEXRAD AWS Open Data
2023-07-19T13:00:00+00:00,KATX,23.46,1035.2,91.5,48.1947,-122.4944,151.0,NOAA_ISD,NOAA NEXRAD AWS Open Data
2023-07-19T13:00:00+00:00,KFWS,29.76,1029.2,71.5,32.5731,-97.3031,207.0,NOAA_ISD,NOAA NEXRAD AWS Open Data
2023-07-19T13:00:00+00:00,KDMX,26.16,1019.1,76.5,41.7311,-93.7228,299.0,NOAA_ISD,NOAA NEXRAD AWS Open Data
2023-07-19T14:00:00+00:00,KTLX,28.2,1010.3,74.3,35.3331,-97.2778,370.0,NOAA_ISD,NOAA NEXRAD AWS Open Data
2023-07-19T14:00:00+00:00,KOKX,25.7,1048.3,86.3,40.8656,-72.8628,20.0,NOAA_ISD,NOAA NEXRAD AWS Open Data
2023-07-19T14:00:00+00:00,KAMX,34.0,1050.3,92.3,25.6111,-80.4128,4.0,NOAA_ISD,NOAA NEXRAD AWS Open Data
2023-07-19T14:00:00+00:00,KATX,24.0,1034.3,89.3,48.1947,-122.4944,151.0,NOAA_ISD,NOAA NEXRAD AWS Open Data
2023-07-19T14:00:00+00:00,KFWS,30.3,1028.3,69.3,32.5731,-97.3031,207.0,NOAA_ISD,NOAA NEXRAD AWS Open Data
2023-07-19T14:00:00+00:00,KDMX,26.7,1018.3,74.3,41.7311,-93.7228,299.0,NOAA_ISD,NOAA NEXRAD AWS Open Data
2023-07-19T15:00:00+00:00,KTLX,28.06,1010.1,78.9,35.3331,-97.2778,370.0,NOAA_ISD,NOAA NEXRAD AWS Open Data
2023-07-19T15:00:00+00:00,KOKX,25.56,1048.1,90.9,40.8656,-72.8628,20.0,NOAA_ISD,NOAA NEXRAD AWS Open Data
2023-07-19T15:00:00+00:00,KAMX,33.86,1050.1,96.9,25.6111,-80.4128,4.0,NOAA_ISD,NOAA NEXRAD AWS Open Data
2023-07-19T15:00:00+00:00,KATX,23.86,1034.1,93.9,48.1947,-122.4944,151.0,NOAA_ISD,NOAA NEXRAD AWS Open Data
2023-07-19T15:00:00+00:00,KFWS,30.16,1028.1,73.9,32.5731,-97.3031,207.0,NOAA_ISD,NOAA NEXRAD AWS Open Data
2023-07-19T15:00:00+00:00,KDMX,26.56,1018.1,78.9,41.7311,-93.7228,299.0,NOAA_ISD,NOAA NEXRAD AWS Open Data
2023-07-19T16:00:00+00:00,KTLX,27.26,1009.8,76.5,35.3331,-97.2778,370.0,NOAA_ISD,NOAA NEXRAD AWS Open Data
2023-07-19T16:00:00+00:00,KOKX,24.76,1047.8,88.5,40.8656,-72.8628,20.0,NOAA_ISD,NOAA NEXRAD AWS Open Data
2023-07-19T16:00:00+00:00,KAMX,33.06,1049.8,94.5,25.6111,-80.4128,4.0,NOAA_ISD,NOAA NEXRAD AWS Open Data
2023-07-19T16:00:00+00:00,KATX,23.06,1033.8,91.5,48.1947,-122.4944,151.0,NOAA_ISD,NOAA NEXRAD AWS Open Data
2023-07-19T16:00:00+00:00,KFWS,29.36,1027.8,71.5,32.5731,-97.3031,207.0,NOAA_ISD,NOAA NEXRAD AWS Open Data
2023-07-19T16:00:00+00:00,KDMX,25.76,1017.8,76.5,41.7311,-93.7228,299.0,NOAA_ISD,NOAA NEXRAD AWS Open Data
2023-07-19T17:00:00+00:00,KTLX,25.87,1010.9,74.0,35.3331,-97.2778,370.0,NOAA_ISD,NOAA NEXRAD AWS Open Data
2023-07-19T17:00:00+00:00,KOKX,23.37,1048.8,86.0,40.8656,-72.8628,20.0,NOAA_ISD,NOAA NEXRAD AWS Open Data
2023-07-19T17:00:00+00:00,KAMX,31.67,1050.8,92.0,25.6111,-80.4128,4.0,NOAA_ISD,NOAA NEXRAD AWS Open Data
2023-07-19T17:00:00+00:00,KATX,21.67,1034.8,89.0,48.1947,-122.4944,151.0,NOAA_ISD,NOAA NEXRAD AWS Open Data
2023-07-19T17:00:00+00:00,KFWS,27.97,1028.8,69.0,32.5731,-97.3031,207.0,NOAA_ISD,NOAA NEXRAD AWS Open Data
2023-07-19T17:00:00+00:00,KDMX,24.37,1018.9,74.0,41.7311,-93.7228,299.0,NOAA_ISD,NOAA NEXRAD AWS Open Data
2023-07-19T18:00:00+00:00,KTLX,23.0,1012.2,78.2,35.3331,-97.2778,370.0,NOAA_ISD,NOAA NEXRAD AWS Open Data
2023-07-19T18:00:00+00:00,KOKX,20.5,1050.2,90.2,40.8656,-72.8628,20.0,NOAA_ISD,NOAA NEXRAD AWS Open Data
2023-07-19T18:00:00+00:00,KAMX,28.8,1052.2,96.2,25.6111,-80.4128,4.0,NOAA_ISD,NOAA NEXRAD AWS Open Data
2023-07-19T18:00:00+00:00,KATX,18.8,1036.2,93.2,48.1947,-122.4944,151.0,NOAA_ISD,NOAA NEXRAD AWS Open Data
2023-07-19T18:00:00+00:00,KFWS,25.1,1030.2,73.2,32.5731,-97.3031,207.0,NOAA_ISD,NOAA NEXRAD AWS Open Data
2023-07-19T18:00:00+00:00,KDMX,21.5,1020.2,78.2,41.7311,-93.7228,299.0,NOAA_ISD,NOAA NEXRAD AWS Open Data
2023-07-19T19:00:00+00:00,KTLX,20.79,1013.5,75.5,35.3331,-97.2778,370.0,NOAA_ISD,NOAA NEXRAD AWS Open Data
2023-07-19T19:00:00+00:00,KOKX,18.29,1051.5,87.5,40.8656,-72.8628,20.0,NOAA_ISD,NOAA NEXRAD AWS Open Data
2023-07-19T19:00:00+00:00,KAMX,26.59,1053.5,93.5,25.6111,-80.4128,4.0,NOAA_ISD,NOAA NEXRAD AWS Open Data
2023-07-19T19:00:00+00:00,KATX,16.59,1037.5,90.5,48.1947,-122.4944,151.0,NOAA_ISD,NOAA NEXRAD AWS Open Data
2023-07-19T19:00:00+00:00,KFWS,22.89,1031.5,70.5,32.5731,-97.3031,207.0,NOAA_ISD,NOAA NEXRAD AWS Open Data
2023-07-19T19:00:00+00:00,KDMX,19.29,1021.5,75.5,41.7311,-93.7228,299.0,NOAA_ISD,NOAA NEXRAD AWS Open Data
2023-07-19T20:00:00+00:00,KTLX,18.4,1014.6,72.7,35.3331,-97.2778,370.0,NOAA_ISD,NOAA NEXRAD AWS Open Data
2023-07-19T20:00:00+00:00,KOKX,15.9,1052.6,84.7,40.8656,-72.8628,20.0,NOAA_ISD,NOAA NEXRAD AWS Open Data
2023-07-19T20:00:00+00:00,KAMX,24.2,1054.6,90.7,25.6111,-80.4128,4.0,NOAA_ISD,NOAA NEXRAD AWS Open Data
2023-07-19T20:00:00+00:00,KATX,14.2,1038.6,87.7,48.1947,-122.4944,151.0,NOAA_ISD,NOAA NEXRAD AWS Open Data
2023-07-19T20:00:00+00:00,KFWS,20.5,1032.6,67.7,32.5731,-97.3031,207.0,NOAA_ISD,NOAA NEXRAD AWS Open Data
2023-07-19T20:00:00+00:00,KDMX,16.9,1022.6,72.7,41.7311,-93.7228,299.0,NOAA_ISD,NOAA NEXRAD AWS Open Data
2023-07-19T21:00:00+00:00,KTLX,16.01,1015.0,77.2,35.3331,-97.2778,370.0,NOAA_ISD,NOAA NEXRAD AWS Open Data
2023-07-19T21:00:00+00:00,KOKX,13.51,1053.0,89.2,40.8656,-72.8628,20.0,NOAA_ISD,NOAA NEXRAD AWS Open Data
2023-07-19T21:00:00+00:00,KAMX,21.81,1055.0,95.2,25.6111,-80.4128,4.0,NOAA_ISD,NOAA NEXRAD AWS Open Data
2023-07-19T21:00:00+00:00,KATX,11.81,1039.0,92.2,48.1947,-122.4944,151.0,NOAA_ISD,NOAA NEXRAD AWS Open Data
2023-07-19T21:00:00+00:00,KFWS,18.11,1033.0,72.2,32.5731,-97.3031,207.0,NOAA_ISD,NOAA NEXRAD AWS Open Data
2023-07-19T21:00:00+00:00,KDMX,14.51,1023.0,77.2,41.7311,-93.7228,299.0,NOAA_ISD,NOAA NEXRAD AWS Open Data
2023-07-19T22:00:00+00:00,KTLX,13.8,1014.8,74.3,35.3331,-97.2778,370.0,NOAA_ISD,NOAA NEXRAD AWS Open Data
2023-07-19T22:00:00+00:00,KOKX,11.3,1052.8,86.3,40.8656,-72.8628,20.0,NOAA_ISD,NOAA NEXRAD AWS Open Data
2023-07-19T22:00:00+00:00,KAMX,19.6,1054.8,92.3,25.6111,-80.4128,4.0,NOAA_ISD,NOAA NEXRAD AWS Open Data
2023-07-19T22:00:00+00:00,KATX,9.6,1038.8,89.3,48.1947,-122.4944,151.0,NOAA_ISD,NOAA NEXRAD AWS Open Data
2023-07-19T22:00:00+00:00,KFWS,15.9,1032.8,69.3,32.5731,-97.3031,207.0,NOAA_ISD,NOAA NEXRAD AWS Open Data
2023-07-19T22:00:00+00:00,KDMX,12.3,1022.8,74.3,41.7311,-93.7228,299.0,NOAA_ISD,NOAA NEXRAD AWS Open Data
2023-07-19T23:00:00+00:00,KTLX,10.93,1013.2,71.3,35.3331,-97.2778,370.0,NOAA_ISD,NOAA NEXRAD AWS Open Data
2023-07-19T23:00:00+00:00,KOKX,8.43,1051.2,83.3,40.8656,-72.8628,20.0,NOAA_ISD,NOAA NEXRAD AWS Open Data
2023-07-19T23:00:00+00:00,KAMX,16.73,1053.2,89.3,25.6111,-80.4128,4.0,NOAA_ISD,NOAA NEXRAD AWS Open Data
2023-07-19T23:00:00+00:00,KATX,6.73,1037.2,86.3,48.1947,-122.4944,151.0,NOAA_ISD,NOAA NEXRAD AWS Open Data
2023-07-19T23:00:00+00:00,KFWS,13.03,1031.2,66.3,32.5731,-97.3031,207.0,NOAA_ISD,NOAA NEXRAD AWS Open Data
2023-07-19T23:00:00+00:00,KDMX,9.43,1021.2,71.3,41.7311,-93.7228,299.0,NOAA_ISD,NOAA NEXRAD AWS Open Data
2023-07-20T00:00:00+00:00,KTLX,9.54,1012.1,76.1,35.3331,-97.2778,370.0,NOAA_ISD,NOAA NEXRAD AWS Open Data
2023-07-20T00:00:00+00:00,KOKX,7.04,1050.1,88.1,40.8656,-72.8628,20.0,NOAA_ISD,NOAA NEXRAD AWS Open Data
2023-07-20T00:00:00+00:00,KAMX,15.34,1052.1,94.1,25.6111,-80.4128,4.0,NOAA_ISD,NOAA NEXRAD AWS Open Data
2023-07-20T00:00:00+00:00,KATX,5.34,1036.1,91.1,48.1947,-122.4944,151.0,NOAA_ISD,NOAA NEXRAD AWS Open Data
2023-07-20T00:00:00+00:00,KFWS,11.64,1030.1,71.1,32.5731,-97.3031,207.0,NOAA_ISD,NOAA NEXRAD AWS Open Data
2023-07-20T00:00:00+00:00,KDMX,8.04,1020.1,76.1,41.7311,-93.7228,299.0,NOAA_ISD,NOAA NEXRAD AWS Open Data
2023-07-20T01:00:00+00:00,KTLX,8.74,1011.0,73.4,35.3331,-97.2778,370.0,NOAA_ISD,NOAA NEXRAD AWS Open Data
2023-07-20T01:00:00+00:00,KOKX,6.24,1049.0,85.4,40.8656,-72.8628,20.0,NOAA_ISD,NOAA NEXRAD AWS Open Data
2023-07-20T01:00:00+00:00,KAMX,14.54,1051.0,91.4,25.6111,-80.4128,4.0,NOAA_ISD,NOAA NEXRAD AWS Open Data
2023-07-20T01:00:00+00:00,KATX,4.54,1035.0,88.4,48.1947,-122.4944,151.0,NOAA_ISD,NOAA NEXRAD AWS Open Data
2023-07-20T01:00:00+00:00,KFWS,10.84,1029.0,68.4,32.5731,-97.3031,207.0,NOAA_ISD,NOAA NEXRAD AWS Open Data
2023-07-20T01:00:00+00:00,KDMX,7.24,1019.0,73.4,41.7311,-93.7228,299.0,NOAA_ISD,NOAA NEXRAD AWS Open Data
2023-07-20T02:00:00+00:00,KTLX,8.6,1010.1,70.8,35.3331,-97.2778,370.0,NOAA_ISD,NOAA NEXRAD AWS Open Data
2023-07-20T02:00:00+00:00,KOKX,6.1,1048.1,82.8,40.8656,-72.8628,20.0,NOAA_ISD,NOAA NEXRAD AWS Open Data
2023-07-20T02:00:00+00:00,KAMX,14.4,1050.1,88.8,25.6111,-80.4128,4.0,NOAA_ISD,NOAA NEXRAD AWS Open Data
2023-07-20T02:00:00+00:00,KATX,4.4,1034.1,85.8,48.1947,-122.4944,151.0,NOAA_ISD,NOAA NEXRAD AWS Open Data
2023-07-20T02:00:00+00:00,KFWS,10.7,1028.1,65.8,32.5731,-97.3031,207.0,NOAA_ISD,NOAA NEXRAD AWS Open Data
2023-07-20T02:00:00+00:00,KDMX,7.1,1018.1,70.8,41.7311,-93.7228,299.0,NOAA_ISD,NOAA NEXRAD AWS Open Data
2023-07-20T03:00:00+00:00,KTLX,9.14,1009.9,76.0,35.3331,-97.2778,370.0,NOAA_ISD,NOAA NEXRAD AWS Open Data
2023-07-20T03:00:00+00:00,KOKX,6.64,1047.9,88.0,40.8656,-72.8628,20.0,NOAA_ISD,NOAA NEXRAD AWS Open Data
2023-07-20T03:00:00+00:00,KAMX,14.94,1049.9,94.0,25.6111,-80.4128,4.0,NOAA_ISD,NOAA NEXRAD AWS Open Data
2023-07-20T03:00:00+00:00,KATX,4.94,1033.9,91.0,48.1947,-122.4944,151.0,NOAA_ISD,NOAA NEXRAD AWS Open Data
2023-07-20T03:00:00+00:00,KFWS,11.24,1027.9,71.0,32.5731,-97.3031,207.0,NOAA_ISD,NOAA NEXRAD AWS Open Data
2023-07-20T03:00:00+00:00,KDMX,7.64,1017.9,76.0,41.7311,-93.7228,299.0,NOAA_ISD,NOAA NEXRAD AWS Open Data
2023-07-20T04:00:00+00:00,KTLX,9.34,1010.3,73.5,35.3331,-97.2778,370.0,NOAA_ISD,NOAA NEXRAD AWS Open Data
2023-07-20T04:00:00+00:00,KOKX,6.84,1048.3,85.5,40.8656,-72.8628,20.0,NOAA_ISD,NOAA NEXRAD AWS Open Data
2023-07-20T04:00:00+00:00,KAMX,15.14,1050.3,91.5,25.6111,-80.4128,4.0,NOAA_ISD,NOAA NEXRAD AWS Open Data
2023-07-20T04:00:00+00:00,KATX,5.14,1034.3,88.5,48.1947,-122.4944,151.0,NOAA_ISD,NOAA NEXRAD AWS Open Data
2023-07-20T04:00:00+00:00,KFWS,11.44,1028.3,68.5,32.5731,-97.3031,207.0,NOAA_ISD,NOAA NEXRAD AWS Open Data
2023-07-20T04:00:00+00:00,KDMX,7.84,1018.3,73.5,41.7311,-93.7228,299.0,NOAA_ISD,NOAA NEXRAD AWS Open Data
2023-07-20T05:00:00+00:00,KTLX,11.13,1011.4,71.3,35.3331,-97.2778,370.0,NOAA_ISD,NOAA NEXRAD AWS Open Data
2023-07-20T05:00:00+00:00,KOKX,8.63,1049.3,83.3,40.8656,-72.8628,20.0,NOAA_ISD,NOAA NEXRAD AWS Open Data
2023-07-20T05:00:00+00:00,KAMX,16.93,1051.3,89.3,25.6111,-80.4128,4.0,NOAA_ISD,NOAA NEXRAD AWS Open Data
2023-07-20T05:00:00+00:00,KATX,6.93,1035.3,86.3,48.1947,-122.4944,151.0,NOAA_ISD,NOAA NEXRAD AWS Open Data
2023-07-20T05:00:00+00:00,KFWS,13.23,1029.3,66.3,32.5731,-97.3031,207.0,NOAA_ISD,NOAA NEXRAD AWS Open Data
2023-07-20T05:00:00+00:00,KDMX,9.63,1019.4,71.3,41.7311,-93.7228,299.0,NOAA_ISD,NOAA NEXRAD AWS Open Data
2023-07-20T06:00:00+00:00,KTLX,13.4,1012.0,76.8,35.3331,-97.2778,370.0,NOAA_ISD,NOAA NEXRAD AWS Open Data
2023-07-20T06:00:00+00:00,KOKX,10.9,1050.0,88.8,40.8656,-72.8628,20.0,NOAA_ISD,NOAA NEXRAD AWS Open Data
2023-07-20T06:00:00+00:00,KAMX,19.2,1052.0,94.8,25.6111,-80.4128,4.0,NOAA_ISD,NOAA NEXRAD AWS Open Data
2023-07-20T06:00:00+00:00,KATX,9.2,1036.0,91.8,48.1947,-122.4944,151.0,NOAA_ISD,NOAA NEXRAD AWS Open Data
2023-07-20T06:00:00+00:00,KFWS,15.5,1030.0,71.8,32.5731,-97.3031,207.0,NOAA_ISD,NOAA NEXRAD AWS Open Data
2023-07-20T06:00:00+00:00,KDMX,11.9,1020.0,76.8,41.7311,-93.7228,299.0,NOAA_ISD,NOAA NEXRAD AWS Open Data
2023-07-20T07:00:00+00:00,KTLX,16.01,1013.4,74.7,35.3331,-97.2778,370.0,NOAA_ISD,NOAA NEXRAD AWS Open Data
2023-07-20T07:00:00+00:00,KOKX,13.51,1051.3,86.7,40.8656,-72.8628,20.0,NOAA_ISD,NOAA NEXRAD AWS Open Data
2023-07-20T07:00:00+00:00,KAMX,21.81,1053.3,92.7,25.6111,-80.4128,4.0,NOAA_ISD,NOAA NEXRAD AWS Open Data
2023-07-20T07:00:00+00:00,KATX,11.81,1037.3,89.7,48.1947,-122.4944,151.0,NOAA_ISD,NOAA NEXRAD AWS Open Data
2023-07-20T07:00:00+00:00,KFWS,18.11,1031.3,69.7,32.5731,-97.3031,207.0,NOAA_ISD,NOAA NEXRAD AWS Open Data
2023-07-20T07:00:00+00:00,KDMX,14.51,1021.4,74.7,41.7311,-93.7228,299.0,NOAA_ISD,NOAA NEXRAD AWS Open Data
2023-07-20T08:00:00+00:00,KTLX,18.8,1014.4,72.7,35.3331,-97.2778,370.0,NOAA_ISD,NOAA NEXRAD AWS Open Data
2023-07-20T08:00:00+00:00,KOKX,16.3,1052.4,84.7,40.8656,-72.8628,20.0,NOAA_ISD,NOAA NEXRAD AWS Open Data
2023-07-20T08:00:00+00:00,KAMX,24.6,1054.4,90.7,25.6111,-80.4128,4.0,NOAA_ISD,NOAA NEXRAD AWS Open Data
2023-07-20T08:00:00+00:00,KATX,14.6,1038.4,87.7,48.1947,-122.4944,151.0,NOAA_ISD,NOAA NEXRAD AWS Open Data
2023-07-20T08:00:00+00:00,KFWS,20.9,1032.4,67.7,32.5731,-97.3031,207.0,NOAA_ISD,NOAA NEXRAD AWS Open Data
2023-07-20T08:00:00+00:00,KDMX,17.3,1022.4,72.7,41.7311,-93.7228,299.0,NOAA_ISD,NOAA NEXRAD AWS Open Data
2023-07-20T09:00:00+00:00,KTLX,20.59,1014.8,77.8,35.3331,-97.2778,370.0,NOAA_ISD,NOAA NEXRAD AWS Open Data
2023-07-20T09:00:00+00:00,KOKX,18.09,1052.8,89.8,40.8656,-72.8628,20.0,NOAA_ISD,NOAA NEXRAD AWS Open Data
2023-07-20T09:00:00+00:00,KAMX,26.39,1054.8,95.8,25.6111,-80.4128,4.0,NOAA_ISD,NOAA NEXRAD AWS Open Data
2023-07-20T09:00:00+00:00,KATX,16.39,1038.8,92.8,48.1947,-122.4944,151.0,NOAA_ISD,NOAA NEXRAD AWS Open Data
2023-07-20T09:00:00+00:00,KFWS,22.69,1032.8,72.8,32.5731,-97.3031,207.0,NOAA_ISD,NOAA NEXRAD AWS Open Data
2023-07-20T09:00:00+00:00,KDMX,19.09,1022.8,77.8,41.7311,-93.7228,299.0,NOAA_ISD,NOAA NEXRAD AWS Open Data
2023-07-20T10:00:00+00:00,KTLX,23.2,1014.6,75.8,35.3331,-97.2778,370.0,NOAA_ISD,NOAA NEXRAD AWS Open Data
2023-07-20T10:00:00+00:00,KOKX,20.7,1052.6,87.8,40.8656,-72.8628,20.0,NOAA_ISD,NOAA NEXRAD AWS Open Data
2023-07-20T10:00:00+00:00,KAMX,29.0,1054.6,93.8,25.6111,-80.4128,4.0,NOAA_ISD,NOAA NEXRAD AWS Open Data
2023-07-20T10:00:00+00:00,KATX,19.0,1038.6,90.8,48.1947,-122.4944,151.0,NOAA_ISD,NOAA NEXRAD AWS Open Data
2023-07-20T10:00:00+00:00,KFWS,25.3,1032.6,70.8,32.5731,-97.3031,207.0,NOAA_ISD,NOAA NEXRAD AWS Open Data
2023-07-20T10:00:00+00:00,KDMX,21.7,1022.6,75.8,41.7311,-93.7228,299.0,NOAA_ISD,NOAA NEXRAD AWS Open Data
2023-07-20T11:00:00+00:00,KTLX,25.47,1013.8,73.9,35.3331,-97.2778,370.0,NOAA_ISD,NOAA NEXRAD AWS Open Data
2023-07-20T11:00:00+00:00,KOKX,22.97,1051.8,85.9,40.8656,-72.8628,20.0,NOAA_ISD,NOAA NEXRAD AWS Open Data
2023-07-20T11:00:00+00:00,KAMX,31.27,1053.8,91.9,25.6111,-80.4128,4.0,NOAA_ISD,NOAA NEXRAD AWS Open Data
2023-07-20T11:00:00+00:00,KATX,21.27,1037.8,88.9,48.1947,-122.4944,151.0,NOAA_ISD,NOAA NEXRAD AWS Open Data
2023-07-20T11:00:00+00:00,KFWS,27.57,1031.8,68.9,32.5731,-97.3031,207.0,NOAA_ISD,NOAA NEXRAD AWS Open Data
2023-07-20T11:00:00+00:00,KDMX,23.97,1021.8,73.9,41.7311,-93.7228,299.0,NOAA_ISD,NOAA NEXRAD AWS Open Data
2023-07-20T12:00:00+00:00,KTLX,27.26,1012.6,78.8,35.3331,-97.2778,370.0,NOAA_ISD,NOAA NEXRAD AWS Open Data
2023-07-20T12:00:00+00:00,KOKX,24.76,1050.6,90.8,40.8656,-72.8628,20.0,NOAA_ISD,NOAA NEXRAD AWS Open Data
2023-07-20T12:00:00+00:00,KAMX,33.06,1052.6,96.8,25.6111,-80.4128,4.0,NOAA_ISD,NOAA NEXRAD AWS Open Data
2023-07-20T12:00:00+00:00,KATX,23.06,1036.6,93.8,48.1947,-122.4944,151.0,NOAA_ISD,NOAA NEXRAD AWS Open Data
2023-07-20T12:00:00+00:00,KFWS,29.36,1030.6,73.8,32.5731,-97.3031,207.0,NOAA_ISD,NOAA NEXRAD AWS Open Data
2023-07-20T12:00:00+00:00,KDMX,25.76,1020.6,78.8,41.7311,-93.7228,299.0,NOAA_ISD,NOAA NEXRAD AWS Open Data
2023-07-20T13:00:00+00:00,KTLX,28.46,1010.8,76.7,35.3331,-97.2778,370.0,NOAA_ISD,NOAA NEXRAD AWS Open Data
2023-07-20T13:00:00+00:00,KOKX,25.96,1048.8,88.7,40.8656,-72.8628,20.0,NOAA_ISD,NOAA NEXRAD AWS Open Data
2023-07-20T13:00:00+00:00,KAMX,34.26,1050.8,94.7,25.6111,-80.4128,4.0,NOAA_ISD,NOAA NEXRAD AWS Open Data
2023-07-20T13:00:00+00:00,KATX,24.26,1034.8,91.7,48.1947,-122.4944,151.0,NOAA_ISD,NOAA NEXRAD AWS Open Data
2023-07-20T13:00:00+00:00,KFWS,30.56,1028.8,71.7,32.5731,-97.3031,207.0,NOAA_ISD,NOAA NEXRAD AWS Open Data
2023-07-20T13:00:00+00:00,KDMX,26.96,1018.8,76.7,41.7311,-93.7228,299.0,NOAA_ISD,NOAA NEXRAD AWS Open Data
2023-07-20T14:00:00+00:00,KTLX,28.0,1009.9,74.3,35.3331,-97.2778,370.0,NOAA_ISD,NOAA NEXRAD AWS Open Data
2023-07-20T14:00:00+00:00,KOKX,25.5,1047.9,86.3,40.8656,-72.8628,20.0,NOAA_ISD,NOAA NEXRAD AWS Open Data
2023-07-20T14:00:00+00:00,KAMX,33.8,1049.9,92.3,25.6111,-80.4128,4.0,NOAA_ISD,NOAA NEXRAD AWS Open Data
2023-07-20T14:00:00+00:00,KATX,23.8,1033.9,89.3,48.1947,-122.4944,151.0,NOAA_ISD,NOAA NEXRAD AWS Open Data
2023-07-20T14:00:00+00:00,KFWS,30.1,1027.9,69.3,32.5731,-97.3031,207.0,NOAA_ISD,NOAA NEXRAD AWS Open Data
2023-07-20T14:00:00+00:00,KDMX,26.5,1017.9,74.3,41.7311,-93.7228,299.0,NOAA_ISD,NOAA NEXRAD AWS Open Data
2023-07-20T15:00:00+00:00,KTLX,27.86,1009.7,78.9,35.3331,-97.2778,370.0,NOAA_ISD,NOAA NEXRAD AWS Open Data
2023-07-20T15:00:00+00:00,KOKX,25.36,1047.7,90.9,40.8656,-72.8628,20.0,NOAA_ISD,NOAA NEXRAD AWS Open Data
2023-07-20T15:00:00+00:00,KAMX,33.66,1049.7,96.9,25.6111,-80.4128,4.0,NOAA_ISD,NOAA NEXRAD AWS Open Data
2023-07-20T15:00:00+00:00,KATX,23.66,1033.7,93.9,48.1947,-122.4944,151.0,NOAA_ISD,NOAA NEXRAD AWS Open Data
2023-07-20T15:00:00+00:00,KFWS,29.96,1027.7,73.9,32.5731,-97.3031,207.0,NOAA_ISD,NOAA NEXRAD AWS Open Data
2023-07-20T15:00:00+00:00,KDMX,26.36,1017.7,78.9,41.7311,-93.7228,299.0,NOAA_ISD,NOAA NEXRAD AWS Open Data
2023-07-20T16:00:00+00:00,KTLX,27.06,1010.1,76.4,35.3331,-97.2778,370.0,NOAA_ISD,NOAA NEXRAD AWS Open Data
2023-07-20T16:00:00+00:00,KOKX,24.56,1048.1,88.4,40.8656,-72.8628,20.0,NOAA_ISD,NOAA NEXRAD AWS Open Data
2023-07-20T16:00:00+00:00,KAMX,32.86,1050.1,94.4,25.6111,-80.4128,4.0,NOAA_ISD,NOAA NEXRAD AWS Open Data
2023-07-20T16:00:00+00:00,KATX,22.86,1034.1,91.4,48.1947,-122.4944,151.0,NOAA_ISD,NOAA NEXRAD AWS Open Data
2023-07-20T16:00:00+00:00,KFWS,29.16,1028.1,71.4,32.5731,-97.3031,207.0,NOAA_ISD,NOAA NEXRAD AWS Open Data
2023-07-20T16:00:00+00:00,KDMX,25.56,1018.1,76.4,41.7311,-93.7228,299.0,NOAA_ISD,NOAA NEXRAD AWS Open Data
2023-07-20T17:00:00+00:00,KTLX,25.67,1011.1,73.9,35.3331,-97.2778,370.0,NOAA_ISD,NOAA NEXRAD AWS Open Data
2023-07-20T17:00:00+00:00,KOKX,23.17,1049.2,85.9,40.8656,-72.8628,20.0,NOAA_ISD,NOAA NEXRAD AWS Open Data
2023-07-20T17:00:00+00:00,KAMX,31.47,1051.2,91.9,25.6111,-80.4128,4.0,NOAA_ISD,NOAA NEXRAD AWS Open Data
2023-07-20T17:00:00+00:00,KATX,21.47,1035.2,88.9,48.1947,-122.4944,151.0,NOAA_ISD,NOAA NEXRAD AWS Open Data
2023-07-20T17:00:00+00:00,KFWS,27.77,1029.2,68.9,32.5731,-97.3031,207.0,NOAA_ISD,NOAA NEXRAD AWS Open Data
2023-07-20T17:00:00+00:00,KDMX,24.17,1019.1,73.9,41.7311,-93.7228,299.0,NOAA_ISD,NOAA NEXRAD AWS Open Data
2023-07-20T18:00:00+00:00,KTLX,23.8,1012.5,78.3,35.3331,-97.2778,370.0,NOAA_ISD,NOAA NEXRAD AWS Open Data
2023-07-20T18:00:00+00:00,KOKX,21.3,1050.5,90.3,40.8656,-72.8628,20.0,NOAA_ISD,NOAA NEXRAD AWS Open Data
2023-07-20T18:00:00+00:00,KAMX,29.6,1052.5,96.3,25.6111,-80.4128,4.0,NOAA_ISD,NOAA NEXRAD AWS Open Data
2023-07-20T18:00:00+00:00,KATX,19.6,1036.5,93.3,48.1947,-122.4944,151.0,NOAA_ISD,NOAA NEXRAD AWS Open Data
2023-07-20T18:00:00+00:00,KFWS,25.9,1030.5,73.3,32.5731,-97.3031,207.0,NOAA_ISD,NOAA NEXRAD AWS Open Data
2023-07-20T18:00:00+00:00,KDMX,22.3,1020.5,78.3,41.7311,-93.7228,299.0,NOAA_ISD,NOAA NEXRAD AWS Open Data
2023-07-20T19:00:00+00:00,KTLX,20.59,1013.9,75.4,35.3331,-97.2778,370.0,NOAA_ISD,NOAA NEXRAD AWS Open Data
2023-07-20T19:00:00+00:00,KOKX,18.09,1051.8,87.4,40.8656,-72.8628,20.0,NOAA_ISD,NOAA NEXRAD AWS Open Data
2023-07-20T19:00:00+00:00,KAMX,26.39,1053.8,93.4,25.6111,-80.4128,4.0,NOAA_ISD,NOAA NEXRAD AWS Open Data
2023-07-20T19:00:00+00:00,KATX,16.39,1037.8,90.4,48.1947,-122.4944,151.0,NOAA_ISD,NOAA NEXRAD AWS Open Data
2023-07-20T19:00:00+00:00,KFWS,22.69,1031.8,70.4,32.5731,-97.3031,207.0,NOAA_ISD,NOAA NEXRAD AWS Open Data
2023-07-20T19:00:00+00:00,KDMX,19.09,1021.9,75.4,41.7311,-93.7228,299.0,NOAA_ISD,NOAA NEXRAD AWS Open Data
2023-07-20T20:00:00+00:00,KTLX,18.2,1014.2,72.6,35.3331,-97.2778,370.0,NOAA_ISD,NOAA NEXRAD AWS Open Data
2023-07-20T20:00:00+00:00,KOKX,15.7,1052.2,84.6,40.8656,-72.8628,20.0,NOAA_ISD,NOAA NEXRAD AWS Open Data
2023-07-20T20:00:00+00:00,KAMX,24.0,1054.2,90.6,25.6111,-80.4128,4.0,NOAA_ISD,NOAA NEXRAD AWS Open Data
2023-07-20T20:00:00+00:00,KATX,14.0,1038.2,87.6,48.1947,-122.4944,151.0,NOAA_ISD,NOAA NEXRAD AWS Open Data
2023-07-20T20:00:00+00:00,KFWS,20.3,1032.2,67.6,32.5731,-97.3031,207.0,NOAA_ISD,NOAA NEXRAD AWS Open Data
2023-07-20T20:00:00+00:00,KDMX,16.7,1022.2,72.6,41.7311,-93.7228,299.0,NOAA_ISD,NOAA NEXRAD AWS Open Data
2023-07-20T21:00:00+00:00,KTLX,15.81,1014.6,77.1,35.3331,-97.2778,370.0,NOAA_ISD,NOAA NEXRAD AWS Open Data
2023-07-20T21:00:00+00:00,KOKX,13.31,1052.6,89.1,40.8656,-72.8628,20.0,NOAA_ISD,NOAA NEXRAD AWS Open Data
2023-07-20T21:00:00+00:00,KAMX,21.61,1054.6,95.1,25.6111,-80.4128,4.0,NOAA_ISD,NOAA NEXRAD AWS Open Data
2023-07-20T21:00:00+00:00,KATX,11.61,1038.6,92.1,48.1947,-122.4944,151.0,NOAA_ISD,NOAA NEXRAD AWS Open Data
2023-07-20T21:00:00+00:00,KFWS,17.91,1032.6,72.1,32.5731,-97.3031,207.0,NOAA_ISD,NOAA NEXRAD AWS Open Data
2023-07-20T21:00:00+00:00,KDMX,14.31,1022.6,77.1,41.7311,-93.7228,299.0,NOAA_ISD,NOAA NEXRAD AWS Open Data
2023-07-20T22:00:00+00:00,KTLX,13.6,1014.4,74.2,35.3331,-97.2778,370.0,NOAA_ISD,NOAA NEXRAD AWS Open Data
2023-07-20T22:00:00+00:00,KOKX,11.1,1052.4,86.2,40.8656,-72.8628,20.0,NOAA_ISD,NOAA NEXRAD AWS Open Data
2023-07-20T22:00:00+00:00,KAMX,19.4,1054.4,92.2,25.6111,-80.4128,4.0,NOAA_ISD,NOAA NEXRAD AWS Open Data
2023-07-20T22:00:00+00:00,KATX,9.4,1038.4,89.2,48.1947,-122.4944,151.0,NOAA_ISD,NOAA NEXRAD AWS Open Data
2023-07-20T22:00:00+00:00,KFWS,15.7,1032.4,69.2,32.5731,-97.3031,207.0,NOAA_ISD,NOAA NEXRAD AWS Open Data
2023-07-20T22:00:00+00:00,KDMX,12.1,1022.4,74.2,41.7311,-93.7228,299.0,NOAA_ISD,NOAA NEXRAD AWS Open Data
2023-07-20T23:00:00+00:00,KTLX,11.73,1013.5,71.4,35.3331,-97.2778,370.0,NOAA_ISD,NOAA NEXRAD AWS Open Data
2023-07-20T23:00:00+00:00,KOKX,9.23,1051.5,83.4,40.8656,-72.8628,20.0,NOAA_ISD,NOAA NEXRAD AWS Open Data
2023-07-20T23:00:00+00:00,KAMX,17.53,1053.5,89.4,25.6111,-80.4128,4.0,NOAA_ISD,NOAA NEXRAD AWS Open Data
2023-07-20T23:00:00+00:00,KATX,7.53,1037.5,86.4,48.1947,-122.4944,151.0,NOAA_ISD,NOAA NEXRAD AWS Open Data
2023-07-20T23:00:00+00:00,KFWS,13.83,1031.5,66.4,32.5731,-97.3031,207.0,NOAA_ISD,NOAA NEXRAD AWS Open Data
2023-07-20T23:00:00+00:00,KDMX,10.23,1021.5,71.4,41.7311,-93.7228,299.0,NOAA_ISD,NOAA NEXRAD AWS Open Data
2023-07-21T00:00:00+00:00,KTLX,9.34,1012.4,76.1,35.3331,-97.2778,370.0,NOAA_ISD,NOAA NEXRAD AWS Open Data
2023-07-21T00:00:00+00:00,KOKX,6.84,1050.4,88.1,40.8656,-72.8628,20.0,NOAA_ISD,NOAA NEXRAD AWS Open Data
2023-07-21T00:00:00+00:00,KAMX,15.14,1052.4,94.1,25.6111,-80.4128,4.0,NOAA_ISD,NOAA NEXRAD AWS Open Data
2023-07-21T00:00:00+00:00,KATX,5.14,1036.4,91.1,48.1947,-122.4944,151.0,NOAA_ISD,NOAA NEXRAD AWS Open Data
2023-07-21T00:00:00+00:00,KFWS,11.44,1030.4,71.1,32.5731,-97.3031,207.0,NOAA_ISD,NOAA NEXRAD AWS Open Data
2023-07-21T00:00:00+00:00,KDMX,7.84,1020.4,76.1,41.7311,-93.7228,299.0,NOAA_ISD,NOAA NEXRAD AWS Open Data
2023-07-21T01:00:00+00:00,KTLX,8.54,1011.2,73.3,35.3331,-97.2778,370.0,NOAA_ISD,NOAA NEXRAD AWS Open Data
2023-07-21T01:00:00+00:00,KOKX,6.04,1049.2,85.3,40.8656,-72.8628,20.0,NOAA_ISD,NOAA NEXRAD AWS Open Data
2023-07-21T01:00:00+00:00,KAMX,14.34,1051.2,91.3,25.6111,-80.4128,4.0,NOAA_ISD,NOAA NEXRAD AWS Open Data
2023-07-21T01:00:00+00:00,KATX,4.34,1035.2,88.3,48.1947,-122.4944,151.0,NOAA_ISD,NOAA NEXRAD AWS Open Data
2023-07-21T01:00:00+00:00,KFWS,10.64,1029.2,68.3,32.5731,-97.3031,207.0,NOAA_ISD,NOAA NEXRAD AWS Open Data
2023-07-21T01:00:00+00:00,KDMX,7.04,1019.2,73.3,41.7311,-93.7228,299.0,NOAA_ISD,NOAA NEXRAD AWS Open Data
2023-07-21T02:00:00+00:00,KTLX,8.4,1010.4,70.8,35.3331,-97.2778,370.0,NOAA_ISD,NOAA NEXRAD AWS Open Data
2023-07-21T02:00:00+00:00,KOKX,5.9,1048.4,82.8,40.8656,-72.8628,20.0,NOAA_ISD,NOAA NEXRAD AWS Open Data
2023-07-21T02:00:00+00:00,KAMX,14.2,1050.4,88.8,25.6111,-80.4128,4.0,NOAA_ISD,NOAA NEXRAD AWS Open Data
2023-07-21T02:00:00+00:00,KATX,4.2,1034.4,85.8,48.1947,-122.4944,151.0,NOAA_ISD,NOAA NEXRAD AWS Open Data
2023-07-21T02:00:00+00:00,KFWS,10.5,1028.4,65.8,32.5731,-97.3031,207.0,NOAA_ISD,NOAA NEXRAD AWS Open Data
2023-07-21T02:00:00+00:00,KDMX,6.9,1018.4,70.8,41.7311,-93.7228,299.0,NOAA_ISD,NOAA NEXRAD AWS Open Data
2023-07-21T03:00:00+00:00,KTLX,8.94,1009.5,76.0,35.3331,-97.2778,370.0,NOAA_ISD,NOAA NEXRAD AWS Open Data
2023-07-21T03:00:00+00:00,KOKX,6.44,1047.5,88.0,40.8656,-72.8628,20.0,NOAA_ISD,NOAA NEXRAD AWS Open Data
2023-07-21T03:00:00+00:00,KAMX,14.74,1049.5,94.0,25.6111,-80.4128,4.0,NOAA_ISD,NOAA NEXRAD AWS Open Data
2023-07-21T03:00:00+00:00,KATX,4.74,1033.5,91.0,48.1947,-122.4944,151.0,NOAA_ISD,NOAA NEXRAD AWS Open Data
2023-07-21T03:00:00+00:00,KFWS,11.04,1027.5,71.0,32.5731,-97.3031,207.0,NOAA_ISD,NOAA NEXRAD AWS Open Data
2023-07-21T03:00:00+00:00,KDMX,7.44,1017.5,76.0,41.7311,-93.7228,299.0,NOAA_ISD,NOAA NEXRAD AWS Open Data
2023-07-21T04:00:00+00:00,KTLX,10.14,1009.9,73.6,35.3331,-97.2778,370.0,NOAA_ISD,NOAA NEXRAD AWS Open Data
2023-07-21T04:00:00+00:00,KOKX,7.64,1047.9,85.6,40.8656,-72.8628,20.0,NOAA_ISD,NOAA NEXRAD AWS Open Data
2023-07-21T04:00:00+00:00,KAMX,15.94,1049.9,91.6,25.6111,-80.4128,4.0,NOAA_ISD,NOAA NEXRAD AWS Open Data
2023-07-21T04:00:00+00:00,KATX,5.94,1033.9,88.6,48.1947,-122.4944,151.0,NOAA_ISD,NOAA NEXRAD AWS Open Data
2023-07-21T04:00:00+00:00,KFWS,12.24,1027.9,68.6,32.5731,-97.3031,207.0,NOAA_ISD,NOAA NEXRAD AWS Open Data
2023-07-21T04:00:00+00:00,KDMX,8.64,1017.9,73.6,41.7311,-93.7228,299.0,NOAA_ISD,NOAA NEXRAD AWS Open Data
2023-07-21T05:00:00+00:00,KTLX,10.93,1011.0,71.3,35.3331,-97.2778,370.0,NOAA_ISD,NOAA NEXRAD AWS Open Data
2023-07-21T05:00:00+00:00,KOKX,8.43,1049.0,83.3,40.8656,-72.8628,20.0,NOAA_ISD,NOAA NEXRAD AWS Open Data
2023-07-21T05:00:00+00:00,KAMX,16.73,1051.0,89.3,25.6111,-80.4128,4.0,NOAA_ISD,NOAA NEXRAD AWS Open Data
2023-07-21T05:00:00+00:00,KATX,6.73,1035.0,86.3,48.1947,-122.4944,151.0,NOAA_ISD,NOAA NEXRAD AWS Open Data
2023-07-21T05:00:00+00:00,KFWS,13.03,1029.0,66.3,32.5731,-97.3031,207.0,NOAA_ISD,NOAA NEXRAD AWS Open Data
2023-07-21T05:00:00+00:00,KDMX,9.43,1019.0,71.3,41.7311,-93.7228,299.0,NOAA_ISD,NOAA NEXRAD AWS Open Data
2023-07-21T06:00:00+00:00,KTLX,13.2,1012.3,76.7,35.3331,-97.2778,370.0,NOAA_ISD,NOAA NEXRAD AWS Open Data
2023-07-21T06:00:00+00:00,KOKX,10.7,1050.3,88.7,40.8656,-72.8628,20.0,NOAA_ISD,NOAA NEXRAD AWS Open Data
2023-07-21T06:00:00+00:00,KAMX,19.0,1052.3,94.7,25.6111,-80.4128,4.0,NOAA_ISD,NOAA NEXRAD AWS Open Data
2023-07-21T06:00:00+00:00,KATX,9.0,1036.3,91.7,48.1947,-122.4944,151.0,NOAA_ISD,NOAA NEXRAD AWS Open Data
2023-07-21T06:00:00+00:00,KFWS,15.3,1030.3,71.7,32.5731,-97.3031,207.0,NOAA_ISD,NOAA NEXRAD AWS Open Data
2023-07-21T06:00:00+00:00,KDMX,11.7,1020.3,76.7,41.7311,-93.7228,299.0,NOAA_ISD,NOAA NEXRAD AWS Open Data
2023-07-21T07:00:00+00:00,KTLX,15.81,1013.6,74.6,35.3331,-97.2778,370.0,NOAA_ISD,NOAA NEXRAD AWS Open Data
2023-07-21T07:00:00+00:00,KOKX,13.31,1051.7,86.6,40.8656,-72.8628,20.0,NOAA_ISD,NOAA NEXRAD AWS Open Data
2023-07-21T07:00:00+00:00,KAMX,21.61,1053.7,92.6,25.6111,-80.4128,4.0,NOAA_ISD,NOAA NEXRAD AWS Open Data
2023-07-21T07:00:00+00:00,KATX,11.61,1037.7,89.6,48.1947,-122.4944,151.0,NOAA_ISD,NOAA NEXRAD AWS Open Data
2023-07-21T07:00:00+00:00,KFWS,17.91,1031.7,69.6,32.5731,-97.3031,207.0,NOAA_ISD,NOAA NEXRAD AWS Open Data
2023-07-21T07:00:00+00:00,KDMX,14.31,1021.6,74.6,41.7311,-93.7228,299.0,NOAA_ISD,NOAA NEXRAD AWS Open Data
2023-07-21T08:00:00+00:00,KTLX,18.6,1014.7,72.7,35.3331,-97.2778,370.0,NOAA_ISD,NOAA NEXRAD AWS Open Data
2023-07-21T08:00:00+00:00,KOKX,16.1,1052.7,84.7,40.8656,-72.8628,20.0,NOAA_ISD,NOAA NEXRAD AWS Open Data
2023-07-21T08:00:00+00:00,KAMX,24.4,1054.7,90.7,25.6111,-80.4128,4.0,NOAA_ISD,NOAA NEXRAD AWS Open Data
2023-07-21T08:00:00+00:00,KATX,14.4,1038.7,87.7,48.1947,-122.4944,151.0,NOAA_ISD,NOAA NEXRAD AWS Open Data
2023-07-21T08:00:00+00:00,KFWS,20.7,1032.7,67.7,32.5731,-97.3031,207.0,NOAA_ISD,NOAA NEXRAD AWS Open Data
2023-07-21T08:00:00+00:00,KDMX,17.1,1022.7,72.7,41.7311,-93.7228,299.0,NOAA_ISD,NOAA NEXRAD AWS Open Data
2023-07-21T09:00:00+00:00,KTLX,21.39,1015.1,78.0,35.3331,-97.2778,370.0,NOAA_ISD,NOAA NEXRAD AWS Open Data
2023-07-21T09:00:00+00:00,KOKX,18.89,1053.1,90.0,40.8656,-72.8628,20.0,NOAA_ISD,NOAA NEXRAD AWS Open Data
2023-07-21T09:00:00+00:00,KAMX,27.19,1055.1,96.0,25.6111,-80.4128,4.0,NOAA_ISD,NOAA NEXRAD AWS Open Data
2023-07-21T09:00:00+00:00,KATX,17.19,1039.1,93.0,48.1947,-122.4944,151.0,NOAA_ISD,NOAA NEXRAD AWS Open Data
2023-07-21T09:00:00+00:00,KFWS,23.49,1033.1,73.0,32.5731,-97.3031,207.0,NOAA_ISD,NOAA NEXRAD AWS Open Data
2023-07-21T09:00:00+00:00,KDMX,19.89,1023.1,78.0,41.7311,-93.7228,299.0,NOAA_ISD,NOAA NEXRAD AWS Open Data
2023-07-21T10:00:00+00:00,KTLX,23.0,1014.2,75.8,35.3331,-97.2778,370.0,NOAA_ISD,NOAA NEXRAD AWS Open Data
2023-07-21T10:00:00+00:00,KOKX,20.5,1052.2,87.8,40.8656,-72.8628,20.0,NOAA_ISD,NOAA NEXRAD AWS Open Data
2023-07-21T10:00:00+00:00,KAMX,28.8,1054.2,93.8,25.6111,-80.4128,4.0,NOAA_ISD,NOAA NEXRAD AWS Open Data
2023-07-21T10:00:00+00:00,KATX,18.8,1038.2,90.8,48.1947,-122.4944,151.0,NOAA_ISD,NOAA NEXRAD AWS Open Data
2023-07-21T10:00:00+00:00,KFWS,25.1,1032.2,70.8,32.5731,-97.3031,207.0,NOAA_ISD,NOAA NEXRAD AWS Open Data
2023-07-21T10:00:00+00:00,KDMX,21.5,1022.2,75.8,41.7311,-93.7228,299.0,NOAA_ISD,NOAA NEXRAD AWS Open Data
2023-07-21T11:00:00+00:00,KTLX,25.27,1013.4,73.8,35.3331,-97.2778,370.0,NOAA_ISD,NOAA NEXRAD AWS Open Data
2023-07-21T11:00:00+00:00,KOKX,22.77,1051.3,85.8,40.8656,-72.8628,20.0,NOAA_ISD,NOAA NEXRAD AWS Open Data
2023-07-21T11:00:00+00:00,KAMX,31.07,1053.3,91.8,25.6111,-80.4128,4.0,NOAA_ISD,NOAA NEXRAD AWS Open Data
2023-07-21T11:00:00+00:00,KATX,21.07,1037.3,88.8,48.1947,-122.4944,151.0,NOAA_ISD,NOAA NEXRAD AWS Open Data
2023-07-21T11:00:00+00:00,KFWS,27.37,1031.3,68.8,32.5731,-97.3031,207.0,NOAA_ISD,NOAA NEXRAD AWS Open Data
2023-07-21T11:00:00+00:00,KDMX,23.77,1021.4,73.8,41.7311,-93.7228,299.0,NOAA_ISD,NOAA NEXRAD AWS Open Data
2023-07-21T12:00:00+00:00,KTLX,27.06,1012.2,78.8,35.3331,-97.2778,370.0,NOAA_ISD,NOAA NEXRAD AWS Open Data
2023-07-21T12:00:00+00:00,KOKX,24.56,1050.2,90.8,40.8656,-72.8628,20.0,NOAA_ISD,NOAA NEXRAD AWS Open Data
2023-07-21T12:00:00+00:00,KAMX,32.86,1052.2,96.8,25.6111,-80.4128,4.0,NOAA_ISD,NOAA NEXRAD AWS Open Data
2023-07-21T12:00:00+00:00,KATX,22.86,1036.2,93.8,48.1947,-122.4944,151.0,NOAA_ISD,NOAA NEXRAD AWS Open Data
2023-07-21T12:00:00+00:00,KFWS,29.16,1030.2,73.8,32.5731,-97.3031,207.0,NOAA_ISD,NOAA NEXRAD AWS Open Data
2023-07-21T12:00:00+00:00,KDMX,25.56,1020.2,78.8,41.7311,-93.7228,299.0,NOAA_ISD,NOAA NEXRAD AWS Open Data
2023-07-21T13:00:00+00:00,KTLX,28.26,1011.0,76.6,35.3331,-97.2778,370.0,NOAA_ISD,NOAA NEXRAD AWS Open Data
2023-07-21T13:00:00+00:00,KOKX,25.76,1049.0,88.6,40.8656,-72.8628,20.0,NOAA_ISD,NOAA NEXRAD AWS Open Data
2023-07-21T13:00:00+00:00,KAMX,34.06,1051.0,94.6,25.6111,-80.4128,4.0,NOAA_ISD,NOAA NEXRAD AWS Open Data
2023-07-21T13:00:00+00:00,KATX,24.06,1035.0,91.6,48.1947,-122.4944,151.0,NOAA_ISD,NOAA NEXRAD AWS Open Data
2023-07-21T13:00:00+00:00,KFWS,30.36,1029.0,71.6,32.5731,-97.3031,207.0,NOAA_ISD,NOAA NEXRAD AWS Open Data
2023-07-21T13:00:00+00:00,KDMX,26.76,1019.0,76.6,41.7311,-93.7228,299.0,NOAA_ISD,NOAA NEXRAD AWS Open Data
2023-07-21T14:00:00+00:00,KTLX,28.8,1010.2,74.4,35.3331,-97.2778,370.0,NOAA_ISD,NOAA NEXRAD AWS Open Data
2023-07-21T14:00:00+00:00,KOKX,26.3,1048.2,86.4,40.8656,-72.8628,20.0,NOAA_ISD,NOAA NEXRAD AWS Open Data
2023-07-21T14:00:00+00:00,KAMX,34.6,1050.2,92.4,25.6111,-80.4128,4.0,NOAA_ISD,NOAA NEXRAD AWS Open Data
2023-07-21T14:00:00+00:00,KATX,24.6,1034.2,89.4,48.1947,-122.4944,151.0,NOAA_ISD,NOAA NEXRAD AWS Open Data
2023-07-21T14:00:00+00:00,KFWS,30.9,1028.2,69.4,32.5731,-97.3031,207.0,NOAA_ISD,NOAA NEXRAD AWS Open Data
2023-07-21T14:00:00+00:00,KDMX,27.3,1018.2,74.4,41.7311,-93.7228,299.0,NOAA_ISD,NOAA NEXRAD AWS Open Data
2023-07-21T15:00:00+00:00,KTLX,27.66,1010.0,78.9,35.3331,-97.2778,370.0,NOAA_ISD,NOAA NEXRAD AWS Open Data
2023-07-21T15:00:00+00:00,KOKX,25.16,1048.0,90.9,40.8656,-72.8628,20.0,NOAA_ISD,NOAA NEXRAD AWS Open Data
2023-07-21T15:00:00+00:00,KAMX,33.46,1050.0,96.9,25.6111,-80.4128,4.0,NOAA_ISD,NOAA NEXRAD AWS Open Data
2023-07-21T15:00:00+00:00,KATX,23.46,1034.0,93.9,48.1947,-122.4944,151.0,NOAA_ISD,NOAA NEXRAD AWS Open Data
2023-07-21T15:00:00+00:00,KFWS,29.76,1028.0,73.9,32.5731,-97.3031,207.0,NOAA_ISD,NOAA NEXRAD AWS Open Data
2023-07-21T15:00:00+00:00,KDMX,26.16,1018.0,78.9,41.7311,-93.7228,299.0,NOAA_ISD,NOAA NEXRAD AWS Open Data
2023-07-21T16:00:00+00:00,KTLX,26.86,1010.4,76.4,35.3331,-97.2778,370.0,NOAA_ISD,NOAA NEXRAD AWS Open Data
2023-07-21T16:00:00+00:00,KOKX,24.36,1048.4,88.4,40.8656,-72.8628,20.0,NOAA_ISD,NOAA NEXRAD AWS Open Data
2023-07-21T16:00:00+00:00,KAMX,32.66,1050.4,94.4,25.6111,-80.4128,4.0,NOAA_ISD,NOAA NEXRAD AWS Open Data
2023-07-21T16:00:00+00:00,KATX,22.66,1034.4,91.4,48.1947,-122.4944,151.0,NOAA_ISD,NOAA NEXRAD AWS Open Data
2023-07-21T16:00:00+00:00,KFWS,28.96,1028.4,71.4,32.5731,-97.3031,207.0,NOAA_ISD,NOAA NEXRAD AWS Open Data
2023-07-21T16:00:00+00:00,KDMX,25.36,1018.4,76.4,41.7311,-93.7228,299.0,NOAA_ISD,NOAA NEXRAD AWS Open Data
2023-07-21T17:00:00+00:00,KTLX,25.47,1010.8,73.9,35.3331,-97.2778,370.0,NOAA_ISD,NOAA NEXRAD AWS Open Data
2023-07-21T17:00:00+00:00,KOKX,22.97,1048.8,85.9,40.8656,-72.8628,20.0,NOAA_ISD,NOAA NEXRAD AWS Open Data
2023-07-21T17:00:00+00:00,KAMX,31.27,1050.8,91.9,25.6111,-80.4128,4.0,NOAA_ISD,NOAA NEXRAD AWS Open Data
2023-07-21T17:00:00+00:00,KATX,21.27,1034.8,88.9,48.1947,-122.4944,151.0,NOAA_ISD,NOAA NEXRAD AWS Open Data
2023-07-21T17:00:00+00:00,KFWS,27.57,1028.8,68.9,32.5731,-97.3031,207.0,NOAA_ISD,NOAA NEXRAD AWS Open Data
2023-07-21T17:00:00+00:00,KDMX,23.97,1018.8,73.9,41.7311,-93.7228,299.0,NOAA_ISD,NOAA NEXRAD AWS Open Data
2023-07-21T18:00:00+00:00,KTLX,23.6,1012.1,78.3,35.3331,-97.2778,370.0,NOAA_ISD,NOAA NEXRAD AWS Open Data
2023-07-21T18:00:00+00:00,KOKX,21.1,1050.1,90.3,40.8656,-72.8628,20.0,NOAA_ISD,NOAA NEXRAD AWS Open Data
2023-07-21T18:00:00+00:00,KAMX,29.4,1052.1,96.3,25.6111,-80.4128,4.0,NOAA_ISD,NOAA NEXRAD AWS Open Data
2023-07-21T18:00:00+00:00,KATX,19.4,1036.1,93.3,48.1947,-122.4944,151.0,NOAA_ISD,NOAA NEXRAD AWS Open Data
2023-07-21T18:00:00+00:00,KFWS,25.7,1030.1,73.3,32.5731,-97.3031,207.0,NOAA_ISD,NOAA NEXRAD AWS Open Data
2023-07-21T18:00:00+00:00,KDMX,22.1,1020.1,78.3,41.7311,-93.7228,299.0,NOAA_ISD,NOAA NEXRAD AWS Open Data
2023-07-21T19:00:00+00:00,KTLX,21.39,1013.5,75.5,35.3331,-97.2778,370.0,NOAA_ISD,NOAA NEXRAD AWS Open Data
2023-07-21T19:00:00+00:00,KOKX,18.89,1051.5,87.5,40.8656,-72.8628,20.0,NOAA_ISD,NOAA NEXRAD AWS Open Data
2023-07-21T19:00:00+00:00,KAMX,27.19,1053.5,93.5,25.6111,-80.4128,4.0,NOAA_ISD,NOAA NEXRAD AWS Open Data
2023-07-21T19:00:00+00:00,KATX,17.19,1037.5,90.5,48.1947,-122.4944,151.0,NOAA_ISD,NOAA NEXRAD AWS Open Data
2023-07-21T19:00:00+00:00,KFWS,23.49,1031.5,70.5,32.5731,-97.3031,207.0,NOAA_ISD,NOAA NEXRAD AWS Open Data
2023-07-21T19:00:00+00:00,KDMX,19.89,1021.5,75.5,41.7311,-93.7228,299.0,NOAA_ISD,NOAA NEXRAD AWS Open Data
